{
    "clp_clp": 1,
    "clp_cop": 4.21169366,
    "clp_crc": 0.54289088,
    "clp_gtq": 0.0083428659,
    "clp_mxn": 0.019624712,
    "clp_pen": 0.0036680663,
    "clp_usd": 0.001089553,
    "cop_clp": 0.23743417,
    "cop_cop": 1,
    "cop_crc": 0.12890085,
    "cop_gtq": 0.0019808815,
    "cop_mxn": 0.0046595772,
    "cop_pen": 0.00087092428,
    "cop_usd": 0.00025869712,
    "crc_clp": 1.84199078,
    "crc_cop": 7.7579009,
    "crc_crc": 1,
    "crc_gtq": 0.015367482,
    "crc_mxn": 0.036148538,
    "crc_pen": 0.0067565442,
    "crc_usd": 0.0020069466,
    "gtq_clp": 119.86288842,
    "gtq_cop": 504.8257673,
    "gtq_crc": 65.07246917,
    "gtq_gtq": 1,
    "gtq_mxn": 2.35227466,
    "gtq_pen": 0.43966502,
    "gtq_usd": 0.13059697,
    "mxn_clp": 50.956162,
    "mxn_cop": 214.61174447,
    "mxn_crc": 27.66363571,
    "mxn_gtq": 0.42512042,
    "mxn_mxn": 1,
    "mxn_pen": 0.18691058,
    "mxn_usd": 0.05551944,
    "pen_clp": 272.62321055,
    "pen_cop": 1148.20544758,
    "pen_crc": 148.00465512,
    "pen_gtq": 2.27445888,
    "pen_mxn": 5.35015197,
    "pen_pen": 1,
    "pen_usd": 0.29703744,
    "timestamp": "2025-12-18 19:48:17",
    "usd_clp": 917.80755776,
    "usd_cop": 3865.52427253,
    "usd_crc": 498.26935418,
    "usd_gtq": 7.65714534,
    "usd_mxn": 18.01170892,
    "usd_pen": 3.36657893,
    "usd_usd": 1
}