{
    "clp_clp": 1,
    "clp_cop": 4.15735011,
    "clp_crc": 0.52272301,
    "clp_gtq": 0.0079297199,
    "clp_mxn": 0.019306281,
    "clp_pen": 0.0036640027,
    "clp_usd": 0.0010345062,
    "cop_clp": 0.24053784,
    "cop_cop": 1,
    "cop_crc": 0.12573466,
    "cop_gtq": 0.0019073977,
    "cop_mxn": 0.004643891,
    "cop_pen": 0.00088133128,
    "cop_usd": 0.00024883787,
    "crc_clp": 1.91305908,
    "crc_cop": 7.9532564,
    "crc_crc": 1,
    "crc_gtq": 0.015170023,
    "crc_mxn": 0.036934056,
    "crc_pen": 0.0070094536,
    "crc_usd": 0.0019790714,
    "gtq_clp": 126.10785927,
    "gtq_cop": 524.27452261,
    "gtq_crc": 65.91947958,
    "gtq_gtq": 1,
    "gtq_mxn": 2.43467373,
    "gtq_pen": 0.46205954,
    "gtq_usd": 0.13045936,
    "mxn_clp": 51.79661563,
    "mxn_cop": 215.33666571,
    "mxn_crc": 27.07528275,
    "mxn_gtq": 0.41073265,
    "mxn_mxn": 1,
    "mxn_pen": 0.18978294,
    "mxn_usd": 0.053583918,
    "pen_clp": 272.92556366,
    "pen_cop": 1134.64712214,
    "pen_crc": 142.6644717,
    "pen_gtq": 2.16422327,
    "pen_mxn": 5.26917754,
    "pen_pen": 1,
    "pen_usd": 0.28234318,
    "timestamp": "2025-08-30 19:41:46",
    "usd_clp": 966.64480174,
    "usd_cop": 4018.68087295,
    "usd_crc": 505.28747881,
    "usd_gtq": 7.66522251,
    "usd_mxn": 18.66231587,
    "usd_pen": 3.54178916,
    "usd_usd": 1
}