{
    "clp_clp": 1,
    "clp_cop": 4.46028599,
    "clp_crc": 0.51080207,
    "clp_gtq": 0.0077851355,
    "clp_mxn": 0.020294825,
    "clp_pen": 0.0037913636,
    "clp_usd": 0.0010110382,
    "cop_clp": 0.22420087,
    "cop_cop": 1,
    "cop_crc": 0.11452227,
    "cop_gtq": 0.0017454342,
    "cop_mxn": 0.0045501175,
    "cop_pen": 0.00085002703,
    "cop_usd": 0.00022667565,
    "crc_clp": 1.95770545,
    "crc_cop": 8.73192619,
    "crc_crc": 1,
    "crc_gtq": 0.015241002,
    "crc_mxn": 0.03973129,
    "crc_pen": 0.0074223733,
    "crc_usd": 0.001979315,
    "gtq_clp": 128.40046239,
    "gtq_cop": 568.16325556,
    "gtq_crc": 65.99496419,
    "gtq_gtq": 1,
    "gtq_mxn": 2.60621264,
    "gtq_pen": 0.48330982,
    "gtq_usd": 0.12981159,
    "mxn_clp": 49.26707069,
    "mxn_cop": 218.0034149,
    "mxn_crc": 25.32217178,
    "mxn_gtq": 0.38369855,
    "mxn_mxn": 1,
    "mxn_pen": 0.18544528,
    "mxn_usd": 0.04980852,
    "pen_clp": 263.75734313,
    "pen_cop": 1176.43318233,
    "pen_crc": 134.72779741,
    "pen_gtq": 2.05338666,
    "pen_mxn": 5.35290925,
    "pen_pen": 1,
    "pen_usd": 0.26666875,
    "timestamp": "2024-12-23 06:35:43",
    "usd_clp": 989.12938271,
    "usd_cop": 4376.82980109,
    "usd_crc": 508.39036694,
    "usd_gtq": 7.70347212,
    "usd_mxn": 20.07688642,
    "usd_pen": 3.72316375,
    "usd_usd": 1
}