{
    "clp_clp": 1,
    "clp_cop": 4.44723942,
    "clp_crc": 0.53584976,
    "clp_gtq": 0.0081363069,
    "clp_mxn": 0.020609695,
    "clp_pen": 0.0039130036,
    "clp_usd": 0.0010594493,
    "cop_clp": 0.22485859,
    "cop_cop": 1,
    "cop_crc": 0.12049042,
    "cop_gtq": 0.0018295185,
    "cop_mxn": 0.004634267,
    "cop_pen": 0.00087987248,
    "cop_usd": 0.00023822627,
    "crc_clp": 1.86413172,
    "crc_cop": 8.27709524,
    "crc_crc": 1,
    "crc_gtq": 0.015143489,
    "crc_mxn": 0.038435249,
    "crc_pen": 0.0072813294,
    "crc_usd": 0.0019739639,
    "gtq_clp": 123.09790056,
    "gtq_cop": 546.5778167,
    "gtq_crc": 66.03497974,
    "gtq_gtq": 1,
    "gtq_mxn": 2.5380709,
    "gtq_pen": 0.48082244,
    "gtq_usd": 0.13035067,
    "mxn_clp": 48.52085467,
    "mxn_cop": 215.78385751,
    "mxn_crc": 25.99988848,
    "mxn_gtq": 0.39478056,
    "mxn_mxn": 1,
    "mxn_pen": 0.18986228,
    "mxn_usd": 0.051405384,
    "pen_clp": 255.55816257,
    "pen_cop": 1136.5283343,
    "pen_crc": 136.94078089,
    "pen_gtq": 2.07929963,
    "pen_mxn": 5.2669757,
    "pen_pen": 1,
    "pen_usd": 0.27075091,
    "timestamp": "2025-05-19 06:42:40",
    "usd_clp": 944.35958156,
    "usd_cop": 4193.13404959,
    "usd_crc": 506.59487732,
    "usd_gtq": 7.67161403,
    "usd_mxn": 19.47110036,
    "usd_pen": 3.68868419,
    "usd_usd": 1
}