{
    "clp_clp": 1,
    "clp_cop": 4.16279652,
    "clp_crc": 0.55153638,
    "clp_gtq": 0.0086456921,
    "clp_mxn": 0.0198825,
    "clp_pen": 0.0037879131,
    "clp_usd": 0.0011278914,
    "cop_clp": 0.24022313,
    "cop_cop": 1,
    "cop_crc": 0.13249179,
    "cop_gtq": 0.0020768952,
    "cop_mxn": 0.0047762362,
    "cop_pen": 0.00090994434,
    "cop_usd": 0.0002709456,
    "crc_clp": 1.82331633,
    "crc_cop": 7.53627607,
    "crc_crc": 1,
    "crc_gtq": 0.015737313,
    "crc_mxn": 0.036130979,
    "crc_pen": 0.0068911253,
    "crc_usd": 0.0020535085,
    "gtq_clp": 115.66453975,
    "gtq_cop": 481.48794299,
    "gtq_crc": 63.79320114,
    "gtq_gtq": 1,
    "gtq_mxn": 2.29970016,
    "gtq_pen": 0.43812723,
    "gtq_usd": 0.13045704,
    "mxn_clp": 50.29548702,
    "mxn_cop": 209.36987808,
    "mxn_crc": 27.73979066,
    "mxn_gtq": 0.4348393,
    "mxn_mxn": 1,
    "mxn_pen": 0.19051494,
    "mxn_usd": 0.056727846,
    "pen_clp": 263.99760708,
    "pen_cop": 1098.96831877,
    "pen_crc": 145.60428361,
    "pen_gtq": 2.28244203,
    "pen_mxn": 5.24893231,
    "pen_pen": 1,
    "pen_usd": 0.29776063,
    "timestamp": "2026-01-20 06:54:06",
    "usd_clp": 886.61019794,
    "usd_cop": 3690.77784235,
    "usd_crc": 488.99777595,
    "usd_gtq": 7.6653588,
    "usd_mxn": 17.6280269,
    "usd_pen": 3.3584024,
    "usd_usd": 1
}