{
    "clp_clp": 1,
    "clp_cop": 3.91978957,
    "clp_crc": 0.50831086,
    "clp_gtq": 0.007907466,
    "clp_mxn": 0.016858304,
    "clp_pen": 0.0037822568,
    "clp_usd": 0.0010147065,
    "cop_clp": 0.25511574,
    "cop_cop": 1,
    "cop_crc": 0.1296781,
    "cop_gtq": 0.002017319,
    "cop_mxn": 0.0043008187,
    "cop_pen": 0.00096491323,
    "cop_usd": 0.00025886759,
    "crc_clp": 1.96730011,
    "crc_cop": 7.71140243,
    "crc_crc": 1,
    "crc_gtq": 0.015556359,
    "crc_mxn": 0.033165344,
    "crc_pen": 0.0074408342,
    "crc_usd": 0.0019962322,
    "gtq_clp": 126.46276357,
    "gtq_cop": 495.70742117,
    "gtq_crc": 64.28239554,
    "gtq_gtq": 1,
    "gtq_mxn": 2.13194774,
    "gtq_pen": 0.47831465,
    "gtq_usd": 0.12832259,
    "mxn_clp": 59.31794712,
    "mxn_cop": 232.51387022,
    "mxn_crc": 30.15195645,
    "mxn_gtq": 0.46905465,
    "mxn_mxn": 1,
    "mxn_pen": 0.22435571,
    "mxn_usd": 0.060190306,
    "pen_clp": 264.39241198,
    "pen_cop": 1036.36261792,
    "pen_crc": 134.39353312,
    "pen_gtq": 2.090674,
    "pen_mxn": 4.45720772,
    "pen_pen": 1,
    "pen_usd": 0.2682807,
    "timestamp": "2024-04-02 06:27:25",
    "usd_clp": 985.50665414,
    "usd_cop": 3862.97870051,
    "usd_crc": 500.94373047,
    "usd_gtq": 7.79286034,
    "usd_mxn": 16.61397102,
    "usd_pen": 3.72743925,
    "usd_usd": 1
}