{
    "clp_clp": 1,
    "clp_cop": 4.33317919,
    "clp_crc": 0.53628776,
    "clp_gtq": 0.0081556928,
    "clp_mxn": 0.020212389,
    "clp_pen": 0.0038132385,
    "clp_usd": 0.0010614907,
    "cop_clp": 0.23077744,
    "cop_cop": 1,
    "cop_crc": 0.12376312,
    "cop_gtq": 0.0018821499,
    "cop_mxn": 0.0046645634,
    "cop_pen": 0.00088000942,
    "cop_usd": 0.00024496811,
    "crc_clp": 1.86745624,
    "crc_cop": 8.06251578,
    "crc_crc": 1,
    "crc_gtq": 0.015215138,
    "crc_mxn": 0.037756447,
    "crc_pen": 0.0071145175,
    "crc_usd": 0.0019805905,
    "gtq_clp": 122.61373995,
    "gtq_cop": 531.30730582,
    "gtq_crc": 65.75624798,
    "gtq_gtq": 1,
    "gtq_mxn": 2.47831663,
    "gtq_pen": 0.46755544,
    "gtq_usd": 0.13015335,
    "mxn_clp": 49.47460639,
    "mxn_cop": 214.38233462,
    "mxn_crc": 26.53262585,
    "mxn_gtq": 0.40349969,
    "mxn_mxn": 1,
    "mxn_pen": 0.18865847,
    "mxn_usd": 0.052516836,
    "pen_clp": 262.24428251,
    "pen_cop": 1136.35146653,
    "pen_crc": 140.63839893,
    "pen_gtq": 2.13878382,
    "pen_mxn": 5.3005835,
    "pen_pen": 1,
    "pen_usd": 0.27836987,
    "timestamp": "2025-06-20 19:43:20",
    "usd_clp": 942.07135341,
    "usd_cop": 4082.16397997,
    "usd_crc": 505.22133619,
    "usd_gtq": 7.68324458,
    "usd_mxn": 19.04151285,
    "usd_pen": 3.59234277,
    "usd_usd": 1
}