{
    "clp_clp": 1,
    "clp_cop": 4.05898082,
    "clp_crc": 0.53978096,
    "clp_gtq": 0.0082724622,
    "clp_mxn": 0.019787712,
    "clp_pen": 0.0036356257,
    "clp_usd": 0.0010804027,
    "cop_clp": 0.24636726,
    "cop_cop": 1,
    "cop_crc": 0.13298436,
    "cop_gtq": 0.0020380639,
    "cop_mxn": 0.0048750445,
    "cop_pen": 0.00089569916,
    "cop_usd": 0.00026617585,
    "crc_clp": 1.85260333,
    "crc_cop": 7.51968138,
    "crc_crc": 1,
    "crc_gtq": 0.015325591,
    "crc_mxn": 0.036658782,
    "crc_pen": 0.0067353723,
    "crc_usd": 0.0020015576,
    "gtq_clp": 120.88299382,
    "gtq_cop": 490.66175369,
    "gtq_crc": 65.25033824,
    "gtq_gtq": 1,
    "gtq_mxn": 2.3919979,
    "gtq_pen": 0.43948532,
    "gtq_usd": 0.13060231,
    "mxn_clp": 50.53641299,
    "mxn_cop": 205.12633118,
    "mxn_crc": 27.27859343,
    "mxn_gtq": 0.41806057,
    "mxn_mxn": 1,
    "mxn_pen": 0.18373148,
    "mxn_usd": 0.054599676,
    "pen_clp": 275.05581587,
    "pen_cop": 1116.44628179,
    "pen_crc": 148.46989188,
    "pen_gtq": 2.27538885,
    "pen_mxn": 5.44272535,
    "pen_pen": 1,
    "pen_usd": 0.29717104,
    "timestamp": "2025-11-16 19:43:36",
    "usd_clp": 925.58081875,
    "usd_cop": 3756.91479311,
    "usd_crc": 499.61090132,
    "usd_gtq": 7.65683236,
    "usd_mxn": 18.31512693,
    "usd_pen": 3.36506544,
    "usd_usd": 1
}