{
    "clp_clp": 1,
    "clp_cop": 4.32854505,
    "clp_crc": 0.537761,
    "clp_gtq": 0.008194955,
    "clp_mxn": 0.020061911,
    "clp_pen": 0.0037828351,
    "clp_usd": 0.0010660507,
    "cop_clp": 0.23102451,
    "cop_cop": 1,
    "cop_crc": 0.12423597,
    "cop_gtq": 0.0018932355,
    "cop_mxn": 0.0046347932,
    "cop_pen": 0.00087392762,
    "cop_usd": 0.00024628385,
    "crc_clp": 1.85870985,
    "crc_cop": 8.08142743,
    "crc_crc": 1,
    "crc_gtq": 0.015197329,
    "crc_mxn": 0.037228486,
    "crc_pen": 0.0070229579,
    "crc_usd": 0.0019776058,
    "gtq_clp": 122.02629594,
    "gtq_cop": 528.19631976,
    "gtq_crc": 65.62098326,
    "gtq_gtq": 1,
    "gtq_mxn": 2.44808073,
    "gtq_pen": 0.46160535,
    "gtq_usd": 0.13008622,
    "mxn_clp": 49.84569921,
    "mxn_cop": 215.7593548,
    "mxn_crc": 26.80507319,
    "mxn_gtq": 0.40848326,
    "mxn_mxn": 1,
    "mxn_pen": 0.18855806,
    "mxn_usd": 0.053138044,
    "pen_clp": 264.35199653,
    "pen_cop": 1144.25952709,
    "pen_crc": 142.15819472,
    "pen_gtq": 2.16635271,
    "pen_mxn": 5.30340633,
    "pen_pen": 1,
    "pen_usd": 0.28181264,
    "timestamp": "2025-06-30 06:42:51",
    "usd_clp": 938.04165908,
    "usd_cop": 4060.35558387,
    "usd_crc": 504.44222317,
    "usd_gtq": 7.68720915,
    "usd_mxn": 18.81890863,
    "usd_pen": 3.54845687,
    "usd_usd": 1
}