{
    "clp_clp": 1,
    "clp_cop": 4.12563965,
    "clp_crc": 0.56128196,
    "clp_gtq": 0.0086567825,
    "clp_mxn": 0.020112409,
    "clp_pen": 0.0037942904,
    "clp_usd": 0.0011284798,
    "cop_clp": 0.24238666,
    "cop_cop": 1,
    "cop_crc": 0.13604726,
    "cop_gtq": 0.0020982886,
    "cop_mxn": 0.0048749796,
    "cop_pen": 0.00091968536,
    "cop_usd": 0.00027352846,
    "crc_clp": 1.78163572,
    "crc_cop": 7.35038699,
    "crc_crc": 1,
    "crc_gtq": 0.015423233,
    "crc_mxn": 0.035832986,
    "crc_pen": 0.0067600433,
    "crc_usd": 0.00201054,
    "gtq_clp": 115.5163602,
    "gtq_cop": 476.57887642,
    "gtq_crc": 64.83724964,
    "gtq_gtq": 1,
    "gtq_mxn": 2.32331228,
    "gtq_pen": 0.43830262,
    "gtq_usd": 0.13035788,
    "mxn_clp": 49.72054813,
    "mxn_cop": 205.12906504,
    "mxn_crc": 27.90724696,
    "mxn_gtq": 0.43041997,
    "mxn_mxn": 1,
    "mxn_pen": 0.1886542,
    "mxn_usd": 0.056108636,
    "pen_clp": 263.55389194,
    "pen_cop": 1087.32838776,
    "pen_crc": 147.92804635,
    "pen_gtq": 2.28152871,
    "pen_mxn": 5.30070367,
    "pen_pen": 1,
    "pen_usd": 0.29741525,
    "timestamp": "2026-01-14 19:51:43",
    "usd_clp": 886.14786193,
    "usd_cop": 3655.92675915,
    "usd_crc": 497.37881321,
    "usd_gtq": 7.67118926,
    "usd_mxn": 17.82256824,
    "usd_pen": 3.36230232,
    "usd_usd": 1
}