{
    "clp_clp": 1,
    "clp_cop": 4.48298438,
    "clp_crc": 0.52445134,
    "clp_gtq": 0.0079370188,
    "clp_mxn": 0.020739423,
    "clp_pen": 0.0038556328,
    "clp_usd": 0.0010305168,
    "cop_clp": 0.22476809,
    "cop_cop": 1,
    "cop_crc": 0.11660792,
    "cop_gtq": 0.0017862504,
    "cop_mxn": 0.004626635,
    "cop_pen": 0.00086544052,
    "cop_usd": 0.00023195875,
    "crc_clp": 1.92755416,
    "crc_cop": 8.57574649,
    "crc_crc": 1,
    "crc_gtq": 0.015318431,
    "crc_mxn": 0.039676849,
    "crc_pen": 0.0074217985,
    "crc_usd": 0.0019892194,
    "gtq_clp": 125.99189081,
    "gtq_cop": 564.81967814,
    "gtq_crc": 66.07661632,
    "gtq_gtq": 1,
    "gtq_mxn": 2.61299913,
    "gtq_pen": 0.48577847,
    "gtq_usd": 0.12983676,
    "mxn_clp": 48.58133137,
    "mxn_cop": 216.13980574,
    "mxn_crc": 25.20361418,
    "mxn_gtq": 0.38607982,
    "mxn_mxn": 1,
    "mxn_pen": 0.18705615,
    "mxn_usd": 0.050135518,
    "pen_clp": 259.71523835,
    "pen_cop": 1155.48091387,
    "pen_crc": 134.73823133,
    "pen_gtq": 2.06397829,
    "pen_mxn": 5.34598849,
    "pen_pen": 1,
    "pen_usd": 0.2680239,
    "timestamp": "2025-04-17 19:36:32",
    "usd_clp": 969.00028367,
    "usd_cop": 4311.1114327,
    "usd_crc": 502.70975707,
    "usd_gtq": 7.70072468,
    "usd_mxn": 19.94593924,
    "usd_pen": 3.73101051,
    "usd_usd": 1
}