{
    "clp_clp": 1,
    "clp_cop": 4.22297841,
    "clp_crc": 0.51387755,
    "clp_gtq": 0.0078441358,
    "clp_mxn": 0.020726099,
    "clp_pen": 0.0037692864,
    "clp_usd": 0.0010142499,
    "cop_clp": 0.23679969,
    "cop_cop": 1,
    "cop_crc": 0.12168605,
    "cop_gtq": 0.001857489,
    "cop_mxn": 0.0049079339,
    "cop_pen": 0.00089256588,
    "cop_usd": 0.00024017406,
    "crc_clp": 1.94598889,
    "crc_cop": 8.21786906,
    "crc_crc": 1,
    "crc_gtq": 0.015264601,
    "crc_mxn": 0.040332758,
    "crc_pen": 0.0073349895,
    "crc_usd": 0.001973719,
    "gtq_clp": 127.48376983,
    "gtq_cop": 538.36120794,
    "gtq_crc": 65.51104721,
    "gtq_gtq": 1,
    "gtq_mxn": 2.64224121,
    "gtq_pen": 0.48052284,
    "gtq_usd": 0.1293004,
    "mxn_clp": 46.43004305,
    "mxn_cop": 196.83228131,
    "mxn_crc": 23.75543075,
    "mxn_gtq": 0.36422843,
    "mxn_mxn": 1,
    "mxn_pen": 0.175214,
    "mxn_usd": 0.047060743,
    "pen_clp": 265.30220409,
    "pen_cop": 1120.36548066,
    "pen_crc": 136.33284644,
    "pen_gtq": 2.08106651,
    "pen_mxn": 5.4986797,
    "pen_pen": 1,
    "pen_usd": 0.26908273,
    "timestamp": "2025-02-04 06:35:18",
    "usd_clp": 985.95031766,
    "usd_cop": 4163.64690733,
    "usd_crc": 506.6577329,
    "usd_gtq": 7.73392816,
    "usd_mxn": 20.43490372,
    "usd_pen": 3.71632916,
    "usd_usd": 1
}