{
    "clp_clp": 1,
    "clp_cop": 3.99082744,
    "clp_crc": 0.50582747,
    "clp_gtq": 0.0083084686,
    "clp_mxn": 0.019443694,
    "clp_pen": 0.0037531298,
    "clp_usd": 0.0010871664,
    "cop_clp": 0.2505746,
    "cop_cop": 1,
    "cop_crc": 0.12674752,
    "cop_gtq": 0.0020818912,
    "cop_mxn": 0.0048720958,
    "cop_pen": 0.000940439,
    "cop_usd": 0.00027241629,
    "crc_clp": 1.97930253,
    "crc_cop": 7.89628844,
    "crc_crc": 1,
    "crc_gtq": 0.01645551,
    "crc_mxn": 0.038413352,
    "crc_pen": 0.0074292861,
    "crc_usd": 0.0021517924,
    "gtq_clp": 120.35912403,
    "gtq_cop": 480.33249472,
    "gtq_crc": 60.88095123,
    "gtq_gtq": 1,
    "gtq_mxn": 2.34022594,
    "gtq_pen": 0.45172341,
    "gtq_usd": 0.1308504,
    "mxn_clp": 51.43055729,
    "mxn_cop": 205.25047923,
    "mxn_crc": 26.01498869,
    "mxn_gtq": 0.42730917,
    "mxn_mxn": 1,
    "mxn_pen": 0.19302555,
    "mxn_usd": 0.055913574,
    "pen_clp": 266.44429193,
    "pen_cop": 1063.33319124,
    "pen_crc": 134.77484216,
    "pen_gtq": 2.21374403,
    "pen_mxn": 5.18066119,
    "pen_pen": 1,
    "pen_usd": 0.28966928,
    "timestamp": "2026-04-06 07:14:50",
    "usd_clp": 919.83899109,
    "usd_cop": 3669.63306106,
    "usd_crc": 464.72885189,
    "usd_gtq": 7.64735018,
    "usd_mxn": 17.85179315,
    "usd_pen": 3.45260359,
    "usd_usd": 1
}