{
    "clp_clp": 1,
    "clp_cop": 4.47016387,
    "clp_crc": 0.54331895,
    "clp_gtq": 0.0082628743,
    "clp_mxn": 0.020423929,
    "clp_pen": 0.0038972211,
    "clp_usd": 0.0010745726,
    "cop_clp": 0.22370545,
    "cop_cop": 1,
    "cop_crc": 0.12154341,
    "cop_gtq": 0.00184845,
    "cop_mxn": 0.0045689441,
    "cop_pen": 0.00087182957,
    "cop_usd": 0.00024038774,
    "crc_clp": 1.84053951,
    "crc_cop": 8.22751321,
    "crc_crc": 1,
    "crc_gtq": 0.015208147,
    "crc_mxn": 0.037591048,
    "crc_pen": 0.0071729893,
    "crc_usd": 0.0019777933,
    "gtq_clp": 121.02326149,
    "gtq_cop": 540.99381038,
    "gtq_crc": 65.75423173,
    "gtq_gtq": 1,
    "gtq_mxn": 2.47177049,
    "gtq_pen": 0.4716544,
    "gtq_usd": 0.13004828,
    "mxn_clp": 48.96217594,
    "mxn_cop": 218.86894965,
    "mxn_crc": 26.60207817,
    "mxn_gtq": 0.40456831,
    "mxn_mxn": 1,
    "mxn_pen": 0.19081642,
    "mxn_usd": 0.052613413,
    "pen_clp": 256.59309134,
    "pen_cop": 1147.013165,
    "pen_crc": 139.41188976,
    "pen_gtq": 2.12019647,
    "pen_mxn": 5.24063905,
    "pen_pen": 1,
    "pen_usd": 0.27572791,
    "timestamp": "2025-06-14 06:38:01",
    "usd_clp": 937.69271035,
    "usd_cop": 4131.18439016,
    "usd_crc": 504.25798202,
    "usd_gtq": 7.68738841,
    "usd_mxn": 18.95496818,
    "usd_pen": 3.61694441,
    "usd_usd": 1
}