{
    "clp_clp": 1,
    "clp_cop": 3.9723308,
    "clp_crc": 0.5019846,
    "clp_gtq": 0.0082568104,
    "clp_mxn": 0.019324308,
    "clp_pen": 0.0037646474,
    "clp_usd": 0.0010795104,
    "cop_clp": 0.24901817,
    "cop_cop": 1,
    "cop_crc": 0.12689724,
    "cop_gtq": 0.0020865131,
    "cop_mxn": 0.0048829073,
    "cop_pen": 0.00094617744,
    "cop_usd": 0.00027273396,
    "crc_clp": 1.96236079,
    "crc_cop": 7.88039204,
    "crc_crc": 1,
    "crc_gtq": 0.016442541,
    "crc_mxn": 0.038479224,
    "crc_pen": 0.0074562491,
    "crc_usd": 0.0021492505,
    "gtq_clp": 119.34656309,
    "gtq_cop": 479.26849751,
    "gtq_crc": 60.81784958,
    "gtq_gtq": 1,
    "gtq_mxn": 2.34022367,
    "gtq_pen": 0.45347304,
    "gtq_usd": 0.13071279,
    "mxn_clp": 51.74829679,
    "mxn_cop": 205.56135318,
    "mxn_crc": 25.97684815,
    "mxn_gtq": 0.42727587,
    "mxn_mxn": 1,
    "mxn_pen": 0.19481409,
    "mxn_usd": 0.055862825,
    "pen_clp": 263.18337167,
    "pen_cop": 1056.88421895,
    "pen_crc": 134.11569045,
    "pen_gtq": 2.20520277,
    "pen_mxn": 5.16066772,
    "pen_pen": 1,
    "pen_usd": 0.28824822,
    "timestamp": "2026-04-02 07:17:46",
    "usd_clp": 913.04423349,
    "usd_cop": 3666.57678806,
    "usd_crc": 465.27847486,
    "usd_gtq": 7.65036051,
    "usd_mxn": 17.90355475,
    "usd_pen": 3.46923222,
    "usd_usd": 1
}