{
    "clp_clp": 1,
    "clp_cop": 4.56363414,
    "clp_crc": 0.54428796,
    "clp_gtq": 0.0081589278,
    "clp_mxn": 0.021074404,
    "clp_pen": 0.0039647458,
    "clp_usd": 0.0010547932,
    "cop_clp": 0.21912361,
    "cop_cop": 1,
    "cop_crc": 0.11926634,
    "cop_gtq": 0.0017878137,
    "cop_mxn": 0.0046178996,
    "cop_pen": 0.00086876942,
    "cop_usd": 0.0002311301,
    "crc_clp": 1.83726276,
    "crc_cop": 8.38459508,
    "crc_crc": 1,
    "crc_gtq": 0.014990094,
    "crc_mxn": 0.038719218,
    "crc_pen": 0.0072842798,
    "crc_usd": 0.0019379323,
    "gtq_clp": 122.56512501,
    "gtq_cop": 559.34238872,
    "gtq_crc": 66.7107217,
    "gtq_gtq": 1,
    "gtq_mxn": 2.58298699,
    "gtq_pen": 0.48593956,
    "gtq_usd": 0.12928086,
    "mxn_clp": 47.45092613,
    "mxn_cop": 216.54866639,
    "mxn_crc": 25.82696772,
    "mxn_gtq": 0.38714868,
    "mxn_mxn": 1,
    "mxn_pen": 0.18813086,
    "mxn_usd": 0.050050914,
    "pen_clp": 252.22298189,
    "pen_cop": 1151.05341073,
    "pen_crc": 137.28193195,
    "pen_gtq": 2.05786909,
    "pen_mxn": 5.31544909,
    "pen_pen": 1,
    "pen_usd": 0.26604309,
    "timestamp": "2024-10-26 19:27:18",
    "usd_clp": 948.0531329,
    "usd_cop": 4326.56764269,
    "usd_crc": 516.01390447,
    "usd_gtq": 7.73509702,
    "usd_mxn": 19.97965499,
    "usd_pen": 3.75878965,
    "usd_usd": 1
}