{
    "clp_clp": 1,
    "clp_cop": 4.26764448,
    "clp_crc": 0.54925229,
    "clp_gtq": 0.0081091464,
    "clp_mxn": 0.01966525,
    "clp_pen": 0.0039019881,
    "clp_usd": 0.0010458044,
    "cop_clp": 0.232991,
    "cop_cop": 1,
    "cop_crc": 0.12979304,
    "cop_gtq": 0.0019147276,
    "cop_mxn": 0.0046128936,
    "cop_pen": 0.00092311004,
    "cop_usd": 0.00024698213,
    "crc_clp": 1.79509616,
    "crc_cop": 7.70457308,
    "crc_crc": 1,
    "crc_gtq": 0.014752159,
    "crc_mxn": 0.035540376,
    "crc_pen": 0.0071121688,
    "crc_usd": 0.0019028919,
    "gtq_clp": 123.31754254,
    "gtq_cop": 526.27543028,
    "gtq_crc": 67.73244274,
    "gtq_gtq": 1,
    "gtq_mxn": 2.42507029,
    "gtq_pen": 0.48118359,
    "gtq_usd": 0.12896603,
    "mxn_clp": 50.85112093,
    "mxn_cop": 217.01450578,
    "mxn_crc": 27.93009466,
    "mxn_gtq": 0.41235918,
    "mxn_mxn": 1,
    "mxn_pen": 0.19842047,
    "mxn_usd": 0.053180327,
    "pen_clp": 256.27961155,
    "pen_cop": 1093.71027075,
    "pen_crc": 140.76216373,
    "pen_gtq": 2.07820888,
    "pen_mxn": 5.0398026,
    "pen_pen": 1,
    "pen_usd": 0.26801835,
    "timestamp": "2024-08-01 06:31:28",
    "usd_clp": 956.20174083,
    "usd_cop": 4080.72908544,
    "usd_crc": 525.19599663,
    "usd_gtq": 7.75397986,
    "usd_mxn": 18.80394617,
    "usd_pen": 3.73108783,
    "usd_usd": 1
}