{
    "clp_clp": 1,
    "clp_cop": 4.42148717,
    "clp_crc": 0.55482714,
    "clp_gtq": 0.0081907437,
    "clp_mxn": 0.021161253,
    "clp_pen": 0.0040240548,
    "clp_usd": 0.0010591757,
    "cop_clp": 0.22616825,
    "cop_cop": 1,
    "cop_crc": 0.12548428,
    "cop_gtq": 0.0018524861,
    "cop_mxn": 0.0047860034,
    "cop_pen": 0.00091011343,
    "cop_usd": 0.00023955192,
    "crc_clp": 1.80236317,
    "crc_cop": 7.96912564,
    "crc_crc": 1,
    "crc_gtq": 0.014762695,
    "crc_mxn": 0.038140262,
    "crc_pen": 0.0072528083,
    "crc_usd": 0.0019090193,
    "gtq_clp": 122.08903623,
    "gtq_cop": 539.81510764,
    "gtq_crc": 67.73831057,
    "gtq_gtq": 1,
    "gtq_mxn": 2.58355694,
    "gtq_pen": 0.49129298,
    "gtq_usd": 0.12931374,
    "mxn_clp": 47.25618167,
    "mxn_cop": 208.94260106,
    "mxn_crc": 26.21901203,
    "mxn_gtq": 0.38706327,
    "mxn_mxn": 1,
    "mxn_pen": 0.19016147,
    "mxn_usd": 0.050052601,
    "pen_clp": 248.50555902,
    "pen_cop": 1098.76414152,
    "pen_crc": 137.87762812,
    "pen_gtq": 2.03544533,
    "pen_mxn": 5.25868892,
    "pen_pen": 1,
    "pen_usd": 0.26321106,
    "timestamp": "2024-09-08 19:19:20",
    "usd_clp": 944.13039661,
    "usd_cop": 4174.46043796,
    "usd_crc": 523.82916599,
    "usd_gtq": 7.73313006,
    "usd_mxn": 19.97898187,
    "usd_pen": 3.7992325,
    "usd_usd": 1
}