{
    "clp_clp": 1,
    "clp_cop": 4.47406586,
    "clp_crc": 0.51207171,
    "clp_gtq": 0.0077697679,
    "clp_mxn": 0.020353931,
    "clp_pen": 0.0037922824,
    "clp_usd": 0.0010094307,
    "cop_clp": 0.22351034,
    "cop_cop": 1,
    "cop_crc": 0.11445332,
    "cop_gtq": 0.0017366235,
    "cop_mxn": 0.0045493142,
    "cop_pen": 0.00084761434,
    "cop_usd": 0.0002256182,
    "crc_clp": 1.95285149,
    "crc_cop": 8.73718619,
    "crc_crc": 1,
    "crc_gtq": 0.015173203,
    "crc_mxn": 0.039748205,
    "crc_pen": 0.0074057643,
    "crc_usd": 0.0019712682,
    "gtq_clp": 128.70397259,
    "gtq_cop": 575.83004954,
    "gtq_crc": 65.90566309,
    "gtq_gtq": 1,
    "gtq_mxn": 2.61963181,
    "gtq_pen": 0.48808181,
    "gtq_usd": 0.12991774,
    "mxn_clp": 49.13055804,
    "mxn_cop": 219.81335231,
    "mxn_crc": 25.15836878,
    "mxn_gtq": 0.38173303,
    "mxn_mxn": 1,
    "mxn_pen": 0.18631695,
    "mxn_usd": 0.049593892,
    "pen_clp": 263.69344339,
    "pen_cop": 1179.78183207,
    "pen_crc": 135.029952,
    "pen_gtq": 2.04883686,
    "pen_mxn": 5.36719821,
    "pen_pen": 1,
    "pen_usd": 0.26618025,
    "timestamp": "2024-12-25 19:21:00",
    "usd_clp": 990.65743994,
    "usd_cop": 4432.26662905,
    "usd_crc": 507.28764751,
    "usd_gtq": 7.69717842,
    "usd_mxn": 20.16377341,
    "usd_pen": 3.75685276,
    "usd_usd": 1
}