{
    "clp_clp": 1,
    "clp_cop": 4.09566542,
    "clp_crc": 0.52666649,
    "clp_gtq": 0.0081401607,
    "clp_mxn": 0.017775213,
    "clp_pen": 0.0038902718,
    "clp_usd": 0.0010486464,
    "cop_clp": 0.24416057,
    "cop_cop": 1,
    "cop_crc": 0.12859119,
    "cop_gtq": 0.0019875063,
    "cop_mxn": 0.0043400062,
    "cop_pen": 0.00094985098,
    "cop_usd": 0.00025603811,
    "crc_clp": 1.9005347,
    "crc_cop": 7.86708762,
    "crc_crc": 1,
    "crc_gtq": 0.015489913,
    "crc_mxn": 0.034087519,
    "crc_pen": 0.0074432915,
    "crc_usd": 0.0019950579,
    "gtq_clp": 122.69499106,
    "gtq_cop": 507.88456646,
    "gtq_crc": 64.5581429,
    "gtq_gtq": 1,
    "gtq_mxn": 2.20062694,
    "gtq_pen": 0.48052508,
    "gtq_usd": 0.12879723,
    "mxn_clp": 56.25811492,
    "mxn_cop": 230.41441578,
    "mxn_crc": 29.62926399,
    "mxn_gtq": 0.4579501,
    "mxn_mxn": 1,
    "mxn_pen": 0.21885936,
    "mxn_usd": 0.058994871,
    "pen_clp": 255.33525114,
    "pen_cop": 1056.93665413,
    "pen_crc": 134.34916525,
    "pen_gtq": 2.08105685,
    "pen_mxn": 4.57962975,
    "pen_pen": 1,
    "pen_usd": 0.26803436,
    "timestamp": "2024-04-25 06:22:46",
    "usd_clp": 952.62133151,
    "usd_cop": 3943.28788631,
    "usd_crc": 501.23858777,
    "usd_gtq": 7.76414199,
    "usd_mxn": 17.08597999,
    "usd_pen": 3.73086492,
    "usd_usd": 1
}