{
    "clp_clp": 1,
    "clp_cop": 4.07871118,
    "clp_crc": 0.5302335,
    "clp_gtq": 0.008092387,
    "clp_mxn": 0.019781527,
    "clp_pen": 0.0035715998,
    "clp_usd": 0.0010561179,
    "cop_clp": 0.24615599,
    "cop_cop": 1,
    "cop_crc": 0.13114415,
    "cop_gtq": 0.0019986954,
    "cop_mxn": 0.0048522945,
    "cop_pen": 0.00088090006,
    "cop_usd": 0.00026085505,
    "crc_clp": 1.87698794,
    "crc_cop": 7.62519724,
    "crc_crc": 1,
    "crc_gtq": 0.015240447,
    "crc_mxn": 0.036999702,
    "crc_pen": 0.0067170367,
    "crc_usd": 0.0019890712,
    "gtq_clp": 123.15832603,
    "gtq_cop": 500.32635115,
    "gtq_crc": 65.61487338,
    "gtq_gtq": 1,
    "gtq_mxn": 2.42773078,
    "gtq_pen": 0.44073751,
    "gtq_usd": 0.13051265,
    "mxn_clp": 50.72981192,
    "mxn_cop": 206.08806982,
    "mxn_crc": 27.02724447,
    "mxn_gtq": 0.41190729,
    "mxn_mxn": 1,
    "mxn_pen": 0.18154299,
    "mxn_usd": 0.053759113,
    "pen_clp": 279.43690254,
    "pen_cop": 1135.20255055,
    "pen_crc": 148.87517207,
    "pen_gtq": 2.26892417,
    "pen_mxn": 5.50833705,
    "pen_pen": 1,
    "pen_usd": 0.29612331,
    "timestamp": "2025-11-06 19:41:15",
    "usd_clp": 943.65046194,
    "usd_cop": 3833.54668435,
    "usd_crc": 502.74721633,
    "usd_gtq": 7.6620923,
    "usd_mxn": 18.60149735,
    "usd_pen": 3.37697152,
    "usd_usd": 1
}