{
    "clp_clp": 1,
    "clp_cop": 4.28507077,
    "clp_crc": 0.49659244,
    "clp_gtq": 0.007616051,
    "clp_mxn": 0.020579121,
    "clp_pen": 0.003711561,
    "clp_usd": 0.00098671879,
    "cop_clp": 0.23336837,
    "cop_cop": 1,
    "cop_crc": 0.11588897,
    "cop_gtq": 0.0017773454,
    "cop_mxn": 0.0048025161,
    "cop_pen": 0.00086616096,
    "cop_usd": 0.00023026896,
    "crc_clp": 2.01372377,
    "crc_cop": 8.62894886,
    "crc_crc": 1,
    "crc_gtq": 0.015336623,
    "crc_mxn": 0.041440666,
    "crc_pen": 0.0074740587,
    "crc_usd": 0.0019869791,
    "gtq_clp": 131.30164224,
    "gtq_cop": 562.63682941,
    "gtq_crc": 65.20340291,
    "gtq_gtq": 1,
    "gtq_mxn": 2.70207244,
    "gtq_pen": 0.48733406,
    "gtq_usd": 0.1295578,
    "mxn_clp": 48.59293941,
    "mxn_cop": 208.22418438,
    "mxn_crc": 24.13088635,
    "mxn_gtq": 0.3700863,
    "mxn_mxn": 1,
    "mxn_pen": 0.18035566,
    "mxn_usd": 0.047947566,
    "pen_clp": 269.42841383,
    "pen_cop": 1154.51982108,
    "pen_crc": 133.79611345,
    "pen_gtq": 2.05198053,
    "pen_mxn": 5.54460004,
    "pen_pen": 1,
    "pen_usd": 0.26585008,
    "timestamp": "2025-01-17 19:17:26",
    "usd_clp": 1013.45997252,
    "usd_cop": 4342.74770624,
    "usd_crc": 503.27656068,
    "usd_gtq": 7.71856281,
    "usd_mxn": 20.85611582,
    "usd_pen": 3.76151854,
    "usd_usd": 1
}