{
    "clp_clp": 1,
    "clp_cop": 4.44585395,
    "clp_crc": 0.50970696,
    "clp_gtq": 0.0077649218,
    "clp_mxn": 0.020501032,
    "clp_pen": 0.0037752081,
    "clp_usd": 0.0010084608,
    "cop_clp": 0.22492867,
    "cop_cop": 1,
    "cop_crc": 0.11464771,
    "cop_gtq": 0.0017465535,
    "cop_mxn": 0.0046112699,
    "cop_pen": 0.00084915253,
    "cop_usd": 0.00022683174,
    "crc_clp": 1.9682606,
    "crc_cop": 8.73506125,
    "crc_crc": 1,
    "crc_gtq": 0.015236349,
    "crc_mxn": 0.040321199,
    "crc_pen": 0.0074014448,
    "crc_usd": 0.0019793243,
    "gtq_clp": 128.78429707,
    "gtq_cop": 572.55617588,
    "gtq_crc": 65.64225231,
    "gtq_gtq": 1,
    "gtq_mxn": 2.64021104,
    "gtq_pen": 0.48618753,
    "gtq_usd": 0.12987392,
    "mxn_clp": 48.77803138,
    "mxn_cop": 216.86000353,
    "mxn_crc": 24.862502,
    "mxn_gtq": 0.3787576,
    "mxn_mxn": 1,
    "mxn_pen": 0.18414722,
    "mxn_usd": 0.049190733,
    "pen_clp": 264.88605758,
    "pen_cop": 1177.64472554,
    "pen_crc": 135.01426666,
    "pen_gtq": 2.05681953,
    "pen_mxn": 5.43043764,
    "pen_pen": 1,
    "pen_usd": 0.26712721,
    "timestamp": "2024-12-20 06:34:51",
    "usd_clp": 991.61017789,
    "usd_cop": 4408.55402682,
    "usd_crc": 505.43060742,
    "usd_gtq": 7.69977552,
    "usd_mxn": 20.32903235,
    "usd_pen": 3.74353481,
    "usd_usd": 1
}