{
    "clp_clp": 1,
    "clp_cop": 4.54231418,
    "clp_crc": 0.56114176,
    "clp_gtq": 0.0083527526,
    "clp_mxn": 0.020815051,
    "clp_pen": 0.0040505267,
    "clp_usd": 0.0010791738,
    "cop_clp": 0.2201521,
    "cop_cop": 1,
    "cop_crc": 0.12353654,
    "cop_gtq": 0.001838876,
    "cop_mxn": 0.0045824772,
    "cop_pen": 0.00089173195,
    "cop_usd": 0.00023758237,
    "crc_clp": 1.78208088,
    "crc_cop": 8.09477125,
    "crc_crc": 1,
    "crc_gtq": 0.014885281,
    "crc_mxn": 0.037094104,
    "crc_pen": 0.0072183662,
    "crc_usd": 0.001923175,
    "gtq_clp": 119.72101261,
    "gtq_cop": 543.81045284,
    "gtq_crc": 67.18045956,
    "gtq_gtq": 1,
    "gtq_mxn": 2.49199898,
    "gtq_pen": 0.48493316,
    "gtq_usd": 0.12919978,
    "mxn_clp": 47.78666903,
    "mxn_cop": 216.29586745,
    "mxn_crc": 26.6498503,
    "mxn_gtq": 0.39773627,
    "mxn_mxn": 1,
    "mxn_pen": 0.19230201,
    "mxn_usd": 0.051393883,
    "pen_clp": 246.88147483,
    "pen_cop": 1121.41322308,
    "pen_crc": 138.53550495,
    "pen_gtq": 2.06213988,
    "pen_mxn": 5.13885048,
    "pen_pen": 1,
    "pen_usd": 0.26642801,
    "timestamp": "2024-10-12 19:26:24",
    "usd_clp": 926.63482154,
    "usd_cop": 4209.06648647,
    "usd_crc": 519.97349333,
    "usd_gtq": 7.73995142,
    "usd_mxn": 19.28795104,
    "usd_pen": 3.75335907,
    "usd_usd": 1
}