{
    "clp_clp": 1,
    "clp_cop": 4.25350321,
    "clp_crc": 0.5634066,
    "clp_gtq": 0.008540025,
    "clp_mxn": 0.01839636,
    "clp_pen": 0.0041097171,
    "clp_usd": 0.001099318,
    "cop_clp": 0.23510033,
    "cop_cop": 1,
    "cop_crc": 0.13245708,
    "cop_gtq": 0.0020077627,
    "cop_mxn": 0.0043249903,
    "cop_pen": 0.00096619583,
    "cop_usd": 0.00025845003,
    "crc_clp": 1.77491707,
    "crc_cop": 7.54961546,
    "crc_crc": 1,
    "crc_gtq": 0.015157836,
    "crc_mxn": 0.032652014,
    "crc_pen": 0.007294407,
    "crc_usd": 0.0019511984,
    "gtq_clp": 117.09567638,
    "gtq_cop": 498.06683522,
    "gtq_crc": 65.97247742,
    "gtq_gtq": 1,
    "gtq_mxn": 2.15413424,
    "gtq_pen": 0.4812301,
    "gtq_usd": 0.12872539,
    "mxn_clp": 54.35857904,
    "mxn_cop": 231.21439037,
    "mxn_crc": 30.62598244,
    "mxn_gtq": 0.46422362,
    "mxn_mxn": 1,
    "mxn_pen": 0.22339838,
    "mxn_usd": 0.059757367,
    "pen_clp": 243.32575294,
    "pen_cop": 1034.98687089,
    "pen_crc": 137.09133622,
    "pen_gtq": 2.07800801,
    "pen_mxn": 4.4763082,
    "pen_pen": 1,
    "pen_usd": 0.26749239,
    "timestamp": "2024-05-24 19:05:39",
    "usd_clp": 909.65486196,
    "usd_cop": 3869.21987425,
    "usd_crc": 512.50555693,
    "usd_gtq": 7.76847523,
    "usd_mxn": 16.7343385,
    "usd_pen": 3.73842411,
    "usd_usd": 1
}