{
    "clp_clp": 1,
    "clp_cop": 4.36284653,
    "clp_crc": 0.56710605,
    "clp_gtq": 0.0083074546,
    "clp_mxn": 0.020191985,
    "clp_pen": 0.0039995004,
    "clp_usd": 0.0010720348,
    "cop_clp": 0.23047434,
    "cop_cop": 1,
    "cop_crc": 0.13021464,
    "cop_gtq": 0.0019085319,
    "cop_mxn": 0.004649458,
    "cop_pen": 0.00091800342,
    "cop_usd": 0.00024630306,
    "crc_clp": 1.76333863,
    "crc_cop": 7.69317585,
    "crc_crc": 1,
    "crc_gtq": 0.014648856,
    "crc_mxn": 0.035605307,
    "crc_pen": 0.0070524736,
    "crc_usd": 0.0018903603,
    "gtq_clp": 120.37381504,
    "gtq_cop": 525.17248183,
    "gtq_crc": 68.26471825,
    "gtq_gtq": 1,
    "gtq_mxn": 2.43058626,
    "gtq_pen": 0.48143512,
    "gtq_usd": 0.12904492,
    "mxn_clp": 49.52460113,
    "mxn_cop": 216.06823445,
    "mxn_crc": 28.08570071,
    "mxn_gtq": 0.41142337,
    "mxn_mxn": 1,
    "mxn_pen": 0.19807366,
    "mxn_usd": 0.053092094,
    "pen_clp": 251.06043539,
    "pen_cop": 1089.32056603,
    "pen_crc": 141.84548129,
    "pen_gtq": 2.07900303,
    "pen_mxn": 5.06475017,
    "pen_pen": 1,
    "pen_usd": 0.26830299,
    "timestamp": "2024-08-10 06:29:38",
    "usd_clp": 935.73477238,
    "usd_cop": 4060.03889188,
    "usd_crc": 528.67648755,
    "usd_gtq": 7.74871367,
    "usd_mxn": 18.87698011,
    "usd_pen": 3.72712957,
    "usd_usd": 1
}