{
    "clp_clp": 1,
    "clp_cop": 4.5314313,
    "clp_crc": 0.54350566,
    "clp_gtq": 0.0084006123,
    "clp_mxn": 0.021857988,
    "clp_pen": 0.003962118,
    "clp_usd": 0.0010903362,
    "cop_clp": 0.2226778,
    "cop_cop": 1,
    "cop_crc": 0.12111136,
    "cop_gtq": 0.0018712009,
    "cop_mxn": 0.0048373173,
    "cop_pen": 0.00088439105,
    "cop_usd": 0.00024279302,
    "crc_clp": 1.83990725,
    "crc_cop": 8.33741331,
    "crc_crc": 1,
    "crc_gtq": 0.015456348,
    "crc_mxn": 0.040216671,
    "crc_pen": 0.0072899296,
    "crc_usd": 0.0020061175,
    "gtq_clp": 119.03894168,
    "gtq_cop": 539.41678598,
    "gtq_crc": 64.69833817,
    "gtq_gtq": 1,
    "gtq_mxn": 2.60195176,
    "gtq_pen": 0.47164633,
    "gtq_usd": 0.12979247,
    "mxn_clp": 45.7498649,
    "mxn_cop": 207.31236966,
    "mxn_crc": 24.86531036,
    "mxn_gtq": 0.38432688,
    "mxn_mxn": 1,
    "mxn_pen": 0.18126636,
    "mxn_usd": 0.049882735,
    "pen_clp": 252.39026208,
    "pen_cop": 1143.68913285,
    "pen_crc": 137.17553513,
    "pen_gtq": 2.12023275,
    "pen_mxn": 5.51674333,
    "pen_pen": 1,
    "pen_usd": 0.27519025,
    "timestamp": "2025-03-20 06:36:37",
    "usd_clp": 917.14828507,
    "usd_cop": 4155.99444374,
    "usd_crc": 498.47528096,
    "usd_gtq": 7.70460718,
    "usd_mxn": 20.04701625,
    "usd_pen": 3.63384973,
    "usd_usd": 1
}