{
    "clp_clp": 1,
    "clp_cop": 4.10977142,
    "clp_crc": 0.53464348,
    "clp_gtq": 0.0082053791,
    "clp_mxn": 0.017899315,
    "clp_pen": 0.0039385414,
    "clp_usd": 0.0010550275,
    "cop_clp": 0.24530605,
    "cop_cop": 1,
    "cop_crc": 0.12948187,
    "cop_gtq": 0.0019880156,
    "cop_mxn": 0.0043314877,
    "cop_pen": 0.00095940585,
    "cop_usd": 0.0002554263,
    "crc_clp": 1.89452044,
    "crc_cop": 7.72308904,
    "crc_crc": 1,
    "crc_gtq": 0.015353621,
    "crc_mxn": 0.033452465,
    "crc_pen": 0.0074095768,
    "crc_usd": 0.0019726801,
    "gtq_clp": 123.3924164,
    "gtq_cop": 503.01416614,
    "gtq_crc": 65.13121412,
    "gtq_gtq": 1,
    "gtq_mxn": 2.17879967,
    "gtq_pen": 0.48259473,
    "gtq_usd": 0.12848305,
    "mxn_clp": 55.86805843,
    "mxn_cop": 229.60494974,
    "mxn_crc": 29.86949315,
    "mxn_gtq": 0.4584186,
    "mxn_mxn": 1,
    "mxn_pen": 0.22003866,
    "mxn_usd": 0.058942336,
    "pen_clp": 253.90110062,
    "pen_cop": 1043.4754865,
    "pen_crc": 135.74656789,
    "pen_gtq": 2.08335478,
    "pen_mxn": 4.54465589,
    "pen_pen": 1,
    "pen_usd": 0.26787263,
    "timestamp": "2024-05-03 06:26:28",
    "usd_clp": 947.84262606,
    "usd_cop": 3895.41653403,
    "usd_crc": 506.75787963,
    "usd_gtq": 7.77740805,
    "usd_mxn": 16.96573414,
    "usd_pen": 3.73311744,
    "usd_usd": 1
}