{
    "clp_clp": 1,
    "clp_cop": 4.24903295,
    "clp_crc": 0.56249262,
    "clp_gtq": 0.0088929147,
    "clp_mxn": 0.019913383,
    "clp_pen": 0.0038892213,
    "clp_usd": 0.0011598419,
    "cop_clp": 0.23534767,
    "cop_cop": 1,
    "cop_crc": 0.13238133,
    "cop_gtq": 0.0020929267,
    "cop_mxn": 0.0046865683,
    "cop_pen": 0.00091531918,
    "cop_usd": 0.00027296608,
    "crc_clp": 1.77780109,
    "crc_cop": 7.5539354,
    "crc_crc": 1,
    "crc_gtq": 0.015809833,
    "crc_mxn": 0.035402035,
    "crc_pen": 0.0069142619,
    "crc_usd": 0.0020619682,
    "gtq_clp": 112.44907117,
    "gtq_cop": 477.79980866,
    "gtq_crc": 63.25177319,
    "gtq_gtq": 1,
    "gtq_mxn": 2.23924146,
    "gtq_pen": 0.43733933,
    "gtq_usd": 0.13042314,
    "mxn_clp": 50.21748356,
    "mxn_cop": 213.37574236,
    "mxn_crc": 28.24696414,
    "mxn_gtq": 0.4465798,
    "mxn_mxn": 1,
    "mxn_pen": 0.19530691,
    "mxn_usd": 0.058244341,
    "pen_clp": 257.12087589,
    "pen_cop": 1092.51507396,
    "pen_crc": 144.62859635,
    "pen_gtq": 2.28655402,
    "pen_mxn": 5.12014656,
    "pen_pen": 1,
    "pen_usd": 0.29821956,
    "timestamp": "2026-02-16 07:07:31",
    "usd_clp": 862.18648779,
    "usd_cop": 3663.45879627,
    "usd_crc": 484.97354052,
    "usd_gtq": 7.66735091,
    "usd_mxn": 17.16905003,
    "usd_pen": 3.3532341,
    "usd_usd": 1
}