{
    "clp_clp": 1,
    "clp_cop": 4.33647093,
    "clp_crc": 0.531242,
    "clp_gtq": 0.0080952457,
    "clp_mxn": 0.021490978,
    "clp_pen": 0.003863125,
    "clp_usd": 0.0010494986,
    "cop_clp": 0.22957551,
    "cop_cop": 1,
    "cop_crc": 0.12322404,
    "cop_gtq": 0.0018790149,
    "cop_mxn": 0.0049713355,
    "cop_pen": 0.00089514875,
    "cop_usd": 0.00024359731,
    "crc_clp": 1.88238127,
    "crc_cop": 8.16289166,
    "crc_crc": 1,
    "crc_gtq": 0.015238339,
    "crc_mxn": 0.040454214,
    "crc_pen": 0.0072718741,
    "crc_usd": 0.0019755565,
    "gtq_clp": 123.52929514,
    "gtq_cop": 535.68119719,
    "gtq_crc": 65.62395036,
    "gtq_gtq": 1,
    "gtq_mxn": 2.65476534,
    "gtq_pen": 0.47720911,
    "gtq_usd": 0.12964382,
    "mxn_clp": 46.53115405,
    "mxn_cop": 201.78099682,
    "mxn_crc": 24.71930355,
    "mxn_gtq": 0.37668113,
    "mxn_mxn": 1,
    "mxn_pen": 0.17975566,
    "mxn_usd": 0.04883438,
    "pen_clp": 258.85779081,
    "pen_cop": 1122.5292845,
    "pen_crc": 137.51613166,
    "pen_gtq": 2.09551743,
    "pen_mxn": 5.56310704,
    "pen_pen": 1,
    "pen_usd": 0.27167088,
    "timestamp": "2025-02-28 19:36:35",
    "usd_clp": 952.83597943,
    "usd_cop": 4131.94552454,
    "usd_crc": 506.18649564,
    "usd_gtq": 7.7134414,
    "usd_mxn": 20.47737691,
    "usd_pen": 3.68092448,
    "usd_usd": 1
}