{
    "clp_clp": 1,
    "clp_cop": 4.49960655,
    "clp_crc": 0.55533384,
    "clp_gtq": 0.0082425021,
    "clp_mxn": 0.020883315,
    "clp_pen": 0.004038226,
    "clp_usd": 0.0010703901,
    "cop_clp": 0.22122096,
    "cop_cop": 1,
    "cop_crc": 0.12364595,
    "cop_gtq": 0.0018477229,
    "cop_mxn": 0.0045984142,
    "cop_pen": 0.00090351276,
    "cop_usd": 0.00023931959,
    "crc_clp": 1.78914847,
    "crc_cop": 8.08760817,
    "crc_crc": 1,
    "crc_gtq": 0.014943659,
    "crc_mxn": 0.037190173,
    "crc_pen": 0.0073072572,
    "crc_usd": 0.0019355231,
    "gtq_clp": 119.7262666,
    "gtq_cop": 541.20669581,
    "gtq_crc": 66.91801632,
    "gtq_gtq": 1,
    "gtq_mxn": 2.48869257,
    "gtq_pen": 0.48898716,
    "gtq_usd": 0.12952137,
    "mxn_clp": 47.88511866,
    "mxn_cop": 215.46419356,
    "mxn_crc": 26.59222664,
    "mxn_gtq": 0.39469319,
    "mxn_mxn": 1,
    "mxn_pen": 0.19337093,
    "mxn_usd": 0.051255756,
    "pen_clp": 244.84542125,
    "pen_cop": 1106.79122618,
    "pen_crc": 136.85025317,
    "pen_gtq": 2.04504348,
    "pen_mxn": 5.08948453,
    "pen_pen": 1,
    "pen_usd": 0.26487683,
    "timestamp": "2024-09-14 06:31:19",
    "usd_clp": 934.23885828,
    "usd_cop": 4203.7072853,
    "usd_crc": 518.81444901,
    "usd_gtq": 7.70046571,
    "usd_mxn": 19.51000403,
    "usd_pen": 3.77266766,
    "usd_usd": 1
}