{
    "clp_clp": 1,
    "clp_cop": 4.01554944,
    "clp_crc": 0.52255984,
    "clp_gtq": 0.0079555765,
    "clp_mxn": 0.019067031,
    "clp_pen": 0.0035978441,
    "clp_usd": 0.0010395644,
    "cop_clp": 0.24903192,
    "cop_cop": 1,
    "cop_crc": 0.13013408,
    "cop_gtq": 0.0019811925,
    "cop_mxn": 0.0047482994,
    "cop_pen": 0.00089597804,
    "cop_usd": 0.00025888473,
    "crc_clp": 1.91365643,
    "crc_cop": 7.68438199,
    "crc_crc": 1,
    "crc_gtq": 0.01522424,
    "crc_mxn": 0.036487746,
    "crc_pen": 0.0068850375,
    "crc_usd": 0.0019893692,
    "gtq_clp": 125.69799367,
    "gtq_cop": 504.74650839,
    "gtq_crc": 65.68472374,
    "gtq_gtq": 1,
    "gtq_mxn": 2.39668754,
    "gtq_pen": 0.45224179,
    "gtq_usd": 0.13067116,
    "mxn_clp": 52.27914018,
    "mxn_cop": 210.71013372,
    "mxn_crc": 27.30310813,
    "mxn_gtq": 0.4164116,
    "mxn_mxn": 1,
    "mxn_pen": 0.18901768,
    "mxn_usd": 0.054300946,
    "pen_clp": 277.94422666,
    "pen_cop": 1116.0987844,
    "pen_crc": 145.24249125,
    "pen_gtq": 2.21120655,
    "pen_mxn": 5.29957118,
    "pen_pen": 1,
    "pen_usd": 0.28894093,
    "timestamp": "2025-10-07 19:26:36",
    "usd_clp": 962.76665841,
    "usd_cop": 3880.41369151,
    "usd_crc": 502.8109125,
    "usd_gtq": 7.66858832,
    "usd_mxn": 18.41588548,
    "usd_pen": 3.480928,
    "usd_usd": 1
}