{
    "clp_clp": 1,
    "clp_cop": 4.0946261,
    "clp_crc": 0.54935443,
    "clp_gtq": 0.0084582329,
    "clp_mxn": 0.019768627,
    "clp_pen": 0.0037174932,
    "clp_usd": 0.0011037848,
    "cop_clp": 0.24422254,
    "cop_cop": 1,
    "cop_crc": 0.13416474,
    "cop_gtq": 0.0020656911,
    "cop_mxn": 0.0048279443,
    "cop_pen": 0.00090789563,
    "cop_usd": 0.00026956912,
    "crc_clp": 1.82031843,
    "crc_cop": 7.45352337,
    "crc_crc": 1,
    "crc_gtq": 0.015396677,
    "crc_mxn": 0.035985195,
    "crc_pen": 0.0067670213,
    "crc_usd": 0.0020092398,
    "gtq_clp": 118.22800514,
    "gtq_cop": 484.09947585,
    "gtq_crc": 64.94907871,
    "gtq_gtq": 1,
    "gtq_mxn": 2.33720529,
    "gtq_pen": 0.4395118,
    "gtq_usd": 0.13049827,
    "mxn_clp": 50.58520351,
    "mxn_cop": 207.12749466,
    "mxn_crc": 27.78920578,
    "mxn_gtq": 0.42786143,
    "mxn_mxn": 1,
    "mxn_pen": 0.18805015,
    "mxn_usd": 0.055835177,
    "pen_clp": 268.99847742,
    "pen_cop": 1101.44818709,
    "pen_crc": 147.77550601,
    "pen_gtq": 2.27525177,
    "pen_mxn": 5.31773046,
    "pen_pen": 1,
    "pen_usd": 0.29691642,
    "timestamp": "2025-12-28 06:42:28",
    "usd_clp": 905.97372235,
    "usd_cop": 3709.62365147,
    "usd_crc": 497.70068046,
    "usd_gtq": 7.66293672,
    "usd_mxn": 17.90985623,
    "usd_pen": 3.36795112,
    "usd_usd": 1
}