{
    "clp_clp": 1,
    "clp_cop": 4.51787652,
    "clp_crc": 0.52210744,
    "clp_gtq": 0.0078873375,
    "clp_mxn": 0.020915323,
    "clp_pen": 0.003840181,
    "clp_usd": 0.0010224757,
    "cop_clp": 0.22134292,
    "cop_cop": 1,
    "cop_crc": 0.11556479,
    "cop_gtq": 0.0017458063,
    "cop_mxn": 0.0046294588,
    "cop_pen": 0.00084999689,
    "cop_usd": 0.00022631777,
    "crc_clp": 1.91531459,
    "crc_cop": 8.65315481,
    "crc_crc": 1,
    "crc_gtq": 0.015106733,
    "crc_mxn": 0.040059424,
    "crc_pen": 0.0073551547,
    "crc_usd": 0.0019583627,
    "gtq_clp": 126.7854963,
    "gtq_cop": 572.80121699,
    "gtq_crc": 66.19565117,
    "gtq_gtq": 1,
    "gtq_mxn": 2.65175963,
    "gtq_pen": 0.48687925,
    "gtq_usd": 0.12963509,
    "mxn_clp": 47.81183594,
    "mxn_cop": 216.00797103,
    "mxn_crc": 24.96291536,
    "mxn_gtq": 0.37710809,
    "mxn_mxn": 1,
    "mxn_pen": 0.1836061,
    "mxn_usd": 0.048886442,
    "pen_clp": 260.40439211,
    "pen_cop": 1176.47488918,
    "pen_crc": 135.95907108,
    "pen_gtq": 2.05389733,
    "pen_mxn": 5.44644202,
    "pen_pen": 1,
    "pen_usd": 0.26625717,
    "timestamp": "2024-11-29 19:25:15",
    "usd_clp": 978.01831418,
    "usd_cop": 4418.56597911,
    "usd_crc": 510.63064034,
    "usd_gtq": 7.71396053,
    "usd_mxn": 20.45556911,
    "usd_pen": 3.75576735,
    "usd_usd": 1
}