{
    "clp_clp": 1,
    "clp_cop": 4.50380273,
    "clp_crc": 0.54686941,
    "clp_gtq": 0.0081484135,
    "clp_mxn": 0.021144249,
    "clp_pen": 0.0040089791,
    "clp_usd": 0.001052773,
    "cop_clp": 0.22203459,
    "cop_cop": 1,
    "cop_crc": 0.12142393,
    "cop_gtq": 0.0018092297,
    "cop_mxn": 0.0046947547,
    "cop_pen": 0.00089013204,
    "cop_usd": 0.00023375202,
    "crc_clp": 1.82859013,
    "crc_cop": 8.23560924,
    "crc_crc": 1,
    "crc_gtq": 0.014900109,
    "crc_mxn": 0.038664165,
    "crc_pen": 0.0073307796,
    "crc_usd": 0.0019250903,
    "gtq_clp": 122.00375922,
    "gtq_cop": 547.64036427,
    "gtq_crc": 67.50927939,
    "gtq_gtq": 1,
    "gtq_mxn": 2.5726004,
    "gtq_pen": 0.49329443,
    "gtq_usd": 0.12926109,
    "mxn_clp": 47.42429459,
    "mxn_cop": 212.87424364,
    "mxn_crc": 26.24165004,
    "mxn_gtq": 0.38871175,
    "mxn_mxn": 1,
    "mxn_pen": 0.19174934,
    "mxn_usd": 0.050245306,
    "pen_clp": 247.3244191,
    "pen_cop": 1110.16935738,
    "pen_crc": 136.85392496,
    "pen_gtq": 2.02718687,
    "pen_mxn": 5.21514176,
    "pen_pen": 1,
    "pen_usd": 0.26203639,
    "timestamp": "2024-09-11 06:34:26",
    "usd_clp": 949.87239656,
    "usd_cop": 4278.03789306,
    "usd_crc": 519.45615289,
    "usd_gtq": 7.73995308,
    "usd_mxn": 20.08433838,
    "usd_pen": 3.80801859,
    "usd_usd": 1
}