{
    "clp_clp": 1,
    "clp_cop": 4.26416945,
    "clp_crc": 0.53432415,
    "clp_gtq": 0.0086956576,
    "clp_mxn": 0.019602387,
    "clp_pen": 0.003814898,
    "clp_usd": 0.0011328963,
    "cop_clp": 0.23805603,
    "cop_cop": 1,
    "cop_crc": 0.1238927,
    "cop_gtq": 0.0020208511,
    "cop_mxn": 0.0046642615,
    "cop_pen": 0.00089581925,
    "cop_usd": 0.00026349859,
    "crc_clp": 1.92146946,
    "crc_cop": 8.07150088,
    "crc_crc": 1,
    "crc_gtq": 0.016311301,
    "crc_mxn": 0.037647591,
    "crc_pen": 0.0072306059,
    "crc_usd": 0.0021268291,
    "gtq_clp": 114.99992801,
    "gtq_cop": 490.37917985,
    "gtq_crc": 61.44723887,
    "gtq_gtq": 1,
    "gtq_mxn": 2.25427304,
    "gtq_pen": 0.438713,
    "gtq_usd": 0.13028299,
    "mxn_clp": 51.03831131,
    "mxn_cop": 214.39621221,
    "mxn_crc": 26.56212463,
    "mxn_gtq": 0.43326282,
    "mxn_mxn": 1,
    "mxn_pen": 0.19206025,
    "mxn_usd": 0.0564931,
    "pen_clp": 265.74114243,
    "pen_cop": 1116.2966191,
    "pen_crc": 138.30099707,
    "pen_gtq": 2.25586922,
    "pen_mxn": 5.20669935,
    "pen_pen": 1,
    "pen_usd": 0.29414259,
    "timestamp": "2026-03-04 07:00:12",
    "usd_clp": 903.44326995,
    "usd_cop": 3795.08667184,
    "usd_crc": 470.18351726,
    "usd_gtq": 7.66930499,
    "usd_mxn": 17.70127668,
    "usd_pen": 3.3997117,
    "usd_usd": 1
}