{
    "clp_clp": 1,
    "clp_cop": 4.28099618,
    "clp_crc": 0.50145011,
    "clp_gtq": 0.0075784199,
    "clp_mxn": 0.020280745,
    "clp_pen": 0.0036972897,
    "clp_usd": 0.00098300217,
    "cop_clp": 0.23359049,
    "cop_cop": 1,
    "cop_crc": 0.11713398,
    "cop_gtq": 0.0017702468,
    "cop_mxn": 0.0047373892,
    "cop_pen": 0.00086365172,
    "cop_usd": 0.00022961996,
    "crc_clp": 1.99421634,
    "crc_cop": 8.53723252,
    "crc_crc": 1,
    "crc_gtq": 0.015113009,
    "crc_mxn": 0.040444193,
    "crc_pen": 0.0073731955,
    "crc_usd": 0.001960319,
    "gtq_clp": 131.95362786,
    "gtq_cop": 564.89297665,
    "gtq_crc": 66.16816113,
    "gtq_gtq": 1,
    "gtq_mxn": 2.67611789,
    "gtq_pen": 0.48787079,
    "gtq_usd": 0.1297107,
    "mxn_clp": 49.30785309,
    "mxn_cop": 211.08673068,
    "mxn_crc": 24.72542833,
    "mxn_gtq": 0.37367562,
    "mxn_mxn": 1,
    "mxn_pen": 0.18230542,
    "mxn_usd": 0.048469727,
    "pen_clp": 270.46839128,
    "pen_cop": 1157.87414951,
    "pen_crc": 135.62640439,
    "pen_gtq": 2.04972304,
    "pen_mxn": 5.4853005,
    "pen_pen": 1,
    "pen_usd": 0.26587102,
    "timestamp": "2025-01-05 06:33:01",
    "usd_clp": 1017.2917531,
    "usd_cop": 4355.02210764,
    "usd_crc": 510.12106086,
    "usd_gtq": 7.70946407,
    "usd_mxn": 20.63143474,
    "usd_pen": 3.76122233,
    "usd_usd": 1
}