{
    "clp_clp": 1,
    "clp_cop": 4.14795822,
    "clp_crc": 0.50350987,
    "clp_gtq": 0.0084878081,
    "clp_mxn": 0.019290127,
    "clp_pen": 0.0037993423,
    "clp_usd": 0.0011133311,
    "cop_clp": 0.24108247,
    "cop_cop": 1,
    "cop_crc": 0.1213874,
    "cop_gtq": 0.0020462617,
    "cop_mxn": 0.0046505114,
    "cop_pen": 0.00091595482,
    "cop_usd": 0.00026840461,
    "crc_clp": 1.9860584,
    "crc_cop": 8.23808726,
    "crc_crc": 1,
    "crc_gtq": 0.016857283,
    "crc_mxn": 0.038311318,
    "crc_pen": 0.0075457157,
    "crc_usd": 0.0022111406,
    "gtq_clp": 117.81604706,
    "gtq_cop": 488.69604145,
    "gtq_crc": 59.32154227,
    "gtq_gtq": 1,
    "gtq_mxn": 2.27268649,
    "gtq_pen": 0.4476235,
    "gtq_usd": 0.13116827,
    "mxn_clp": 51.83999083,
    "mxn_cop": 215.03011636,
    "mxn_crc": 26.10194693,
    "mxn_gtq": 0.44000789,
    "mxn_mxn": 1,
    "mxn_pen": 0.19695787,
    "mxn_usd": 0.057715076,
    "pen_clp": 263.20344747,
    "pen_cop": 1091.75690476,
    "pen_crc": 132.52553302,
    "pen_gtq": 2.23402036,
    "pen_mxn": 5.07722789,
    "pen_pen": 1,
    "pen_usd": 0.29303259,
    "timestamp": "2026-05-21 21:50:36",
    "usd_clp": 898.20537059,
    "usd_cop": 3725.71835467,
    "usd_crc": 452.25526733,
    "usd_gtq": 7.62379483,
    "usd_mxn": 17.32649555,
    "usd_pen": 3.41258969,
    "usd_usd": 1
}