{
    "clp_clp": 1,
    "clp_cop": 4.05728041,
    "clp_crc": 0.52396083,
    "clp_gtq": 0.007979203,
    "clp_mxn": 0.019234592,
    "clp_pen": 0.0035476619,
    "clp_usd": 0.0010421008,
    "cop_clp": 0.24647052,
    "cop_cop": 1,
    "cop_crc": 0.1291409,
    "cop_gtq": 0.0019666383,
    "cop_mxn": 0.0047407598,
    "cop_pen": 0.00087439405,
    "cop_usd": 0.00025684711,
    "crc_clp": 1.91203889,
    "crc_cop": 7.80511669,
    "crc_crc": 1,
    "crc_gtq": 0.01521388,
    "crc_mxn": 0.036774625,
    "crc_pen": 0.006796528,
    "crc_usd": 0.0019889211,
    "gtq_clp": 125.32579941,
    "gtq_cop": 508.48191067,
    "gtq_crc": 65.6658093,
    "gtq_gtq": 1,
    "gtq_mxn": 2.41059062,
    "gtq_pen": 0.44461356,
    "gtq_usd": 0.13060211,
    "mxn_clp": 51.98966522,
    "mxn_cop": 210.93665015,
    "mxn_crc": 27.2405479,
    "mxn_gtq": 0.41483609,
    "mxn_mxn": 1,
    "mxn_pen": 0.18444175,
    "mxn_usd": 0.054178469,
    "pen_clp": 281.87579255,
    "pen_cop": 1143.64913082,
    "pen_crc": 147.69187292,
    "pen_gtq": 2.24914418,
    "pen_mxn": 5.42176587,
    "pen_pen": 1,
    "pen_usd": 0.29374298,
    "timestamp": "2025-10-16 06:43:10",
    "usd_clp": 959.60011115,
    "usd_cop": 3893.3667312,
    "usd_crc": 502.79286626,
    "usd_gtq": 7.65684413,
    "usd_mxn": 18.45751665,
    "usd_pen": 3.40433672,
    "usd_usd": 1
}