{
    "clp_clp": 1,
    "clp_cop": 4.51170092,
    "clp_crc": 0.56289123,
    "clp_gtq": 0.0083648561,
    "clp_mxn": 0.020864962,
    "clp_pen": 0.0040402616,
    "clp_usd": 0.0010819391,
    "cop_clp": 0.22176983,
    "cop_cop": 1,
    "cop_crc": 0.12423912,
    "cop_gtq": 0.0018546042,
    "cop_mxn": 0.0046252773,
    "cop_pen": 0.00089365108,
    "cop_usd": 0.00023981763,
    "crc_clp": 1.78502416,
    "crc_cop": 8.04899472,
    "crc_crc": 1,
    "crc_gtq": 0.014927699,
    "crc_mxn": 0.037228833,
    "crc_pen": 0.0071929929,
    "crc_usd": 0.0019302908,
    "gtq_clp": 119.57798298,
    "gtq_cop": 539.19861542,
    "gtq_crc": 66.98956006,
    "gtq_gtq": 1,
    "gtq_mxn": 2.49394312,
    "gtq_pen": 0.48185543,
    "gtq_usd": 0.12930933,
    "mxn_clp": 47.94735775,
    "mxn_cop": 216.20325302,
    "mxn_crc": 26.86090133,
    "mxn_gtq": 0.40097145,
    "mxn_mxn": 1,
    "mxn_pen": 0.19321027,
    "mxn_usd": 0.051849351,
    "pen_clp": 247.50872858,
    "pen_cop": 1116.68535847,
    "pen_crc": 139.32049351,
    "pen_gtq": 2.07037491,
    "pen_mxn": 5.16426019,
    "pen_pen": 1,
    "pen_usd": 0.26778937,
    "timestamp": "2024-10-06 06:32:16",
    "usd_clp": 924.74364825,
    "usd_cop": 4169.83530177,
    "usd_crc": 518.05665743,
    "usd_gtq": 7.73339393,
    "usd_mxn": 19.2866446,
    "usd_pen": 3.72637784,
    "usd_usd": 1
}