{
    "clp_clp": 1,
    "clp_cop": 4.54359651,
    "clp_crc": 0.52029661,
    "clp_gtq": 0.0078805399,
    "clp_mxn": 0.02076214,
    "clp_pen": 0.0038855548,
    "clp_usd": 0.0010207023,
    "cop_clp": 0.22008997,
    "cop_cop": 1,
    "cop_crc": 0.11451206,
    "cop_gtq": 0.0017344278,
    "cop_mxn": 0.0045695387,
    "cop_pen": 0.00085517161,
    "cop_usd": 0.00022464633,
    "crc_clp": 1.92198063,
    "crc_cop": 8.73270447,
    "crc_crc": 1,
    "crc_gtq": 0.015146245,
    "crc_mxn": 0.039904431,
    "crc_pen": 0.007467961,
    "crc_usd": 0.00196177,
    "gtq_clp": 126.89485893,
    "gtq_cop": 576.55903851,
    "gtq_crc": 66.02296464,
    "gtq_gtq": 1,
    "gtq_mxn": 2.63460886,
    "gtq_pen": 0.49305692,
    "gtq_usd": 0.12952187,
    "mxn_clp": 48.16459133,
    "mxn_cop": 218.84046919,
    "mxn_crc": 25.05987348,
    "mxn_gtq": 0.37956298,
    "mxn_mxn": 1,
    "mxn_pen": 0.18714616,
    "mxn_usd": 0.049161708,
    "pen_clp": 257.36350752,
    "pen_cop": 1169.35593528,
    "pen_crc": 133.90535991,
    "pen_gtq": 2.02816339,
    "pen_mxn": 5.34341724,
    "pen_pen": 1,
    "pen_usd": 0.26269152,
    "timestamp": "2024-11-17 19:27:18",
    "usd_clp": 979.71761891,
    "usd_cop": 4451.44155682,
    "usd_crc": 509.74375364,
    "usd_gtq": 7.7207038,
    "usd_mxn": 20.3410346,
    "usd_pen": 3.80674645,
    "usd_usd": 1
}