{
    "clp_clp": 1,
    "clp_cop": 4.55966972,
    "clp_crc": 0.52199671,
    "clp_gtq": 0.0079306424,
    "clp_mxn": 0.020897562,
    "clp_pen": 0.0038563953,
    "clp_usd": 0.0010276281,
    "cop_clp": 0.21931413,
    "cop_cop": 1,
    "cop_crc": 0.11448126,
    "cop_gtq": 0.001739302,
    "cop_mxn": 0.0045831306,
    "cop_pen": 0.00084576198,
    "cop_usd": 0.00022537336,
    "crc_clp": 1.92673999,
    "crc_cop": 8.75963734,
    "crc_crc": 1,
    "crc_gtq": 0.015185521,
    "crc_mxn": 0.040182334,
    "crc_pen": 0.0073844267,
    "crc_usd": 0.0019684611,
    "gtq_clp": 126.09318962,
    "gtq_cop": 574.9432982,
    "gtq_crc": 65.82023072,
    "gtq_gtq": 1,
    "gtq_mxn": 2.63504021,
    "gtq_pen": 0.48626518,
    "gtq_usd": 0.1295769,
    "mxn_clp": 47.85247265,
    "mxn_cop": 218.19147042,
    "mxn_crc": 24.97883351,
    "mxn_gtq": 0.37950085,
    "mxn_mxn": 1,
    "mxn_pen": 0.18453805,
    "mxn_usd": 0.049174545,
    "pen_clp": 259.30951609,
    "pen_cop": 1182.36574784,
    "pen_crc": 135.35871549,
    "pen_gtq": 2.05649105,
    "pen_mxn": 5.41893661,
    "pen_pen": 1,
    "pen_usd": 0.26647374,
    "timestamp": "2024-12-04 06:38:38",
    "usd_clp": 978.80521345,
    "usd_cop": 4449.99259832,
    "usd_crc": 508.01105388,
    "usd_gtq": 7.71441274,
    "usd_mxn": 20.4130698,
    "usd_pen": 3.7513704,
    "usd_usd": 1
}