{
    "clp_clp": 1,
    "clp_cop": 4.01185078,
    "clp_crc": 0.51354273,
    "clp_gtq": 0.0086152808,
    "clp_mxn": 0.019512767,
    "clp_pen": 0.0038735657,
    "clp_usd": 0.0011233049,
    "cop_clp": 0.24926151,
    "cop_cop": 1,
    "cop_crc": 0.12800644,
    "cop_gtq": 0.0021474579,
    "cop_mxn": 0.0048637818,
    "cop_pen": 0.00096553084,
    "cop_usd": 0.00027999669,
    "crc_clp": 1.94725762,
    "crc_cop": 7.81210701,
    "crc_crc": 1,
    "crc_gtq": 0.016776171,
    "crc_mxn": 0.037996384,
    "crc_pen": 0.0075428303,
    "crc_usd": 0.0021873641,
    "gtq_clp": 116.07282667,
    "gtq_cop": 465.6668606,
    "gtq_crc": 59.60835662,
    "gtq_gtq": 1,
    "gtq_mxn": 2.26490198,
    "gtq_pen": 0.44961572,
    "gtq_usd": 0.13038518,
    "mxn_clp": 51.24849884,
    "mxn_cop": 205.60133021,
    "mxn_crc": 26.31829415,
    "mxn_gtq": 0.44152021,
    "mxn_mxn": 1,
    "mxn_pen": 0.19851443,
    "mxn_usd": 0.057567692,
    "pen_clp": 258.16007456,
    "pen_cop": 1035.69969733,
    "pen_crc": 132.57623021,
    "pen_gtq": 2.22412154,
    "pen_mxn": 5.0374173,
    "pen_pen": 1,
    "pen_usd": 0.28999249,
    "timestamp": "2026-04-23 20:47:31",
    "usd_clp": 890.23021071,
    "usd_cop": 3571.47076805,
    "usd_crc": 457.17125529,
    "usd_gtq": 7.66958328,
    "usd_mxn": 17.37085438,
    "usd_pen": 3.44836518,
    "usd_usd": 1
}