{
    "clp_clp": 1,
    "clp_cop": 4.42483745,
    "clp_crc": 0.51095545,
    "clp_gtq": 0.0077505174,
    "clp_mxn": 0.020924309,
    "clp_pen": 0.0037762467,
    "clp_usd": 0.001004579,
    "cop_clp": 0.225997,
    "cop_cop": 1,
    "cop_crc": 0.1154744,
    "cop_gtq": 0.0017515937,
    "cop_mxn": 0.0047288312,
    "cop_pen": 0.00085342043,
    "cop_usd": 0.00022703184,
    "crc_clp": 1.95711778,
    "crc_cop": 8.65992803,
    "crc_crc": 1,
    "crc_gtq": 0.015168675,
    "crc_mxn": 0.040951338,
    "crc_pen": 0.0073905595,
    "crc_usd": 0.0019660794,
    "gtq_clp": 129.02364485,
    "gtq_cop": 570.90865591,
    "gtq_crc": 65.92533491,
    "gtq_gtq": 1,
    "gtq_mxn": 2.69973067,
    "gtq_pen": 0.48722511,
    "gtq_usd": 0.12961444,
    "mxn_clp": 47.79130246,
    "mxn_cop": 211.46874498,
    "mxn_crc": 24.4192266,
    "mxn_gtq": 0.37040732,
    "mxn_mxn": 1,
    "mxn_pen": 0.18047175,
    "mxn_usd": 0.048010139,
    "pen_clp": 264.81320707,
    "pen_cop": 1171.75539636,
    "pen_crc": 135.3077522,
    "pen_gtq": 2.05243936,
    "pen_mxn": 5.54103348,
    "pen_pen": 1,
    "pen_usd": 0.26602579,
    "timestamp": "2025-01-02 19:21:59",
    "usd_clp": 995.44186958,
    "usd_cop": 4404.66846554,
    "usd_crc": 508.62645148,
    "usd_gtq": 7.7151895,
    "usd_mxn": 20.82893368,
    "usd_pen": 3.75903408,
    "usd_usd": 1
}