{
    "clp_clp": 1,
    "clp_cop": 4.37988055,
    "clp_crc": 0.53609197,
    "clp_gtq": 0.0081754044,
    "clp_mxn": 0.021725419,
    "clp_pen": 0.0039057881,
    "clp_usd": 0.00106121,
    "cop_clp": 0.22831673,
    "cop_cop": 1,
    "cop_crc": 0.12239877,
    "cop_gtq": 0.0018665816,
    "cop_mxn": 0.0049602765,
    "cop_pen": 0.00089175676,
    "cop_usd": 0.000242292,
    "crc_clp": 1.86535157,
    "crc_cop": 8.17001706,
    "crc_crc": 1,
    "crc_gtq": 0.015250003,
    "crc_mxn": 0.040525544,
    "crc_pen": 0.007285668,
    "crc_usd": 0.0019795298,
    "gtq_clp": 122.31810862,
    "gtq_cop": 535.73870462,
    "gtq_crc": 65.57375589,
    "gtq_gtq": 1,
    "gtq_mxn": 2.6574121,
    "gtq_pen": 0.47774861,
    "gtq_usd": 0.1298052,
    "mxn_clp": 46.02903268,
    "mxn_cop": 201.60166489,
    "mxn_crc": 24.67579484,
    "mxn_gtq": 0.37630596,
    "mxn_mxn": 1,
    "mxn_pen": 0.17977965,
    "mxn_usd": 0.048846471,
    "pen_clp": 256.03027534,
    "pen_cop": 1121.38202268,
    "pen_crc": 137.25577485,
    "pen_gtq": 2.09315103,
    "pen_mxn": 5.56236489,
    "pen_pen": 1,
    "pen_usd": 0.2717019,
    "timestamp": "2025-02-26 19:23:42",
    "usd_clp": 942.32052531,
    "usd_cop": 4127.25133881,
    "usd_crc": 505.17046737,
    "usd_gtq": 7.70385134,
    "usd_mxn": 20.47230781,
    "usd_pen": 3.68050428,
    "usd_usd": 1
}