{
    "clp_clp": 1,
    "clp_cop": 4.1800461,
    "clp_crc": 0.5238222,
    "clp_gtq": 0.0079710774,
    "clp_mxn": 0.019397679,
    "clp_pen": 0.0036511633,
    "clp_usd": 0.001038738,
    "cop_clp": 0.23923181,
    "cop_cop": 1,
    "cop_crc": 0.12531493,
    "cop_gtq": 0.0019069353,
    "cop_mxn": 0.004640542,
    "cop_pen": 0.00087347442,
    "cop_usd": 0.00024849918,
    "crc_clp": 1.9090447,
    "crc_cop": 7.97989483,
    "crc_crc": 1,
    "crc_gtq": 0.015217143,
    "crc_mxn": 0.037031037,
    "crc_pen": 0.006970234,
    "crc_usd": 0.0019829973,
    "gtq_clp": 125.45355468,
    "gtq_cop": 524.40164168,
    "gtq_crc": 65.71535753,
    "gtq_gtq": 1,
    "gtq_mxn": 2.43350782,
    "gtq_pen": 0.45805142,
    "gtq_usd": 0.13031338,
    "mxn_clp": 51.79643911,
    "mxn_cop": 217.18848907,
    "mxn_crc": 26.99481458,
    "mxn_gtq": 0.4109187,
    "mxn_mxn": 1,
    "mxn_pen": 0.18966756,
    "mxn_usd": 0.053597296,
    "pen_clp": 273.09066579,
    "pen_cop": 1145.10090079,
    "pen_crc": 142.32700185,
    "pen_gtq": 2.16652077,
    "pen_mxn": 5.27238301,
    "pen_pen": 1,
    "pen_usd": 0.28258547,
    "timestamp": "2025-08-27 06:40:46",
    "usd_clp": 962.70664393,
    "usd_cop": 4024.15815022,
    "usd_crc": 504.28711613,
    "usd_gtq": 7.67380921,
    "usd_mxn": 18.67427475,
    "usd_pen": 3.5149992,
    "usd_usd": 1
}