{
    "clp_clp": 1,
    "clp_cop": 4.15327087,
    "clp_crc": 0.52241784,
    "clp_gtq": 0.0079227221,
    "clp_mxn": 0.019299413,
    "clp_pen": 0.003653854,
    "clp_usd": 0.0010346165,
    "cop_clp": 0.24097412,
    "cop_cop": 1,
    "cop_crc": 0.12608295,
    "cop_gtq": 0.0019096089,
    "cop_mxn": 0.0046540967,
    "cop_pen": 0.0008810455,
    "cop_usd": 0.00024923787,
    "crc_clp": 1.91417658,
    "crc_cop": 7.95009383,
    "crc_crc": 1,
    "crc_gtq": 0.015165489,
    "crc_mxn": 0.036942485,
    "crc_pen": 0.0069941217,
    "crc_usd": 0.0019804387,
    "gtq_clp": 126.21924543,
    "gtq_cop": 524.22271466,
    "gtq_crc": 65.93918583,
    "gtq_gtq": 1,
    "gtq_mxn": 2.43595741,
    "gtq_pen": 0.46118669,
    "gtq_usd": 0.13058851,
    "mxn_clp": 51.81504614,
    "mxn_cop": 215.20192153,
    "mxn_crc": 27.0691046,
    "mxn_gtq": 0.41051621,
    "mxn_mxn": 1,
    "mxn_pen": 0.18932461,
    "mxn_usd": 0.053608702,
    "pen_clp": 273.68362562,
    "pen_cop": 1136.68222859,
    "pen_crc": 142.97720913,
    "pen_gtq": 2.1683193,
    "pen_mxn": 5.28193345,
    "pen_pen": 1,
    "pen_usd": 0.28315759,
    "timestamp": "2025-09-01 06:41:49",
    "usd_clp": 966.54171124,
    "usd_cop": 4014.30952932,
    "usd_crc": 504.93863514,
    "usd_gtq": 7.65764134,
    "usd_mxn": 18.65368813,
    "usd_pen": 3.53160226,
    "usd_usd": 1
}