{
    "clp_clp": 1,
    "clp_cop": 4.10828584,
    "clp_crc": 0.52859913,
    "clp_gtq": 0.0081881832,
    "clp_mxn": 0.018080933,
    "clp_pen": 0.003913751,
    "clp_usd": 0.0010542351,
    "cop_clp": 0.24341052,
    "cop_cop": 1,
    "cop_crc": 0.12866659,
    "cop_gtq": 0.0019930899,
    "cop_mxn": 0.0044010893,
    "cop_pen": 0.00095264816,
    "cop_usd": 0.00025661191,
    "crc_clp": 1.89179273,
    "crc_cop": 7.77202529,
    "crc_crc": 1,
    "crc_gtq": 0.015490345,
    "crc_mxn": 0.034205377,
    "crc_pen": 0.0074040056,
    "crc_usd": 0.0019943943,
    "gtq_clp": 122.12721442,
    "gtq_cop": 501.73350627,
    "gtq_crc": 64.55633987,
    "gtq_gtq": 1,
    "gtq_mxn": 2.20817397,
    "gtq_pen": 0.4779755,
    "gtq_usd": 0.12875079,
    "mxn_clp": 55.30688083,
    "mxn_cop": 227.21647562,
    "mxn_crc": 29.23516935,
    "mxn_gtq": 0.45286287,
    "mxn_mxn": 1,
    "mxn_pen": 0.21645736,
    "mxn_usd": 0.058306455,
    "pen_clp": 255.50935902,
    "pen_cop": 1049.7054829,
    "pen_crc": 135.0620261,
    "pen_gtq": 2.09215743,
    "pen_mxn": 4.61984757,
    "pen_pen": 1,
    "pen_usd": 0.26936693,
    "timestamp": "2024-04-27 19:09:00",
    "usd_clp": 948.55503215,
    "usd_cop": 3896.93521164,
    "usd_crc": 501.40536925,
    "usd_gtq": 7.76694234,
    "usd_mxn": 17.15075987,
    "usd_pen": 3.71240817,
    "usd_usd": 1
}