{
    "clp_clp": 1,
    "clp_cop": 4.49820992,
    "clp_crc": 0.51946949,
    "clp_gtq": 0.0079051711,
    "clp_mxn": 0.020637647,
    "clp_pen": 0.0038339914,
    "clp_usd": 0.0010254683,
    "cop_clp": 0.22231066,
    "cop_cop": 1,
    "cop_crc": 0.1154836,
    "cop_gtq": 0.0017574038,
    "cop_mxn": 0.0045879688,
    "cop_pen": 0.00085233714,
    "cop_usd": 0.00022797253,
    "crc_clp": 1.92504087,
    "crc_cop": 8.65923794,
    "crc_crc": 1,
    "crc_gtq": 0.015217777,
    "crc_mxn": 0.039728314,
    "crc_pen": 0.0073805901,
    "crc_usd": 0.0019740684,
    "gtq_clp": 126.49947622,
    "gtq_cop": 569.02119898,
    "gtq_crc": 65.7126185,
    "gtq_gtq": 1,
    "gtq_mxn": 2.61065151,
    "gtq_pen": 0.4849979,
    "gtq_usd": 0.1297212,
    "mxn_clp": 48.37000445,
    "mxn_cop": 218.22279101,
    "mxn_crc": 25.10380896,
    "mxn_gtq": 0.38243434,
    "mxn_mxn": 1,
    "mxn_pen": 0.1852803,
    "mxn_usd": 0.049600767,
    "pen_clp": 260.82479094,
    "pen_cop": 1173.24466234,
    "pen_crc": 135.49052135,
    "pen_gtq": 2.06186459,
    "pen_mxn": 5.38280992,
    "pen_pen": 1,
    "pen_usd": 0.26746755,
    "timestamp": "2024-12-12 06:39:06",
    "usd_clp": 975.18662493,
    "usd_cop": 4399.58502099,
    "usd_crc": 506.11735529,
    "usd_gtq": 7.71025061,
    "usd_mxn": 20.16097861,
    "usd_pen": 3.73543207,
    "usd_usd": 1
}