{
    "clp_clp": 1,
    "clp_cop": 4.5078665,
    "clp_crc": 0.52294915,
    "clp_gtq": 0.0079259413,
    "clp_mxn": 0.020980107,
    "clp_pen": 0.0038930517,
    "clp_usd": 0.001027208,
    "cop_clp": 0.22183443,
    "cop_cop": 1,
    "cop_crc": 0.11600813,
    "cop_gtq": 0.0017582467,
    "cop_mxn": 0.0046541102,
    "cop_pen": 0.00086361292,
    "cop_usd": 0.0002278701,
    "crc_clp": 1.91223183,
    "crc_cop": 8.62008579,
    "crc_crc": 1,
    "crc_gtq": 0.015156237,
    "crc_mxn": 0.040118829,
    "crc_pen": 0.0074444174,
    "crc_usd": 0.0019642598,
    "gtq_clp": 126.16797971,
    "gtq_cop": 568.74840891,
    "gtq_crc": 65.97943716,
    "gtq_gtq": 1,
    "gtq_mxn": 2.64701776,
    "gtq_pen": 0.49117847,
    "gtq_usd": 0.12960075,
    "mxn_clp": 47.66419842,
    "mxn_cop": 214.86384322,
    "mxn_crc": 24.92595183,
    "mxn_gtq": 0.37778364,
    "mxn_mxn": 1,
    "mxn_pen": 0.18555919,
    "mxn_usd": 0.048961044,
    "pen_clp": 256.8678938,
    "pen_cop": 1157.92617298,
    "pen_crc": 134.32884553,
    "pen_gtq": 2.03591985,
    "pen_mxn": 5.38911599,
    "pen_pen": 1,
    "pen_usd": 0.26385675,
    "timestamp": "2024-11-23 06:33:45",
    "usd_clp": 973.51269743,
    "usd_cop": 4388.46527454,
    "usd_crc": 509.09763309,
    "usd_gtq": 7.71600449,
    "usd_mxn": 20.42440091,
    "usd_pen": 3.7899353,
    "usd_usd": 1
}