{
    "clp_clp": 1,
    "clp_cop": 4.41726509,
    "clp_crc": 0.53925105,
    "clp_gtq": 0.0081469234,
    "clp_mxn": 0.020404341,
    "clp_pen": 0.0038805879,
    "clp_usd": 0.0010629067,
    "cop_clp": 0.22638442,
    "cop_cop": 1,
    "cop_crc": 0.12207804,
    "cop_gtq": 0.0018443365,
    "cop_mxn": 0.0046192249,
    "cop_pen": 0.00087850465,
    "cop_usd": 0.00024062551,
    "crc_clp": 1.85442384,
    "crc_cop": 8.19148169,
    "crc_crc": 1,
    "crc_gtq": 0.015107849,
    "crc_mxn": 0.037838296,
    "crc_pen": 0.0071962547,
    "crc_usd": 0.0019710795,
    "gtq_clp": 122.74572244,
    "gtq_cop": 542.20039448,
    "gtq_crc": 66.19075952,
    "gtq_gtq": 1,
    "gtq_mxn": 2.50454556,
    "gtq_pen": 0.47632557,
    "gtq_usd": 0.13046725,
    "mxn_clp": 49.00917938,
    "mxn_cop": 216.48653708,
    "mxn_crc": 26.42825136,
    "mxn_gtq": 0.39927403,
    "mxn_mxn": 1,
    "mxn_pen": 0.19018443,
    "mxn_usd": 0.052092183,
    "pen_clp": 257.69291241,
    "pen_cop": 1138.29790554,
    "pen_crc": 138.9611732,
    "pen_gtq": 2.09940442,
    "pen_mxn": 5.25805402,
    "pen_pen": 1,
    "pen_usd": 0.27390351,
    "timestamp": "2025-05-26 19:41:45",
    "usd_clp": 940.81638026,
    "usd_cop": 4155.83535115,
    "usd_crc": 507.33621946,
    "usd_gtq": 7.664759,
    "usd_mxn": 19.19673808,
    "usd_pen": 3.65092067,
    "usd_usd": 1
}