{
    "clp_clp": 1,
    "clp_cop": 4.30485431,
    "clp_crc": 0.50346068,
    "clp_gtq": 0.0076349579,
    "clp_mxn": 0.020418249,
    "clp_pen": 0.0037181245,
    "clp_usd": 0.00098962852,
    "cop_clp": 0.2322959,
    "cop_cop": 1,
    "cop_crc": 0.11695185,
    "cop_gtq": 0.0017735694,
    "cop_mxn": 0.0047430754,
    "cop_pen": 0.00086370506,
    "cop_usd": 0.00022988665,
    "crc_clp": 1.98625245,
    "crc_cop": 8.5505274,
    "crc_crc": 1,
    "crc_gtq": 0.015164954,
    "crc_mxn": 0.040555796,
    "crc_pen": 0.0073851338,
    "crc_usd": 0.0019656521,
    "gtq_clp": 130.97649147,
    "gtq_cop": 563.83471381,
    "gtq_crc": 65.941513,
    "gtq_gtq": 1,
    "gtq_mxn": 2.67431058,
    "gtq_pen": 0.4869869,
    "gtq_usd": 0.12961807,
    "mxn_clp": 49.30785309,
    "mxn_cop": 211.08673068,
    "mxn_crc": 24.72542833,
    "mxn_gtq": 0.37367562,
    "mxn_mxn": 1,
    "mxn_pen": 0.18230542,
    "mxn_usd": 0.048469727,
    "pen_clp": 270.46839128,
    "pen_cop": 1157.87414951,
    "pen_crc": 135.62640439,
    "pen_gtq": 2.04972304,
    "pen_mxn": 5.4853005,
    "pen_pen": 1,
    "pen_usd": 0.26587102,
    "timestamp": "2025-01-06 06:36:38",
    "usd_clp": 1010.4801772,
    "usd_cop": 4349.96994604,
    "usd_crc": 508.7370336,
    "usd_gtq": 7.71497363,
    "usd_mxn": 20.63223556,
    "usd_pen": 3.75709106,
    "usd_usd": 1
}