{
    "clp_clp": 1,
    "clp_cop": 4.0645171,
    "clp_crc": 0.54163314,
    "clp_gtq": 0.0082872358,
    "clp_mxn": 0.019961128,
    "clp_pen": 0.0036379146,
    "clp_usd": 0.0010822131,
    "cop_clp": 0.25063722,
    "cop_cop": 1,
    "cop_crc": 0.13444722,
    "cop_gtq": 0.0020584399,
    "cop_mxn": 0.0049322296,
    "cop_pen": 0.0009061495,
    "cop_usd": 0.00026878734,
    "crc_clp": 1.84626813,
    "crc_cop": 7.5041884,
    "crc_crc": 1,
    "crc_gtq": 0.015300459,
    "crc_mxn": 0.036853594,
    "crc_pen": 0.0067165658,
    "crc_usd": 0.0019980555,
    "gtq_clp": 120.66749734,
    "gtq_cop": 490.45510597,
    "gtq_crc": 65.35751505,
    "gtq_gtq": 1,
    "gtq_mxn": 2.4086593,
    "gtq_pen": 0.43897805,
    "gtq_usd": 0.13058794,
    "mxn_clp": 50.81621065,
    "mxn_cop": 202.74806392,
    "mxn_crc": 27.25891267,
    "mxn_gtq": 0.41734471,
    "mxn_mxn": 1,
    "mxn_pen": 0.18372006,
    "mxn_usd": 0.054496112,
    "pen_clp": 276.59587928,
    "pen_cop": 1103.57065788,
    "pen_crc": 148.37200221,
    "pen_gtq": 2.27163389,
    "pen_mxn": 5.44306385,
    "pen_pen": 1,
    "pen_usd": 0.29662582,
    "timestamp": "2025-11-19 06:44:28",
    "usd_clp": 924.03244278,
    "usd_cop": 3755.74566165,
    "usd_crc": 500.48659011,
    "usd_gtq": 7.65767471,
    "usd_mxn": 18.44472942,
    "usd_pen": 3.36155114,
    "usd_usd": 1
}