{
    "clp_clp": 1,
    "clp_cop": 4.46975388,
    "clp_crc": 0.53247286,
    "clp_gtq": 0.0081052562,
    "clp_mxn": 0.020655587,
    "clp_pen": 0.0038650768,
    "clp_usd": 0.0010529108,
    "cop_clp": 0.22372596,
    "cop_cop": 1,
    "cop_crc": 0.119128,
    "cop_gtq": 0.0018133563,
    "cop_mxn": 0.0046211912,
    "cop_pen": 0.00086471803,
    "cop_usd": 0.00023556349,
    "crc_clp": 1.87802998,
    "crc_cop": 8.3943318,
    "crc_crc": 1,
    "crc_gtq": 0.015221914,
    "crc_mxn": 0.038791812,
    "crc_pen": 0.00725873,
    "crc_usd": 0.0019773981,
    "gtq_clp": 123.37672983,
    "gtq_cop": 551.46361719,
    "gtq_crc": 65.69476052,
    "gtq_gtq": 1,
    "gtq_mxn": 2.54841881,
    "gtq_pen": 0.47686053,
    "gtq_usd": 0.12990469,
    "mxn_clp": 48.41305104,
    "mxn_cop": 216.39442286,
    "mxn_crc": 25.77863588,
    "mxn_gtq": 0.39240018,
    "mxn_mxn": 1,
    "mxn_pen": 0.18712016,
    "mxn_usd": 0.050974625,
    "pen_clp": 258.72707355,
    "pen_cop": 1156.44634152,
    "pen_crc": 137.76514549,
    "pen_gtq": 2.09704921,
    "pen_mxn": 5.34415964,
    "pen_pen": 1,
    "pen_usd": 0.27241654,
    "timestamp": "2025-05-01 19:40:13",
    "usd_clp": 949.74804963,
    "usd_cop": 4245.14003231,
    "usd_crc": 505.71506277,
    "usd_gtq": 7.69795123,
    "usd_mxn": 19.61760371,
    "usd_pen": 3.67084912,
    "usd_usd": 1
}