{
    "clp_clp": 1,
    "clp_cop": 4.27011714,
    "clp_crc": 0.57687666,
    "clp_gtq": 0.0086451234,
    "clp_mxn": 0.018676183,
    "clp_pen": 0.0041719616,
    "clp_usd": 0.0011121788,
    "cop_clp": 0.23418561,
    "cop_cop": 1,
    "cop_crc": 0.13509621,
    "cop_gtq": 0.0020245635,
    "cop_mxn": 0.0043736935,
    "cop_pen": 0.00097701338,
    "cop_usd": 0.00026045628,
    "crc_clp": 1.73347281,
    "crc_cop": 7.40213195,
    "crc_crc": 1,
    "crc_gtq": 0.014986086,
    "crc_mxn": 0.032374656,
    "crc_pen": 0.0072319819,
    "crc_usd": 0.0019279318,
    "gtq_clp": 115.67214826,
    "gtq_cop": 493.93362277,
    "gtq_crc": 66.72856228,
    "gtq_gtq": 1,
    "gtq_mxn": 2.16031426,
    "gtq_pen": 0.48257976,
    "gtq_usd": 0.12864812,
    "mxn_clp": 53.33682751,
    "mxn_cop": 226.72507469,
    "mxn_crc": 30.70884435,
    "mxn_gtq": 0.45534987,
    "mxn_mxn": 1,
    "mxn_pen": 0.22037127,
    "mxn_usd": 0.058579048,
    "pen_clp": 239.6954008,
    "pen_cop": 1023.52743909,
    "pen_crc": 138.27468169,
    "pen_gtq": 2.07219633,
    "pen_mxn": 4.47659527,
    "pen_pen": 1,
    "pen_usd": 0.26658415,
    "timestamp": "2024-05-30 06:29:11",
    "usd_clp": 910.51031327,
    "usd_cop": 3870.4124037,
    "usd_crc": 524.22914513,
    "usd_gtq": 7.77325482,
    "usd_mxn": 17.07094996,
    "usd_pen": 3.76194698,
    "usd_usd": 1
}