{
    "clp_clp": 1,
    "clp_cop": 3.47707677,
    "clp_crc": 0.48582548,
    "clp_gtq": 0.0081673212,
    "clp_mxn": 0.01875375,
    "clp_pen": 0.0036329507,
    "clp_usd": 0.0010709955,
    "cop_clp": 0.28759791,
    "cop_cop": 1,
    "cop_crc": 0.13972239,
    "cop_gtq": 0.0023489045,
    "cop_mxn": 0.0053935391,
    "cop_pen": 0.001044829,
    "cop_usd": 0.00030801607,
    "crc_clp": 2.05835233,
    "crc_cop": 7.15704907,
    "crc_crc": 1,
    "crc_gtq": 0.016811225,
    "crc_mxn": 0.038601824,
    "crc_pen": 0.0074778926,
    "crc_usd": 0.0022044861,
    "gtq_clp": 122.43916587,
    "gtq_cop": 425.73037953,
    "gtq_crc": 59.48406607,
    "gtq_gtq": 1,
    "gtq_mxn": 2.29619345,
    "gtq_pen": 0.44481546,
    "gtq_usd": 0.1311318,
    "mxn_clp": 53.32267013,
    "mxn_cop": 185.40701767,
    "mxn_crc": 25.90551161,
    "mxn_gtq": 0.43550338,
    "mxn_mxn": 1,
    "mxn_pen": 0.19371863,
    "mxn_usd": 0.057108341,
    "pen_clp": 275.25834375,
    "pen_cop": 957.0943931,
    "pen_crc": 133.72751594,
    "pen_gtq": 2.24812332,
    "pen_mxn": 5.16212604,
    "pen_pen": 1,
    "pen_usd": 0.29480045,
    "timestamp": "2026-07-20 20:47:13",
    "usd_clp": 933.71072319,
    "usd_cop": 3246.58386652,
    "usd_crc": 453.62045675,
    "usd_gtq": 7.62591542,
    "usd_mxn": 17.51057704,
    "usd_pen": 3.39212505,
    "usd_usd": 1
}