{
    "clp_clp": 1,
    "clp_cop": 4.2082213,
    "clp_crc": 0.56838184,
    "clp_gtq": 0.0084542416,
    "clp_mxn": 0.018437954,
    "clp_pen": 0.0040549135,
    "clp_usd": 0.0010881276,
    "cop_clp": 0.23763009,
    "cop_cop": 1,
    "cop_crc": 0.13506463,
    "cop_gtq": 0.0020089822,
    "cop_mxn": 0.0043814125,
    "cop_pen": 0.00096356946,
    "cop_usd": 0.00025857187,
    "crc_clp": 1.75938062,
    "crc_cop": 7.40386301,
    "crc_crc": 1,
    "crc_gtq": 0.014874229,
    "crc_mxn": 0.032439378,
    "crc_pen": 0.0071341363,
    "crc_usd": 0.0019144307,
    "gtq_clp": 118.28382038,
    "gtq_cop": 497.76449288,
    "gtq_crc": 67.23037588,
    "gtq_gtq": 1,
    "gtq_mxn": 2.18091159,
    "gtq_pen": 0.47963066,
    "gtq_usd": 0.12870789,
    "mxn_clp": 54.23595383,
    "mxn_cop": 228.23689639,
    "mxn_crc": 30.82673142,
    "mxn_gtq": 0.45852386,
    "mxn_mxn": 1,
    "mxn_pen": 0.2199221,
    "mxn_usd": 0.05901564,
    "pen_clp": 246.61438392,
    "pen_cop": 1037.8079044,
    "pen_crc": 140.17113816,
    "pen_gtq": 2.08493759,
    "pen_mxn": 4.54706457,
    "pen_pen": 1,
    "pen_usd": 0.26834793,
    "timestamp": "2024-06-03 19:08:40",
    "usd_clp": 919.00983726,
    "usd_cop": 3867.3967761,
    "usd_crc": 522.34850548,
    "usd_gtq": 7.76953124,
    "usd_mxn": 16.94466073,
    "usd_pen": 3.72650542,
    "usd_usd": 1
}