{
    "clp_clp": 1,
    "clp_cop": 4.4416207,
    "clp_crc": 0.50962595,
    "clp_gtq": 0.0077527796,
    "clp_mxn": 0.020782862,
    "clp_pen": 0.0037680441,
    "clp_usd": 0.0010058988,
    "cop_clp": 0.22514304,
    "cop_cop": 1,
    "cop_crc": 0.11473874,
    "cop_gtq": 0.0017454844,
    "cop_mxn": 0.0046791168,
    "cop_pen": 0.00084834892,
    "cop_usd": 0.00022647111,
    "crc_clp": 1.96222347,
    "crc_cop": 8.71545237,
    "crc_crc": 1,
    "crc_gtq": 0.015212686,
    "crc_mxn": 0.040780619,
    "crc_pen": 0.0073937446,
    "crc_usd": 0.0019737981,
    "gtq_clp": 128.98599578,
    "gtq_cop": 572.90686879,
    "gtq_crc": 65.73461073,
    "gtq_gtq": 1,
    "gtq_mxn": 2.68069814,
    "gtq_pen": 0.48602493,
    "gtq_usd": 0.12974685,
    "mxn_clp": 47.65898049,
    "mxn_cop": 211.2394172,
    "mxn_crc": 24.32778854,
    "mxn_gtq": 0.36976615,
    "mxn_mxn": 1,
    "mxn_pen": 0.18021485,
    "mxn_usd": 0.047927023,
    "pen_clp": 264.45645551,
    "pen_cop": 1172.15322192,
    "pen_crc": 134.99325127,
    "pen_gtq": 2.05180731,
    "pen_mxn": 5.54893228,
    "pen_pen": 1,
    "pen_usd": 0.2659438,
    "timestamp": "2025-01-01 06:34:32",
    "usd_clp": 994.40727967,
    "usd_cop": 4407.52219314,
    "usd_crc": 507.60066157,
    "usd_gtq": 7.71519124,
    "usd_mxn": 20.86505564,
    "usd_pen": 3.76019287,
    "usd_usd": 1
}