{
    "clp_clp": 1,
    "clp_cop": 4.38337504,
    "clp_crc": 0.5534836,
    "clp_gtq": 0.0081446558,
    "clp_mxn": 0.020444743,
    "clp_pen": 0.0039579526,
    "clp_usd": 0.0010586416,
    "cop_clp": 0.23047434,
    "cop_cop": 1,
    "cop_crc": 0.13021464,
    "cop_gtq": 0.0019085319,
    "cop_mxn": 0.004649458,
    "cop_pen": 0.00091800342,
    "cop_usd": 0.00024630306,
    "crc_clp": 1.80673826,
    "crc_cop": 7.91961137,
    "crc_crc": 1,
    "crc_gtq": 0.014715261,
    "crc_mxn": 0.0369383,
    "crc_pen": 0.0071509844,
    "crc_usd": 0.0019126883,
    "gtq_clp": 122.7798975,
    "gtq_cop": 538.19033769,
    "gtq_crc": 67.95666004,
    "gtq_gtq": 1,
    "gtq_mxn": 2.5102035,
    "gtq_pen": 0.48595701,
    "gtq_usd": 0.12997991,
    "mxn_clp": 49.57015196,
    "mxn_cop": 215.07883513,
    "mxn_crc": 28.00641229,
    "mxn_gtq": 0.41048481,
    "mxn_mxn": 1,
    "mxn_pen": 0.19744311,
    "mxn_usd": 0.052974575,
    "pen_clp": 252.65588179,
    "pen_cop": 1107.48548507,
    "pen_crc": 139.84088777,
    "pen_gtq": 2.05779518,
    "pen_mxn": 5.16548468,
    "pen_pen": 1,
    "pen_usd": 0.26747202,
    "timestamp": "2024-08-09 06:31:43",
    "usd_clp": 944.60675586,
    "usd_cop": 4140.56567297,
    "usd_crc": 522.82435063,
    "usd_gtq": 7.69349686,
    "usd_mxn": 19.31224277,
    "usd_pen": 3.73870875,
    "usd_usd": 1
}