{
    "clp_clp": 1,
    "clp_cop": 4.30147625,
    "clp_crc": 0.50498778,
    "clp_gtq": 0.0076396036,
    "clp_mxn": 0.020408329,
    "clp_pen": 0.0037170084,
    "clp_usd": 0.00098924249,
    "cop_clp": 0.23247833,
    "cop_cop": 1,
    "cop_crc": 0.11739871,
    "cop_gtq": 0.0017760423,
    "cop_mxn": 0.0047444943,
    "cop_pen": 0.0008641239,
    "cop_usd": 0.00022997744,
    "crc_clp": 1.98024592,
    "crc_cop": 8.51798081,
    "crc_crc": 1,
    "crc_gtq": 0.015128294,
    "crc_mxn": 0.040413511,
    "crc_pen": 0.0073605908,
    "crc_usd": 0.0019589434,
    "gtq_clp": 130.21342643,
    "gtq_cop": 568.45894062,
    "gtq_crc": 65.94347788,
    "gtq_gtq": 1,
    "gtq_mxn": 2.6650554,
    "gtq_pen": 0.48726009,
    "gtq_usd": 0.12963332,
    "mxn_clp": 48.99960114,
    "mxn_cop": 210.77062077,
    "mxn_crc": 24.7442,
    "mxn_gtq": 0.37433753,
    "mxn_mxn": 1,
    "mxn_pen": 0.18213193,
    "mxn_usd": 0.048472488,
    "pen_clp": 269.03355719,
    "pen_cop": 1157.24145773,
    "pen_crc": 135.85865989,
    "pen_gtq": 2.05530973,
    "pen_mxn": 5.49052545,
    "pen_pen": 1,
    "pen_usd": 0.26613943,
    "timestamp": "2025-01-04 19:34:33",
    "usd_clp": 1010.87448751,
    "usd_cop": 4348.25260367,
    "usd_crc": 510.47926745,
    "usd_gtq": 7.72268038,
    "usd_mxn": 20.63025951,
    "usd_pen": 3.75742899,
    "usd_usd": 1
}