{
    "clp_clp": 1,
    "clp_cop": 4.35705319,
    "clp_crc": 0.53246563,
    "clp_gtq": 0.0080912611,
    "clp_mxn": 0.021479673,
    "clp_pen": 0.0038822536,
    "clp_usd": 0.0010454918,
    "cop_clp": 0.22951292,
    "cop_cop": 1,
    "cop_crc": 0.12220774,
    "cop_gtq": 0.001857049,
    "cop_mxn": 0.0049298624,
    "cop_pen": 0.00089102735,
    "cop_usd": 0.00023995388,
    "crc_clp": 1.8780555,
    "crc_cop": 8.1827877,
    "crc_crc": 1,
    "crc_gtq": 0.015195837,
    "crc_mxn": 0.040340017,
    "crc_pen": 0.0072910876,
    "crc_usd": 0.0019634917,
    "gtq_clp": 123.59012935,
    "gtq_cop": 538.48876686,
    "gtq_crc": 65.80749574,
    "gtq_gtq": 1,
    "gtq_mxn": 2.65467551,
    "gtq_pen": 0.47980822,
    "gtq_usd": 0.12921247,
    "mxn_clp": 46.55564447,
    "mxn_cop": 202.84541906,
    "mxn_crc": 24.78928043,
    "mxn_gtq": 0.37669387,
    "mxn_mxn": 1,
    "mxn_pen": 0.18074082,
    "mxn_usd": 0.048673546,
    "pen_clp": 256.52908835,
    "pen_cop": 1114.73950729,
    "pen_crc": 137.12063931,
    "pen_gtq": 2.0809707,
    "pen_mxn": 5.49725481,
    "pen_pen": 1,
    "pen_usd": 0.26922381,
    "timestamp": "2025-02-14 06:34:57",
    "usd_clp": 956.48762354,
    "usd_cop": 4167.46744763,
    "usd_crc": 509.29678235,
    "usd_gtq": 7.73919105,
    "usd_mxn": 20.54504098,
    "usd_pen": 3.71332747,
    "usd_usd": 1
}