{
    "clp_clp": 1,
    "clp_cop": 4.22417765,
    "clp_crc": 0.55176383,
    "clp_gtq": 0.0081307825,
    "clp_mxn": 0.019383308,
    "clp_pen": 0.0039232495,
    "clp_usd": 0.0010501983,
    "cop_clp": 0.23538617,
    "cop_cop": 1,
    "cop_crc": 0.12972281,
    "cop_gtq": 0.0019071098,
    "cop_mxn": 0.0045915839,
    "cop_pen": 0.00092187357,
    "cop_usd": 0.00024603913,
    "crc_clp": 1.81236961,
    "crc_cop": 7.6557712,
    "crc_crc": 1,
    "crc_gtq": 0.014735983,
    "crc_mxn": 0.035129717,
    "crc_pen": 0.0071103782,
    "crc_usd": 0.0019033475,
    "gtq_clp": 123.42560068,
    "gtq_cop": 524.35366599,
    "gtq_crc": 68.02063287,
    "gtq_gtq": 1,
    "gtq_mxn": 2.40761385,
    "gtq_pen": 0.48338779,
    "gtq_usd": 0.12901152,
    "mxn_clp": 51.26469951,
    "mxn_cop": 217.7897695,
    "mxn_crc": 28.25230167,
    "mxn_gtq": 0.415349,
    "mxn_mxn": 1,
    "mxn_pen": 0.20077463,
    "mxn_usd": 0.053584806,
    "pen_clp": 254.890748,
    "pen_cop": 1076.70380055,
    "pen_crc": 140.63949565,
    "pen_gtq": 2.07246123,
    "pen_mxn": 4.94062575,
    "pen_pen": 1,
    "pen_usd": 0.26768583,
    "timestamp": "2024-07-30 06:31:11",
    "usd_clp": 956.70215479,
    "usd_cop": 4064.39409142,
    "usd_crc": 527.24463711,
    "usd_gtq": 7.75124569,
    "usd_mxn": 18.66200649,
    "usd_pen": 3.74685749,
    "usd_usd": 1
}