{
    "clp_clp": 1,
    "clp_cop": 4.02021615,
    "clp_crc": 0.51553147,
    "clp_gtq": 0.0085353854,
    "clp_mxn": 0.019329998,
    "clp_pen": 0.0037660165,
    "clp_usd": 0.001116832,
    "cop_clp": 0.24874284,
    "cop_cop": 1,
    "cop_crc": 0.12823476,
    "cop_gtq": 0.002123116,
    "cop_mxn": 0.0048081987,
    "cop_pen": 0.00093676965,
    "cop_usd": 0.00027780398,
    "crc_clp": 1.93974579,
    "crc_cop": 7.79819736,
    "crc_crc": 1,
    "crc_gtq": 0.016556478,
    "crc_mxn": 0.037495282,
    "crc_pen": 0.0073051146,
    "crc_usd": 0.0021663703,
    "gtq_clp": 117.15932654,
    "gtq_cop": 471.00581709,
    "gtq_crc": 60.3993199,
    "gtq_gtq": 1,
    "gtq_mxn": 2.26468956,
    "gtq_pen": 0.44122395,
    "gtq_usd": 0.13084729,
    "mxn_clp": 51.73306245,
    "mxn_cop": 207.97809335,
    "mxn_crc": 26.67002177,
    "mxn_gtq": 0.44156162,
    "mxn_mxn": 1,
    "mxn_pen": 0.19482757,
    "mxn_usd": 0.057777142,
    "pen_clp": 265.53256157,
    "pen_cop": 1067.49829332,
    "pen_crc": 136.89039196,
    "pen_gtq": 2.26642274,
    "pen_mxn": 5.13274392,
    "pen_pen": 1,
    "pen_usd": 0.29655527,
    "timestamp": "2026-04-14 20:41:08",
    "usd_clp": 895.38978278,
    "usd_cop": 3599.66046841,
    "usd_crc": 461.60161147,
    "usd_gtq": 7.64249684,
    "usd_mxn": 17.30788282,
    "usd_pen": 3.37205267,
    "usd_usd": 1
}