{
    "clp_clp": 1,
    "clp_cop": 4.30518069,
    "clp_crc": 0.57848431,
    "clp_gtq": 0.0089470027,
    "clp_mxn": 0.020165581,
    "clp_pen": 0.0039185976,
    "clp_usd": 0.0011677386,
    "cop_clp": 0.233312,
    "cop_cop": 1,
    "cop_crc": 0.13442898,
    "cop_gtq": 0.002090389,
    "cop_mxn": 0.0047065617,
    "cop_pen": 0.00091602956,
    "cop_usd": 0.00027262677,
    "crc_clp": 1.72865535,
    "crc_cop": 7.44217363,
    "crc_crc": 1,
    "crc_gtq": 0.015466284,
    "crc_mxn": 0.034859339,
    "crc_pen": 0.0067739047,
    "crc_usd": 0.0020186177,
    "gtq_clp": 111.76927418,
    "gtq_cop": 481.18692081,
    "gtq_crc": 64.65677162,
    "gtq_gtq": 1,
    "gtq_mxn": 2.25389233,
    "gtq_pen": 0.43797881,
    "gtq_usd": 0.1305173,
    "mxn_clp": 49.57164389,
    "mxn_cop": 212.46932786,
    "mxn_crc": 28.56203521,
    "mxn_gtq": 0.44414355,
    "mxn_mxn": 1,
    "mxn_pen": 0.19462819,
    "mxn_usd": 0.057924826,
    "pen_clp": 255.19333613,
    "pen_cop": 1098.65342261,
    "pen_crc": 147.62534135,
    "pen_gtq": 2.28321547,
    "pen_mxn": 5.14612184,
    "pen_pen": 1,
    "pen_usd": 0.29799912,
    "timestamp": "2026-02-09 07:13:02",
    "usd_clp": 855.79271678,
    "usd_cop": 3668.01842878,
    "usd_crc": 493.08797913,
    "usd_gtq": 7.66758537,
    "usd_mxn": 17.26375504,
    "usd_pen": 3.36001331,
    "usd_usd": 1
}