{
    "clp_clp": 1,
    "clp_cop": 4.56322597,
    "clp_crc": 0.52334285,
    "clp_gtq": 0.0079524375,
    "clp_mxn": 0.020844147,
    "clp_pen": 0.0038641501,
    "clp_usd": 0.0010306771,
    "cop_clp": 0.21986577,
    "cop_cop": 1,
    "cop_crc": 0.1144605,
    "cop_gtq": 0.0017393286,
    "cop_mxn": 0.0045775821,
    "cop_pen": 0.00084589586,
    "cop_usd": 0.00022545272,
    "crc_clp": 1.91079328,
    "crc_cop": 8.71938153,
    "crc_crc": 1,
    "crc_gtq": 0.015195464,
    "crc_mxn": 0.039828856,
    "crc_pen": 0.0073835921,
    "crc_usd": 0.0019694108,
    "gtq_clp": 125.74760954,
    "gtq_cop": 573.81475728,
    "gtq_crc": 65.80911222,
    "gtq_gtq": 1,
    "gtq_mxn": 2.62110162,
    "gtq_pen": 0.48590764,
    "gtq_usd": 0.12960518,
    "mxn_clp": 47.97509886,
    "mxn_cop": 218.92121693,
    "mxn_crc": 25.10742491,
    "mxn_gtq": 0.38151897,
    "mxn_mxn": 1,
    "mxn_pen": 0.18538298,
    "mxn_usd": 0.049446833,
    "pen_clp": 258.78911775,
    "pen_cop": 1180.91322241,
    "pen_crc": 135.43543415,
    "pen_gtq": 2.05800427,
    "pen_mxn": 5.39423834,
    "pen_pen": 1,
    "pen_usd": 0.26672801,
    "timestamp": "2024-12-06 06:38:02",
    "usd_clp": 975.21897683,
    "usd_cop": 4435.51976621,
    "usd_crc": 507.69180117,
    "usd_gtq": 7.71482641,
    "usd_mxn": 20.30395573,
    "usd_pen": 3.75198781,
    "usd_usd": 1
}