{
    "clp_clp": 1,
    "clp_cop": 4.27021628,
    "clp_crc": 0.50042746,
    "clp_gtq": 0.0076529735,
    "clp_mxn": 0.020472528,
    "clp_pen": 0.0037469278,
    "clp_usd": 0.00099150091,
    "cop_clp": 0.23418018,
    "cop_cop": 1,
    "cop_crc": 0.11719019,
    "cop_gtq": 0.0017921747,
    "cop_mxn": 0.0047942602,
    "cop_pen": 0.0008774562,
    "cop_usd": 0.00023218986,
    "crc_clp": 1.99829162,
    "crc_cop": 8.53313738,
    "crc_crc": 1,
    "crc_gtq": 0.015292873,
    "crc_mxn": 0.040910081,
    "crc_pen": 0.0074874543,
    "crc_usd": 0.0019813079,
    "gtq_clp": 130.70578701,
    "gtq_cop": 562.98640617,
    "gtq_crc": 65.56742578,
    "gtq_gtq": 1,
    "gtq_mxn": 2.68726082,
    "gtq_pen": 0.48917853,
    "gtq_usd": 0.12957214,
    "mxn_clp": 48.84594589,
    "mxn_cop": 208.58275318,
    "mxn_crc": 24.4438527,
    "mxn_gtq": 0.37381673,
    "mxn_mxn": 1,
    "mxn_pen": 0.18302223,
    "mxn_usd": 0.0484308,
    "pen_clp": 267.19444747,
    "pen_cop": 1150.88126676,
    "pen_crc": 134.03577993,
    "pen_gtq": 2.04424344,
    "pen_mxn": 5.4934153,
    "pen_pen": 1,
    "pen_usd": 0.264877,
    "timestamp": "2025-01-14 06:34:25",
    "usd_clp": 1008.74915779,
    "usd_cop": 4344.96494805,
    "usd_crc": 506.03027645,
    "usd_gtq": 7.71770846,
    "usd_mxn": 20.73949557,
    "usd_pen": 3.77533728,
    "usd_usd": 1
}