{
    "clp_clp": 1,
    "clp_cop": 4.0826155,
    "clp_crc": 0.5277096,
    "clp_gtq": 0.0080491639,
    "clp_mxn": 0.019365414,
    "clp_pen": 0.003558428,
    "clp_usd": 0.0010506873,
    "cop_clp": 0.24494102,
    "cop_cop": 1,
    "cop_crc": 0.12925773,
    "cop_gtq": 0.0019715704,
    "cop_mxn": 0.0047433841,
    "cop_pen": 0.00087160497,
    "cop_usd": 0.00025735642,
    "crc_clp": 1.89498165,
    "crc_cop": 7.73648144,
    "crc_crc": 1,
    "crc_gtq": 0.015253018,
    "crc_mxn": 0.036697103,
    "crc_pen": 0.0067431557,
    "crc_usd": 0.0019910332,
    "gtq_clp": 124.23650641,
    "gtq_cop": 507.20988696,
    "gtq_crc": 65.5607967,
    "gtq_gtq": 1,
    "gtq_mxn": 2.40589132,
    "gtq_pen": 0.44208666,
    "gtq_usd": 0.13053372,
    "mxn_clp": 51.63845315,
    "mxn_cop": 210.81994932,
    "mxn_crc": 27.25010729,
    "mxn_gtq": 0.41564637,
    "mxn_mxn": 1,
    "mxn_pen": 0.18375172,
    "mxn_usd": 0.054255868,
    "pen_clp": 281.02297214,
    "pen_cop": 1147.30874245,
    "pen_crc": 148.2985193,
    "pen_gtq": 2.26199996,
    "pen_mxn": 5.44212607,
    "pen_pen": 1,
    "pen_usd": 0.29526727,
    "timestamp": "2025-10-22 19:37:55",
    "usd_clp": 951.75794832,
    "usd_cop": 3885.66175389,
    "usd_crc": 502.2518031,
    "usd_gtq": 7.6608557,
    "usd_mxn": 18.43118626,
    "usd_pen": 3.38676209,
    "usd_usd": 1
}