{
    "clp_clp": 1,
    "clp_cop": 3.95082171,
    "clp_crc": 0.51506525,
    "clp_gtq": 0.0079633865,
    "clp_mxn": 0.016901928,
    "clp_pen": 0.0037899667,
    "clp_usd": 0.0010206474,
    "cop_clp": 0.2531119,
    "cop_cop": 1,
    "cop_crc": 0.13036914,
    "cop_gtq": 0.0020156279,
    "cop_mxn": 0.0042780791,
    "cop_pen": 0.00095928568,
    "cop_usd": 0.000258338,
    "crc_clp": 1.9415016,
    "crc_cop": 7.67052669,
    "crc_crc": 1,
    "crc_gtq": 0.015460928,
    "crc_mxn": 0.03281512,
    "crc_pen": 0.0073582264,
    "crc_usd": 0.0019815885,
    "gtq_clp": 125.57471551,
    "gtq_cop": 496.12331247,
    "gtq_crc": 64.67917164,
    "gtq_gtq": 1,
    "gtq_mxn": 2.12245479,
    "gtq_pen": 0.47592399,
    "gtq_usd": 0.12816751,
    "mxn_clp": 59.16484828,
    "mxn_cop": 233.74976714,
    "mxn_crc": 30.47375709,
    "mxn_gtq": 0.47115256,
    "mxn_mxn": 1,
    "mxn_pen": 0.2242328,
    "mxn_usd": 0.060386448,
    "pen_clp": 263.85456197,
    "pen_cop": 1042.44233211,
    "pen_crc": 135.90231466,
    "pen_gtq": 2.10117587,
    "pen_mxn": 4.45965078,
    "pen_pen": 1,
    "pen_usd": 0.26930247,
    "timestamp": "2024-03-30 19:07:56",
    "usd_clp": 979.77030505,
    "usd_cop": 3870.89779353,
    "usd_crc": 504.64563244,
    "usd_gtq": 7.80228967,
    "usd_mxn": 16.56000706,
    "usd_pen": 3.71329682,
    "usd_usd": 1
}