{
    "clp_clp": 1,
    "clp_cop": 4.27607317,
    "clp_crc": 0.5651919,
    "clp_gtq": 0.008567056,
    "clp_mxn": 0.018414015,
    "clp_pen": 0.0041250242,
    "clp_usd": 0.0011030061,
    "cop_clp": 0.23385942,
    "cop_cop": 1,
    "cop_crc": 0.13217545,
    "cop_gtq": 0.0020034868,
    "cop_mxn": 0.0043062909,
    "cop_pen": 0.00096467577,
    "cop_usd": 0.00025794836,
    "crc_clp": 1.76931057,
    "crc_cop": 7.56570145,
    "crc_crc": 1,
    "crc_gtq": 0.015157783,
    "crc_mxn": 0.032580111,
    "crc_pen": 0.0072984488,
    "crc_usd": 0.0019515603,
    "gtq_clp": 116.72621225,
    "gtq_cop": 499.12982497,
    "gtq_crc": 65.97270964,
    "gtq_gtq": 1,
    "gtq_mxn": 2.14939822,
    "gtq_pen": 0.48149845,
    "gtq_usd": 0.12874972,
    "mxn_clp": 54.30646171,
    "mxn_cop": 232.21840412,
    "mxn_crc": 30.69357226,
    "mxn_gtq": 0.4652465,
    "mxn_mxn": 1,
    "mxn_pen": 0.22401547,
    "mxn_usd": 0.059900356,
    "pen_clp": 242.42282244,
    "pen_cop": 1036.61772793,
    "pen_crc": 137.01541553,
    "pen_gtq": 2.0768499,
    "pen_mxn": 4.46397749,
    "pen_pen": 1,
    "pen_usd": 0.26739384,
    "timestamp": "2024-05-25 19:11:58",
    "usd_clp": 906.61333069,
    "usd_cop": 3876.74494311,
    "usd_crc": 512.41051063,
    "usd_gtq": 7.7670072,
    "usd_mxn": 16.69439146,
    "usd_pen": 3.73980189,
    "usd_usd": 1
}