{
    "clp_clp": 1,
    "clp_cop": 4.46425988,
    "clp_crc": 0.51076472,
    "clp_gtq": 0.0077831781,
    "clp_mxn": 0.020445627,
    "clp_pen": 0.0037787222,
    "clp_usd": 0.0010108852,
    "cop_clp": 0.22388938,
    "cop_cop": 1,
    "cop_crc": 0.11445993,
    "cop_gtq": 0.0017419327,
    "cop_mxn": 0.0045618981,
    "cop_pen": 0.00084711641,
    "cop_usd": 0.00022632188,
    "crc_clp": 1.95784862,
    "crc_cop": 8.74034506,
    "crc_crc": 1,
    "crc_gtq": 0.015238285,
    "crc_mxn": 0.040029443,
    "crc_pen": 0.007398166,
    "crc_usd": 0.0019791601,
    "gtq_clp": 128.48221981,
    "gtq_cop": 573.57801858,
    "gtq_crc": 65.62418473,
    "gtq_gtq": 1,
    "gtq_mxn": 2.62689959,
    "gtq_pen": 0.48549861,
    "gtq_usd": 0.12988077,
    "mxn_clp": 48.91021359,
    "mxn_cop": 218.34790401,
    "mxn_crc": 24.98161144,
    "mxn_gtq": 0.3806769,
    "mxn_mxn": 1,
    "mxn_pen": 0.18481811,
    "mxn_usd": 0.04944261,
    "pen_clp": 264.63972692,
    "pen_cop": 1181.42051429,
    "pen_crc": 135.16863542,
    "pen_gtq": 2.05973813,
    "pen_mxn": 5.41072524,
    "pen_pen": 1,
    "pen_usd": 0.26752037,
    "timestamp": "2024-12-27 06:34:19",
    "usd_clp": 989.23204252,
    "usd_cop": 4416.18891479,
    "usd_crc": 505.26482497,
    "usd_gtq": 7.69936917,
    "usd_mxn": 20.22546969,
    "usd_pen": 3.73803304,
    "usd_usd": 1
}