{
    "clp_clp": 1,
    "clp_cop": 4.04347984,
    "clp_crc": 0.53779296,
    "clp_gtq": 0.0082334858,
    "clp_mxn": 0.019738541,
    "clp_pen": 0.0036321191,
    "clp_usd": 0.0010745509,
    "cop_clp": 0.24731173,
    "cop_cop": 1,
    "cop_crc": 0.13300251,
    "cop_gtq": 0.0020362376,
    "cop_mxn": 0.0048815728,
    "cop_pen": 0.00089826567,
    "cop_usd": 0.00026574905,
    "crc_clp": 1.85945165,
    "crc_cop": 7.51865526,
    "crc_crc": 1,
    "crc_gtq": 0.015309769,
    "crc_mxn": 0.036702863,
    "crc_pen": 0.0067537499,
    "crc_usd": 0.0019980755,
    "gtq_clp": 121.45524073,
    "gtq_cop": 491.10181772,
    "gtq_crc": 65.31777303,
    "gtq_gtq": 1,
    "gtq_mxn": 2.39734929,
    "gtq_pen": 0.4411399,
    "gtq_usd": 0.13050984,
    "mxn_clp": 50.66230489,
    "mxn_cop": 204.85200864,
    "mxn_crc": 27.24583075,
    "mxn_gtq": 0.41712737,
    "mxn_mxn": 1,
    "mxn_pen": 0.18401153,
    "mxn_usd": 0.054439227,
    "pen_clp": 275.32136705,
    "pen_cop": 1113.25639806,
    "pen_crc": 148.06589207,
    "pen_gtq": 2.26685457,
    "pen_mxn": 5.43444219,
    "pen_pen": 1,
    "pen_usd": 0.29584683,
    "timestamp": "2025-11-21 19:37:55",
    "usd_clp": 930.62130879,
    "usd_cop": 3762.94850375,
    "usd_crc": 500.48158535,
    "usd_gtq": 7.66225733,
    "usd_mxn": 18.36910718,
    "usd_pen": 3.38012744,
    "usd_usd": 1
}