{
    "clp_clp": 1,
    "clp_cop": 3.97274993,
    "clp_crc": 0.51203437,
    "clp_gtq": 0.0079477716,
    "clp_mxn": 0.017323696,
    "clp_pen": 0.0038290795,
    "clp_usd": 0.0010214802,
    "cop_clp": 0.25171481,
    "cop_cop": 1,
    "cop_crc": 0.12888663,
    "cop_gtq": 0.0020005718,
    "cop_mxn": 0.0043606308,
    "cop_pen": 0.00096383603,
    "cop_usd": 0.0002571217,
    "crc_clp": 1.9529939,
    "crc_cop": 7.75875639,
    "crc_crc": 1,
    "crc_gtq": 0.01552195,
    "crc_mxn": 0.033833072,
    "crc_pen": 0.007478169,
    "crc_usd": 0.0019949447,
    "gtq_clp": 125.96399047,
    "gtq_cop": 503.99426744,
    "gtq_crc": 64.42224103,
    "gtq_gtq": 1,
    "gtq_mxn": 2.18991878,
    "gtq_pen": 0.48339318,
    "gtq_usd": 0.12847772,
    "mxn_clp": 57.51993704,
    "mxn_cop": 230.14290373,
    "mxn_crc": 29.41763939,
    "mxn_gtq": 0.45663794,
    "mxn_mxn": 1,
    "mxn_pen": 0.22073567,
    "mxn_usd": 0.058667801,
    "pen_clp": 260.58288556,
    "pen_cop": 1042.61765623,
    "pen_crc": 133.27089273,
    "pen_gtq": 2.06870936,
    "pen_mxn": 4.53030547,
    "pen_pen": 1,
    "pen_usd": 0.26578306,
    "timestamp": "2024-04-18 06:26:14",
    "usd_clp": 978.97146788,
    "usd_cop": 3889.20883072,
    "usd_crc": 501.26703739,
    "usd_gtq": 7.78064166,
    "usd_mxn": 16.95940392,
    "usd_pen": 3.74855961,
    "usd_usd": 1
}