{
    "clp_clp": 1,
    "clp_cop": 4.59187237,
    "clp_crc": 0.53402095,
    "clp_gtq": 0.0080361019,
    "clp_mxn": 0.021097894,
    "clp_pen": 0.0039205091,
    "clp_usd": 0.0010401823,
    "cop_clp": 0.21777609,
    "cop_cop": 1,
    "cop_crc": 0.11629699,
    "cop_gtq": 0.0017500708,
    "cop_mxn": 0.0045946167,
    "cop_pen": 0.00085379313,
    "cop_usd": 0.00022652683,
    "crc_clp": 1.8725857,
    "crc_cop": 8.59867455,
    "crc_crc": 1,
    "crc_gtq": 0.015048289,
    "crc_mxn": 0.039507614,
    "crc_pen": 0.0073414892,
    "crc_usd": 0.0019478305,
    "gtq_clp": 124.43844255,
    "gtq_cop": 571.40544581,
    "gtq_crc": 66.4527355,
    "gtq_gtq": 1,
    "gtq_mxn": 2.62538902,
    "gtq_pen": 0.48786204,
    "gtq_usd": 0.12943866,
    "mxn_clp": 47.39809673,
    "mxn_cop": 217.64601066,
    "mxn_crc": 25.31157672,
    "mxn_gtq": 0.38089593,
    "mxn_mxn": 1,
    "mxn_pen": 0.18582467,
    "mxn_usd": 0.04930266,
    "pen_clp": 255.06891654,
    "pen_cop": 1171.24390963,
    "pen_crc": 136.21214552,
    "pen_gtq": 2.0497598,
    "pen_mxn": 5.38141685,
    "pen_pen": 1,
    "pen_usd": 0.26531817,
    "timestamp": "2024-11-03 19:23:28",
    "usd_clp": 961.36996242,
    "usd_cop": 4414.48816526,
    "usd_crc": 513.39170213,
    "usd_gtq": 7.72566695,
    "usd_mxn": 20.28288114,
    "usd_pen": 3.76905965,
    "usd_usd": 1
}