{
    "clp_clp": 1,
    "clp_cop": 3.73666094,
    "clp_crc": 0.49365575,
    "clp_gtq": 0.0082691515,
    "clp_mxn": 0.018967302,
    "clp_pen": 0.0036994255,
    "clp_usd": 0.0010844456,
    "cop_clp": 0.26761861,
    "cop_cop": 1,
    "cop_crc": 0.13211146,
    "cop_gtq": 0.0022129788,
    "cop_mxn": 0.005076003,
    "cop_pen": 0.00099003511,
    "cop_usd": 0.00029021782,
    "crc_clp": 2.02999371,
    "crc_cop": 7.60190211,
    "crc_crc": 1,
    "crc_gtq": 0.016793579,
    "crc_mxn": 0.03851519,
    "crc_pen": 0.0075144342,
    "crc_usd": 0.0022005357,
    "gtq_clp": 120.8791574,
    "gtq_cop": 452.66717654,
    "gtq_crc": 59.5465674,
    "gtq_gtq": 1,
    "gtq_mxn": 2.29344733,
    "gtq_pen": 0.44745876,
    "gtq_usd": 0.13103435,
    "mxn_clp": 52.70631494,
    "mxn_cop": 197.37413201,
    "mxn_crc": 25.96378236,
    "mxn_gtq": 0.43602484,
    "mxn_mxn": 1,
    "mxn_pen": 0.19510313,
    "mxn_usd": 0.05713423,
    "pen_clp": 270.31224009,
    "pen_cop": 1010.06518834,
    "pen_crc": 133.44119142,
    "pen_gtq": 2.23525286,
    "pen_mxn": 5.12709388,
    "pen_pen": 1,
    "pen_usd": 0.29313892,
    "timestamp": "2026-06-30 08:21:33",
    "usd_clp": 922.13015743,
    "usd_cop": 3445.68773805,
    "usd_crc": 455.2148538,
    "usd_gtq": 7.62523395,
    "usd_mxn": 17.49032114,
    "usd_pen": 3.41135184,
    "usd_usd": 1
}