{
    "clp_clp": 1,
    "clp_cop": 4.04269217,
    "clp_crc": 0.52512448,
    "clp_gtq": 0.0080067405,
    "clp_mxn": 0.019314867,
    "clp_pen": 0.0035455698,
    "clp_usd": 0.0010467275,
    "cop_clp": 0.24735992,
    "cop_cop": 1,
    "cop_crc": 0.12989475,
    "cop_gtq": 0.0019805467,
    "cop_mxn": 0.0047777239,
    "cop_pen": 0.00087703186,
    "cop_usd": 0.00025891843,
    "crc_clp": 1.9043104,
    "crc_cop": 7.69854073,
    "crc_crc": 1,
    "crc_gtq": 0.015247319,
    "crc_mxn": 0.036781502,
    "crc_pen": 0.0067518655,
    "crc_usd": 0.0019932941,
    "gtq_clp": 124.8947679,
    "gtq_cop": 504.91110021,
    "gtq_crc": 65.58529956,
    "gtq_gtq": 1,
    "gtq_mxn": 2.41232581,
    "gtq_pen": 0.44282312,
    "gtq_usd": 0.13073079,
    "mxn_clp": 51.77359026,
    "mxn_cop": 209.30468792,
    "mxn_crc": 27.18757946,
    "mxn_gtq": 0.4145377,
    "mxn_mxn": 1,
    "mxn_pen": 0.18356688,
    "mxn_usd": 0.054192841,
    "pen_clp": 282.04210989,
    "pen_cop": 1140.20942911,
    "pen_crc": 148.10721519,
    "pen_gtq": 2.25823799,
    "pen_mxn": 5.44760579,
    "pen_pen": 1,
    "pen_usd": 0.29522123,
    "timestamp": "2025-10-17 19:24:29",
    "usd_clp": 955.35848897,
    "usd_cop": 3862.22028241,
    "usd_crc": 501.68212599,
    "usd_gtq": 7.64930753,
    "usd_mxn": 18.45262197,
    "usd_pen": 3.38729025,
    "usd_usd": 1
}