{
    "clp_clp": 1,
    "clp_cop": 4.43237215,
    "clp_crc": 0.5130908,
    "clp_gtq": 0.0077604751,
    "clp_mxn": 0.020465777,
    "clp_pen": 0.0037749407,
    "clp_usd": 0.0010068576,
    "cop_clp": 0.22561282,
    "cop_cop": 1,
    "cop_crc": 0.11575986,
    "cop_gtq": 0.0017508627,
    "cop_mxn": 0.0046173417,
    "cop_pen": 0.00085167504,
    "cop_usd": 0.00022715998,
    "crc_clp": 1.94897277,
    "crc_cop": 8.63857263,
    "crc_crc": 1,
    "crc_gtq": 0.015124955,
    "crc_mxn": 0.039887242,
    "crc_pen": 0.0073572567,
    "crc_usd": 0.001962338,
    "gtq_clp": 128.8580895,
    "gtq_cop": 571.14700756,
    "gtq_crc": 66.11590039,
    "gtq_gtq": 1,
    "gtq_mxn": 2.63718091,
    "gtq_pen": 0.48643165,
    "gtq_usd": 0.12974175,
    "mxn_clp": 48.86205907,
    "mxn_cop": 216.57482996,
    "mxn_crc": 25.07067304,
    "mxn_gtq": 0.37919279,
    "mxn_mxn": 1,
    "mxn_pen": 0.18445138,
    "mxn_usd": 0.049197135,
    "pen_clp": 264.90482055,
    "pen_cop": 1174.15674972,
    "pen_crc": 135.92022662,
    "pen_gtq": 2.05578727,
    "pen_mxn": 5.42148296,
    "pen_pen": 1,
    "pen_usd": 0.26672143,
    "timestamp": "2024-12-29 19:23:46",
    "usd_clp": 993.18911699,
    "usd_cop": 4402.18378448,
    "usd_crc": 509.5961998,
    "usd_gtq": 7.70761945,
    "usd_mxn": 20.32638689,
    "usd_pen": 3.74923006,
    "usd_usd": 1
}