{
    "clp_clp": 1,
    "clp_cop": 4.17953621,
    "clp_crc": 0.54571448,
    "clp_gtq": 0.0084125259,
    "clp_mxn": 0.019756825,
    "clp_pen": 0.0036961426,
    "clp_usd": 0.0010992392,
    "cop_clp": 0.239261,
    "cop_cop": 1,
    "cop_crc": 0.13056819,
    "cop_gtq": 0.0020127893,
    "cop_mxn": 0.0047270378,
    "cop_pen": 0.00088434276,
    "cop_usd": 0.00026300506,
    "crc_clp": 1.83246009,
    "crc_cop": 7.65883329,
    "crc_crc": 1,
    "crc_gtq": 0.015415618,
    "crc_mxn": 0.036203594,
    "crc_pen": 0.0067730338,
    "crc_usd": 0.0020143119,
    "gtq_clp": 118.87036153,
    "gtq_cop": 496.82297993,
    "gtq_crc": 64.86927725,
    "gtq_gtq": 1,
    "gtq_mxn": 2.34850099,
    "gtq_pen": 0.43936181,
    "gtq_usd": 0.13066696,
    "mxn_clp": 50.61541901,
    "mxn_cop": 211.54897639,
    "mxn_crc": 27.62156695,
    "mxn_gtq": 0.42580353,
    "mxn_mxn": 1,
    "mxn_pen": 0.18708181,
    "mxn_usd": 0.055638452,
    "pen_clp": 270.5523318,
    "pen_cop": 1130.78326658,
    "pen_crc": 147.64432443,
    "pen_gtq": 2.27602851,
    "pen_mxn": 5.3452552,
    "pen_pen": 1,
    "pen_usd": 0.29740172,
    "timestamp": "2025-12-23 06:48:05",
    "usd_clp": 909.72012401,
    "usd_cop": 3802.20819634,
    "usd_crc": 496.44744229,
    "usd_gtq": 7.65304414,
    "usd_mxn": 17.97318172,
    "usd_pen": 3.36245531,
    "usd_usd": 1
}