{
    "clp_clp": 1,
    "clp_cop": 4.60179911,
    "clp_crc": 0.53338687,
    "clp_gtq": 0.0080299201,
    "clp_mxn": 0.020857104,
    "clp_pen": 0.0039241333,
    "clp_usd": 0.0010401113,
    "cop_clp": 0.21730631,
    "cop_cop": 1,
    "cop_crc": 0.11590834,
    "cop_gtq": 0.0017449523,
    "cop_mxn": 0.0045323804,
    "cop_pen": 0.00085273894,
    "cop_usd": 0.00022602275,
    "crc_clp": 1.87481179,
    "crc_cop": 8.62750721,
    "crc_crc": 1,
    "crc_gtq": 0.015054589,
    "crc_mxn": 0.039103144,
    "crc_pen": 0.0073570114,
    "crc_usd": 0.0019500129,
    "gtq_clp": 124.53424008,
    "gtq_cop": 573.08155529,
    "gtq_crc": 66.42492914,
    "gtq_gtq": 1,
    "gtq_mxn": 2.59742359,
    "gtq_pen": 0.48868896,
    "gtq_usd": 0.12952947,
    "mxn_clp": 47.94529486,
    "mxn_cop": 220.63461523,
    "mxn_crc": 25.57339099,
    "mxn_gtq": 0.38499689,
    "mxn_mxn": 1,
    "mxn_pen": 0.18814373,
    "mxn_usd": 0.049868443,
    "pen_clp": 254.83334007,
    "pen_cop": 1172.69183778,
    "pen_crc": 135.92475888,
    "pen_gtq": 2.04629136,
    "pen_mxn": 5.31508547,
    "pen_pen": 1,
    "pen_usd": 0.26505504,
    "timestamp": "2024-11-01 19:20:31",
    "usd_clp": 961.43556875,
    "usd_cop": 4424.33334542,
    "usd_crc": 512.81711343,
    "usd_gtq": 7.72025082,
    "usd_mxn": 20.05276162,
    "usd_pen": 3.77280135,
    "usd_usd": 1
}