{
    "clp_clp": 1,
    "clp_cop": 4.26220329,
    "clp_crc": 0.51619353,
    "clp_gtq": 0.0078680782,
    "clp_mxn": 0.020643911,
    "clp_pen": 0.003787961,
    "clp_usd": 0.0010181979,
    "cop_clp": 0.23462044,
    "cop_cop": 1,
    "cop_crc": 0.12110955,
    "cop_gtq": 0.001846012,
    "cop_mxn": 0.0048434834,
    "cop_pen": 0.00088873308,
    "cop_usd": 0.00023889003,
    "crc_clp": 1.93725793,
    "crc_cop": 8.2569871,
    "crc_crc": 1,
    "crc_gtq": 0.015242497,
    "crc_mxn": 0.03999258,
    "crc_pen": 0.0073382576,
    "crc_usd": 0.0019725119,
    "gtq_clp": 127.09583861,
    "gtq_cop": 541.70830099,
    "gtq_crc": 65.60604912,
    "gtq_gtq": 1,
    "gtq_mxn": 2.62375517,
    "gtq_pen": 0.48143409,
    "gtq_usd": 0.12940871,
    "mxn_clp": 47.98642323,
    "mxn_cop": 205.95127783,
    "mxn_crc": 24.66126546,
    "mxn_gtq": 0.37791613,
    "mxn_mxn": 1,
    "mxn_pen": 0.18170728,
    "mxn_usd": 0.048918742,
    "pen_clp": 263.99426732,
    "pen_cop": 1125.19723369,
    "pen_crc": 136.27213178,
    "pen_gtq": 2.07712755,
    "pen_mxn": 5.44987414,
    "pen_pen": 1,
    "pen_usd": 0.2687984,
    "timestamp": "2025-01-27 06:35:09",
    "usd_clp": 982.12737824,
    "usd_cop": 4186.02653899,
    "usd_crc": 506.96779468,
    "usd_gtq": 7.72745504,
    "usd_mxn": 20.2749501,
    "usd_pen": 3.72026025,
    "usd_usd": 1
}