{
    "clp_clp": 1,
    "clp_cop": 3.51785633,
    "clp_crc": 0.49227767,
    "clp_gtq": 0.0082535122,
    "clp_mxn": 0.018897013,
    "clp_pen": 0.0036687611,
    "clp_usd": 0.0010814559,
    "cop_clp": 0.28426402,
    "cop_cop": 1,
    "cop_crc": 0.13993683,
    "cop_gtq": 0.0023461766,
    "cop_mxn": 0.0053717411,
    "cop_pen": 0.0010428968,
    "cop_usd": 0.000307419,
    "crc_clp": 2.03137389,
    "crc_cop": 7.14608151,
    "crc_crc": 1,
    "crc_gtq": 0.016765969,
    "crc_mxn": 0.0383869,
    "crc_pen": 0.0074526255,
    "crc_usd": 0.0021968412,
    "gtq_clp": 121.16054017,
    "gtq_cop": 426.2253736,
    "gtq_crc": 59.64462804,
    "gtq_gtq": 1,
    "gtq_mxn": 2.28957235,
    "gtq_pen": 0.44450908,
    "gtq_usd": 0.13102978,
    "mxn_clp": 52.91841509,
    "mxn_cop": 186.15938166,
    "mxn_crc": 26.05055392,
    "mxn_gtq": 0.43676279,
    "mxn_mxn": 1,
    "mxn_pen": 0.19414502,
    "mxn_usd": 0.057228931,
    "pen_clp": 272.57157826,
    "pen_cop": 958.86765291,
    "pen_crc": 134.18090062,
    "pen_gtq": 2.24967285,
    "pen_mxn": 5.15078877,
    "pen_pen": 1,
    "pen_usd": 0.29477414,
    "timestamp": "2026-07-11 20:52:55",
    "usd_clp": 924.67942549,
    "usd_cop": 3252.88937333,
    "usd_crc": 455.19903023,
    "usd_gtq": 7.63185295,
    "usd_mxn": 17.47367951,
    "usd_pen": 3.39242789,
    "usd_usd": 1
}