{
    "clp_clp": 1,
    "clp_cop": 4.32606995,
    "clp_crc": 0.55169797,
    "clp_gtq": 0.0081510114,
    "clp_mxn": 0.020173642,
    "clp_pen": 0.0039407773,
    "clp_usd": 0.0010519117,
    "cop_clp": 0.23021575,
    "cop_cop": 1,
    "cop_crc": 0.12655167,
    "cop_gtq": 0.0018750769,
    "cop_mxn": 0.0046990248,
    "cop_pen": 0.00090256614,
    "cop_usd": 0.00024195996,
    "crc_clp": 1.81914433,
    "crc_cop": 7.90191088,
    "crc_crc": 1,
    "crc_gtq": 0.014816691,
    "crc_mxn": 0.037131276,
    "crc_pen": 0.0071319972,
    "crc_usd": 0.001911946,
    "gtq_clp": 122.77669406,
    "gtq_cop": 533.31144773,
    "gtq_crc": 67.49145312,
    "gtq_gtq": 1,
    "gtq_mxn": 2.50604374,
    "gtq_pen": 0.48134885,
    "gtq_usd": 0.12904001,
    "mxn_clp": 49.56963075,
    "mxn_cop": 214.44168985,
    "mxn_crc": 27.34746452,
    "mxn_gtq": 0.40404263,
    "mxn_mxn": 1,
    "mxn_pen": 0.19534288,
    "mxn_usd": 0.052142874,
    "pen_clp": 253.75704453,
    "pen_cop": 1097.77072416,
    "pen_crc": 139.99724563,
    "pen_gtq": 2.06837657,
    "pen_mxn": 5.11920385,
    "pen_pen": 1,
    "pen_usd": 0.26693,
    "timestamp": "2024-08-05 06:32:14",
    "usd_clp": 950.65014408,
    "usd_cop": 4112.57901839,
    "usd_crc": 524.47175201,
    "usd_gtq": 7.74876019,
    "usd_mxn": 19.17807597,
    "usd_pen": 3.74630051,
    "usd_usd": 1
}