{
    "clp_clp": 1,
    "clp_cop": 3.99668931,
    "clp_crc": 0.53086362,
    "clp_gtq": 0.0081030046,
    "clp_mxn": 0.019505069,
    "clp_pen": 0.0035703018,
    "clp_usd": 0.0010575542,
    "cop_clp": 0.25020709,
    "cop_cop": 1,
    "cop_crc": 0.13282584,
    "cop_gtq": 0.0020274292,
    "cop_mxn": 0.0048803065,
    "cop_pen": 0.00089331481,
    "cop_usd": 0.00026460755,
    "crc_clp": 1.88372299,
    "crc_cop": 7.52865553,
    "crc_crc": 1,
    "crc_gtq": 0.015263816,
    "crc_mxn": 0.036742146,
    "crc_pen": 0.0067254595,
    "crc_usd": 0.0019921391,
    "gtq_clp": 123.411012,
    "gtq_cop": 493.23547256,
    "gtq_crc": 65.51441632,
    "gtq_gtq": 1,
    "gtq_mxn": 2.40714026,
    "gtq_pen": 0.44061455,
    "gtq_usd": 0.13051383,
    "mxn_clp": 51.26872493,
    "mxn_cop": 204.90516493,
    "mxn_crc": 27.2167008,
    "mxn_gtq": 0.41543071,
    "mxn_mxn": 1,
    "mxn_pen": 0.18304482,
    "mxn_usd": 0.054219453,
    "pen_clp": 280.08837067,
    "pen_cop": 1119.42619732,
    "pen_crc": 148.68872579,
    "pen_gtq": 2.26955736,
    "pen_mxn": 5.4631429,
    "pen_pen": 1,
    "pen_usd": 0.29620862,
    "timestamp": "2025-11-08 19:44:42",
    "usd_clp": 945.57805807,
    "usd_cop": 3779.1817178,
    "usd_crc": 501.97298894,
    "usd_gtq": 7.66202337,
    "usd_mxn": 18.44356495,
    "usd_pen": 3.375999,
    "usd_usd": 1
}