{
    "clp_clp": 1,
    "clp_cop": 4.17918794,
    "clp_crc": 0.57286033,
    "clp_gtq": 0.0088739161,
    "clp_mxn": 0.020086877,
    "clp_pen": 0.0038605839,
    "clp_usd": 0.0011567972,
    "cop_clp": 0.23928094,
    "cop_cop": 1,
    "cop_crc": 0.13707456,
    "cop_gtq": 0.0021233589,
    "cop_mxn": 0.0048064067,
    "cop_pen": 0.00092376413,
    "cop_usd": 0.00027679953,
    "crc_clp": 1.7456262,
    "crc_cop": 7.29529997,
    "crc_crc": 1,
    "crc_gtq": 0.01549054,
    "crc_mxn": 0.035064179,
    "crc_pen": 0.0067391364,
    "crc_usd": 0.0020193356,
    "gtq_clp": 112.68981947,
    "gtq_cop": 470.95193455,
    "gtq_crc": 64.55552701,
    "gtq_gtq": 1,
    "gtq_mxn": 2.26358654,
    "gtq_pen": 0.4350485,
    "gtq_usd": 0.13035927,
    "mxn_clp": 49.90758882,
    "mxn_cop": 209.66079326,
    "mxn_crc": 28.65630839,
    "mxn_gtq": 0.44160777,
    "mxn_mxn": 1,
    "mxn_pen": 0.19331359,
    "mxn_usd": 0.057591981,
    "pen_clp": 259.02817399,
    "pen_cop": 1082.52742103,
    "pen_crc": 148.38696487,
    "pen_gtq": 2.29859428,
    "pen_mxn": 5.20306706,
    "pen_pen": 1,
    "pen_usd": 0.29964308,
    "timestamp": "2026-01-26 06:52:43",
    "usd_clp": 864.4557301,
    "usd_cop": 3612.72296241,
    "usd_crc": 495.21239359,
    "usd_gtq": 7.6711076,
    "usd_mxn": 17.3642159,
    "usd_pen": 3.33730388,
    "usd_usd": 1
}