{
    "clp_clp": 1,
    "clp_cop": 4.27677201,
    "clp_crc": 0.50960465,
    "clp_gtq": 0.0078211761,
    "clp_mxn": 0.020635565,
    "clp_pen": 0.003762256,
    "clp_usd": 0.0010125941,
    "cop_clp": 0.23382121,
    "cop_cop": 1,
    "cop_crc": 0.11915637,
    "cop_gtq": 0.0018287569,
    "cop_mxn": 0.0048250327,
    "cop_pen": 0.00087969525,
    "cop_usd": 0.00023676597,
    "crc_clp": 1.9623055,
    "crc_cop": 8.39233321,
    "crc_crc": 1,
    "crc_gtq": 0.015347537,
    "crc_mxn": 0.040493282,
    "crc_pen": 0.0073826956,
    "crc_usd": 0.0019870189,
    "gtq_clp": 127.85800835,
    "gtq_cop": 546.81955093,
    "gtq_crc": 65.15703526,
    "gtq_gtq": 1,
    "gtq_mxn": 2.63842219,
    "gtq_pen": 0.48103456,
    "gtq_usd": 0.12946826,
    "mxn_clp": 48.46002616,
    "mxn_cop": 207.25248331,
    "mxn_crc": 24.69545454,
    "mxn_gtq": 0.3790144,
    "mxn_mxn": 1,
    "mxn_pen": 0.18231902,
    "mxn_usd": 0.049070335,
    "pen_clp": 265.79796807,
    "pen_cop": 1136.75730928,
    "pen_crc": 135.4518798,
    "pen_gtq": 2.07885272,
    "pen_mxn": 5.48489114,
    "pen_pen": 1,
    "pen_usd": 0.26914545,
    "timestamp": "2025-01-24 19:16:17",
    "usd_clp": 987.56256819,
    "usd_cop": 4223.57994643,
    "usd_crc": 503.26647433,
    "usd_gtq": 7.72390076,
    "usd_mxn": 20.37891117,
    "usd_pen": 3.7154632,
    "usd_usd": 1
}