{
    "clp_clp": 1,
    "clp_cop": 4.10039253,
    "clp_crc": 0.5242423,
    "clp_gtq": 0.007941643,
    "clp_mxn": 0.019379192,
    "clp_pen": 0.0036460686,
    "clp_usd": 0.0010353594,
    "cop_clp": 0.24387909,
    "cop_cop": 1,
    "cop_crc": 0.12785174,
    "cop_gtq": 0.0019368007,
    "cop_mxn": 0.0047261798,
    "cop_pen": 0.0008891999,
    "cop_usd": 0.00025250251,
    "crc_clp": 1.90751489,
    "crc_cop": 7.82155981,
    "crc_crc": 1,
    "crc_gtq": 0.015148802,
    "crc_mxn": 0.036966098,
    "crc_pen": 0.0069549302,
    "crc_usd": 0.0019749635,
    "gtq_clp": 125.91852772,
    "gtq_cop": 516.31539012,
    "gtq_crc": 66.01181899,
    "gtq_gtq": 1,
    "gtq_mxn": 2.44019938,
    "gtq_pen": 0.4591076,
    "gtq_usd": 0.13037093,
    "mxn_clp": 51.6017375,
    "mxn_cop": 211.58737883,
    "mxn_crc": 27.05181371,
    "mxn_gtq": 0.40980258,
    "mxn_mxn": 1,
    "mxn_pen": 0.18814348,
    "mxn_usd": 0.053426344,
    "pen_clp": 274.26801272,
    "pen_cop": 1124.60650983,
    "pen_crc": 143.78289468,
    "pen_gtq": 2.17813866,
    "pen_mxn": 5.31509259,
    "pen_pen": 1,
    "pen_usd": 0.28396596,
    "timestamp": "2025-09-06 19:39:36",
    "usd_clp": 965.84819573,
    "usd_cop": 3960.35672428,
    "usd_crc": 506.33848267,
    "usd_gtq": 7.67042161,
    "usd_mxn": 18.71735803,
    "usd_pen": 3.52154882,
    "usd_usd": 1
}