{
    "clp_clp": 1,
    "clp_cop": 4.44678562,
    "clp_crc": 0.579047,
    "clp_gtq": 0.0085068053,
    "clp_mxn": 0.021394528,
    "clp_pen": 0.0041317503,
    "clp_usd": 0.0011026933,
    "cop_clp": 0.22488154,
    "cop_cop": 1,
    "cop_crc": 0.13021698,
    "cop_gtq": 0.0019130235,
    "cop_mxn": 0.0048112344,
    "cop_pen": 0.00092915436,
    "cop_usd": 0.00024797536,
    "crc_clp": 1.73712395,
    "crc_cop": 7.6938056,
    "crc_crc": 1,
    "crc_gtq": 0.014733726,
    "crc_mxn": 0.036705592,
    "crc_pen": 0.0071522227,
    "crc_usd": 0.0019113781,
    "gtq_clp": 117.55294346,
    "gtq_cop": 522.73273905,
    "gtq_crc": 68.06867927,
    "gtq_gtq": 1,
    "gtq_mxn": 2.51498972,
    "gtq_pen": 0.4856994,
    "gtq_usd": 0.12962484,
    "mxn_clp": 46.74092402,
    "mxn_cop": 207.84686901,
    "mxn_crc": 27.06519184,
    "mxn_gtq": 0.39761594,
    "mxn_mxn": 1,
    "mxn_pen": 0.19312182,
    "mxn_usd": 0.051540902,
    "pen_clp": 242.87889531,
    "pen_cop": 1075.72232174,
    "pen_crc": 139.81667557,
    "pen_gtq": 2.06002056,
    "pen_mxn": 5.13205378,
    "pen_pen": 1,
    "pen_usd": 0.26724254,
    "timestamp": "2024-08-27 06:32:13",
    "usd_clp": 908.83322361,
    "usd_cop": 4025.26610684,
    "usd_crc": 523.18271545,
    "usd_gtq": 7.70843066,
    "usd_mxn": 19.20373103,
    "usd_pen": 3.74191929,
    "usd_usd": 1
}