{
    "clp_clp": 1,
    "clp_cop": 4.42745911,
    "clp_crc": 0.50889966,
    "clp_gtq": 0.007781601,
    "clp_mxn": 0.020301127,
    "clp_pen": 0.003771709,
    "clp_usd": 0.0010109647,
    "cop_clp": 0.22586318,
    "cop_cop": 1,
    "cop_crc": 0.1149417,
    "cop_gtq": 0.0017575772,
    "cop_mxn": 0.0045852771,
    "cop_pen": 0.00085189019,
    "cop_usd": 0.0002283397,
    "crc_clp": 1.96502391,
    "crc_cop": 8.70006299,
    "crc_crc": 1,
    "crc_gtq": 0.015291032,
    "crc_mxn": 0.0398922,
    "crc_pen": 0.0074114983,
    "crc_usd": 0.0019865698,
    "gtq_clp": 128.50825931,
    "gtq_cop": 568.965063,
    "gtq_crc": 65.39780959,
    "gtq_gtq": 1,
    "gtq_mxn": 2.60886249,
    "gtq_pen": 0.48469576,
    "gtq_usd": 0.12991731,
    "mxn_clp": 49.25834903,
    "mxn_cop": 218.08932601,
    "mxn_crc": 25.06755712,
    "mxn_gtq": 0.38330882,
    "mxn_mxn": 1,
    "mxn_pen": 0.18578816,
    "mxn_usd": 0.049798452,
    "pen_clp": 265.1318022,
    "pen_cop": 1173.86021214,
    "pen_crc": 134.92548423,
    "pen_gtq": 2.0631499,
    "pen_mxn": 5.38247439,
    "pen_pen": 1,
    "pen_usd": 0.26803889,
    "timestamp": "2024-12-21 19:34:40",
    "usd_clp": 989.15423006,
    "usd_cop": 4379.43990393,
    "usd_crc": 503.38025225,
    "usd_gtq": 7.69720355,
    "usd_mxn": 20.08094566,
    "usd_pen": 3.73080189,
    "usd_usd": 1
}