{
    "clp_clp": 1,
    "clp_cop": 4.29655199,
    "clp_crc": 0.55635749,
    "clp_gtq": 0.0082386886,
    "clp_mxn": 0.019155107,
    "clp_pen": 0.0039703729,
    "clp_usd": 0.0010612777,
    "cop_clp": 0.23274477,
    "cop_cop": 1,
    "cop_crc": 0.12948929,
    "cop_gtq": 0.0019175117,
    "cop_mxn": 0.0044582509,
    "cop_pen": 0.00092408352,
    "cop_usd": 0.00024700682,
    "crc_clp": 1.79740549,
    "crc_cop": 7.72264615,
    "crc_crc": 1,
    "crc_gtq": 0.014808264,
    "crc_mxn": 0.034429494,
    "crc_pen": 0.00713637,
    "crc_usd": 0.0019075463,
    "gtq_clp": 121.37854097,
    "gtq_cop": 521.50921197,
    "gtq_crc": 67.52985979,
    "gtq_gtq": 1,
    "gtq_mxn": 2.32501892,
    "gtq_pen": 0.48191807,
    "gtq_usd": 0.12881633,
    "mxn_clp": 52.20539934,
    "mxn_cop": 224.30321253,
    "mxn_crc": 29.04486468,
    "mxn_gtq": 0.43010403,
    "mxn_mxn": 1,
    "mxn_pen": 0.2072749,
    "mxn_usd": 0.055404424,
    "pen_clp": 251.86551297,
    "pen_cop": 1082.15327146,
    "pen_crc": 140.12726336,
    "pen_gtq": 2.07504153,
    "pen_mxn": 4.8245108,
    "pen_pen": 1,
    "pen_usd": 0.26729924,
    "timestamp": "2024-07-22 19:12:11",
    "usd_clp": 942.26047748,
    "usd_cop": 4048.47113145,
    "usd_crc": 524.23366949,
    "usd_gtq": 7.76299064,
    "usd_mxn": 18.04910008,
    "usd_pen": 3.74112544,
    "usd_usd": 1
}