{
    "clp_clp": 1,
    "clp_cop": 4.1339717,
    "clp_crc": 0.53325451,
    "clp_gtq": 0.0082936191,
    "clp_mxn": 0.019787047,
    "clp_pen": 0.0036463018,
    "clp_usd": 0.0010826588,
    "cop_clp": 0.24383597,
    "cop_cop": 1,
    "cop_crc": 0.13074553,
    "cop_gtq": 0.0020322533,
    "cop_mxn": 0.0048541344,
    "cop_pen": 0.00089223171,
    "cop_usd": 0.00026532693,
    "crc_clp": 1.86496612,
    "crc_cop": 7.64844532,
    "crc_crc": 1,
    "crc_gtq": 0.015543578,
    "crc_mxn": 0.037126581,
    "crc_pen": 0.0068241854,
    "crc_usd": 0.0020293385,
    "gtq_clp": 119.9830608,
    "gtq_cop": 492.06463905,
    "gtq_crc": 64.33524966,
    "gtq_gtq": 1,
    "gtq_mxn": 2.38854787,
    "gtq_pen": 0.43903567,
    "gtq_usd": 0.130558,
    "mxn_clp": 50.23263806,
    "mxn_cop": 206.00995468,
    "mxn_crc": 26.93487972,
    "mxn_gtq": 0.41866442,
    "mxn_mxn": 1,
    "mxn_pen": 0.18380861,
    "mxn_usd": 0.054659988,
    "pen_clp": 273.2877252,
    "pen_cop": 1120.78509217,
    "pen_crc": 146.53763551,
    "pen_gtq": 2.27771923,
    "pen_mxn": 5.44044143,
    "pen_pen": 1,
    "pen_usd": 0.29737446,
    "timestamp": "2025-12-04 19:46:19",
    "usd_clp": 919.00199895,
    "usd_cop": 3768.93524702,
    "usd_crc": 492.7714183,
    "usd_gtq": 7.6594312,
    "usd_mxn": 18.29491809,
    "usd_pen": 3.36276354,
    "usd_usd": 1
}