{
    "clp_clp": 1,
    "clp_cop": 4.30254152,
    "clp_crc": 0.52416162,
    "clp_gtq": 0.0079661018,
    "clp_mxn": 0.021208962,
    "clp_pen": 0.0038277342,
    "clp_usd": 0.001030184,
    "cop_clp": 0.23242077,
    "cop_cop": 1,
    "cop_crc": 0.12182605,
    "cop_gtq": 0.0018514875,
    "cop_mxn": 0.0049294032,
    "cop_pen": 0.00088964493,
    "cop_usd": 0.00023943617,
    "crc_clp": 1.90780851,
    "crc_cop": 8.20842535,
    "crc_crc": 1,
    "crc_gtq": 0.015197797,
    "crc_mxn": 0.040462638,
    "crc_pen": 0.007302584,
    "crc_usd": 0.0019653939,
    "gtq_clp": 125.53191339,
    "gtq_cop": 540.10626976,
    "gtq_crc": 65.79901099,
    "gtq_gtq": 1,
    "gtq_mxn": 2.66240157,
    "gtq_pen": 0.4805028,
    "gtq_usd": 0.12932097,
    "mxn_clp": 47.14987958,
    "mxn_cop": 202.86431468,
    "mxn_crc": 24.71415723,
    "mxn_gtq": 0.37560074,
    "mxn_mxn": 1,
    "mxn_pen": 0.18047721,
    "mxn_usd": 0.048573054,
    "pen_clp": 261.25115765,
    "pen_cop": 1124.04395357,
    "pen_crc": 136.93782982,
    "pen_gtq": 2.08115331,
    "pen_mxn": 5.54086585,
    "pen_pen": 1,
    "pen_usd": 0.26913677,
    "timestamp": "2025-02-06 19:21:18",
    "usd_clp": 970.70033517,
    "usd_cop": 4176.4784979,
    "usd_crc": 508.80385949,
    "usd_gtq": 7.73269768,
    "usd_mxn": 20.58754643,
    "usd_pen": 3.7155829,
    "usd_usd": 1
}