{
    "clp_clp": 1,
    "clp_cop": 4.35586523,
    "clp_crc": 0.53674732,
    "clp_gtq": 0.0081847356,
    "clp_mxn": 0.021654468,
    "clp_pen": 0.0038991473,
    "clp_usd": 0.0010610771,
    "cop_clp": 0.22831673,
    "cop_cop": 1,
    "cop_crc": 0.12239877,
    "cop_gtq": 0.0018665816,
    "cop_mxn": 0.0049602765,
    "cop_pen": 0.00089175676,
    "cop_usd": 0.000242292,
    "crc_clp": 1.86535157,
    "crc_cop": 8.17001706,
    "crc_crc": 1,
    "crc_gtq": 0.015250003,
    "crc_mxn": 0.040525544,
    "crc_pen": 0.007285668,
    "crc_usd": 0.0019795298,
    "gtq_clp": 122.31810862,
    "gtq_cop": 535.73870462,
    "gtq_crc": 65.57375589,
    "gtq_gtq": 1,
    "gtq_mxn": 2.6574121,
    "gtq_pen": 0.47774861,
    "gtq_usd": 0.1298052,
    "mxn_clp": 46.17984702,
    "mxn_cop": 201.15318985,
    "mxn_crc": 24.78690906,
    "mxn_gtq": 0.37796984,
    "mxn_mxn": 1,
    "mxn_pen": 0.18006203,
    "mxn_usd": 0.049000377,
    "pen_clp": 256.46633053,
    "pen_cop": 1117.1327711,
    "pen_crc": 137.65761523,
    "pen_gtq": 2.0991091,
    "pen_mxn": 5.55364184,
    "pen_pen": 1,
    "pen_usd": 0.27213054,
    "timestamp": "2025-02-27 19:23:55",
    "usd_clp": 942.43861589,
    "usd_cop": 4105.13559567,
    "usd_crc": 505.85140003,
    "usd_gtq": 7.71361085,
    "usd_mxn": 20.40800645,
    "usd_pen": 3.67470698,
    "usd_usd": 1
}