{
    "clp_clp": 1,
    "clp_cop": 4.29299371,
    "clp_crc": 0.50004438,
    "clp_gtq": 0.0076943684,
    "clp_mxn": 0.020569959,
    "clp_pen": 0.0037247563,
    "clp_usd": 0.00099631598,
    "cop_clp": 0.23293768,
    "cop_cop": 1,
    "cop_crc": 0.11647918,
    "cop_gtq": 0.0017923083,
    "cop_mxn": 0.0047915185,
    "cop_pen": 0.00086763609,
    "cop_usd": 0.00023207953,
    "crc_clp": 1.99982249,
    "crc_cop": 8.58522538,
    "crc_crc": 1,
    "crc_gtq": 0.015387371,
    "crc_mxn": 0.041136266,
    "crc_pen": 0.0074488514,
    "crc_usd": 0.0019924551,
    "gtq_clp": 129.96518388,
    "gtq_cop": 557.93971728,
    "gtq_crc": 64.98835996,
    "gtq_gtq": 1,
    "gtq_mxn": 2.67337845,
    "gtq_pen": 0.48408863,
    "gtq_usd": 0.12948639,
    "mxn_clp": 48.61458499,
    "mxn_cop": 208.70210772,
    "mxn_crc": 24.30945007,
    "mxn_gtq": 0.37405853,
    "mxn_mxn": 1,
    "mxn_pen": 0.18107748,
    "mxn_usd": 0.048435488,
    "pen_clp": 268.47394178,
    "pen_cop": 1152.55694405,
    "pen_crc": 134.2488861,
    "pen_gtq": 2.06573741,
    "pen_mxn": 5.52249786,
    "pen_pen": 1,
    "pen_usd": 0.26748488,
    "timestamp": "2025-01-22 19:19:49",
    "usd_clp": 1003.69764483,
    "usd_cop": 4308.86767866,
    "usd_crc": 501.89336779,
    "usd_gtq": 7.72281941,
    "usd_mxn": 20.64601899,
    "usd_pen": 3.7385291,
    "usd_usd": 1
}