{
    "clp_clp": 1,
    "clp_cop": 3.90008856,
    "clp_crc": 0.50338412,
    "clp_gtq": 0.0083123246,
    "clp_mxn": 0.019024038,
    "clp_pen": 0.0037238972,
    "clp_usd": 0.0010906949,
    "cop_clp": 0.25640443,
    "cop_cop": 1,
    "cop_crc": 0.12906992,
    "cop_gtq": 0.0021313169,
    "cop_mxn": 0.0048778477,
    "cop_pen": 0.00095482376,
    "cop_usd": 0.00027965901,
    "crc_clp": 1.98655452,
    "crc_cop": 7.74773856,
    "crc_crc": 1,
    "crc_gtq": 0.016512886,
    "crc_mxn": 0.037792289,
    "crc_pen": 0.0073977248,
    "crc_usd": 0.0021667249,
    "gtq_clp": 120.30328999,
    "gtq_cop": 469.19348515,
    "gtq_crc": 60.55876587,
    "gtq_gtq": 1,
    "gtq_mxn": 2.28865438,
    "gtq_pen": 0.44799709,
    "gtq_usd": 0.13121419,
    "mxn_clp": 52.56507532,
    "mxn_cop": 205.00844897,
    "mxn_crc": 26.46042423,
    "mxn_gtq": 0.43693797,
    "mxn_mxn": 1,
    "mxn_pen": 0.19574694,
    "mxn_usd": 0.057332461,
    "pen_clp": 268.53587629,
    "pen_cop": 1047.31369935,
    "pen_crc": 135.176696,
    "pen_gtq": 2.23215738,
    "pen_mxn": 5.10863676,
    "pen_pen": 1,
    "pen_usd": 0.29289072,
    "timestamp": "2026-06-10 22:07:05",
    "usd_clp": 916.84666293,
    "usd_cop": 3575.78318235,
    "usd_crc": 461.52605136,
    "usd_gtq": 7.62112709,
    "usd_mxn": 17.44212592,
    "usd_pen": 3.41424273,
    "usd_usd": 1
}