{
    "clp_clp": 1,
    "clp_cop": 4.06087186,
    "clp_crc": 0.54122445,
    "clp_gtq": 0.0082775825,
    "clp_mxn": 0.01977884,
    "clp_pen": 0.0036377866,
    "clp_usd": 0.0010805093,
    "cop_clp": 0.24625254,
    "cop_cop": 1,
    "cop_crc": 0.13327789,
    "cop_gtq": 0.0020383757,
    "cop_mxn": 0.0048705896,
    "cop_pen": 0.00089581417,
    "cop_usd": 0.00026607816,
    "crc_clp": 1.85420752,
    "crc_cop": 7.47645079,
    "crc_crc": 1,
    "crc_gtq": 0.015283543,
    "crc_mxn": 0.036512736,
    "crc_pen": 0.0067210616,
    "crc_usd": 0.0019942611,
    "gtq_clp": 121.32052731,
    "gtq_cop": 489.18308224,
    "gtq_crc": 65.42985385,
    "gtq_gtq": 1,
    "gtq_mxn": 2.38902295,
    "gtq_pen": 0.43975808,
    "gtq_usd": 0.13048421,
    "mxn_clp": 50.55908195,
    "mxn_cop": 205.3139534,
    "mxn_crc": 27.36381147,
    "mxn_gtq": 0.41850697,
    "mxn_mxn": 1,
    "mxn_pen": 0.18392315,
    "mxn_usd": 0.054629559,
    "pen_clp": 274.8924331,
    "pen_cop": 1116.30294731,
    "pen_crc": 148.7785067,
    "pen_gtq": 2.2754448,
    "pen_mxn": 5.43705349,
    "pen_pen": 1,
    "pen_usd": 0.29702383,
    "timestamp": "2025-11-15 06:38:18",
    "usd_clp": 925.48947698,
    "usd_cop": 3758.2941779,
    "usd_crc": 500.89753582,
    "usd_gtq": 7.66081553,
    "usd_mxn": 18.30510842,
    "usd_pen": 3.36673319,
    "usd_usd": 1
}