{
    "clp_clp": 1,
    "clp_cop": 4.11291695,
    "clp_crc": 0.52836479,
    "clp_gtq": 0.0080585879,
    "clp_mxn": 0.019411939,
    "clp_pen": 0.0035752666,
    "clp_usd": 0.0010523274,
    "cop_clp": 0.24313644,
    "cop_cop": 1,
    "cop_crc": 0.12846474,
    "cop_gtq": 0.0019593364,
    "cop_mxn": 0.0047197498,
    "cop_pen": 0.00086927761,
    "cop_usd": 0.00025585915,
    "crc_clp": 1.89263178,
    "crc_cop": 7.78423735,
    "crc_crc": 1,
    "crc_gtq": 0.01525194,
    "crc_mxn": 0.036739652,
    "crc_pen": 0.0067666632,
    "crc_usd": 0.0019916684,
    "gtq_clp": 124.09121914,
    "gtq_cop": 510.37687893,
    "gtq_crc": 65.56543128,
    "gtq_gtq": 1,
    "gtq_mxn": 2.40885116,
    "gtq_pen": 0.44365919,
    "gtq_usd": 0.1305846,
    "mxn_clp": 51.5146894,
    "mxn_cop": 211.87563938,
    "mxn_crc": 27.21854819,
    "mxn_gtq": 0.41513565,
    "mxn_mxn": 1,
    "mxn_pen": 0.18417875,
    "mxn_usd": 0.054210321,
    "pen_clp": 279.69942117,
    "pen_cop": 1150.38049108,
    "pen_crc": 147.7833267,
    "pen_gtq": 2.25398238,
    "pen_mxn": 5.42950806,
    "pen_pen": 1,
    "pen_usd": 0.29433538,
    "timestamp": "2025-10-23 06:43:43",
    "usd_clp": 950.27456172,
    "usd_cop": 3908.40035496,
    "usd_crc": 502.09162185,
    "usd_gtq": 7.65787111,
    "usd_mxn": 18.44667167,
    "usd_pen": 3.39748491,
    "usd_usd": 1
}