{
    "clp_clp": 1,
    "clp_cop": 4.52941681,
    "clp_crc": 0.56705792,
    "clp_gtq": 0.0084446288,
    "clp_mxn": 0.021638928,
    "clp_pen": 0.0041175066,
    "clp_usd": 0.0010920538,
    "cop_clp": 0.22077897,
    "cop_cop": 1,
    "cop_crc": 0.12519447,
    "cop_gtq": 0.0018643965,
    "cop_mxn": 0.0047774204,
    "cop_pen": 0.00090905889,
    "cop_usd": 0.00024110252,
    "crc_clp": 1.76348829,
    "crc_cop": 7.98757353,
    "crc_crc": 1,
    "crc_gtq": 0.014892004,
    "crc_mxn": 0.038159997,
    "crc_pen": 0.0072611747,
    "crc_usd": 0.0019258241,
    "gtq_clp": 118.41846675,
    "gtq_cop": 536.36659439,
    "gtq_crc": 67.15012917,
    "gtq_gtq": 1,
    "gtq_mxn": 2.5624487,
    "gtq_pen": 0.48758882,
    "gtq_usd": 0.12931934,
    "mxn_clp": 46.21300979,
    "mxn_cop": 209.31798358,
    "mxn_crc": 26.2054531,
    "mxn_gtq": 0.39025172,
    "mxn_mxn": 1,
    "mxn_pen": 0.19028237,
    "mxn_usd": 0.050467094,
    "pen_clp": 242.86542728,
    "pen_cop": 1100.03874985,
    "pen_crc": 137.71876347,
    "pen_gtq": 2.05090839,
    "pen_mxn": 5.25534754,
    "pen_pen": 1,
    "pen_usd": 0.26522212,
    "timestamp": "2024-09-03 19:17:00",
    "usd_clp": 915.7057819,
    "usd_cop": 4147.61316516,
    "usd_crc": 519.25821388,
    "usd_gtq": 7.73279546,
    "usd_mxn": 19.81489165,
    "usd_pen": 3.7704246,
    "usd_usd": 1
}