{
    "clp_clp": 1,
    "clp_cop": 4.06434316,
    "clp_crc": 0.52482441,
    "clp_gtq": 0.0079678587,
    "clp_mxn": 0.019105182,
    "clp_pen": 0.0036347605,
    "clp_usd": 0.0010415925,
    "cop_clp": 0.24604222,
    "cop_cop": 1,
    "cop_crc": 0.12912896,
    "cop_gtq": 0.0019604296,
    "cop_mxn": 0.0047006812,
    "cop_pen": 0.00089430454,
    "cop_usd": 0.00025627572,
    "crc_clp": 1.90539919,
    "crc_cop": 7.74419616,
    "crc_crc": 1,
    "crc_gtq": 0.015181952,
    "crc_mxn": 0.036402998,
    "crc_pen": 0.0069256698,
    "crc_usd": 0.0019846494,
    "gtq_clp": 125.50423344,
    "gtq_cop": 510.09227315,
    "gtq_crc": 65.86768497,
    "gtq_gtq": 1,
    "gtq_mxn": 2.39778118,
    "gtq_pen": 0.45617784,
    "gtq_usd": 0.13072426,
    "mxn_clp": 52.34182096,
    "mxn_cop": 212.73512219,
    "mxn_crc": 27.47026518,
    "mxn_gtq": 0.41705223,
    "mxn_mxn": 1,
    "mxn_pen": 0.19024999,
    "mxn_usd": 0.054518846,
    "pen_clp": 275.12128739,
    "pen_cop": 1118.18732347,
    "pen_crc": 144.39036668,
    "pen_gtq": 2.19212755,
    "pen_mxn": 5.25624218,
    "pen_pen": 1,
    "pen_usd": 0.28656426,
    "timestamp": "2025-09-29 06:42:55",
    "usd_clp": 960.06839747,
    "usd_cop": 3902.04742752,
    "usd_crc": 503.86732798,
    "usd_gtq": 7.64968935,
    "usd_mxn": 18.34228118,
    "usd_pen": 3.48961873,
    "usd_usd": 1
}