{
    "clp_clp": 1,
    "clp_cop": 3.98942978,
    "clp_crc": 0.50522848,
    "clp_gtq": 0.0083137921,
    "clp_mxn": 0.019407519,
    "clp_pen": 0.0037534869,
    "clp_usd": 0.0010871468,
    "cop_clp": 0.25066239,
    "cop_cop": 1,
    "cop_crc": 0.12664178,
    "cop_gtq": 0.002083955,
    "cop_mxn": 0.0048647352,
    "cop_pen": 0.00094085799,
    "cop_usd": 0.00027250681,
    "crc_clp": 1.97930253,
    "crc_cop": 7.89628844,
    "crc_crc": 1,
    "crc_gtq": 0.01645551,
    "crc_mxn": 0.038413352,
    "crc_pen": 0.0074292861,
    "crc_usd": 0.0021517924,
    "gtq_clp": 120.28205451,
    "gtq_cop": 479.8568099,
    "gtq_crc": 60.76991912,
    "gtq_gtq": 1,
    "gtq_mxn": 2.33437632,
    "gtq_pen": 0.45147711,
    "gtq_usd": 0.13076425,
    "mxn_clp": 51.52641998,
    "mxn_cop": 205.56103416,
    "mxn_crc": 26.03261465,
    "mxn_gtq": 0.42837995,
    "mxn_mxn": 1,
    "mxn_pen": 0.19340374,
    "mxn_usd": 0.056016782,
    "pen_clp": 266.41894049,
    "pen_cop": 1062.85965432,
    "pen_crc": 134.60243535,
    "pen_gtq": 2.21495169,
    "pen_mxn": 5.17053078,
    "pen_pen": 1,
    "pen_usd": 0.28963649,
    "timestamp": "2026-04-06 20:35:05",
    "usd_clp": 919.83899109,
    "usd_cop": 3669.63306106,
    "usd_crc": 464.72885189,
    "usd_gtq": 7.64735018,
    "usd_mxn": 17.85179315,
    "usd_pen": 3.45260359,
    "usd_usd": 1
}