{
    "clp_clp": 1,
    "clp_cop": 4.09953229,
    "clp_crc": 0.5207986,
    "clp_gtq": 0.0078878982,
    "clp_mxn": 0.019251727,
    "clp_pen": 0.0036283316,
    "clp_usd": 0.0010285574,
    "cop_clp": 0.24393027,
    "cop_cop": 1,
    "cop_crc": 0.12703854,
    "cop_gtq": 0.0019240971,
    "cop_mxn": 0.004696079,
    "cop_pen": 0.00088505989,
    "cop_usd": 0.00025089629,
    "crc_clp": 1.92012805,
    "crc_cop": 7.87162692,
    "crc_crc": 1,
    "crc_gtq": 0.015145775,
    "crc_mxn": 0.036965782,
    "crc_pen": 0.0069668613,
    "crc_usd": 0.001974962,
    "gtq_clp": 126.7764838,
    "gtq_cop": 519.72428859,
    "gtq_crc": 66.02501542,
    "gtq_gtq": 1,
    "gtq_mxn": 2.4406663,
    "gtq_pen": 0.45998712,
    "gtq_usd": 0.13039689,
    "mxn_clp": 51.6017375,
    "mxn_cop": 211.58737883,
    "mxn_crc": 27.05181371,
    "mxn_gtq": 0.40980258,
    "mxn_mxn": 1,
    "mxn_pen": 0.18814348,
    "mxn_usd": 0.053426344,
    "pen_clp": 274.26801272,
    "pen_cop": 1124.60650983,
    "pen_crc": 143.78289468,
    "pen_gtq": 2.17813866,
    "pen_mxn": 5.31509259,
    "pen_pen": 1,
    "pen_usd": 0.28396596,
    "timestamp": "2025-09-06 06:34:48",
    "usd_clp": 965.84819573,
    "usd_cop": 3960.35672428,
    "usd_crc": 506.33848267,
    "usd_gtq": 7.67042161,
    "usd_mxn": 18.71735803,
    "usd_pen": 3.52154882,
    "usd_usd": 1
}