{
    "clp_clp": 1,
    "clp_cop": 4.46782393,
    "clp_crc": 0.53752398,
    "clp_gtq": 0.0082944485,
    "clp_mxn": 0.021773885,
    "clp_pen": 0.0039140886,
    "clp_usd": 0.0010764271,
    "cop_clp": 0.22382261,
    "cop_cop": 1,
    "cop_crc": 0.12031002,
    "cop_gtq": 0.0018564851,
    "cop_mxn": 0.0048734878,
    "cop_pen": 0.00087606151,
    "cop_usd": 0.00024092872,
    "crc_clp": 1.86038213,
    "crc_cop": 8.31185979,
    "crc_crc": 1,
    "crc_gtq": 0.015430844,
    "crc_mxn": 0.040507747,
    "crc_pen": 0.0072817004,
    "crc_usd": 0.0020025658,
    "gtq_clp": 120.56256652,
    "gtq_cop": 538.65231926,
    "gtq_crc": 64.80527018,
    "gtq_gtq": 1,
    "gtq_mxn": 2.62511552,
    "gtq_pen": 0.47189256,
    "gtq_usd": 0.12977681,
    "mxn_clp": 45.92657572,
    "mxn_cop": 205.19185383,
    "mxn_crc": 24.68663561,
    "mxn_gtq": 0.38093562,
    "mxn_mxn": 1,
    "mxn_pen": 0.17976068,
    "mxn_usd": 0.049436611,
    "pen_clp": 256.82828834,
    "pen_cop": 1151.10984009,
    "pen_crc": 137.93892201,
    "pen_gtq": 2.12591207,
    "pen_mxn": 5.59769991,
    "pen_pen": 1,
    "pen_usd": 0.27657719,
    "timestamp": "2025-03-24 19:35:51",
    "usd_clp": 928.99927444,
    "usd_cop": 4150.60518559,
    "usd_crc": 499.35938427,
    "usd_gtq": 7.70553665,
    "usd_mxn": 20.22792381,
    "usd_pen": 3.63618543,
    "usd_usd": 1
}