{
    "clp_clp": 1,
    "clp_cop": 4.23867557,
    "clp_crc": 0.54763909,
    "clp_gtq": 0.0084053251,
    "clp_mxn": 0.01974676,
    "clp_pen": 0.0036952712,
    "clp_usd": 0.0010974612,
    "cop_clp": 0.23743417,
    "cop_cop": 1,
    "cop_crc": 0.12890085,
    "cop_gtq": 0.0019808815,
    "cop_mxn": 0.0046595772,
    "cop_pen": 0.00087092428,
    "cop_usd": 0.00025869712,
    "crc_clp": 1.82602013,
    "crc_cop": 7.73990693,
    "crc_crc": 1,
    "crc_gtq": 0.015348293,
    "crc_mxn": 0.036057981,
    "crc_pen": 0.0067476396,
    "crc_usd": 0.0020039863,
    "gtq_clp": 118.9721973,
    "gtq_cop": 504.28454668,
    "gtq_crc": 65.15382568,
    "gtq_gtq": 1,
    "gtq_mxn": 2.34931543,
    "gtq_pen": 0.43963454,
    "gtq_usd": 0.13056738,
    "mxn_clp": 50.64121895,
    "mxn_cop": 214.65169781,
    "mxn_crc": 27.73311099,
    "mxn_gtq": 0.42565591,
    "mxn_mxn": 1,
    "mxn_pen": 0.18713304,
    "mxn_usd": 0.055576775,
    "pen_clp": 270.61613039,
    "pen_cop": 1147.05398181,
    "pen_crc": 148.19997096,
    "pen_gtq": 2.27461656,
    "pen_mxn": 5.3437918,
    "pen_pen": 1,
    "pen_usd": 0.29699071,
    "timestamp": "2025-12-19 06:44:48",
    "usd_clp": 911.19390983,
    "usd_cop": 3862.25536879,
    "usd_crc": 499.00540218,
    "usd_gtq": 7.65888107,
    "usd_mxn": 17.99312751,
    "usd_pen": 3.36710864,
    "usd_usd": 1
}