{
    "clp_clp": 1,
    "clp_cop": 4.24981696,
    "clp_crc": 0.57647869,
    "clp_gtq": 0.0089293033,
    "clp_mxn": 0.020133138,
    "clp_pen": 0.0038968981,
    "clp_usd": 0.0011640167,
    "cop_clp": 0.23530425,
    "cop_cop": 1,
    "cop_crc": 0.13564789,
    "cop_gtq": 0.002101103,
    "cop_mxn": 0.0047374129,
    "cop_pen": 0.00091695669,
    "cop_usd": 0.00027389808,
    "crc_clp": 1.73466951,
    "crc_cop": 7.37202792,
    "crc_crc": 1,
    "crc_gtq": 0.01548939,
    "crc_mxn": 0.03492434,
    "crc_pen": 0.0067598303,
    "crc_usd": 0.0020191843,
    "gtq_clp": 111.99081985,
    "gtq_cop": 475.94048601,
    "gtq_crc": 64.56032063,
    "gtq_gtq": 1,
    "gtq_mxn": 2.2547266,
    "gtq_pen": 0.43641681,
    "gtq_usd": 0.13035918,
    "mxn_clp": 49.6693567,
    "mxn_cop": 211.08567468,
    "mxn_crc": 28.63332546,
    "mxn_gtq": 0.44351275,
    "mxn_mxn": 1,
    "mxn_pen": 0.19355642,
    "mxn_usd": 0.05781596,
    "pen_clp": 256.61435788,
    "pen_cop": 1090.56405127,
    "pen_crc": 147.93270774,
    "pen_gtq": 2.29138744,
    "pen_mxn": 5.16645221,
    "pen_pen": 1,
    "pen_usd": 0.29870339,
    "timestamp": "2026-01-30 06:59:36",
    "usd_clp": 859.09421317,
    "usd_cop": 3650.99316064,
    "usd_crc": 495.24950282,
    "usd_gtq": 7.67111281,
    "usd_mxn": 17.29626213,
    "usd_pen": 3.34780259,
    "usd_usd": 1
}