{
    "clp_clp": 1,
    "clp_cop": 4.20628926,
    "clp_crc": 0.56779662,
    "clp_gtq": 0.0087750643,
    "clp_mxn": 0.019989965,
    "clp_pen": 0.0038544486,
    "clp_usd": 0.0011445383,
    "cop_clp": 0.23773924,
    "cop_cop": 1,
    "cop_crc": 0.13498754,
    "cop_gtq": 0.0020861771,
    "cop_mxn": 0.004752399,
    "cop_pen": 0.00091635366,
    "cop_usd": 0.00027210165,
    "crc_clp": 1.76119398,
    "crc_cop": 7.40809134,
    "crc_crc": 1,
    "crc_gtq": 0.01545459,
    "crc_mxn": 0.035206206,
    "crc_pen": 0.0067884316,
    "crc_usd": 0.0020157539,
    "gtq_clp": 113.95927941,
    "gtq_cop": 479.34569299,
    "gtq_crc": 64.70569421,
    "gtq_gtq": 1,
    "gtq_mxn": 2.27804199,
    "gtq_pen": 0.43925018,
    "gtq_usd": 0.13043075,
    "mxn_clp": 50.02510048,
    "mxn_cop": 210.42004287,
    "mxn_crc": 28.40408321,
    "mxn_gtq": 0.43897347,
    "mxn_mxn": 1,
    "mxn_pen": 0.19281918,
    "mxn_usd": 0.057255641,
    "pen_clp": 259.44048311,
    "pen_cop": 1091.28171758,
    "pen_crc": 147.30943065,
    "pen_gtq": 2.27660691,
    "pen_mxn": 5.18620614,
    "pen_pen": 1,
    "pen_usd": 0.29693956,
    "timestamp": "2026-02-01 20:25:27",
    "usd_clp": 873.71478845,
    "usd_cop": 3675.09713051,
    "usd_crc": 496.09230794,
    "usd_gtq": 7.66690341,
    "usd_mxn": 17.4655279,
    "usd_pen": 3.36768872,
    "usd_usd": 1
}