{
    "clp_clp": 1,
    "clp_cop": 4.2516712,
    "clp_crc": 0.57402888,
    "clp_gtq": 0.0088872854,
    "clp_mxn": 0.019891093,
    "clp_pen": 0.0038748227,
    "clp_usd": 0.0011583661,
    "cop_clp": 0.23520163,
    "cop_cop": 1,
    "cop_crc": 0.13501253,
    "cop_gtq": 0.002090304,
    "cop_mxn": 0.0046784175,
    "cop_pen": 0.00091136461,
    "cop_usd": 0.00027244959,
    "crc_clp": 1.72921698,
    "crc_cop": 7.32916993,
    "crc_crc": 1,
    "crc_gtq": 0.015431969,
    "crc_mxn": 0.034601406,
    "crc_pen": 0.0067230961,
    "crc_usd": 0.0020117957,
    "gtq_clp": 112.05420515,
    "gtq_cop": 474.93421507,
    "gtq_crc": 64.8005463,
    "gtq_gtq": 1,
    "gtq_mxn": 2.24218999,
    "gtq_pen": 0.4356603,
    "gtq_usd": 0.13036546,
    "mxn_clp": 50.2737581,
    "mxn_cop": 213.74748933,
    "mxn_crc": 28.85858883,
    "mxn_gtq": 0.44679723,
    "mxn_mxn": 1,
    "mxn_pen": 0.1948019,
    "mxn_usd": 0.058235416,
    "pen_clp": 257.20545555,
    "pen_cop": 1090.14803125,
    "pen_crc": 148.74099555,
    "pen_gtq": 2.29536638,
    "pen_mxn": 5.14664753,
    "pen_pen": 1,
    "pen_usd": 0.29923649,
    "timestamp": "2026-01-29 20:09:41",
    "usd_clp": 863.28494982,
    "usd_cop": 3670.403757,
    "usd_crc": 495.55048907,
    "usd_gtq": 7.6722597,
    "usd_mxn": 17.17168126,
    "usd_pen": 3.34507608,
    "usd_usd": 1
}