{
    "clp_clp": 1,
    "clp_cop": 4.36712685,
    "clp_crc": 0.56524307,
    "clp_gtq": 0.0082916102,
    "clp_mxn": 0.019324063,
    "clp_pen": 0.0040580678,
    "clp_usd": 0.0010687291,
    "cop_clp": 0.2289835,
    "cop_cop": 1,
    "cop_crc": 0.12943134,
    "cop_gtq": 0.0018986419,
    "cop_mxn": 0.0044248915,
    "cop_pen": 0.00092923058,
    "cop_usd": 0.00024472132,
    "crc_clp": 1.76915038,
    "crc_cop": 7.72610413,
    "crc_crc": 1,
    "crc_gtq": 0.014669105,
    "crc_mxn": 0.034187173,
    "crc_pen": 0.0071793322,
    "crc_usd": 0.0018907424,
    "gtq_clp": 120.60383606,
    "gtq_cop": 526.69225122,
    "gtq_crc": 68.17048314,
    "gtq_gtq": 1,
    "gtq_mxn": 2.33055607,
    "gtq_pen": 0.48941855,
    "gtq_usd": 0.12889282,
    "mxn_clp": 51.74895277,
    "mxn_cop": 225.99424134,
    "mxn_crc": 29.25073719,
    "mxn_gtq": 0.42908215,
    "mxn_mxn": 1,
    "mxn_pen": 0.21000076,
    "mxn_usd": 0.05530561,
    "pen_clp": 246.83437966,
    "pen_cop": 1077.04715532,
    "pen_crc": 139.79224045,
    "pen_gtq": 2.04447837,
    "pen_mxn": 4.76921969,
    "pen_pen": 1,
    "pen_usd": 0.26335943,
    "timestamp": "2024-07-08 06:31:29",
    "usd_clp": 937.25284803,
    "usd_cop": 4089.6471358,
    "usd_crc": 530.8039977,
    "usd_gtq": 7.76307247,
    "usd_mxn": 18.10916593,
    "usd_pen": 3.797092,
    "usd_usd": 1
}