{
    "clp_clp": 1,
    "clp_cop": 4.34977644,
    "clp_crc": 0.58056803,
    "clp_gtq": 0.008506274,
    "clp_mxn": 0.019543436,
    "clp_pen": 0.004146525,
    "clp_usd": 0.001095854,
    "cop_clp": 0.22989687,
    "cop_cop": 1,
    "cop_crc": 0.13347077,
    "cop_gtq": 0.0019555658,
    "cop_mxn": 0.0044929749,
    "cop_pen": 0.00095327314,
    "cop_usd": 0.0002519334,
    "crc_clp": 1.75910799,
    "crc_cop": 7.55055321,
    "crc_crc": 1,
    "crc_gtq": 0.014611463,
    "crc_mxn": 0.033686394,
    "crc_pen": 0.007127272,
    "crc_usd": 0.0018825988,
    "gtq_clp": 120.39232403,
    "gtq_cop": 516.75545269,
    "gtq_crc": 68.4394161,
    "gtq_gtq": 1,
    "gtq_mxn": 2.30547713,
    "gtq_pen": 0.48778634,
    "gtq_usd": 0.12884397,
    "mxn_clp": 51.16807457,
    "mxn_cop": 222.56968507,
    "mxn_crc": 29.70654802,
    "mxn_gtq": 0.43524966,
    "mxn_mxn": 1,
    "mxn_pen": 0.2121697,
    "mxn_usd": 0.056072738,
    "pen_clp": 246.81364601,
    "pen_cop": 1059.38894698,
    "pen_crc": 140.30613625,
    "pen_gtq": 2.05007793,
    "pen_mxn": 4.72640778,
    "pen_pen": 1,
    "pen_usd": 0.26414017,
    "timestamp": "2024-07-11 06:30:49",
    "usd_clp": 934.40405525,
    "usd_cop": 4010.70744725,
    "usd_crc": 531.18060856,
    "usd_gtq": 7.76132584,
    "usd_mxn": 17.89355925,
    "usd_pen": 3.78586869,
    "usd_usd": 1
}