{
    "clp_clp": 1,
    "clp_cop": 4.0799032,
    "clp_crc": 0.54669506,
    "clp_gtq": 0.0084553808,
    "clp_mxn": 0.019748754,
    "clp_pen": 0.0037167544,
    "clp_usd": 0.0011036132,
    "cop_clp": 0.24422254,
    "cop_cop": 1,
    "cop_crc": 0.13416474,
    "cop_gtq": 0.0020656911,
    "cop_mxn": 0.0048279443,
    "cop_pen": 0.00090789563,
    "cop_usd": 0.00026956912,
    "crc_clp": 1.82917328,
    "crc_cop": 7.46284991,
    "crc_crc": 1,
    "crc_gtq": 0.015466357,
    "crc_mxn": 0.036123893,
    "crc_pen": 0.0067985878,
    "crc_usd": 0.0020186998,
    "gtq_clp": 118.22800514,
    "gtq_cop": 484.09947585,
    "gtq_crc": 64.94907871,
    "gtq_gtq": 1,
    "gtq_mxn": 2.33720529,
    "gtq_pen": 0.4395118,
    "gtq_usd": 0.13049827,
    "mxn_clp": 50.58520351,
    "mxn_cop": 207.12749466,
    "mxn_crc": 27.78920578,
    "mxn_gtq": 0.42786143,
    "mxn_mxn": 1,
    "mxn_pen": 0.18805015,
    "mxn_usd": 0.055835177,
    "pen_clp": 268.99847742,
    "pen_cop": 1101.44818709,
    "pen_crc": 147.77550601,
    "pen_gtq": 2.27525177,
    "pen_mxn": 5.31773046,
    "pen_pen": 1,
    "pen_usd": 0.29691642,
    "timestamp": "2025-12-29 06:49:06",
    "usd_clp": 906.11454675,
    "usd_cop": 3696.85963703,
    "usd_crc": 495.36834849,
    "usd_gtq": 7.66154353,
    "usd_mxn": 17.89463345,
    "usd_pen": 3.36780522,
    "usd_usd": 1
}