{
    "clp_clp": 1,
    "clp_cop": 4.51100687,
    "clp_crc": 0.53948036,
    "clp_gtq": 0.0083227009,
    "clp_mxn": 0.021756591,
    "clp_pen": 0.0039141608,
    "clp_usd": 0.0010801412,
    "cop_clp": 0.22068083,
    "cop_cop": 1,
    "cop_crc": 0.11994128,
    "cop_gtq": 0.0018538541,
    "cop_mxn": 0.0048236388,
    "cop_pen": 0.00087436347,
    "cop_usd": 0.0002406163,
    "crc_clp": 1.85363559,
    "crc_cop": 8.36176289,
    "crc_crc": 1,
    "crc_gtq": 0.015427255,
    "crc_mxn": 0.040328791,
    "crc_pen": 0.0072554278,
    "crc_usd": 0.0020021883,
    "gtq_clp": 120.15330252,
    "gtq_cop": 542.01237313,
    "gtq_crc": 64.82034709,
    "gtq_gtq": 1,
    "gtq_mxn": 2.61412626,
    "gtq_pen": 0.47029935,
    "gtq_usd": 0.12978254,
    "mxn_clp": 45.96308305,
    "mxn_cop": 207.33978341,
    "mxn_crc": 24.79618067,
    "mxn_gtq": 0.38253699,
    "mxn_mxn": 1,
    "mxn_pen": 0.1799069,
    "mxn_usd": 0.049646622,
    "pen_clp": 255.48260417,
    "pen_cop": 1152.48378261,
    "pen_crc": 137.82784769,
    "pen_gtq": 2.1263053,
    "pen_mxn": 5.55843053,
    "pen_pen": 1,
    "pen_usd": 0.2759573,
    "timestamp": "2025-03-21 06:37:08",
    "usd_clp": 925.80484794,
    "usd_cop": 4176.31202943,
    "usd_crc": 499.45353416,
    "usd_gtq": 7.70519685,
    "usd_mxn": 20.14235744,
    "usd_pen": 3.62374906,
    "usd_usd": 1
}