{
    "clp_clp": 1,
    "clp_cop": 4.27530869,
    "clp_crc": 0.55151881,
    "clp_gtq": 0.0088655985,
    "clp_mxn": 0.019797952,
    "clp_pen": 0.003885245,
    "clp_usd": 0.0011555806,
    "cop_clp": 0.23390124,
    "cop_cop": 1,
    "cop_crc": 0.12900093,
    "cop_gtq": 0.0020736745,
    "cop_mxn": 0.0046307654,
    "cop_pen": 0.00090876361,
    "cop_usd": 0.00027029174,
    "crc_clp": 1.81317478,
    "crc_cop": 7.75188191,
    "crc_crc": 1,
    "crc_gtq": 0.01607488,
    "crc_mxn": 0.035897147,
    "crc_pen": 0.0070446282,
    "crc_usd": 0.0020952697,
    "gtq_clp": 112.79554297,
    "gtq_cop": 482.23576555,
    "gtq_crc": 62.20886371,
    "gtq_gtq": 1,
    "gtq_mxn": 2.23312072,
    "gtq_pen": 0.43823831,
    "gtq_usd": 0.13034434,
    "mxn_clp": 50.51027568,
    "mxn_cop": 215.94702076,
    "mxn_crc": 27.85736717,
    "mxn_gtq": 0.44780383,
    "mxn_mxn": 1,
    "mxn_pen": 0.19624479,
    "mxn_usd": 0.058368696,
    "pen_clp": 257.3840286,
    "pen_cop": 1100.39617532,
    "pen_crc": 141.95213336,
    "pen_gtq": 2.28186347,
    "pen_mxn": 5.09567658,
    "pen_pen": 1,
    "pen_usd": 0.297428,
    "timestamp": "2026-02-21 06:51:41",
    "usd_clp": 865.36584018,
    "usd_cop": 3699.70610046,
    "usd_crc": 477.26553904,
    "usd_gtq": 7.67198612,
    "usd_mxn": 17.13247114,
    "usd_pen": 3.36215827,
    "usd_usd": 1
}