{
    "clp_clp": 1,
    "clp_cop": 4.38402804,
    "clp_crc": 0.53539413,
    "clp_gtq": 0.0082142434,
    "clp_mxn": 0.021725179,
    "clp_pen": 0.0038936816,
    "clp_usd": 0.0010655585,
    "cop_clp": 0.22853661,
    "cop_cop": 1,
    "cop_crc": 0.12166229,
    "cop_gtq": 0.001859193,
    "cop_mxn": 0.0049695441,
    "cop_pen": 0.00088643924,
    "cop_usd": 0.00024113161,
    "crc_clp": 1.86778289,
    "crc_cop": 8.18841257,
    "crc_crc": 1,
    "crc_gtq": 0.015342423,
    "crc_mxn": 0.040577918,
    "crc_pen": 0.0072725518,
    "crc_usd": 0.0019902319,
    "gtq_clp": 121.73975771,
    "gtq_cop": 533.71051116,
    "gtq_crc": 65.1787519,
    "gtq_gtq": 1,
    "gtq_mxn": 2.64481808,
    "gtq_pen": 0.47401585,
    "gtq_usd": 0.12972083,
    "mxn_clp": 46.02953936,
    "mxn_cop": 201.79479111,
    "mxn_crc": 24.64394527,
    "mxn_gtq": 0.37809784,
    "mxn_mxn": 1,
    "mxn_pen": 0.17922437,
    "mxn_usd": 0.049047166,
    "pen_clp": 256.826344,
    "pen_cop": 1125.93389299,
    "pen_crc": 137.5033175,
    "pen_gtq": 2.1096341,
    "pen_mxn": 5.5795984,
    "pen_pen": 1,
    "pen_usd": 0.27366349,
    "timestamp": "2025-03-06 06:37:27",
    "usd_clp": 938.47500982,
    "usd_cop": 4114.30075607,
    "usd_crc": 502.45401321,
    "usd_gtq": 7.70886215,
    "usd_mxn": 20.38853795,
    "usd_pen": 3.65412284,
    "usd_usd": 1
}