{
    "clp_clp": 1,
    "clp_cop": 4.05598859,
    "clp_crc": 0.50658984,
    "clp_gtq": 0.0085054008,
    "clp_mxn": 0.019285557,
    "clp_pen": 0.003800635,
    "clp_usd": 0.0011160062,
    "cop_clp": 0.24375688,
    "cop_cop": 1,
    "cop_crc": 0.12341803,
    "cop_gtq": 0.0020784008,
    "cop_mxn": 0.0047143084,
    "cop_pen": 0.00092852501,
    "cop_usd": 0.0002725738,
    "crc_clp": 1.97505073,
    "crc_cop": 8.10254358,
    "crc_crc": 1,
    "crc_gtq": 0.016840333,
    "crc_mxn": 0.038197889,
    "crc_pen": 0.0075234144,
    "crc_usd": 0.0022085411,
    "gtq_clp": 117.57235449,
    "gtq_cop": 476.87212879,
    "gtq_crc": 59.5609597,
    "gtq_gtq": 1,
    "gtq_mxn": 2.26744833,
    "gtq_pen": 0.4468496,
    "gtq_usd": 0.13121148,
    "mxn_clp": 51.85227499,
    "mxn_cop": 210.31223595,
    "mxn_crc": 26.26783545,
    "mxn_gtq": 0.44102438,
    "mxn_mxn": 1,
    "mxn_pen": 0.19707157,
    "mxn_usd": 0.057867461,
    "pen_clp": 262.52053026,
    "pen_cop": 1076.9769141,
    "pen_crc": 132.91837361,
    "pen_gtq": 2.23838969,
    "pen_mxn": 5.07720131,
    "pen_pen": 1,
    "pen_usd": 0.29355569,
    "timestamp": "2026-05-27 09:48:05",
    "usd_clp": 896.05236134,
    "usd_cop": 3634.37815726,
    "usd_crc": 453.93101815,
    "usd_gtq": 7.62128449,
    "usd_mxn": 17.2808688,
    "usd_pen": 3.40556796,
    "usd_usd": 1
}