{
    "clp_clp": 1,
    "clp_cop": 4.08841934,
    "clp_crc": 0.51728022,
    "clp_gtq": 0.0086168977,
    "clp_mxn": 0.019470051,
    "clp_pen": 0.0038190351,
    "clp_usd": 0.0011299438,
    "cop_clp": 0.24459331,
    "cop_cop": 1,
    "cop_crc": 0.12652328,
    "cop_gtq": 0.0021076355,
    "cop_mxn": 0.004762244,
    "cop_pen": 0.00093411041,
    "cop_usd": 0.00027637669,
    "crc_clp": 1.93318817,
    "crc_cop": 7.90368387,
    "crc_crc": 1,
    "crc_gtq": 0.016658085,
    "crc_mxn": 0.037639271,
    "crc_pen": 0.0073829134,
    "crc_usd": 0.002184394,
    "gtq_clp": 116.05104675,
    "gtq_cop": 474.46534351,
    "gtq_crc": 60.03091103,
    "gtq_gtq": 1,
    "gtq_mxn": 2.25951975,
    "gtq_pen": 0.44320302,
    "gtq_usd": 0.13113116,
    "mxn_clp": 51.3609349,
    "mxn_cop": 209.98503935,
    "mxn_crc": 26.56799572,
    "mxn_gtq": 0.44257192,
    "mxn_mxn": 1,
    "mxn_pen": 0.19614921,
    "mxn_usd": 0.058034971,
    "pen_clp": 261.84624725,
    "pen_cop": 1070.53726033,
    "pen_crc": 135.44788447,
    "pen_gtq": 2.25630233,
    "pen_mxn": 5.09815968,
    "pen_pen": 1,
    "pen_usd": 0.29587155,
    "timestamp": "2026-04-16 20:44:08",
    "usd_clp": 884.99975202,
    "usd_cop": 3618.2500986,
    "usd_crc": 457.79286671,
    "usd_gtq": 7.62595234,
    "usd_mxn": 17.23098993,
    "usd_pen": 3.37984509,
    "usd_usd": 1
}