{
    "clp_clp": 1,
    "clp_cop": 3.49853319,
    "clp_crc": 0.49117869,
    "clp_gtq": 0.0082517357,
    "clp_mxn": 0.01885612,
    "clp_pen": 0.0036707306,
    "clp_usd": 0.0010812752,
    "cop_clp": 0.28583408,
    "cop_cop": 1,
    "cop_crc": 0.14039561,
    "cop_gtq": 0.0023586272,
    "cop_mxn": 0.0053897217,
    "cop_pen": 0.0010492199,
    "cop_usd": 0.0003090653,
    "crc_clp": 2.03591895,
    "crc_cop": 7.12273001,
    "crc_crc": 1,
    "crc_gtq": 0.016799865,
    "crc_mxn": 0.038389532,
    "crc_pen": 0.00747331,
    "crc_usd": 0.0022013887,
    "gtq_clp": 121.1866248,
    "gtq_cop": 423.97542921,
    "gtq_crc": 59.5242875,
    "gtq_gtq": 1,
    "gtq_mxn": 2.28510956,
    "gtq_pen": 0.44484346,
    "gtq_usd": 0.13103609,
    "mxn_clp": 53.03317915,
    "mxn_cop": 185.53833751,
    "mxn_crc": 26.04876741,
    "mxn_gtq": 0.43761578,
    "mxn_mxn": 1,
    "mxn_pen": 0.19467052,
    "mxn_usd": 0.057343462,
    "pen_clp": 272.42532918,
    "pen_cop": 953.0890563,
    "pen_crc": 133.80951606,
    "pen_gtq": 2.24798182,
    "pen_mxn": 5.13688475,
    "pen_pen": 1,
    "pen_usd": 0.29456675,
    "timestamp": "2026-07-17 20:35:07",
    "usd_clp": 924.83393417,
    "usd_cop": 3235.56221516,
    "usd_crc": 454.2587194,
    "usd_gtq": 7.6314852,
    "usd_mxn": 17.43877982,
    "usd_pen": 3.39481625,
    "usd_usd": 1
}