{
    "clp_clp": 1,
    "clp_cop": 4.29201134,
    "clp_crc": 0.55707322,
    "clp_gtq": 0.0082180326,
    "clp_mxn": 0.019798592,
    "clp_pen": 0.0039619988,
    "clp_usd": 0.0010600501,
    "cop_clp": 0.232991,
    "cop_cop": 1,
    "cop_crc": 0.12979304,
    "cop_gtq": 0.0019147276,
    "cop_mxn": 0.0046128936,
    "cop_pen": 0.00092311004,
    "cop_usd": 0.00024698213,
    "crc_clp": 1.79509616,
    "crc_cop": 7.70457308,
    "crc_crc": 1,
    "crc_gtq": 0.014752159,
    "crc_mxn": 0.035540376,
    "crc_pen": 0.0071121688,
    "crc_usd": 0.0019028919,
    "gtq_clp": 121.68362546,
    "gtq_cop": 522.26750078,
    "gtq_crc": 67.78668918,
    "gtq_gtq": 1,
    "gtq_mxn": 2.40916441,
    "gtq_pen": 0.48211037,
    "gtq_usd": 0.12899074,
    "mxn_clp": 50.50864324,
    "mxn_cop": 216.78366971,
    "mxn_crc": 28.13701258,
    "mxn_gtq": 0.41508168,
    "mxn_mxn": 1,
    "mxn_pen": 0.20011518,
    "mxn_usd": 0.053541693,
    "pen_clp": 252.39785813,
    "pen_cop": 1083.29447015,
    "pen_crc": 140.60408781,
    "pen_gtq": 2.07421382,
    "pen_mxn": 4.99712212,
    "pen_pen": 1,
    "pen_usd": 0.26755438,
    "timestamp": "2024-08-01 19:12:02",
    "usd_clp": 956.20174083,
    "usd_cop": 4080.72908544,
    "usd_crc": 525.19599663,
    "usd_gtq": 7.75397986,
    "usd_mxn": 18.80394617,
    "usd_pen": 3.73108783,
    "usd_usd": 1
}