{
    "clp_clp": 1,
    "clp_cop": 4.01738017,
    "clp_crc": 0.50267996,
    "clp_gtq": 0.0084449874,
    "clp_mxn": 0.019393176,
    "clp_pen": 0.0038941078,
    "clp_usd": 0.0011050088,
    "cop_clp": 0.24891844,
    "cop_cop": 1,
    "cop_crc": 0.12512631,
    "cop_gtq": 0.0021021131,
    "cop_mxn": 0.0048273191,
    "cop_pen": 0.00096931523,
    "cop_usd": 0.00027505707,
    "crc_clp": 1.9893373,
    "crc_cop": 7.99192421,
    "crc_crc": 1,
    "crc_gtq": 0.016799928,
    "crc_mxn": 0.038579569,
    "crc_pen": 0.0077466939,
    "crc_usd": 0.0021982353,
    "gtq_clp": 118.41343949,
    "gtq_cop": 475.71180336,
    "gtq_crc": 59.52406339,
    "gtq_gtq": 1,
    "gtq_mxn": 2.29641269,
    "gtq_pen": 0.4611147,
    "gtq_usd": 0.13084789,
    "mxn_clp": 51.56452941,
    "mxn_cop": 207.1543178,
    "mxn_crc": 25.92045574,
    "mxn_gtq": 0.4354618,
    "mxn_mxn": 1,
    "mxn_pen": 0.20079784,
    "mxn_usd": 0.05697926,
    "pen_clp": 256.79823354,
    "pen_cop": 1031.65613045,
    "pen_crc": 129.08732656,
    "pen_gtq": 2.16865784,
    "pen_mxn": 4.98013337,
    "pen_pen": 1,
    "pen_usd": 0.28376431,
    "timestamp": "2026-04-30 21:34:08",
    "usd_clp": 904.97015406,
    "usd_cop": 3635.60914901,
    "usd_crc": 454.91036363,
    "usd_gtq": 7.64246151,
    "usd_mxn": 17.55024557,
    "usd_pen": 3.52405132,
    "usd_usd": 1
}