{
    "clp_clp": 1,
    "clp_cop": 4.16240528,
    "clp_crc": 0.54215328,
    "clp_gtq": 0.0082902612,
    "clp_mxn": 0.018094443,
    "clp_pen": 0.0039649336,
    "clp_usd": 0.0010662479,
    "cop_clp": 0.24014468,
    "cop_cop": 1,
    "cop_crc": 0.13011765,
    "cop_gtq": 0.0019881115,
    "cop_mxn": 0.0043405723,
    "cop_pen": 0.00095968489,
    "cop_usd": 0.00025581292,
    "crc_clp": 1.84559648,
    "crc_cop": 7.68535232,
    "crc_crc": 1,
    "crc_gtq": 0.015279338,
    "crc_mxn": 0.033358828,
    "crc_pen": 0.0073755165,
    "crc_usd": 0.0019660124,
    "gtq_clp": 120.62346177,
    "gtq_cop": 502.08373469,
    "gtq_crc": 65.39640545,
    "gtq_gtq": 1,
    "gtq_mxn": 2.18261433,
    "gtq_pen": 0.47826401,
    "gtq_usd": 0.12861452,
    "mxn_clp": 55.26558685,
    "mxn_cop": 230.03777074,
    "mxn_crc": 29.96241918,
    "mxn_gtq": 0.45816615,
    "mxn_mxn": 1,
    "mxn_pen": 0.21912438,
    "mxn_usd": 0.058926817,
    "pen_clp": 250.23284618,
    "pen_cop": 1042.00869739,
    "pen_crc": 135.58372523,
    "pen_gtq": 2.07162952,
    "pen_mxn": 4.52291414,
    "pen_pen": 1,
    "pen_usd": 0.26655929,
    "timestamp": "2024-05-05 06:26:00",
    "usd_clp": 937.86817825,
    "usd_cop": 3903.78746125,
    "usd_crc": 508.46830908,
    "usd_gtq": 7.77517213,
    "usd_mxn": 16.97020211,
    "usd_pen": 3.71858502,
    "usd_usd": 1
}