{
    "clp_clp": 1,
    "clp_cop": 4.14977306,
    "clp_crc": 0.5280497,
    "clp_gtq": 0.0082752528,
    "clp_mxn": 0.019639677,
    "clp_pen": 0.0036355913,
    "clp_usd": 0.001080637,
    "cop_clp": 0.24097703,
    "cop_cop": 1,
    "cop_crc": 0.12724785,
    "cop_gtq": 0.0019941459,
    "cop_mxn": 0.0047327111,
    "cop_pen": 0.00087609401,
    "cop_usd": 0.0002604087,
    "crc_clp": 1.89366107,
    "crc_cop": 7.8569935,
    "crc_crc": 1,
    "crc_gtq": 0.0156692,
    "crc_mxn": 0.037198871,
    "crc_pen": 0.0068854593,
    "crc_usd": 0.0020466247,
    "gtq_clp": 120.8422297,
    "gtq_cop": 501.4678298,
    "gtq_crc": 63.81070324,
    "gtq_gtq": 1,
    "gtq_mxn": 2.37330237,
    "gtq_pen": 0.43933296,
    "gtq_usd": 0.13058659,
    "mxn_clp": 50.91733418,
    "mxn_cop": 211.29538189,
    "mxn_crc": 26.88688308,
    "mxn_gtq": 0.42135381,
    "mxn_mxn": 1,
    "mxn_pen": 0.18511462,
    "mxn_usd": 0.055023156,
    "pen_clp": 275.05841779,
    "pen_cop": 1141.43001316,
    "pen_crc": 145.24451523,
    "pen_gtq": 2.27617794,
    "pen_mxn": 5.4020585,
    "pen_pen": 1,
    "pen_usd": 0.29723831,
    "timestamp": "2025-12-07 06:39:22",
    "usd_clp": 925.38010725,
    "usd_cop": 3840.11744303,
    "usd_crc": 488.6466888,
    "usd_gtq": 7.65775433,
    "usd_mxn": 18.17416646,
    "usd_pen": 3.3643039,
    "usd_usd": 1
}