{
    "clp_clp": 1,
    "clp_cop": 4.51624063,
    "clp_crc": 0.54750814,
    "clp_gtq": 0.0082230114,
    "clp_mxn": 0.020968633,
    "clp_pen": 0.0039954462,
    "clp_usd": 0.00106378,
    "cop_clp": 0.2214231,
    "cop_cop": 1,
    "cop_crc": 0.12123095,
    "cop_gtq": 0.0018207647,
    "cop_mxn": 0.0046429397,
    "cop_pen": 0.00088468409,
    "cop_usd": 0.00023554548,
    "crc_clp": 1.82645685,
    "crc_cop": 8.24871862,
    "crc_crc": 1,
    "crc_gtq": 0.015018976,
    "crc_mxn": 0.038298303,
    "crc_pen": 0.0072975101,
    "crc_usd": 0.0019429484,
    "gtq_clp": 121.60994873,
    "gtq_cop": 549.21979096,
    "gtq_crc": 66.58243739,
    "gtq_gtq": 1,
    "gtq_mxn": 2.54999436,
    "gtq_pen": 0.48588601,
    "gtq_usd": 0.12936624,
    "mxn_clp": 47.6902814,
    "mxn_cop": 215.38078633,
    "mxn_crc": 26.11081749,
    "mxn_gtq": 0.39215773,
    "mxn_mxn": 1,
    "mxn_pen": 0.19054395,
    "mxn_usd": 0.05073197,
    "pen_clp": 248.82688392,
    "pen_cop": 1129.58581725,
    "pen_crc": 136.619747,
    "pen_gtq": 2.05194968,
    "pen_mxn": 5.28027502,
    "pen_pen": 1,
    "pen_usd": 0.26540335,
    "timestamp": "2024-10-17 06:35:38",
    "usd_clp": 940.04395297,
    "usd_cop": 4245.46469068,
    "usd_crc": 514.68172052,
    "usd_gtq": 7.72999218,
    "usd_mxn": 19.71143649,
    "usd_pen": 3.75589505,
    "usd_usd": 1
}