{
    "clp_clp": 1,
    "clp_cop": 4.01577126,
    "clp_crc": 0.50959029,
    "clp_gtq": 0.0083789593,
    "clp_mxn": 0.019608639,
    "clp_pen": 0.0037996321,
    "clp_usd": 0.0010952372,
    "cop_clp": 0.25049794,
    "cop_cop": 1,
    "cop_crc": 0.12685131,
    "cop_gtq": 0.0020865605,
    "cop_mxn": 0.0048763152,
    "cop_pen": 0.00094236038,
    "cop_usd": 0.00027300991,
    "crc_clp": 1.97473681,
    "crc_cop": 7.88324554,
    "crc_crc": 1,
    "crc_gtq": 0.016448868,
    "crc_mxn": 0.03844119,
    "crc_pen": 0.0074288582,
    "crc_usd": 0.0021522041,
    "gtq_clp": 119.34656309,
    "gtq_cop": 479.26849751,
    "gtq_crc": 60.81784958,
    "gtq_gtq": 1,
    "gtq_mxn": 2.34022367,
    "gtq_pen": 0.45347304,
    "gtq_usd": 0.13071279,
    "mxn_clp": 51.37033447,
    "mxn_cop": 205.07287781,
    "mxn_crc": 26.01376259,
    "mxn_gtq": 0.42789696,
    "mxn_mxn": 1,
    "mxn_pen": 0.19325255,
    "mxn_usd": 0.055986927,
    "pen_clp": 263.18337167,
    "pen_cop": 1056.88421895,
    "pen_crc": 134.11569045,
    "pen_gtq": 2.20520277,
    "pen_mxn": 5.16066772,
    "pen_pen": 1,
    "pen_usd": 0.28824822,
    "timestamp": "2026-04-03 07:07:55",
    "usd_clp": 917.54159472,
    "usd_cop": 3662.87074623,
    "usd_crc": 464.63994167,
    "usd_gtq": 7.64280124,
    "usd_mxn": 17.86131245,
    "usd_pen": 3.45174425,
    "usd_usd": 1
}