{
    "clp_clp": 1,
    "clp_cop": 4.19887713,
    "clp_crc": 0.55301152,
    "clp_gtq": 0.00838613,
    "clp_mxn": 0.018112371,
    "clp_pen": 0.0040104287,
    "clp_usd": 0.0010794915,
    "cop_clp": 0.23815891,
    "cop_cop": 1,
    "cop_crc": 0.13170462,
    "cop_gtq": 0.0019972316,
    "cop_mxn": 0.0043136225,
    "cop_pen": 0.00095511933,
    "cop_usd": 0.00025709051,
    "crc_clp": 1.80828061,
    "crc_cop": 7.59274808,
    "crc_crc": 1,
    "crc_gtq": 0.015164476,
    "crc_mxn": 0.032752249,
    "crc_pen": 0.0072519805,
    "crc_usd": 0.0019520235,
    "gtq_clp": 119.24451442,
    "gtq_cop": 500.69306425,
    "gtq_crc": 65.94358973,
    "gtq_gtq": 1,
    "gtq_mxn": 2.15980084,
    "gtq_pen": 0.47822162,
    "gtq_usd": 0.12872344,
    "mxn_clp": 55.21088428,
    "mxn_cop": 231.82371924,
    "mxn_crc": 30.53225483,
    "mxn_gtq": 0.46300565,
    "mxn_mxn": 1,
    "mxn_pen": 0.22141932,
    "mxn_usd": 0.059599679,
    "pen_clp": 249.34990072,
    "pen_cop": 1046.98959506,
    "pen_crc": 137.89336669,
    "pen_gtq": 2.09108068,
    "pen_mxn": 4.51631782,
    "pen_pen": 1,
    "pen_usd": 0.26917109,
    "timestamp": "2024-05-13 19:06:13",
    "usd_clp": 926.36210416,
    "usd_cop": 3889.68065169,
    "usd_crc": 512.2889119,
    "usd_gtq": 7.76859304,
    "usd_mxn": 16.77861379,
    "usd_pen": 3.71510918,
    "usd_usd": 1
}