{
    "clp_clp": 1,
    "clp_cop": 4.17790966,
    "clp_crc": 0.54746967,
    "clp_gtq": 0.0084111353,
    "clp_mxn": 0.019777669,
    "clp_pen": 0.0036969248,
    "clp_usd": 0.0010978538,
    "cop_clp": 0.23935415,
    "cop_cop": 1,
    "cop_crc": 0.13103914,
    "cop_gtq": 0.0020132401,
    "cop_mxn": 0.0047338672,
    "cop_pen": 0.00088487428,
    "cop_usd": 0.00026277586,
    "crc_clp": 1.82658521,
    "crc_cop": 7.63130799,
    "crc_crc": 1,
    "crc_gtq": 0.015363655,
    "crc_mxn": 0.036125599,
    "crc_pen": 0.0067527482,
    "crc_usd": 0.0020053235,
    "gtq_clp": 118.8900148,
    "gtq_cop": 496.7117417,
    "gtq_crc": 65.08867707,
    "gtq_gtq": 1,
    "gtq_mxn": 2.35136742,
    "gtq_pen": 0.43952745,
    "gtq_usd": 0.13052385,
    "mxn_clp": 50.56207457,
    "mxn_cop": 211.24377994,
    "mxn_crc": 27.68120224,
    "mxn_gtq": 0.42528445,
    "mxn_mxn": 1,
    "mxn_pen": 0.18692419,
    "mxn_usd": 0.055509765,
    "pen_clp": 270.49508641,
    "pen_cop": 1130.10403536,
    "pen_crc": 148.08785547,
    "pen_gtq": 2.27517077,
    "pen_mxn": 5.34976242,
    "pen_pen": 1,
    "pen_usd": 0.29696406,
    "timestamp": "2025-12-22 06:46:37",
    "usd_clp": 910.86810521,
    "usd_cop": 3805.52465867,
    "usd_crc": 498.67266021,
    "usd_gtq": 7.66143487,
    "usd_mxn": 18.01484834,
    "usd_pen": 3.36741091,
    "usd_usd": 1
}