{
    "clp_clp": 1,
    "clp_cop": 4.5463552,
    "clp_crc": 0.52236355,
    "clp_gtq": 0.0079200562,
    "clp_mxn": 0.020974181,
    "clp_pen": 0.0038498769,
    "clp_usd": 0.0010262452,
    "cop_clp": 0.21995642,
    "cop_cop": 1,
    "cop_crc": 0.11489722,
    "cop_gtq": 0.0017420672,
    "cop_mxn": 0.0046134057,
    "cop_pen": 0.00084680513,
    "cop_usd": 0.00022572922,
    "crc_clp": 1.91437553,
    "crc_cop": 8.70343114,
    "crc_crc": 1,
    "crc_gtq": 0.015161962,
    "crc_mxn": 0.040152458,
    "crc_pen": 0.0073701102,
    "crc_usd": 0.0019646187,
    "gtq_clp": 126.26173001,
    "gtq_cop": 574.03067297,
    "gtq_crc": 65.9545257,
    "gtq_gtq": 1,
    "gtq_mxn": 2.64823635,
    "gtq_pen": 0.48609212,
    "gtq_usd": 0.1295755,
    "mxn_clp": 47.67766663,
    "mxn_cop": 216.75960765,
    "mxn_crc": 24.90507526,
    "mxn_gtq": 0.3776098,
    "mxn_mxn": 1,
    "mxn_pen": 0.18355315,
    "mxn_usd": 0.048928977,
    "pen_clp": 259.74856304,
    "pen_cop": 1180.90923058,
    "pen_crc": 135.68318187,
    "pen_gtq": 2.05722322,
    "pen_mxn": 5.44801332,
    "pen_pen": 1,
    "pen_usd": 0.26656572,
    "timestamp": "2024-12-02 19:36:37",
    "usd_clp": 974.42598495,
    "usd_cop": 4430.0866449,
    "usd_crc": 509.00461811,
    "usd_gtq": 7.71750858,
    "usd_mxn": 20.43778679,
    "usd_pen": 3.75142012,
    "usd_usd": 1
}