{
    "clp_clp": 1,
    "clp_cop": 4.33562462,
    "clp_crc": 0.54006375,
    "clp_gtq": 0.0081693735,
    "clp_mxn": 0.020373425,
    "clp_pen": 0.0038272921,
    "clp_usd": 0.0010627913,
    "cop_clp": 0.23064727,
    "cop_cop": 1,
    "cop_crc": 0.12456423,
    "cop_gtq": 0.0018842437,
    "cop_mxn": 0.0046990749,
    "cop_pen": 0.00088275449,
    "cop_usd": 0.00024512991,
    "crc_clp": 1.86353486,
    "crc_cop": 8.07847772,
    "crc_crc": 1,
    "crc_gtq": 0.015217297,
    "crc_mxn": 0.037957077,
    "crc_pen": 0.007126562,
    "crc_usd": 0.0019795497,
    "gtq_clp": 122.40840817,
    "gtq_cop": 530.71690826,
    "gtq_crc": 66.10834335,
    "gtq_gtq": 1,
    "gtq_mxn": 2.49387851,
    "gtq_pen": 0.46849273,
    "gtq_usd": 0.13009459,
    "mxn_clp": 49.08354915,
    "mxn_cop": 212.80784415,
    "mxn_crc": 26.50824538,
    "mxn_gtq": 0.40098184,
    "mxn_mxn": 1,
    "mxn_pen": 0.18785708,
    "mxn_usd": 0.052165568,
    "pen_clp": 261.2813376,
    "pen_cop": 1132.81780026,
    "pen_crc": 141.10857772,
    "pen_gtq": 2.13450482,
    "pen_mxn": 5.3231957,
    "pen_pen": 1,
    "pen_usd": 0.27768753,
    "timestamp": "2025-06-22 19:52:10",
    "usd_clp": 940.918523,
    "usd_cop": 4079.46951447,
    "usd_crc": 508.15598141,
    "usd_gtq": 7.6867148,
    "usd_mxn": 19.16973282,
    "usd_pen": 3.60117003,
    "usd_usd": 1
}