{
    "clp_clp": 1,
    "clp_cop": 4.31903097,
    "clp_crc": 0.53643988,
    "clp_gtq": 0.0081835409,
    "clp_mxn": 0.021552929,
    "clp_pen": 0.003901426,
    "clp_usd": 0.0010606149,
    "cop_clp": 0.23153342,
    "cop_cop": 1,
    "cop_crc": 0.12420376,
    "cop_gtq": 0.0018947632,
    "cop_mxn": 0.0049902232,
    "cop_pen": 0.00090331048,
    "cop_usd": 0.0002455678,
    "crc_clp": 1.86414179,
    "crc_cop": 8.05128611,
    "crc_crc": 1,
    "crc_gtq": 0.015255281,
    "crc_mxn": 0.040177715,
    "crc_pen": 0.0072728111,
    "crc_usd": 0.0019771366,
    "gtq_clp": 122.19649344,
    "gtq_cop": 527.77043938,
    "gtq_crc": 65.55107251,
    "gtq_gtq": 1,
    "gtq_mxn": 2.6336923,
    "gtq_pen": 0.47674057,
    "gtq_usd": 0.12960342,
    "mxn_clp": 46.39740699,
    "mxn_cop": 200.39183766,
    "mxn_crc": 24.88941953,
    "mxn_gtq": 0.37969508,
    "mxn_mxn": 1,
    "mxn_pen": 0.18101605,
    "mxn_usd": 0.049209782,
    "pen_clp": 256.31653969,
    "pen_cop": 1107.03907262,
    "pen_crc": 137.49841428,
    "pen_gtq": 2.09757688,
    "pen_mxn": 5.52437208,
    "pen_pen": 1,
    "pen_usd": 0.27185315,
    "timestamp": "2025-02-21 19:19:55",
    "usd_clp": 942.849271,
    "usd_cop": 4072.19519995,
    "usd_crc": 505.78195158,
    "usd_gtq": 7.71584556,
    "usd_mxn": 20.32116301,
    "usd_pen": 3.67845662,
    "usd_usd": 1
}