{
    "clp_clp": 1,
    "clp_cop": 4.20602323,
    "clp_crc": 0.55429652,
    "clp_gtq": 0.0083991617,
    "clp_mxn": 0.018177373,
    "clp_pen": 0.0040309403,
    "clp_usd": 0.0010816096,
    "cop_clp": 0.23775427,
    "cop_cop": 1,
    "cop_crc": 0.13178637,
    "cop_gtq": 0.0019969366,
    "cop_mxn": 0.0043217482,
    "cop_pen": 0.00095837329,
    "cop_usd": 0.0002571573,
    "crc_clp": 1.80408854,
    "crc_cop": 7.5880383,
    "crc_crc": 1,
    "crc_gtq": 0.015152831,
    "crc_mxn": 0.032793591,
    "crc_pen": 0.0072721732,
    "crc_usd": 0.0019513195,
    "gtq_clp": 119.05950029,
    "gtq_cop": 500.76702341,
    "gtq_crc": 65.99426669,
    "gtq_gtq": 1,
    "gtq_mxn": 2.16418897,
    "gtq_pen": 0.47992174,
    "gtq_usd": 0.1287759,
    "mxn_clp": 55.01344942,
    "mxn_cop": 231.38784594,
    "mxn_crc": 30.49376357,
    "mxn_gtq": 0.46206686,
    "mxn_mxn": 1,
    "mxn_pen": 0.22175593,
    "mxn_usd": 0.059503074,
    "pen_clp": 248.0810739,
    "pen_cop": 1043.43475855,
    "pen_crc": 137.51047595,
    "pen_gtq": 2.08367307,
    "pen_mxn": 4.50946226,
    "pen_pen": 1,
    "pen_usd": 0.26832687,
    "timestamp": "2024-05-14 19:06:46",
    "usd_clp": 926.36210416,
    "usd_cop": 3889.68065169,
    "usd_crc": 512.2889119,
    "usd_gtq": 7.76859304,
    "usd_mxn": 16.77861379,
    "usd_pen": 3.71510918,
    "usd_usd": 1
}