{
    "clp_clp": 1,
    "clp_cop": 4.17007633,
    "clp_crc": 0.53069659,
    "clp_gtq": 0.0086227669,
    "clp_mxn": 0.019740316,
    "clp_pen": 0.0038780724,
    "clp_usd": 0.0011245092,
    "cop_clp": 0.23980376,
    "cop_cop": 1,
    "cop_crc": 0.12726304,
    "cop_gtq": 0.002067772,
    "cop_mxn": 0.004733802,
    "cop_pen": 0.00092997636,
    "cop_usd": 0.00026966154,
    "crc_clp": 1.88431585,
    "crc_cop": 7.85774092,
    "crc_crc": 1,
    "crc_gtq": 0.016248016,
    "crc_mxn": 0.037196989,
    "crc_pen": 0.0073075133,
    "crc_usd": 0.0021189305,
    "gtq_clp": 115.97205513,
    "gtq_cop": 483.61232261,
    "gtq_crc": 61.54597457,
    "gtq_gtq": 1,
    "gtq_mxn": 2.28932496,
    "gtq_pen": 0.44974803,
    "gtq_usd": 0.13041164,
    "mxn_clp": 50.65775161,
    "mxn_cop": 211.24669115,
    "mxn_crc": 26.8838962,
    "mxn_gtq": 0.43680998,
    "mxn_mxn": 1,
    "mxn_pen": 0.19645443,
    "mxn_usd": 0.056965108,
    "pen_clp": 257.8600629,
    "pen_cop": 1075.29614601,
    "pen_crc": 136.84545692,
    "pen_gtq": 2.22346722,
    "pen_mxn": 5.090239,
    "pen_pen": 1,
    "pen_usd": 0.28996602,
    "timestamp": "2026-03-11 20:21:30",
    "usd_clp": 889.27684219,
    "usd_cop": 3708.35231475,
    "usd_crc": 471.93619063,
    "usd_gtq": 7.66802693,
    "usd_mxn": 17.55460545,
    "usd_pen": 3.44868,
    "usd_usd": 1
}