{
    "clp_clp": 1,
    "clp_cop": 4.40772699,
    "clp_crc": 0.55262913,
    "clp_gtq": 0.0081959552,
    "clp_mxn": 0.021100628,
    "clp_pen": 0.0040241419,
    "clp_usd": 0.0010607172,
    "cop_clp": 0.22662629,
    "cop_cop": 1,
    "cop_crc": 0.12403432,
    "cop_gtq": 0.0018507313,
    "cop_mxn": 0.0047880896,
    "cop_pen": 0.00090822492,
    "cop_usd": 0.00023960965,
    "crc_clp": 1.82712573,
    "crc_cop": 8.06228492,
    "crc_crc": 1,
    "crc_gtq": 0.014921123,
    "crc_mxn": 0.038602943,
    "crc_pen": 0.0073223681,
    "crc_usd": 0.0019318013,
    "gtq_clp": 122.01140405,
    "gtq_cop": 537.79295817,
    "gtq_crc": 67.4270566,
    "gtq_gtq": 1,
    "gtq_mxn": 2.57451722,
    "gtq_pen": 0.4909912,
    "gtq_usd": 0.12941959,
    "mxn_clp": 47.33125518,
    "mxn_cop": 208.85156377,
    "mxn_crc": 25.90476096,
    "mxn_gtq": 0.38652813,
    "mxn_mxn": 1,
    "mxn_pen": 0.18968419,
    "mxn_usd": 0.05004285,
    "pen_clp": 249.52661603,
    "pen_cop": 1101.04884725,
    "pen_crc": 136.56784121,
    "pen_gtq": 2.0377456,
    "pen_mxn": 5.27192053,
    "pen_pen": 1,
    "pen_usd": 0.26382193,
    "timestamp": "2024-09-07 06:30:12",
    "usd_clp": 945.81454647,
    "usd_cop": 4173.45465061,
    "usd_crc": 517.65159506,
    "usd_gtq": 7.72394328,
    "usd_mxn": 19.9828748,
    "usd_pen": 3.79043551,
    "usd_usd": 1
}