{
    "clp_clp": 1,
    "clp_cop": 4.10599035,
    "clp_crc": 0.52924211,
    "clp_gtq": 0.0080541579,
    "clp_mxn": 0.019287789,
    "clp_pen": 0.0036684904,
    "clp_usd": 0.0010507733,
    "cop_clp": 0.24448786,
    "cop_cop": 1,
    "cop_crc": 0.12930351,
    "cop_gtq": 0.0019677401,
    "cop_mxn": 0.0047352879,
    "cop_pen": 0.00089511924,
    "cop_usd": 0.00025665537,
    "crc_clp": 1.88949438,
    "crc_cop": 7.75824572,
    "crc_crc": 1,
    "crc_gtq": 0.015218286,
    "crc_mxn": 0.036444169,
    "crc_pen": 0.0069315921,
    "crc_usd": 0.0019854303,
    "gtq_clp": 124.24804463,
    "gtq_cop": 508.19718463,
    "gtq_crc": 65.7116799,
    "gtq_gtq": 1,
    "gtq_mxn": 2.40646,
    "gtq_pen": 0.45489708,
    "gtq_usd": 0.13043154,
    "mxn_clp": 51.63104513,
    "mxn_cop": 211.18040008,
    "mxn_crc": 27.30636704,
    "mxn_gtq": 0.41554815,
    "mxn_mxn": 1,
    "mxn_pen": 0.18903164,
    "mxn_usd": 0.054200583,
    "pen_clp": 273.13440907,
    "pen_cop": 1117.16959517,
    "pen_crc": 144.45395027,
    "pen_gtq": 2.19829946,
    "pen_mxn": 5.2901197,
    "pen_pen": 1,
    "pen_usd": 0.28672757,
    "timestamp": "2025-09-16 06:40:37",
    "usd_clp": 951.68003381,
    "usd_cop": 3907.58903778,
    "usd_crc": 503.66915163,
    "usd_gtq": 7.66498124,
    "usd_mxn": 18.35580367,
    "usd_pen": 3.49122909,
    "usd_usd": 1
}