{
    "clp_clp": 1,
    "clp_cop": 4.52553454,
    "clp_crc": 0.52401044,
    "clp_gtq": 0.0079513422,
    "clp_mxn": 0.020717447,
    "clp_pen": 0.0039114547,
    "clp_usd": 0.0010296522,
    "cop_clp": 0.22096837,
    "cop_cop": 1,
    "cop_crc": 0.11578973,
    "cop_gtq": 0.0017569951,
    "cop_mxn": 0.0045779006,
    "cop_pen": 0.00086430777,
    "cop_usd": 0.00022752057,
    "crc_clp": 1.90835893,
    "crc_cop": 8.63634426,
    "crc_crc": 1,
    "crc_gtq": 0.015174015,
    "crc_mxn": 0.039536326,
    "crc_pen": 0.0074644595,
    "crc_usd": 0.001964946,
    "gtq_clp": 125.76493095,
    "gtq_cop": 569.15353933,
    "gtq_crc": 65.90213659,
    "gtq_gtq": 1,
    "gtq_mxn": 2.60552835,
    "gtq_pen": 0.49192383,
    "gtq_usd": 0.12949414,
    "mxn_clp": 48.26849448,
    "mxn_cop": 218.44073913,
    "mxn_crc": 25.29319495,
    "mxn_gtq": 0.38379932,
    "mxn_mxn": 1,
    "mxn_pen": 0.18880003,
    "mxn_usd": 0.049699761,
    "pen_clp": 255.65935975,
    "pen_cop": 1156.99526382,
    "pen_crc": 133.96817316,
    "pen_gtq": 2.03283505,
    "pen_mxn": 5.29660936,
    "pen_pen": 1,
    "pen_usd": 0.26324022,
    "timestamp": "2024-11-20 19:24:46",
    "usd_clp": 971.20174242,
    "usd_cop": 4395.20703364,
    "usd_crc": 508.91985074,
    "usd_gtq": 7.72235738,
    "usd_mxn": 20.1208211,
    "usd_pen": 3.7988116,
    "usd_usd": 1
}