{
    "clp_clp": 1,
    "clp_cop": 4.20098022,
    "clp_crc": 0.57418739,
    "clp_gtq": 0.0088485095,
    "clp_mxn": 0.020037033,
    "clp_pen": 0.0038734307,
    "clp_usd": 0.0011539724,
    "cop_clp": 0.23803968,
    "cop_cop": 1,
    "cop_crc": 0.13667939,
    "cop_gtq": 0.0021062964,
    "cop_mxn": 0.004769609,
    "cop_pen": 0.00092203022,
    "cop_usd": 0.00027469123,
    "crc_clp": 1.7415917,
    "crc_cop": 7.31639227,
    "crc_crc": 1,
    "crc_gtq": 0.015410491,
    "crc_mxn": 0.03489633,
    "crc_pen": 0.0067459348,
    "crc_usd": 0.0020097488,
    "gtq_clp": 113.01338376,
    "gtq_cop": 474.76698936,
    "gtq_crc": 64.89086037,
    "gtq_gtq": 1,
    "gtq_mxn": 2.26445289,
    "gtq_pen": 0.43774951,
    "gtq_usd": 0.13041433,
    "mxn_clp": 49.90758882,
    "mxn_cop": 209.66079326,
    "mxn_crc": 28.65630839,
    "mxn_gtq": 0.44160777,
    "mxn_mxn": 1,
    "mxn_pen": 0.19331359,
    "mxn_usd": 0.057591981,
    "pen_clp": 258.16906895,
    "pen_cop": 1084.5631511,
    "pen_crc": 148.23742506,
    "pen_gtq": 2.28441146,
    "pen_mxn": 5.17294213,
    "pen_pen": 1,
    "pen_usd": 0.29791999,
    "timestamp": "2026-01-25 20:02:44",
    "usd_clp": 866.5718311,
    "usd_cop": 3640.45111843,
    "usd_crc": 497.5746219,
    "usd_gtq": 7.66786908,
    "usd_mxn": 17.36352831,
    "usd_pen": 3.35660594,
    "usd_usd": 1
}