{
    "clp_clp": 1,
    "clp_cop": 3.89028423,
    "clp_crc": 0.49944384,
    "clp_gtq": 0.0082533633,
    "clp_mxn": 0.018898109,
    "clp_pen": 0.0037599446,
    "clp_usd": 0.0010831141,
    "cop_clp": 0.25705063,
    "cop_cop": 1,
    "cop_crc": 0.12838235,
    "cop_gtq": 0.0021215322,
    "cop_mxn": 0.0048577707,
    "cop_pen": 0.00096649611,
    "cop_usd": 0.00027841515,
    "crc_clp": 2.00222711,
    "crc_cop": 7.78923254,
    "crc_crc": 1,
    "crc_gtq": 0.016525108,
    "crc_mxn": 0.037838306,
    "crc_pen": 0.007528263,
    "crc_usd": 0.0021686404,
    "gtq_clp": 121.16272673,
    "gtq_cop": 471.35744522,
    "gtq_crc": 60.51397785,
    "gtq_gtq": 1,
    "gtq_mxn": 2.2897464,
    "gtq_pen": 0.45556514,
    "gtq_usd": 0.13123306,
    "mxn_clp": 52.91534774,
    "mxn_cop": 205.8557429,
    "mxn_crc": 26.42824462,
    "mxn_gtq": 0.43672959,
    "mxn_mxn": 1,
    "mxn_pen": 0.19895877,
    "mxn_usd": 0.057313358,
    "pen_clp": 265.961367,
    "pen_cop": 1034.66531217,
    "pen_crc": 132.83276719,
    "pen_gtq": 2.19507578,
    "pen_mxn": 5.02616686,
    "pen_pen": 1,
    "pen_usd": 0.2880665,
    "timestamp": "2026-06-09 21:53:41",
    "usd_clp": 923.26377619,
    "usd_cop": 3591.75850982,
    "usd_crc": 461.11840837,
    "usd_gtq": 7.62003135,
    "usd_mxn": 17.44793932,
    "usd_pen": 3.47142063,
    "usd_usd": 1
}