{
    "clp_clp": 1,
    "clp_cop": 4.28864038,
    "clp_crc": 0.55266369,
    "clp_gtq": 0.0082311569,
    "clp_mxn": 0.019819321,
    "clp_pen": 0.0039732554,
    "clp_usd": 0.0010638458,
    "cop_clp": 0.23317413,
    "cop_cop": 1,
    "cop_crc": 0.12886688,
    "cop_gtq": 0.0019192929,
    "cop_mxn": 0.0046213529,
    "cop_pen": 0.00092646039,
    "cop_usd": 0.00024806131,
    "crc_clp": 1.80941867,
    "crc_cop": 7.75994596,
    "crc_crc": 1,
    "crc_gtq": 0.014893609,
    "crc_mxn": 0.035861449,
    "crc_pen": 0.0071892826,
    "crc_usd": 0.0019249424,
    "gtq_clp": 121.48960522,
    "gtq_cop": 521.02522666,
    "gtq_crc": 67.14289369,
    "gtq_gtq": 1,
    "gtq_mxn": 2.40784145,
    "gtq_pen": 0.48270923,
    "gtq_usd": 0.1292462,
    "mxn_clp": 50.45581594,
    "mxn_cop": 216.38684964,
    "mxn_crc": 27.88509749,
    "mxn_gtq": 0.41530974,
    "mxn_mxn": 1,
    "mxn_pen": 0.20047384,
    "mxn_usd": 0.053677206,
    "pen_clp": 251.6827868,
    "pen_cop": 1079.37696236,
    "pen_crc": 139.09593802,
    "pen_gtq": 2.0716405,
    "pen_mxn": 4.98818188,
    "pen_pen": 1,
    "pen_usd": 0.26775167,
    "timestamp": "2024-08-19 19:12:59",
    "usd_clp": 938.14984705,
    "usd_cop": 4027.26369792,
    "usd_crc": 521.17552155,
    "usd_gtq": 7.73543121,
    "usd_mxn": 18.64435833,
    "usd_pen": 3.74600987,
    "usd_usd": 1
}