{
    "clp_clp": 1,
    "clp_cop": 4.06031396,
    "clp_crc": 0.51621698,
    "clp_gtq": 0.0086690375,
    "clp_mxn": 0.019632594,
    "clp_pen": 0.0038900469,
    "clp_usd": 0.0011341467,
    "cop_clp": 0.24628637,
    "cop_cop": 1,
    "cop_crc": 0.12713721,
    "cop_gtq": 0.0021350658,
    "cop_mxn": 0.0048352403,
    "cop_pen": 0.00095806555,
    "cop_usd": 0.00027932487,
    "crc_clp": 1.9371699,
    "crc_cop": 7.86551798,
    "crc_crc": 1,
    "crc_gtq": 0.016793399,
    "crc_mxn": 0.03803167,
    "crc_pen": 0.0075356818,
    "crc_usd": 0.0021970348,
    "gtq_clp": 115.35305901,
    "gtq_cop": 468.36963598,
    "gtq_crc": 59.54720808,
    "gtq_gtq": 1,
    "gtq_mxn": 2.26467975,
    "gtq_pen": 0.44872881,
    "gtq_usd": 0.13082729,
    "mxn_clp": 50.93570474,
    "mxn_cop": 206.81495309,
    "mxn_crc": 26.29387582,
    "mxn_gtq": 0.44156354,
    "mxn_mxn": 1,
    "mxn_pen": 0.19814228,
    "mxn_usd": 0.05776856,
    "pen_clp": 257.06630882,
    "pen_cop": 1043.76992266,
    "pen_crc": 132.70199433,
    "pen_gtq": 2.22851748,
    "pen_mxn": 5.04687841,
    "pen_pen": 1,
    "pen_usd": 0.2915509,
    "timestamp": "2026-04-21 20:43:04",
    "usd_clp": 881.72016762,
    "usd_cop": 3580.06070644,
    "usd_crc": 455.15892463,
    "usd_gtq": 7.64366524,
    "usd_mxn": 17.31045388,
    "usd_pen": 3.42993281,
    "usd_usd": 1
}