{
    "clp_clp": 1,
    "clp_cop": 3.62845351,
    "clp_crc": 0.4946666,
    "clp_gtq": 0.0082859851,
    "clp_mxn": 0.018974516,
    "clp_pen": 0.003696574,
    "clp_usd": 0.0010855409,
    "cop_clp": 0.27559951,
    "cop_cop": 1,
    "cop_crc": 0.13632987,
    "cop_gtq": 0.0022836134,
    "cop_mxn": 0.0052293673,
    "cop_pen": 0.001018774,
    "cop_usd": 0.00029917454,
    "crc_clp": 2.03579833,
    "crc_cop": 7.36993288,
    "crc_crc": 1,
    "crc_gtq": 0.016746463,
    "crc_mxn": 0.038201639,
    "crc_pen": 0.0074667953,
    "crc_usd": 0.002196208,
    "gtq_clp": 120.68571082,
    "gtq_cop": 437.90249099,
    "gtq_crc": 59.69918981,
    "gtq_gtq": 1,
    "gtq_mxn": 2.28995297,
    "gtq_pen": 0.44612366,
    "gtq_usd": 0.13100928,
    "mxn_clp": 52.70226602,
    "mxn_cop": 191.22772212,
    "mxn_crc": 26.07005056,
    "mxn_gtq": 0.43669019,
    "mxn_mxn": 1,
    "mxn_pen": 0.19481783,
    "mxn_usd": 0.057210466,
    "pen_clp": 272.64686401,
    "pen_cop": 987.02757274,
    "pen_crc": 133.92626355,
    "pen_gtq": 2.24279116,
    "pen_mxn": 5.11620276,
    "pen_pen": 1,
    "pen_usd": 0.29412993,
    "timestamp": "2026-07-07 08:36:59",
    "usd_clp": 921.19973071,
    "usd_cop": 3342.53039615,
    "usd_crc": 455.68673543,
    "usd_gtq": 7.63304723,
    "usd_mxn": 17.47931921,
    "usd_pen": 3.40528296,
    "usd_usd": 1
}