{
    "clp_clp": 1,
    "clp_cop": 4.03159615,
    "clp_crc": 0.50845688,
    "clp_gtq": 0.0083505942,
    "clp_mxn": 0.019384487,
    "clp_pen": 0.0037684151,
    "clp_usd": 0.0010897458,
    "cop_clp": 0.24804072,
    "cop_cop": 1,
    "cop_crc": 0.12611801,
    "cop_gtq": 0.0020712874,
    "cop_mxn": 0.0048081421,
    "cop_pen": 0.00093472039,
    "cop_usd": 0.00027030132,
    "crc_clp": 1.96651122,
    "crc_cop": 7.94458014,
    "crc_crc": 1,
    "crc_gtq": 0.016404596,
    "crc_mxn": 0.038047004,
    "crc_pen": 0.0074133517,
    "crc_usd": 0.0021447993,
    "gtq_clp": 119.87562405,
    "gtq_cop": 484.28988985,
    "gtq_crc": 60.95852539,
    "gtq_gtq": 1,
    "gtq_mxn": 2.31928927,
    "gtq_pen": 0.45190699,
    "gtq_usd": 0.1307438,
    "mxn_clp": 51.68636174,
    "mxn_cop": 208.80961107,
    "mxn_crc": 26.28327835,
    "mxn_gtq": 0.43116657,
    "mxn_mxn": 1,
    "mxn_pen": 0.19484719,
    "mxn_usd": 0.056372358,
    "pen_clp": 265.2661454,
    "pen_cop": 1071.65834045,
    "pen_crc": 134.8917529,
    "pen_gtq": 2.21284475,
    "pen_mxn": 5.13222708,
    "pen_pen": 1,
    "pen_usd": 0.28931574,
    "timestamp": "2026-03-26 07:20:04",
    "usd_clp": 916.87422365,
    "usd_cop": 3704.11349493,
    "usd_crc": 466.24408489,
    "usd_gtq": 7.64854599,
    "usd_mxn": 17.73919062,
    "usd_pen": 3.45643136,
    "usd_usd": 1
}