{
    "clp_clp": 1,
    "clp_cop": 4.4782066,
    "clp_crc": 0.54142296,
    "clp_gtq": 0.008187311,
    "clp_mxn": 0.020314058,
    "clp_pen": 0.0038701951,
    "clp_usd": 0.0010655035,
    "cop_clp": 0.22330368,
    "cop_cop": 1,
    "cop_crc": 0.12090174,
    "cop_gtq": 0.0018282567,
    "cop_mxn": 0.0045362039,
    "cop_pen": 0.00086422878,
    "cop_usd": 0.00023793086,
    "crc_clp": 1.84698485,
    "crc_cop": 8.27117973,
    "crc_crc": 1,
    "crc_gtq": 0.015121839,
    "crc_mxn": 0.037519757,
    "crc_pen": 0.0071481916,
    "crc_usd": 0.0019679689,
    "gtq_clp": 122.14022371,
    "gtq_cop": 546.96915625,
    "gtq_crc": 66.12952131,
    "gtq_gtq": 1,
    "gtq_mxn": 2.48116359,
    "gtq_pen": 0.47270649,
    "gtq_usd": 0.13014084,
    "mxn_clp": 49.22699334,
    "mxn_cop": 220.4486466,
    "mxn_crc": 26.65262439,
    "mxn_gtq": 0.40303671,
    "mxn_mxn": 1,
    "mxn_pen": 0.19051807,
    "mxn_usd": 0.052451536,
    "pen_clp": 258.38491008,
    "pen_cop": 1157.10101025,
    "pen_crc": 139.89552253,
    "pen_gtq": 2.11547762,
    "pen_mxn": 5.24884606,
    "pen_pen": 1,
    "pen_usd": 0.27531004,
    "timestamp": "2025-06-12 06:41:54",
    "usd_clp": 938.52338908,
    "usd_cop": 4202.9016374,
    "usd_crc": 508.13811024,
    "usd_gtq": 7.68398289,
    "usd_mxn": 19.0652186,
    "usd_pen": 3.63226857,
    "usd_usd": 1
}