{
    "clp_clp": 1,
    "clp_cop": 4.60564897,
    "clp_crc": 0.53344359,
    "clp_gtq": 0.008036572,
    "clp_mxn": 0.021102937,
    "clp_pen": 0.0039264488,
    "clp_usd": 0.0010404526,
    "cop_clp": 0.21712467,
    "cop_cop": 1,
    "cop_crc": 0.11582376,
    "cop_gtq": 0.001744938,
    "cop_mxn": 0.0045819682,
    "cop_pen": 0.00085252888,
    "cop_usd": 0.00022590793,
    "crc_clp": 1.87481179,
    "crc_cop": 8.62750721,
    "crc_crc": 1,
    "crc_gtq": 0.015054589,
    "crc_mxn": 0.039103144,
    "crc_pen": 0.0073570114,
    "crc_usd": 0.0019500129,
    "gtq_clp": 124.43116238,
    "gtq_cop": 573.08625433,
    "gtq_crc": 66.37700618,
    "gtq_gtq": 1,
    "gtq_mxn": 2.62586299,
    "gtq_pen": 0.48857258,
    "gtq_usd": 0.12946473,
    "mxn_clp": 47.38676878,
    "mxn_cop": 218.24682264,
    "mxn_crc": 25.27816814,
    "mxn_gtq": 0.38082718,
    "mxn_mxn": 1,
    "mxn_pen": 0.18606172,
    "mxn_usd": 0.049303689,
    "pen_clp": 254.68306353,
    "pen_cop": 1172.98078815,
    "pen_crc": 135.85904815,
    "pen_gtq": 2.04677879,
    "pen_mxn": 5.37456066,
    "pen_pen": 1,
    "pen_usd": 0.26498567,
    "timestamp": "2024-11-02 06:32:55",
    "usd_clp": 961.12014826,
    "usd_cop": 4426.58201677,
    "usd_crc": 512.70338391,
    "usd_gtq": 7.72411131,
    "usd_mxn": 20.28245801,
    "usd_pen": 3.77378902,
    "usd_usd": 1
}