{
    "clp_clp": 1,
    "clp_cop": 4.05425709,
    "clp_crc": 0.52219839,
    "clp_gtq": 0.0079297346,
    "clp_mxn": 0.019261253,
    "clp_pen": 0.0036290282,
    "clp_usd": 0.001033696,
    "cop_clp": 0.24665431,
    "cop_cop": 1,
    "cop_crc": 0.12880249,
    "cop_gtq": 0.0019559032,
    "cop_mxn": 0.0047508712,
    "cop_pen": 0.00089511545,
    "cop_usd": 0.00025496557,
    "crc_clp": 1.91498099,
    "crc_cop": 7.76382527,
    "crc_crc": 1,
    "crc_gtq": 0.015185291,
    "crc_mxn": 0.036884934,
    "crc_pen": 0.00694952,
    "crc_usd": 0.0019795081,
    "gtq_clp": 126.10762597,
    "gtq_cop": 511.27273653,
    "gtq_crc": 65.85319978,
    "gtq_gtq": 1,
    "gtq_mxn": 2.42899093,
    "gtq_pen": 0.45764813,
    "gtq_usd": 0.13035694,
    "mxn_clp": 51.9177015,
    "mxn_cop": 210.48770935,
    "mxn_crc": 27.11134036,
    "mxn_gtq": 0.41169359,
    "mxn_mxn": 1,
    "mxn_pen": 0.1884108,
    "mxn_usd": 0.053667119,
    "pen_clp": 275.55586616,
    "pen_cop": 1117.17432373,
    "pen_crc": 143.89483082,
    "pen_gtq": 2.18508488,
    "pen_mxn": 5.30755134,
    "pen_pen": 1,
    "pen_usd": 0.28484099,
    "timestamp": "2025-09-11 06:38:47",
    "usd_clp": 967.40244215,
    "usd_cop": 3922.09820874,
    "usd_crc": 505.17600184,
    "usd_gtq": 7.67124458,
    "usd_mxn": 18.63338349,
    "usd_pen": 3.51073071,
    "usd_usd": 1
}