{
    "clp_clp": 1,
    "clp_cop": 4.11669818,
    "clp_crc": 0.53189536,
    "clp_gtq": 0.0082471225,
    "clp_mxn": 0.017786493,
    "clp_pen": 0.0039090823,
    "clp_usd": 0.0010562358,
    "cop_clp": 0.24291312,
    "cop_cop": 1,
    "cop_crc": 0.12920436,
    "cop_gtq": 0.0020033343,
    "cop_mxn": 0.0043205725,
    "cop_pen": 0.00094956738,
    "cop_usd": 0.00025657354,
    "crc_clp": 1.88006903,
    "crc_cop": 7.73967675,
    "crc_crc": 1,
    "crc_gtq": 0.01550516,
    "crc_mxn": 0.033439834,
    "crc_pen": 0.0073493446,
    "crc_usd": 0.0019857963,
    "gtq_clp": 121.25441299,
    "gtq_cop": 499.16782087,
    "gtq_crc": 64.49466008,
    "gtq_gtq": 1,
    "gtq_mxn": 2.15669074,
    "gtq_pen": 0.47399348,
    "gtq_usd": 0.12807326,
    "mxn_clp": 56.22243879,
    "mxn_cop": 231.45081127,
    "mxn_crc": 29.90445452,
    "mxn_gtq": 0.46367334,
    "mxn_mxn": 1,
    "mxn_pen": 0.21977814,
    "mxn_usd": 0.059384155,
    "pen_clp": 255.81451614,
    "pen_cop": 1053.11115215,
    "pen_crc": 136.06655507,
    "pen_gtq": 2.10973366,
    "pen_mxn": 4.55004304,
    "pen_pen": 1,
    "pen_usd": 0.27020046,
    "timestamp": "2024-03-19 19:01:17",
    "usd_clp": 946.75825651,
    "usd_cop": 3897.51798825,
    "usd_crc": 503.57632704,
    "usd_gtq": 7.80803134,
    "usd_mxn": 16.83950887,
    "usd_pen": 3.70095595,
    "usd_usd": 1
}