{
    "clp_clp": 1,
    "clp_cop": 4.54728294,
    "clp_crc": 0.5229561,
    "clp_gtq": 0.0079258554,
    "clp_mxn": 0.020922897,
    "clp_pen": 0.0038456441,
    "clp_usd": 0.001026902,
    "cop_clp": 0.21991154,
    "cop_cop": 1,
    "cop_crc": 0.11500408,
    "cop_gtq": 0.0017429871,
    "cop_mxn": 0.0046011865,
    "cop_pen": 0.00084570151,
    "cop_usd": 0.0002258276,
    "crc_clp": 1.91220641,
    "crc_cop": 8.69534361,
    "crc_crc": 1,
    "crc_gtq": 0.015155871,
    "crc_mxn": 0.040008898,
    "crc_pen": 0.0073536652,
    "crc_usd": 0.0019636486,
    "gtq_clp": 126.16934748,
    "gtq_cop": 573.72772123,
    "gtq_crc": 65.9810293,
    "gtq_gtq": 1,
    "gtq_mxn": 2.63982825,
    "gtq_pen": 0.4852024,
    "gtq_usd": 0.12956356,
    "mxn_clp": 47.79452891,
    "mxn_cop": 217.33524588,
    "mxn_crc": 24.99444021,
    "mxn_gtq": 0.37881252,
    "mxn_mxn": 1,
    "mxn_pen": 0.18380075,
    "mxn_usd": 0.049080297,
    "pen_clp": 260.03446642,
    "pen_cop": 1182.45029268,
    "pen_crc": 135.98660918,
    "pen_gtq": 2.06099557,
    "pen_mxn": 5.44067433,
    "pen_pen": 1,
    "pen_usd": 0.26702991,
    "timestamp": "2024-12-01 19:38:18",
    "usd_clp": 973.80275548,
    "usd_cop": 4428.15665588,
    "usd_crc": 509.25608652,
    "usd_gtq": 7.7182198,
    "usd_mxn": 20.37477464,
    "usd_pen": 3.74489878,
    "usd_usd": 1
}