{
    "clp_clp": 1,
    "clp_cop": 4.04876139,
    "clp_crc": 0.52751446,
    "clp_gtq": 0.0080671519,
    "clp_mxn": 0.017383455,
    "clp_pen": 0.0038183672,
    "clp_usd": 0.0010346242,
    "cop_clp": 0.24698912,
    "cop_cop": 1,
    "cop_crc": 0.13029033,
    "cop_gtq": 0.0019924987,
    "cop_mxn": 0.0042935241,
    "cop_pen": 0.00094309514,
    "cop_usd": 0.00025554091,
    "crc_clp": 1.89568264,
    "crc_cop": 7.67516667,
    "crc_crc": 1,
    "crc_gtq": 0.01529276,
    "crc_mxn": 0.032953513,
    "crc_pen": 0.0072384124,
    "crc_usd": 0.0019613191,
    "gtq_clp": 123.95948573,
    "gtq_cop": 501.88237945,
    "gtq_crc": 65.39042093,
    "gtq_gtq": 1,
    "gtq_mxn": 2.15484408,
    "gtq_pen": 0.47332283,
    "gtq_usd": 0.12825148,
    "mxn_clp": 57.52596523,
    "mxn_cop": 232.90890679,
    "mxn_crc": 30.34577837,
    "mxn_gtq": 0.4640707,
    "mxn_mxn": 1,
    "mxn_pen": 0.21965526,
    "mxn_usd": 0.059517755,
    "pen_clp": 261.89204736,
    "pen_cop": 1060.33840907,
    "pen_crc": 138.15184143,
    "pen_gtq": 2.11272293,
    "pen_mxn": 4.55258849,
    "pen_pen": 1,
    "pen_usd": 0.27095985,
    "timestamp": "2024-03-12 06:25:49",
    "usd_clp": 966.5345325,
    "usd_cop": 3913.26769493,
    "usd_crc": 509.86094008,
    "usd_gtq": 7.79718088,
    "usd_mxn": 16.80170908,
    "usd_pen": 3.69058374,
    "usd_usd": 1
}