{
    "clp_clp": 1,
    "clp_cop": 4.34471439,
    "clp_crc": 0.53298258,
    "clp_gtq": 0.0081257339,
    "clp_mxn": 0.021380301,
    "clp_pen": 0.0039083999,
    "clp_usd": 0.0010536251,
    "cop_clp": 0.23016473,
    "cop_cop": 1,
    "cop_crc": 0.12267379,
    "cop_gtq": 0.0018702573,
    "cop_mxn": 0.0049209911,
    "cop_pen": 0.00089957579,
    "cop_usd": 0.00024250734,
    "crc_clp": 1.87623393,
    "crc_cop": 8.15170057,
    "crc_crc": 1,
    "crc_gtq": 0.015245778,
    "crc_mxn": 0.040114446,
    "crc_pen": 0.0073330725,
    "crc_usd": 0.0019768472,
    "gtq_clp": 123.06580715,
    "gtq_cop": 534.68578314,
    "gtq_crc": 65.59193126,
    "gtq_gtq": 1,
    "gtq_mxn": 2.63118395,
    "gtq_pen": 0.48099039,
    "gtq_usd": 0.12966523,
    "mxn_clp": 46.77202707,
    "mxn_cop": 203.21109901,
    "mxn_crc": 24.9286756,
    "mxn_gtq": 0.38005705,
    "mxn_mxn": 1,
    "mxn_pen": 0.18280379,
    "mxn_usd": 0.049280184,
    "pen_clp": 255.8591821,
    "pen_cop": 1111.63507008,
    "pen_crc": 136.36848669,
    "pen_gtq": 2.07904363,
    "pen_mxn": 5.47034623,
    "pen_pen": 1,
    "pen_usd": 0.26957967,
    "timestamp": "2025-02-17 19:21:12",
    "usd_clp": 949.10415247,
    "usd_cop": 4123.58646802,
    "usd_crc": 505.85597872,
    "usd_gtq": 7.71216778,
    "usd_mxn": 20.29213211,
    "usd_pen": 3.70947857,
    "usd_usd": 1
}