{
    "clp_clp": 1,
    "clp_cop": 3.98670817,
    "clp_crc": 0.50376202,
    "clp_gtq": 0.008292767,
    "clp_mxn": 0.01959566,
    "clp_pen": 0.0037753314,
    "clp_usd": 0.0010830791,
    "cop_clp": 0.25083351,
    "cop_cop": 1,
    "cop_crc": 0.1263604,
    "cop_gtq": 0.0020801038,
    "cop_mxn": 0.0049152481,
    "cop_pen": 0.00094697961,
    "cop_usd": 0.00027167253,
    "crc_clp": 1.98506429,
    "crc_cop": 7.91387204,
    "crc_crc": 1,
    "crc_gtq": 0.016461676,
    "crc_mxn": 0.038898644,
    "crc_pen": 0.0074942755,
    "crc_usd": 0.0021499816,
    "gtq_clp": 120.58701336,
    "gtq_cop": 480.74523119,
    "gtq_crc": 60.74715749,
    "gtq_gtq": 1,
    "gtq_mxn": 2.36298206,
    "gtq_pen": 0.45525593,
    "gtq_usd": 0.13060527,
    "mxn_clp": 51.01178768,
    "mxn_cop": 202.49380187,
    "mxn_crc": 25.6244583,
    "mxn_gtq": 0.42198961,
    "mxn_mxn": 1,
    "mxn_pen": 0.19201609,
    "mxn_usd": 0.055152679,
    "pen_clp": 264.87741173,
    "pen_cop": 1055.98894105,
    "pen_crc": 133.43518012,
    "pen_gtq": 2.19656665,
    "pen_mxn": 5.19044759,
    "pen_pen": 1,
    "pen_usd": 0.28688318,
    "timestamp": "2026-03-30 07:23:54",
    "usd_clp": 923.29361971,
    "usd_cop": 3680.90221585,
    "usd_crc": 465.12025938,
    "usd_gtq": 7.65665882,
    "usd_mxn": 18.09254745,
    "usd_pen": 3.48573936,
    "usd_usd": 1
}