{
    "clp_clp": 1,
    "clp_cop": 4.01392791,
    "clp_crc": 0.52350404,
    "clp_gtq": 0.0079824872,
    "clp_mxn": 0.019131255,
    "clp_pen": 0.0035327509,
    "clp_usd": 0.0010412197,
    "cop_clp": 0.24913253,
    "cop_cop": 1,
    "cop_crc": 0.13042188,
    "cop_gtq": 0.0019886972,
    "cop_mxn": 0.0047662178,
    "cop_pen": 0.00088012315,
    "cop_usd": 0.00025940168,
    "crc_clp": 1.91020492,
    "crc_cop": 7.66742486,
    "crc_crc": 1,
    "crc_gtq": 0.015248186,
    "crc_mxn": 0.036544617,
    "crc_pen": 0.0067482781,
    "crc_usd": 0.0019889429,
    "gtq_clp": 125.27423717,
    "gtq_cop": 502.84175706,
    "gtq_crc": 65.58156961,
    "gtq_gtq": 1,
    "gtq_mxn": 2.39665334,
    "gtq_pen": 0.44256267,
    "gtq_usd": 0.130438,
    "mxn_clp": 52.27048692,
    "mxn_cop": 209.80996633,
    "mxn_crc": 27.36381122,
    "mxn_gtq": 0.41724849,
    "mxn_mxn": 1,
    "mxn_pen": 0.18465861,
    "mxn_usd": 0.054425058,
    "pen_clp": 283.0655317,
    "pen_cop": 1136.20463823,
    "pen_crc": 148.1859502,
    "pen_gtq": 2.259567,
    "pen_mxn": 5.41539879,
    "pen_pen": 1,
    "pen_usd": 0.29473339,
    "timestamp": "2025-10-20 06:42:34",
    "usd_clp": 960.41214728,
    "usd_cop": 3855.02512368,
    "usd_crc": 502.77964178,
    "usd_gtq": 7.66647771,
    "usd_mxn": 18.37388943,
    "usd_pen": 3.39289684,
    "usd_usd": 1
}