{
    "clp_clp": 1,
    "clp_cop": 4.13327954,
    "clp_crc": 0.54845118,
    "clp_gtq": 0.0086311479,
    "clp_mxn": 0.019816078,
    "clp_pen": 0.0037794458,
    "clp_usd": 0.0011262492,
    "cop_clp": 0.24193863,
    "cop_cop": 1,
    "cop_crc": 0.13269153,
    "cop_gtq": 0.0020882081,
    "cop_mxn": 0.0047942748,
    "cop_pen": 0.00091439395,
    "cop_usd": 0.00027248318,
    "crc_clp": 1.82331633,
    "crc_cop": 7.53627607,
    "crc_crc": 1,
    "crc_gtq": 0.015737313,
    "crc_mxn": 0.036130979,
    "crc_pen": 0.0068911253,
    "crc_usd": 0.0020535085,
    "gtq_clp": 115.85944401,
    "gtq_cop": 478.87946913,
    "gtq_crc": 63.54324928,
    "gtq_gtq": 1,
    "gtq_mxn": 2.29587979,
    "gtq_pen": 0.43788449,
    "gtq_usd": 0.1304866,
    "mxn_clp": 50.46407243,
    "mxn_cop": 208.58211794,
    "mxn_crc": 27.67708029,
    "mxn_gtq": 0.43556287,
    "mxn_mxn": 1,
    "mxn_pen": 0.19072623,
    "mxn_usd": 0.056835119,
    "pen_clp": 263.84747369,
    "pen_cop": 1094.04854465,
    "pen_crc": 145.22253818,
    "pen_gtq": 2.28473801,
    "pen_mxn": 5.2356167,
    "pen_pen": 1,
    "pen_usd": 0.29779846,
    "timestamp": "2026-01-21 06:54:01",
    "usd_clp": 887.9029943,
    "usd_cop": 3669.95127752,
    "usd_crc": 486.97144878,
    "usd_gtq": 7.66362209,
    "usd_mxn": 17.59475507,
    "usd_pen": 3.35578125,
    "usd_usd": 1
}