{
    "clp_clp": 1,
    "clp_cop": 3.97950676,
    "clp_crc": 0.51310837,
    "clp_gtq": 0.007949244,
    "clp_mxn": 0.017047541,
    "clp_pen": 0.0037912703,
    "clp_usd": 0.0010220853,
    "cop_clp": 0.25128742,
    "cop_cop": 1,
    "cop_crc": 0.12893768,
    "cop_gtq": 0.001997545,
    "cop_mxn": 0.0042838326,
    "cop_pen": 0.00095269854,
    "cop_usd": 0.00025683719,
    "crc_clp": 1.94890605,
    "crc_cop": 7.7556848,
    "crc_crc": 1,
    "crc_gtq": 0.01549233,
    "crc_mxn": 0.033224055,
    "crc_pen": 0.0073888295,
    "crc_usd": 0.0019919483,
    "gtq_clp": 125.79812643,
    "gtq_cop": 500.61449497,
    "gtq_crc": 64.54807128,
    "gtq_gtq": 1,
    "gtq_mxn": 2.14454869,
    "gtq_pen": 0.4769347,
    "gtq_usd": 0.12857642,
    "mxn_clp": 58.65948707,
    "mxn_cop": 233.43582555,
    "mxn_crc": 30.09867365,
    "mxn_gtq": 0.46629857,
    "mxn_mxn": 1,
    "mxn_pen": 0.22239397,
    "mxn_usd": 0.059955002,
    "pen_clp": 264.49726625,
    "pen_cop": 1050.98099499,
    "pen_crc": 135.25490337,
    "pen_gtq": 2.10029256,
    "pen_mxn": 4.52554458,
    "pen_pen": 1,
    "pen_usd": 0.26998069,
    "timestamp": "2024-03-26 06:26:48",
    "usd_clp": 978.39188033,
    "usd_cop": 3893.51710529,
    "usd_crc": 502.02106044,
    "usd_gtq": 7.77747577,
    "usd_mxn": 16.67917551,
    "usd_pen": 3.70934804,
    "usd_usd": 1
}