{
    "clp_clp": 1,
    "clp_cop": 4.38096138,
    "clp_crc": 0.54119257,
    "clp_gtq": 0.0081760946,
    "clp_mxn": 0.020526022,
    "clp_pen": 0.0038869626,
    "clp_usd": 0.0010651506,
    "cop_clp": 0.2282604,
    "cop_cop": 1,
    "cop_crc": 0.12353283,
    "cop_gtq": 0.0018662786,
    "cop_mxn": 0.0046852781,
    "cop_pen": 0.00088723964,
    "cop_usd": 0.00024313171,
    "crc_clp": 1.8477711,
    "crc_cop": 8.09501384,
    "crc_crc": 1,
    "crc_gtq": 0.015107551,
    "crc_mxn": 0.037927391,
    "crc_pen": 0.0071822172,
    "crc_usd": 0.0019681545,
    "gtq_clp": 122.30778288,
    "gtq_cop": 535.82567327,
    "gtq_crc": 66.19206387,
    "gtq_gtq": 1,
    "gtq_mxn": 2.5104923,
    "gtq_pen": 0.47540578,
    "gtq_usd": 0.13027621,
    "mxn_clp": 48.71864498,
    "mxn_cop": 213.43450216,
    "mxn_crc": 26.36616889,
    "mxn_gtq": 0.39832825,
    "mxn_mxn": 1,
    "mxn_pen": 0.18936755,
    "mxn_usd": 0.051892695,
    "pen_clp": 257.27029167,
    "pen_cop": 1127.09121204,
    "pen_crc": 139.23277142,
    "pen_gtq": 2.10346624,
    "pen_mxn": 5.28073578,
    "pen_pen": 1,
    "pen_usd": 0.27403161,
    "timestamp": "2025-05-28 06:42:09",
    "usd_clp": 940.38819319,
    "usd_cop": 4151.04141894,
    "usd_crc": 508.23653208,
    "usd_gtq": 7.66897097,
    "usd_mxn": 19.24174019,
    "usd_pen": 3.65660218,
    "usd_usd": 1
}