{
    "clp_clp": 1,
    "clp_cop": 3.5540349,
    "clp_crc": 0.49035862,
    "clp_gtq": 0.0082222221,
    "clp_mxn": 0.018877703,
    "clp_pen": 0.0036639766,
    "clp_usd": 0.0010784639,
    "cop_clp": 0.28137034,
    "cop_cop": 1,
    "cop_crc": 0.13797237,
    "cop_gtq": 0.0023134894,
    "cop_mxn": 0.0053116256,
    "cop_pen": 0.0010309343,
    "cop_usd": 0.00030344776,
    "crc_clp": 2.03932378,
    "crc_cop": 7.24782787,
    "crc_crc": 1,
    "crc_gtq": 0.016767773,
    "crc_mxn": 0.038497748,
    "crc_pen": 0.0074720346,
    "crc_usd": 0.0021993371,
    "gtq_clp": 121.16054017,
    "gtq_cop": 426.2253736,
    "gtq_crc": 59.64462804,
    "gtq_gtq": 1,
    "gtq_mxn": 2.28957235,
    "gtq_pen": 0.44450908,
    "gtq_usd": 0.13102978,
    "mxn_clp": 52.97254752,
    "mxn_cop": 188.26628273,
    "mxn_crc": 25.9755455,
    "mxn_gtq": 0.43555205,
    "mxn_mxn": 1,
    "mxn_pen": 0.19409018,
    "mxn_usd": 0.057128981,
    "pen_clp": 272.57157826,
    "pen_cop": 958.86765291,
    "pen_crc": 134.18090062,
    "pen_gtq": 2.24967285,
    "pen_mxn": 5.15078877,
    "pen_pen": 1,
    "pen_usd": 0.29477414,
    "timestamp": "2026-07-11 07:21:39",
    "usd_clp": 927.24474083,
    "usd_cop": 3295.4601719,
    "usd_crc": 454.68245511,
    "usd_gtq": 7.62401217,
    "usd_mxn": 17.50425049,
    "usd_pen": 3.39740306,
    "usd_usd": 1
}