{
    "clp_clp": 1,
    "clp_cop": 4.10212191,
    "clp_crc": 0.51929288,
    "clp_gtq": 0.0083660543,
    "clp_mxn": 0.019299656,
    "clp_pen": 0.0038117608,
    "clp_usd": 0.001092673,
    "cop_clp": 0.24377628,
    "cop_cop": 1,
    "cop_crc": 0.12659128,
    "cop_gtq": 0.0020394455,
    "cop_mxn": 0.0047047984,
    "cop_pen": 0.00092921685,
    "cop_usd": 0.00026636775,
    "crc_clp": 1.92569557,
    "crc_cop": 7.899438,
    "crc_crc": 1,
    "crc_gtq": 0.016110474,
    "crc_mxn": 0.037165263,
    "crc_pen": 0.0073402909,
    "crc_usd": 0.0021041555,
    "gtq_clp": 119.53066133,
    "gtq_cop": 490.32934467,
    "gtq_crc": 62.07142136,
    "gtq_gtq": 1,
    "gtq_mxn": 2.30690069,
    "gtq_pen": 0.45562229,
    "gtq_usd": 0.13060792,
    "mxn_clp": 51.81439395,
    "mxn_cop": 212.54896062,
    "mxn_crc": 26.90684585,
    "mxn_gtq": 0.43348203,
    "mxn_mxn": 1,
    "mxn_pen": 0.19750408,
    "mxn_usd": 0.056616188,
    "pen_clp": 262.34594834,
    "pen_cop": 1076.17506248,
    "pen_crc": 136.23438304,
    "pen_gtq": 2.19480044,
    "pen_mxn": 5.06318666,
    "pen_pen": 1,
    "pen_usd": 0.28665833,
    "timestamp": "2026-03-10 20:08:06",
    "usd_clp": 915.18689927,
    "usd_cop": 3754.2082305,
    "usd_crc": 475.25004057,
    "usd_gtq": 7.65650327,
    "usd_mxn": 17.6627927,
    "usd_pen": 3.48847354,
    "usd_usd": 1
}