{
    "clp_clp": 1,
    "clp_cop": 4.29524625,
    "clp_crc": 0.50298205,
    "clp_gtq": 0.007632965,
    "clp_mxn": 0.020127188,
    "clp_pen": 0.0037157506,
    "clp_usd": 0.00098902294,
    "cop_clp": 0.23281552,
    "cop_cop": 1,
    "cop_crc": 0.11710203,
    "cop_gtq": 0.0017770727,
    "cop_mxn": 0.0046859217,
    "cop_pen": 0.00086508442,
    "cop_usd": 0.00023025989,
    "crc_clp": 1.98814252,
    "crc_cop": 8.53956171,
    "crc_crc": 1,
    "crc_gtq": 0.015175422,
    "crc_mxn": 0.040015718,
    "crc_pen": 0.0073874417,
    "crc_usd": 0.0019663186,
    "gtq_clp": 131.01068808,
    "gtq_cop": 562.72316694,
    "gtq_crc": 65.89602445,
    "gtq_gtq": 1,
    "gtq_mxn": 2.63687671,
    "gtq_pen": 0.48680304,
    "gtq_usd": 0.12957258,
    "mxn_clp": 49.68404011,
    "mxn_cop": 213.40518708,
    "mxn_crc": 24.99018034,
    "mxn_gtq": 0.37923654,
    "mxn_mxn": 1,
    "mxn_pen": 0.1846135,
    "mxn_usd": 0.049138655,
    "pen_clp": 269.12462915,
    "pen_cop": 1155.95655466,
    "pen_crc": 135.36485765,
    "pen_gtq": 2.05421888,
    "pen_mxn": 5.41672192,
    "pen_pen": 1,
    "pen_usd": 0.26617043,
    "timestamp": "2025-01-07 19:22:06",
    "usd_clp": 1011.09889335,
    "usd_cop": 4342.91873198,
    "usd_crc": 508.56459403,
    "usd_gtq": 7.71768249,
    "usd_mxn": 20.35057719,
    "usd_pen": 3.75699131,
    "usd_usd": 1
}