{
    "clp_clp": 1,
    "clp_cop": 4.01200794,
    "clp_crc": 0.53196657,
    "clp_gtq": 0.0082046621,
    "clp_mxn": 0.01735808,
    "clp_pen": 0.0039210731,
    "clp_usd": 0.0010545449,
    "cop_clp": 0.24925175,
    "cop_cop": 1,
    "cop_crc": 0.1325936,
    "cop_gtq": 0.0020450264,
    "cop_mxn": 0.0043265318,
    "cop_pen": 0.00097733433,
    "cop_usd": 0.00026284717,
    "crc_clp": 1.87981738,
    "crc_cop": 7.54184226,
    "crc_crc": 1,
    "crc_gtq": 0.015423266,
    "crc_mxn": 0.03263002,
    "crc_pen": 0.0073709013,
    "crc_usd": 0.0019823519,
    "gtq_clp": 121.88192417,
    "gtq_cop": 488.99124734,
    "gtq_crc": 64.83710879,
    "gtq_gtq": 1,
    "gtq_mxn": 2.11563618,
    "gtq_pen": 0.47790793,
    "gtq_usd": 0.12852997,
    "mxn_clp": 57.61005855,
    "mxn_cop": 231.13201225,
    "mxn_crc": 30.64662508,
    "mxn_gtq": 0.47267106,
    "mxn_mxn": 1,
    "mxn_pen": 0.22589325,
    "mxn_usd": 0.060752395,
    "pen_clp": 255.0322273,
    "pen_cop": 1023.19132056,
    "pen_crc": 135.66861845,
    "pen_gtq": 2.09245324,
    "pen_mxn": 4.42686978,
    "pen_pen": 1,
    "pen_usd": 0.26894294,
    "timestamp": "2024-04-11 06:26:30",
    "usd_clp": 948.27633238,
    "usd_cop": 3804.49217352,
    "usd_crc": 504.45130518,
    "usd_gtq": 7.78028685,
    "usd_mxn": 16.46025635,
    "usd_pen": 3.7182608,
    "usd_usd": 1
}