{
    "clp_clp": 1,
    "clp_cop": 4.18613496,
    "clp_crc": 0.54662991,
    "clp_gtq": 0.0083462713,
    "clp_mxn": 0.018148862,
    "clp_pen": 0.0040115991,
    "clp_usd": 0.0010754942,
    "cop_clp": 0.23888384,
    "cop_cop": 1,
    "cop_crc": 0.13058105,
    "cop_gtq": 0.0019937893,
    "cop_mxn": 0.0043354699,
    "cop_pen": 0.0009583062,
    "cop_usd": 0.00025691819,
    "crc_clp": 1.82939131,
    "crc_cop": 7.65807891,
    "crc_crc": 1,
    "crc_gtq": 0.015268596,
    "crc_mxn": 0.03320137,
    "crc_pen": 0.0073387845,
    "crc_usd": 0.0019674997,
    "gtq_clp": 119.81398219,
    "gtq_cop": 501.55749924,
    "gtq_crc": 65.49390583,
    "gtq_gtq": 1,
    "gtq_mxn": 2.17448743,
    "gtq_pen": 0.48064566,
    "gtq_usd": 0.12885924,
    "mxn_clp": 55.09987357,
    "mxn_cop": 230.65550689,
    "mxn_crc": 30.11923871,
    "mxn_gtq": 0.45987849,
    "mxn_mxn": 1,
    "mxn_pen": 0.2210386,
    "mxn_usd": 0.059259594,
    "pen_clp": 249.27715238,
    "pen_cop": 1043.50780165,
    "pen_crc": 136.26234639,
    "pen_gtq": 2.08053474,
    "pen_mxn": 4.52409663,
    "pen_pen": 1,
    "pen_usd": 0.26809613,
    "timestamp": "2024-05-07 18:54:29",
    "usd_clp": 943.29936668,
    "usd_cop": 3903.42106198,
    "usd_crc": 507.77722989,
    "usd_gtq": 7.76426819,
    "usd_mxn": 16.96669384,
    "usd_pen": 3.72649717,
    "usd_usd": 1
}