{
    "clp_clp": 1,
    "clp_cop": 4.45498281,
    "clp_crc": 0.52233577,
    "clp_gtq": 0.0079321923,
    "clp_mxn": 0.02090206,
    "clp_pen": 0.0038368662,
    "clp_usd": 0.0010290422,
    "cop_clp": 0.22707476,
    "cop_cop": 1,
    "cop_crc": 0.11990851,
    "cop_gtq": 0.0018026804,
    "cop_mxn": 0.0047510561,
    "cop_pen": 0.00086727172,
    "cop_usd": 0.00023369939,
    "crc_clp": 1.91447736,
    "crc_cop": 8.52896372,
    "crc_crc": 1,
    "crc_gtq": 0.015186002,
    "crc_mxn": 0.040016521,
    "crc_pen": 0.0073455935,
    "crc_usd": 0.0019700779,
    "gtq_clp": 126.06855301,
    "gtq_cop": 561.63323692,
    "gtq_crc": 65.85011443,
    "gtq_gtq": 1,
    "gtq_mxn": 2.63509249,
    "gtq_pen": 0.48370817,
    "gtq_usd": 0.12972985,
    "mxn_clp": 47.79458545,
    "mxn_cop": 210.47951828,
    "mxn_crc": 25.23828457,
    "mxn_gtq": 0.3794273,
    "mxn_mxn": 1,
    "mxn_pen": 0.18254293,
    "mxn_usd": 0.049188936,
    "pen_clp": 260.6293647,
    "pen_cop": 1161.0993403,
    "pen_crc": 136.13603931,
    "pen_gtq": 2.06736223,
    "pen_mxn": 5.44769069,
    "pen_pen": 1,
    "pen_usd": 0.2681986,
    "timestamp": "2025-04-13 06:35:30",
    "usd_clp": 971.77749156,
    "usd_cop": 4329.25202301,
    "usd_crc": 507.59414214,
    "usd_gtq": 7.70832589,
    "usd_mxn": 20.3121517,
    "usd_pen": 3.72858021,
    "usd_usd": 1
}