{
    "clp_clp": 1,
    "clp_cop": 4.43647664,
    "clp_crc": 0.50909002,
    "clp_gtq": 0.007751737,
    "clp_mxn": 0.020490443,
    "clp_pen": 0.0037673174,
    "clp_usd": 0.0010066975,
    "cop_clp": 0.22540409,
    "cop_cop": 1,
    "cop_crc": 0.11475098,
    "cop_gtq": 0.0017472733,
    "cop_mxn": 0.0046186298,
    "cop_pen": 0.00084916876,
    "cop_usd": 0.00022691374,
    "crc_clp": 1.96428914,
    "crc_cop": 8.7145229,
    "crc_crc": 1,
    "crc_gtq": 0.015226653,
    "crc_mxn": 0.040249155,
    "crc_pen": 0.0074001006,
    "crc_usd": 0.001977445,
    "gtq_clp": 129.00334516,
    "gtq_cop": 572.3203271,
    "gtq_crc": 65.67431559,
    "gtq_gtq": 1,
    "gtq_mxn": 2.64333571,
    "gtq_pen": 0.48599654,
    "gtq_usd": 0.12986735,
    "mxn_clp": 48.80323929,
    "mxn_cop": 216.514431,
    "mxn_crc": 24.84524208,
    "mxn_gtq": 0.37830987,
    "mxn_mxn": 1,
    "mxn_pen": 0.18385729,
    "mxn_usd": 0.049130099,
    "pen_clp": 265.44087113,
    "pen_cop": 1177.6222237,
    "pen_crc": 135.13329844,
    "pen_gtq": 2.05762781,
    "pen_mxn": 5.43900108,
    "pen_pen": 1,
    "pen_usd": 0.26721866,
    "timestamp": "2024-12-30 19:21:18",
    "usd_clp": 993.34704796,
    "usd_cop": 4406.96097229,
    "usd_crc": 505.70306869,
    "usd_gtq": 7.70016504,
    "usd_mxn": 20.35412121,
    "usd_pen": 3.74225357,
    "usd_usd": 1
}