{
    "clp_clp": 1,
    "clp_cop": 4.17634539,
    "clp_crc": 0.52394458,
    "clp_gtq": 0.0079508992,
    "clp_mxn": 0.019426707,
    "clp_pen": 0.0036922231,
    "clp_usd": 0.0010373018,
    "cop_clp": 0.2394438,
    "cop_cop": 1,
    "cop_crc": 0.12545528,
    "cop_gtq": 0.0019037935,
    "cop_mxn": 0.0046516046,
    "cop_pen": 0.00088407992,
    "cop_usd": 0.00024837549,
    "crc_clp": 1.90859879,
    "crc_cop": 7.97096778,
    "crc_crc": 1,
    "crc_gtq": 0.015175077,
    "crc_mxn": 0.03707779,
    "crc_pen": 0.0070469725,
    "crc_usd": 0.001979793,
    "gtq_clp": 125.77193789,
    "gtq_cop": 525.26705338,
    "gtq_crc": 65.8975256,
    "gtq_gtq": 1,
    "gtq_mxn": 2.44333462,
    "gtq_pen": 0.46437805,
    "gtq_usd": 0.13046346,
    "mxn_clp": 51.47552721,
    "mxn_cop": 214.9795809,
    "mxn_crc": 26.97032366,
    "mxn_gtq": 0.40927673,
    "mxn_mxn": 1,
    "mxn_pen": 0.19005913,
    "mxn_usd": 0.053395659,
    "pen_clp": 270.83953942,
    "pen_cop": 1131.11946274,
    "pen_crc": 141.90490966,
    "pen_gtq": 2.15341788,
    "pen_mxn": 5.26152046,
    "pen_pen": 1,
    "pen_usd": 0.28094235,
    "timestamp": "2025-08-18 19:42:03",
    "usd_clp": 964.0395513,
    "usd_cop": 4026.16213881,
    "usd_crc": 505.1033011,
    "usd_gtq": 7.66498129,
    "usd_mxn": 18.72811419,
    "usd_pen": 3.55944909,
    "usd_usd": 1
}