{
    "clp_clp": 1,
    "clp_cop": 4.15484013,
    "clp_crc": 0.54429949,
    "clp_gtq": 0.0082859056,
    "clp_mxn": 0.0180579,
    "clp_pen": 0.0039753609,
    "clp_usd": 0.0010676464,
    "cop_clp": 0.24068315,
    "cop_cop": 1,
    "cop_crc": 0.13100371,
    "cop_gtq": 0.0019942778,
    "cop_mxn": 0.0043462322,
    "cop_pen": 0.00095680238,
    "cop_usd": 0.0002569645,
    "crc_clp": 1.83722383,
    "crc_cop": 7.63337132,
    "crc_crc": 1,
    "crc_gtq": 0.015223063,
    "crc_mxn": 0.033176404,
    "crc_pen": 0.0073036278,
    "crc_usd": 0.0019615055,
    "gtq_clp": 120.68686847,
    "gtq_cop": 501.43464472,
    "gtq_crc": 65.68980125,
    "gtq_gtq": 1,
    "gtq_mxn": 2.17935139,
    "gtq_pen": 0.47977386,
    "gtq_usd": 0.1288509,
    "mxn_clp": 55.37742518,
    "mxn_cop": 230.08434864,
    "mxn_crc": 30.14190442,
    "mxn_gtq": 0.45885212,
    "mxn_mxn": 1,
    "mxn_pen": 0.22014525,
    "mxn_usd": 0.05912351,
    "pen_clp": 251.54948642,
    "pen_cop": 1045.14790177,
    "pen_crc": 136.91825779,
    "pen_gtq": 2.0843153,
    "pen_mxn": 4.54245544,
    "pen_pen": 1,
    "pen_usd": 0.26856591,
    "timestamp": "2024-05-08 19:05:23",
    "usd_clp": 929.80510818,
    "usd_cop": 3892.28966696,
    "usd_crc": 508.25927894,
    "usd_gtq": 7.76040568,
    "usd_mxn": 16.87490457,
    "usd_pen": 3.73000533,
    "usd_usd": 1
}