{
    "clp_clp": 1,
    "clp_cop": 4.18997384,
    "clp_crc": 0.49967566,
    "clp_gtq": 0.0084173891,
    "clp_mxn": 0.019222762,
    "clp_pen": 0.0037804268,
    "clp_usd": 0.0011042678,
    "cop_clp": 0.23866497,
    "cop_cop": 1,
    "cop_crc": 0.11925508,
    "cop_gtq": 0.002008936,
    "cop_mxn": 0.0045878001,
    "cop_pen": 0.00090225546,
    "cop_usd": 0.00026355004,
    "crc_clp": 2.00129821,
    "crc_cop": 8.38538713,
    "crc_crc": 1,
    "crc_gtq": 0.016845706,
    "crc_mxn": 0.03847048,
    "crc_pen": 0.0075657613,
    "crc_usd": 0.0022099691,
    "gtq_clp": 118.80168357,
    "gtq_cop": 497.77594641,
    "gtq_crc": 59.36230954,
    "gtq_gtq": 1,
    "gtq_mxn": 2.28369653,
    "gtq_pen": 0.44912107,
    "gtq_usd": 0.13118887,
    "mxn_clp": 52.02165961,
    "mxn_cop": 217.96939292,
    "mxn_crc": 25.99395705,
    "mxn_gtq": 0.43788655,
    "mxn_mxn": 1,
    "mxn_pen": 0.19666407,
    "mxn_usd": 0.057445842,
    "pen_clp": 264.52039954,
    "pen_cop": 1108.33355447,
    "pen_crc": 132.17440499,
    "pen_gtq": 2.22657114,
    "pen_mxn": 5.08481278,
    "pen_pen": 1,
    "pen_usd": 0.29210135,
    "timestamp": "2026-05-20 21:54:12",
    "usd_clp": 905.57745953,
    "usd_cop": 3794.34586643,
    "usd_crc": 452.49501398,
    "usd_gtq": 7.62259787,
    "usd_mxn": 17.4077003,
    "usd_pen": 3.42346927,
    "usd_usd": 1
}