{
    "clp_clp": 1,
    "clp_cop": 4.14137775,
    "clp_crc": 0.53545726,
    "clp_gtq": 0.0083452401,
    "clp_mxn": 0.01985394,
    "clp_pen": 0.0036633219,
    "clp_usd": 0.0010897267,
    "cop_clp": 0.24146554,
    "cop_cop": 1,
    "cop_crc": 0.12929447,
    "cop_gtq": 0.0020150879,
    "cop_mxn": 0.0047940423,
    "cop_pen": 0.000884566,
    "cop_usd": 0.00026313144,
    "crc_clp": 1.8675627,
    "crc_cop": 7.73428263,
    "crc_crc": 1,
    "crc_gtq": 0.015585259,
    "crc_mxn": 0.037078478,
    "crc_pen": 0.0068414834,
    "crc_usd": 0.0020351329,
    "gtq_clp": 119.82878685,
    "gtq_cop": 496.25627222,
    "gtq_crc": 64.16319344,
    "gtq_gtq": 1,
    "gtq_mxn": 2.37907356,
    "gtq_pen": 0.43897142,
    "gtq_usd": 0.13058063,
    "mxn_clp": 50.36783596,
    "mxn_cop": 208.59223541,
    "mxn_crc": 26.96982325,
    "mxn_gtq": 0.42033169,
    "mxn_mxn": 1,
    "mxn_pen": 0.1845136,
    "mxn_usd": 0.054887175,
    "pen_clp": 272.97628089,
    "pen_cop": 1130.49789722,
    "pen_crc": 146.16713042,
    "pen_gtq": 2.27805261,
    "pen_mxn": 5.41965474,
    "pen_pen": 1,
    "pen_usd": 0.29746954,
    "timestamp": "2025-12-05 19:40:01",
    "usd_clp": 917.66128659,
    "usd_cop": 3800.38203858,
    "usd_crc": 491.36839481,
    "usd_gtq": 7.65810379,
    "usd_mxn": 18.21919225,
    "usd_pen": 3.36168873,
    "usd_usd": 1
}