{
    "clp_clp": 1,
    "clp_cop": 4.29007909,
    "clp_crc": 0.5747242,
    "clp_gtq": 0.0087137568,
    "clp_mxn": 0.018594476,
    "clp_pen": 0.0042072969,
    "clp_usd": 0.0011231332,
    "cop_clp": 0.23309594,
    "cop_cop": 1,
    "cop_crc": 0.13396587,
    "cop_gtq": 0.0020311413,
    "cop_mxn": 0.0043342967,
    "cop_pen": 0.0009807038,
    "cop_usd": 0.00026179777,
    "crc_clp": 1.73996502,
    "crc_cop": 7.46458756,
    "crc_crc": 1,
    "crc_gtq": 0.015161632,
    "crc_mxn": 0.032353737,
    "crc_pen": 0.0073205494,
    "crc_usd": 0.0019542124,
    "gtq_clp": 114.76106433,
    "gtq_cop": 492.33404275,
    "gtq_crc": 65.95596061,
    "gtq_gtq": 1,
    "gtq_mxn": 2.1339218,
    "gtq_pen": 0.48283387,
    "gtq_usd": 0.12889196,
    "mxn_clp": 53.77941408,
    "mxn_cop": 230.71793999,
    "mxn_crc": 30.9083306,
    "mxn_gtq": 0.46862073,
    "mxn_mxn": 1,
    "mxn_pen": 0.22626596,
    "mxn_usd": 0.060401443,
    "pen_clp": 237.68230023,
    "pen_cop": 1019.67586698,
    "pen_crc": 136.60176927,
    "pen_gtq": 2.07110575,
    "pen_mxn": 4.41957772,
    "pen_pen": 1,
    "pen_usd": 0.26694887,
    "timestamp": "2024-05-21 19:07:04",
    "usd_clp": 890.36637599,
    "usd_cop": 3819.74217476,
    "usd_crc": 511.71510098,
    "usd_gtq": 7.75843603,
    "usd_mxn": 16.5558958,
    "usd_pen": 3.74603568,
    "usd_usd": 1
}