{
    "clp_clp": 1,
    "clp_cop": 4.18336734,
    "clp_crc": 0.52859017,
    "clp_gtq": 0.0081876859,
    "clp_mxn": 0.018142364,
    "clp_pen": 0.0039605503,
    "clp_usd": 0.0010543037,
    "cop_clp": 0.23904188,
    "cop_cop": 1,
    "cop_crc": 0.12635519,
    "cop_gtq": 0.0019571999,
    "cop_mxn": 0.0043367847,
    "cop_pen": 0.00094673739,
    "cop_usd": 0.00025202274,
    "crc_clp": 1.8918248,
    "crc_cop": 7.91419806,
    "crc_crc": 1,
    "crc_gtq": 0.015489667,
    "crc_mxn": 0.034322173,
    "crc_pen": 0.0074926672,
    "crc_usd": 0.0019945579,
    "gtq_clp": 122.13463091,
    "gtq_cop": 510.93402562,
    "gtq_crc": 64.55916591,
    "gtq_gtq": 1,
    "gtq_mxn": 2.21581088,
    "gtq_pen": 0.48372035,
    "gtq_usd": 0.12876699,
    "mxn_clp": 55.11960971,
    "mxn_cop": 230.58557488,
    "mxn_crc": 29.13568414,
    "mxn_gtq": 0.45130205,
    "mxn_mxn": 1,
    "mxn_pen": 0.21830399,
    "mxn_usd": 0.058112809,
    "pen_clp": 252.49016695,
    "pen_cop": 1056.25911728,
    "pen_crc": 133.46382151,
    "pen_gtq": 2.06731019,
    "pen_mxn": 4.58076841,
    "pen_pen": 1,
    "pen_usd": 0.26620132,
    "timestamp": "2024-04-26 19:03:18",
    "usd_clp": 948.49330222,
    "usd_cop": 3967.89589958,
    "usd_crc": 501.36424051,
    "usd_gtq": 7.76596527,
    "usd_mxn": 17.20791035,
    "usd_pen": 3.75655541,
    "usd_usd": 1
}