{
    "clp_clp": 1,
    "clp_cop": 3.99235237,
    "clp_crc": 0.51889041,
    "clp_gtq": 0.0080438766,
    "clp_mxn": 0.017212778,
    "clp_pen": 0.0038311791,
    "clp_usd": 0.0010339559,
    "cop_clp": 0.25047889,
    "cop_cop": 1,
    "cop_crc": 0.12997109,
    "cop_gtq": 0.0020148213,
    "cop_mxn": 0.0043114375,
    "cop_pen": 0.0009596295,
    "cop_usd": 0.00025898413,
    "crc_clp": 1.92718923,
    "crc_cop": 7.69401849,
    "crc_crc": 1,
    "crc_gtq": 0.015502072,
    "crc_mxn": 0.03317228,
    "crc_pen": 0.0073834071,
    "crc_usd": 0.0019926287,
    "gtq_clp": 124.31816811,
    "gtq_cop": 496.32193354,
    "gtq_crc": 64.50750467,
    "gtq_gtq": 1,
    "gtq_mxn": 2.13986099,
    "gtq_pen": 0.47628517,
    "gtq_usd": 0.12853951,
    "mxn_clp": 58.09637575,
    "mxn_cop": 231.94120364,
    "mxn_crc": 30.14565198,
    "mxn_gtq": 0.46732008,
    "mxn_mxn": 1,
    "mxn_pen": 0.22257762,
    "mxn_usd": 0.060069091,
    "pen_clp": 261.01624844,
    "pen_cop": 1042.06883901,
    "pen_crc": 135.43882701,
    "pen_gtq": 2.09958249,
    "pen_mxn": 4.49281466,
    "pen_pen": 1,
    "pen_usd": 0.26987929,
    "timestamp": "2024-04-14 21:23:42",
    "usd_clp": 967.15922513,
    "usd_cop": 3861.24042808,
    "usd_crc": 501.84964256,
    "usd_gtq": 7.77970943,
    "usd_mxn": 16.64749673,
    "usd_pen": 3.70536023,
    "usd_usd": 1
}