{
    "clp_clp": 1,
    "clp_cop": 4.02454201,
    "clp_crc": 0.51228087,
    "clp_gtq": 0.008347634,
    "clp_mxn": 0.019563155,
    "clp_pen": 0.0037674319,
    "clp_usd": 0.0010898952,
    "cop_clp": 0.24847548,
    "cop_cop": 1,
    "cop_crc": 0.12728923,
    "cop_gtq": 0.0020741824,
    "cop_mxn": 0.0048609642,
    "cop_pen": 0.00093611444,
    "cop_usd": 0.00027081224,
    "crc_clp": 1.95205415,
    "crc_cop": 7.85612392,
    "crc_crc": 1,
    "crc_gtq": 0.016295034,
    "crc_mxn": 0.038188337,
    "crc_pen": 0.0073542311,
    "crc_usd": 0.0021275345,
    "gtq_clp": 119.79442293,
    "gtq_cop": 482.11768812,
    "gtq_crc": 61.36839145,
    "gtq_gtq": 1,
    "gtq_mxn": 2.34355684,
    "gtq_pen": 0.45131733,
    "gtq_usd": 0.13056337,
    "mxn_clp": 51.11649994,
    "mxn_cop": 205.72050162,
    "mxn_crc": 26.18600517,
    "mxn_gtq": 0.42670183,
    "mxn_mxn": 1,
    "mxn_pen": 0.19257793,
    "mxn_usd": 0.05571163,
    "pen_clp": 265.43280066,
    "pen_cop": 1068.24545816,
    "pen_crc": 135.9761466,
    "pen_gtq": 2.21573588,
    "pen_mxn": 5.19270296,
    "pen_pen": 1,
    "pen_usd": 0.28929395,
    "timestamp": "2026-03-15 20:36:12",
    "usd_clp": 917.51937633,
    "usd_cop": 3692.59527875,
    "usd_crc": 470.02762626,
    "usd_gtq": 7.65911596,
    "usd_mxn": 17.94957357,
    "usd_pen": 3.45669177,
    "usd_usd": 1
}