{
    "clp_clp": 1,
    "clp_cop": 4.29996833,
    "clp_crc": 0.53898034,
    "clp_gtq": 0.0087737034,
    "clp_mxn": 0.019725828,
    "clp_pen": 0.0038398445,
    "clp_usd": 0.0011446089,
    "cop_clp": 0.23255985,
    "cop_cop": 1,
    "cop_crc": 0.12534519,
    "cop_gtq": 0.0020404112,
    "cop_mxn": 0.0045874356,
    "cop_pen": 0.00089299366,
    "cop_usd": 0.00026619007,
    "crc_clp": 1.85535524,
    "crc_cop": 7.97796879,
    "crc_crc": 1,
    "crc_gtq": 0.016278337,
    "crc_mxn": 0.036598418,
    "crc_pen": 0.0071242756,
    "crc_usd": 0.0021236561,
    "gtq_clp": 113.9769559,
    "gtq_cop": 490.09730118,
    "gtq_crc": 61.43133847,
    "gtq_gtq": 1,
    "gtq_mxn": 2.2482898,
    "gtq_pen": 0.43765378,
    "gtq_usd": 0.13045903,
    "mxn_clp": 50.69495746,
    "mxn_cop": 217.98671178,
    "mxn_crc": 27.32358542,
    "mxn_gtq": 0.44478252,
    "mxn_mxn": 1,
    "mxn_pen": 0.19466075,
    "mxn_usd": 0.058025898,
    "pen_clp": 260.4272151,
    "pen_cop": 1119.82877823,
    "pen_crc": 140.365149,
    "pen_gtq": 2.28491113,
    "pen_mxn": 5.13714239,
    "pen_pen": 1,
    "pen_usd": 0.2980873,
    "timestamp": "2026-03-01 20:21:28",
    "usd_clp": 873.66089017,
    "usd_cop": 3756.71416241,
    "usd_crc": 470.88604384,
    "usd_gtq": 7.66524148,
    "usd_mxn": 17.23368425,
    "usd_pen": 3.35472193,
    "usd_usd": 1
}