{
    "clp_clp": 1,
    "clp_cop": 4.281537,
    "clp_crc": 0.55008658,
    "clp_gtq": 0.0088679882,
    "clp_mxn": 0.01986885,
    "clp_pen": 0.0038716789,
    "clp_usd": 0.0011583117,
    "cop_clp": 0.23356099,
    "cop_cop": 1,
    "cop_crc": 0.12847876,
    "cop_gtq": 0.0020712161,
    "cop_mxn": 0.0046405883,
    "cop_pen": 0.00090427314,
    "cop_usd": 0.00027053643,
    "crc_clp": 1.81789566,
    "crc_cop": 7.78338751,
    "crc_crc": 1,
    "crc_gtq": 0.016121077,
    "crc_mxn": 0.036119497,
    "crc_pen": 0.0070383083,
    "crc_usd": 0.0021056899,
    "gtq_clp": 112.76514806,
    "gtq_cop": 482.80815396,
    "gtq_crc": 62.03059441,
    "gtq_gtq": 1,
    "gtq_mxn": 2.24051386,
    "gtq_pen": 0.43659045,
    "gtq_usd": 0.13061719,
    "mxn_clp": 50.33003813,
    "mxn_cop": 215.48992059,
    "mxn_crc": 27.68587845,
    "mxn_gtq": 0.44632618,
    "mxn_mxn": 1,
    "mxn_pen": 0.19486175,
    "mxn_usd": 0.058297874,
    "pen_clp": 258.2858817,
    "pen_cop": 1105.86055961,
    "pen_crc": 142.0795968,
    "pen_gtq": 2.29047615,
    "pen_mxn": 5.13184355,
    "pen_pen": 1,
    "pen_usd": 0.29917557,
    "timestamp": "2026-02-23 20:22:16",
    "usd_clp": 863.32544661,
    "usd_cop": 3696.35984447,
    "usd_crc": 474.90374061,
    "usd_gtq": 7.65595986,
    "usd_mxn": 17.15328417,
    "usd_pen": 3.34251892,
    "usd_usd": 1
}