{
    "clp_clp": 1,
    "clp_cop": 4.30206488,
    "clp_crc": 0.57283648,
    "clp_gtq": 0.0087222248,
    "clp_mxn": 0.018646617,
    "clp_pen": 0.0042047007,
    "clp_usd": 0.0011230294,
    "cop_clp": 0.23244652,
    "cop_cop": 1,
    "cop_crc": 0.13315385,
    "cop_gtq": 0.0020274508,
    "cop_mxn": 0.0043343413,
    "cop_pen": 0.00097736804,
    "cop_usd": 0.00026104427,
    "crc_clp": 1.74569887,
    "crc_cop": 7.5101098,
    "crc_crc": 1,
    "crc_gtq": 0.015226378,
    "crc_mxn": 0.032551379,
    "crc_pen": 0.0073401413,
    "crc_usd": 0.0019604711,
    "gtq_clp": 114.64964783,
    "gtq_cop": 493.23022335,
    "gtq_crc": 65.67550098,
    "gtq_gtq": 1,
    "gtq_mxn": 2.13782811,
    "gtq_pen": 0.48206746,
    "gtq_usd": 0.12875492,
    "mxn_clp": 53.6290301,
    "mxn_cop": 230.71556688,
    "mxn_crc": 30.72066496,
    "mxn_gtq": 0.46776446,
    "mxn_mxn": 1,
    "mxn_pen": 0.22549402,
    "mxn_usd": 0.060226976,
    "pen_clp": 237.82905582,
    "pen_cop": 1023.15602829,
    "pen_crc": 136.23715976,
    "pen_gtq": 2.07439849,
    "pen_mxn": 4.43470739,
    "pen_pen": 1,
    "pen_usd": 0.26708902,
    "timestamp": "2024-05-19 19:07:04",
    "usd_clp": 890.448656,
    "usd_cop": 3830.76788967,
    "usd_crc": 510.08147591,
    "usd_gtq": 7.76669334,
    "usd_mxn": 16.60385531,
    "usd_pen": 3.7440701,
    "usd_usd": 1
}