{
    "clp_clp": 1,
    "clp_cop": 4.41695424,
    "clp_crc": 0.52672929,
    "clp_gtq": 0.0081528225,
    "clp_mxn": 0.021642734,
    "clp_pen": 0.0038747604,
    "clp_usd": 0.0010569422,
    "cop_clp": 0.22640035,
    "cop_cop": 1,
    "cop_crc": 0.1192517,
    "cop_gtq": 0.0018458019,
    "cop_mxn": 0.0048999227,
    "cop_pen": 0.00087724712,
    "cop_usd": 0.00023929208,
    "crc_clp": 1.90241434,
    "crc_cop": 8.3351078,
    "crc_crc": 1,
    "crc_gtq": 0.015448952,
    "crc_mxn": 0.040886572,
    "crc_pen": 0.007384605,
    "crc_usd": 0.0020094751,
    "gtq_clp": 122.65690831,
    "gtq_cop": 541.76995166,
    "gtq_crc": 64.60698587,
    "gtq_gtq": 1,
    "gtq_mxn": 2.65463087,
    "gtq_pen": 0.47526613,
    "gtq_usd": 0.12964126,
    "mxn_clp": 46.20488282,
    "mxn_cop": 204.08485325,
    "mxn_crc": 24.33746499,
    "mxn_gtq": 0.37670021,
    "mxn_mxn": 1,
    "mxn_pen": 0.17903285,
    "mxn_usd": 0.04883589,
    "pen_clp": 258.0804739,
    "pen_cop": 1139.92964432,
    "pen_crc": 135.93854402,
    "pen_gtq": 2.10408429,
    "pen_mxn": 5.58556711,
    "pen_pen": 1,
    "pen_usd": 0.27277614,
    "timestamp": "2025-04-02 06:39:23",
    "usd_clp": 946.12554753,
    "usd_cop": 4178.99325194,
    "usd_crc": 498.35203513,
    "usd_gtq": 7.71359364,
    "usd_mxn": 20.47674379,
    "usd_pen": 3.6660098,
    "usd_usd": 1
}