{
    "clp_clp": 1,
    "clp_cop": 4.33358009,
    "clp_crc": 0.53602143,
    "clp_gtq": 0.0081743404,
    "clp_mxn": 0.021653606,
    "clp_pen": 0.0039008646,
    "clp_usd": 0.001059795,
    "cop_clp": 0.23153342,
    "cop_cop": 1,
    "cop_crc": 0.12420376,
    "cop_gtq": 0.0018947632,
    "cop_mxn": 0.0049902232,
    "cop_pen": 0.00090331048,
    "cop_usd": 0.0002455678,
    "crc_clp": 1.86414179,
    "crc_cop": 8.05128611,
    "crc_crc": 1,
    "crc_gtq": 0.015255281,
    "crc_mxn": 0.040177715,
    "crc_pen": 0.0072728111,
    "crc_usd": 0.0019771366,
    "gtq_clp": 122.19649344,
    "gtq_cop": 527.77043938,
    "gtq_crc": 65.55107251,
    "gtq_gtq": 1,
    "gtq_mxn": 2.6336923,
    "gtq_pen": 0.47674057,
    "gtq_usd": 0.12960342,
    "mxn_clp": 46.39740699,
    "mxn_cop": 200.39183766,
    "mxn_crc": 24.88941953,
    "mxn_gtq": 0.37969508,
    "mxn_mxn": 1,
    "mxn_pen": 0.18101605,
    "mxn_usd": 0.049209782,
    "pen_clp": 256.35342429,
    "pen_cop": 1110.92809547,
    "pen_crc": 137.41092804,
    "pen_gtq": 2.09552014,
    "pen_mxn": 5.55097608,
    "pen_pen": 1,
    "pen_usd": 0.27168209,
    "timestamp": "2025-02-22 19:27:28",
    "usd_clp": 943.57867928,
    "usd_cop": 4089.07377779,
    "usd_crc": 505.7783892,
    "usd_gtq": 7.71313328,
    "usd_mxn": 20.43188109,
    "usd_pen": 3.68077268,
    "usd_usd": 1
}