{
    "clp_clp": 1,
    "clp_cop": 4.11829281,
    "clp_crc": 0.53307589,
    "clp_gtq": 0.0081357509,
    "clp_mxn": 0.019613866,
    "clp_pen": 0.003600811,
    "clp_usd": 0.0010620104,
    "cop_clp": 0.24281906,
    "cop_cop": 1,
    "cop_crc": 0.12944099,
    "cop_gtq": 0.0019755154,
    "cop_mxn": 0.0047626206,
    "cop_pen": 0.00087434556,
    "cop_usd": 0.00025787638,
    "crc_clp": 1.8759055,
    "crc_cop": 7.72552813,
    "crc_crc": 1,
    "crc_gtq": 0.0152619,
    "crc_mxn": 0.03679376,
    "crc_pen": 0.0067547812,
    "crc_usd": 0.0019922312,
    "gtq_clp": 122.91428394,
    "gtq_cop": 506.19701207,
    "gtq_crc": 65.5226418,
    "gtq_gtq": 1,
    "gtq_mxn": 2.41082434,
    "gtq_pen": 0.44259111,
    "gtq_usd": 0.13053625,
    "mxn_clp": 50.98433833,
    "mxn_cop": 209.96843409,
    "mxn_crc": 27.17852174,
    "mxn_gtq": 0.41479588,
    "mxn_mxn": 1,
    "mxn_pen": 0.18358497,
    "mxn_usd": 0.0541459,
    "pen_clp": 277.71521156,
    "pen_cop": 1143.71255962,
    "pen_crc": 148.04328468,
    "pen_gtq": 2.25942179,
    "pen_mxn": 5.44706905,
    "pen_pen": 1,
    "pen_usd": 0.29493645,
    "timestamp": "2025-10-30 19:40:24",
    "usd_clp": 941.6103271,
    "usd_cop": 3877.82704202,
    "usd_crc": 501.94976693,
    "usd_gtq": 7.6607071,
    "usd_mxn": 18.46861915,
    "usd_pen": 3.39056086,
    "usd_usd": 1
}