{
    "clp_clp": 1,
    "clp_cop": 4.12750423,
    "clp_crc": 0.51269507,
    "clp_gtq": 0.0085640021,
    "clp_mxn": 0.01948578,
    "clp_pen": 0.0038190158,
    "clp_usd": 0.0011234739,
    "cop_clp": 0.24227716,
    "cop_cop": 1,
    "cop_crc": 0.12421431,
    "cop_gtq": 0.0020748621,
    "cop_mxn": 0.0047209595,
    "cop_pen": 0.00092526029,
    "cop_usd": 0.00027219206,
    "crc_clp": 1.9504771,
    "crc_cop": 8.05060249,
    "crc_crc": 1,
    "crc_gtq": 0.01670389,
    "crc_mxn": 0.038006568,
    "crc_pen": 0.0074489028,
    "crc_usd": 0.0021913101,
    "gtq_clp": 116.76783619,
    "gtq_cop": 481.95973775,
    "gtq_crc": 59.8662943,
    "gtq_gtq": 1,
    "gtq_mxn": 2.2753124,
    "gtq_pen": 0.44593821,
    "gtq_usd": 0.13118561,
    "mxn_clp": 51.3194743,
    "mxn_cop": 211.82134724,
    "mxn_crc": 26.31124162,
    "mxn_gtq": 0.43950009,
    "mxn_mxn": 1,
    "mxn_pen": 0.19598988,
    "mxn_usd": 0.057656089,
    "pen_clp": 261.84757009,
    "pen_cop": 1080.77695306,
    "pen_crc": 134.24795906,
    "pen_gtq": 2.24246315,
    "pen_mxn": 5.10230422,
    "pen_pen": 1,
    "pen_usd": 0.2941789,
    "timestamp": "2026-05-31 22:14:47",
    "usd_clp": 890.09635504,
    "usd_cop": 3673.8764702,
    "usd_crc": 456.34801571,
    "usd_gtq": 7.6227871,
    "usd_mxn": 17.344222,
    "usd_pen": 3.39929202,
    "usd_usd": 1
}