{
    "clp_clp": 1,
    "clp_cop": 4.33973276,
    "clp_crc": 0.56118477,
    "clp_gtq": 0.008361555,
    "clp_mxn": 0.02056632,
    "clp_pen": 0.0040589551,
    "clp_usd": 0.0010823166,
    "cop_clp": 0.23042894,
    "cop_cop": 1,
    "cop_crc": 0.12931321,
    "cop_gtq": 0.0019267442,
    "cop_mxn": 0.0047390751,
    "cop_pen": 0.0009353007,
    "cop_usd": 0.00024939707,
    "crc_clp": 1.78194431,
    "crc_cop": 7.73316209,
    "crc_crc": 1,
    "crc_gtq": 0.014899825,
    "crc_mxn": 0.036648036,
    "crc_pen": 0.0072328319,
    "crc_usd": 0.0019286279,
    "gtq_clp": 119.35643082,
    "gtq_cop": 520.45913188,
    "gtq_crc": 67.01432074,
    "gtq_gtq": 1,
    "gtq_mxn": 2.41572611,
    "gtq_pen": 0.48358168,
    "gtq_usd": 0.12923486,
    "mxn_clp": 48.62318678,
    "mxn_cop": 211.01163655,
    "mxn_crc": 27.28659172,
    "mxn_gtq": 0.40656545,
    "mxn_mxn": 1,
    "mxn_pen": 0.19735933,
    "mxn_usd": 0.052625683,
    "pen_clp": 246.36882682,
    "pen_cop": 1069.17486878,
    "pen_crc": 138.25843254,
    "pen_gtq": 2.06002649,
    "pen_mxn": 5.06690004,
    "pen_pen": 1,
    "pen_usd": 0.26664908,
    "timestamp": "2024-08-21 06:31:00",
    "usd_clp": 923.56217049,
    "usd_cop": 4027.23474707,
    "usd_crc": 518.54676865,
    "usd_gtq": 7.7378501,
    "usd_mxn": 18.69252656,
    "usd_pen": 3.74188257,
    "usd_usd": 1
}