{
    "clp_clp": 1,
    "clp_cop": 4.48871713,
    "clp_crc": 0.5533377,
    "clp_gtq": 0.0081964688,
    "clp_mxn": 0.021086239,
    "clp_pen": 0.0040432724,
    "clp_usd": 0.0010594845,
    "cop_clp": 0.2227808,
    "cop_cop": 1,
    "cop_crc": 0.12327302,
    "cop_gtq": 0.0018260159,
    "cop_mxn": 0.0046976092,
    "cop_pen": 0.00090076347,
    "cop_usd": 0.00023603281,
    "crc_clp": 1.80721466,
    "crc_cop": 8.11207539,
    "crc_crc": 1,
    "crc_gtq": 0.014812778,
    "crc_mxn": 0.03810736,
    "crc_pen": 0.0073070612,
    "crc_usd": 0.001914716,
    "gtq_clp": 122.00375922,
    "gtq_cop": 547.64036427,
    "gtq_crc": 67.50927939,
    "gtq_gtq": 1,
    "gtq_mxn": 2.5726004,
    "gtq_pen": 0.49329443,
    "gtq_usd": 0.12926109,
    "mxn_clp": 47.42429459,
    "mxn_cop": 212.87424364,
    "mxn_crc": 26.24165004,
    "mxn_gtq": 0.38871175,
    "mxn_mxn": 1,
    "mxn_pen": 0.19174934,
    "mxn_usd": 0.050245306,
    "pen_clp": 247.3244191,
    "pen_cop": 1110.16935738,
    "pen_crc": 136.85392496,
    "pen_gtq": 2.02718687,
    "pen_mxn": 5.21514176,
    "pen_pen": 1,
    "pen_usd": 0.26203639,
    "timestamp": "2024-09-10 19:17:05",
    "usd_clp": 943.85522518,
    "usd_cop": 4236.69912022,
    "usd_crc": 522.27067846,
    "usd_gtq": 7.73627986,
    "usd_mxn": 19.90235666,
    "usd_pen": 3.81626379,
    "usd_usd": 1
}