{
    "clp_clp": 1,
    "clp_cop": 4.09646729,
    "clp_crc": 0.53679739,
    "clp_gtq": 0.0082633634,
    "clp_mxn": 0.018077519,
    "clp_pen": 0.0039607023,
    "clp_usd": 0.0010615231,
    "cop_clp": 0.24411278,
    "cop_cop": 1,
    "cop_crc": 0.1310391,
    "cop_gtq": 0.0020171926,
    "cop_mxn": 0.0044129534,
    "cop_pen": 0.00096685802,
    "cop_usd": 0.00025913136,
    "crc_clp": 1.86290025,
    "crc_cop": 7.63130994,
    "crc_crc": 1,
    "crc_gtq": 0.015393822,
    "crc_mxn": 0.033676615,
    "crc_pen": 0.0073783932,
    "crc_usd": 0.0019775117,
    "gtq_clp": 121.01609872,
    "gtq_cop": 495.73849044,
    "gtq_crc": 64.96112651,
    "gtq_gtq": 1,
    "gtq_mxn": 2.18767085,
    "gtq_pen": 0.47930874,
    "gtq_usd": 0.12846139,
    "mxn_clp": 55.31732462,
    "mxn_cop": 226.60561108,
    "mxn_crc": 29.69419574,
    "mxn_gtq": 0.45710716,
    "mxn_mxn": 1,
    "mxn_pen": 0.21909545,
    "mxn_usd": 0.058720619,
    "pen_clp": 252.48047722,
    "pen_cop": 1034.27801728,
    "pen_crc": 135.53086238,
    "pen_gtq": 2.08633793,
    "pen_mxn": 4.56422068,
    "pen_pen": 1,
    "pen_usd": 0.26801387,
    "timestamp": "2024-04-30 19:09:06",
    "usd_clp": 942.0425951,
    "usd_cop": 3859.04668036,
    "usd_crc": 505.68601076,
    "usd_gtq": 7.78444029,
    "usd_mxn": 17.02979314,
    "usd_pen": 3.73115025,
    "usd_usd": 1
}