{
    "clp_clp": 1,
    "clp_cop": 4.45887929,
    "clp_crc": 0.52044774,
    "clp_gtq": 0.0079642413,
    "clp_mxn": 0.020339098,
    "clp_pen": 0.0038649089,
    "clp_usd": 0.0010349953,
    "cop_clp": 0.22413076,
    "cop_cop": 1,
    "cop_crc": 0.11644624,
    "cop_gtq": 0.001786697,
    "cop_mxn": 0.0045749186,
    "cop_pen": 0.0008670705,
    "cop_usd": 0.00023199443,
    "crc_clp": 1.92142249,
    "crc_cop": 8.56739094,
    "crc_crc": 1,
    "crc_gtq": 0.015302672,
    "crc_mxn": 0.03908,
    "crc_pen": 0.0074261228,
    "crc_usd": 0.0019886633,
    "gtq_clp": 125.56123839,
    "gtq_cop": 559.86240551,
    "gtq_crc": 65.34806333,
    "gtq_gtq": 1,
    "gtq_mxn": 2.55380232,
    "gtq_pen": 0.48528274,
    "gtq_usd": 0.12995529,
    "mxn_clp": 48.99120201,
    "mxn_cop": 218.5831253,
    "mxn_crc": 25.45318358,
    "mxn_gtq": 0.39054182,
    "mxn_mxn": 1,
    "mxn_pen": 0.18952698,
    "mxn_usd": 0.050710068,
    "pen_clp": 258.49196772,
    "pen_cop": 1153.30875454,
    "pen_crc": 134.29847072,
    "pen_gtq": 2.06061333,
    "pen_mxn": 5.27629364,
    "pen_pen": 1,
    "pen_usd": 0.26756121,
    "timestamp": "2025-04-20 19:42:30",
    "usd_clp": 966.18794991,
    "usd_cop": 4308.1154404,
    "usd_crc": 502.85033944,
    "usd_gtq": 7.69495397,
    "usd_mxn": 19.65139128,
    "usd_pen": 3.73422837,
    "usd_usd": 1
}