{
    "clp_clp": 1,
    "clp_cop": 4.34786928,
    "clp_crc": 0.53800759,
    "clp_gtq": 0.0081762781,
    "clp_mxn": 0.020029208,
    "clp_pen": 0.0037784046,
    "clp_usd": 0.001063967,
    "cop_clp": 0.22999772,
    "cop_cop": 1,
    "cop_crc": 0.12374052,
    "cop_gtq": 0.0018805253,
    "cop_mxn": 0.004606672,
    "cop_pen": 0.00086902443,
    "cop_usd": 0.00024470997,
    "crc_clp": 1.85870985,
    "crc_cop": 8.08142743,
    "crc_crc": 1,
    "crc_gtq": 0.015197329,
    "crc_mxn": 0.037228486,
    "crc_pen": 0.0070229579,
    "crc_usd": 0.0019776058,
    "gtq_clp": 122.30503779,
    "gtq_cop": 531.76631608,
    "gtq_crc": 65.80103834,
    "gtq_gtq": 1,
    "gtq_mxn": 2.44967302,
    "gtq_pen": 0.46211792,
    "gtq_usd": 0.13012852,
    "mxn_clp": 49.92708685,
    "mxn_cop": 217.07644692,
    "mxn_crc": 26.86115155,
    "mxn_gtq": 0.40821775,
    "mxn_mxn": 1,
    "mxn_pen": 0.18864474,
    "mxn_usd": 0.05312077,
    "pen_clp": 264.66196745,
    "pen_cop": 1150.71563671,
    "pen_crc": 142.39014665,
    "pen_gtq": 2.16394984,
    "pen_mxn": 5.30096956,
    "pen_pen": 1,
    "pen_usd": 0.28159159,
    "timestamp": "2025-06-29 19:51:35",
    "usd_clp": 939.87881766,
    "usd_cop": 4086.47023411,
    "usd_crc": 505.66193538,
    "usd_gtq": 7.68471058,
    "usd_mxn": 18.8250282,
    "usd_pen": 3.55124246,
    "usd_usd": 1
}