{
    "clp_clp": 1,
    "clp_cop": 4.64289999,
    "clp_crc": 0.57795298,
    "clp_gtq": 0.0085920394,
    "clp_mxn": 0.021918932,
    "clp_pen": 0.004172936,
    "clp_usd": 0.0011121451,
    "cop_clp": 0.21538263,
    "cop_cop": 1,
    "cop_crc": 0.12448103,
    "cop_gtq": 0.001850576,
    "cop_mxn": 0.0047209572,
    "cop_pen": 0.00089877793,
    "cop_usd": 0.00023953674,
    "crc_clp": 1.73024457,
    "crc_cop": 8.0333525,
    "crc_crc": 1,
    "crc_gtq": 0.01486633,
    "crc_mxn": 0.037925113,
    "crc_pen": 0.0072201999,
    "crc_usd": 0.0019242831,
    "gtq_clp": 116.38680329,
    "gtq_cop": 540.37228825,
    "gtq_crc": 67.2660995,
    "gtq_gtq": 1,
    "gtq_mxn": 2.55107443,
    "gtq_pen": 0.48567469,
    "gtq_usd": 0.12943902,
    "mxn_clp": 45.6226608,
    "mxn_cop": 211.82145155,
    "mxn_crc": 26.36775265,
    "mxn_gtq": 0.3919917,
    "mxn_mxn": 1,
    "mxn_pen": 0.19038045,
    "mxn_usd": 0.05073902,
    "pen_clp": 239.63942703,
    "pen_cop": 1112.62189422,
    "pen_crc": 138.50032037,
    "pen_gtq": 2.0589914,
    "pen_mxn": 5.25264031,
    "pen_pen": 1,
    "pen_usd": 0.26651382,
    "timestamp": "2024-09-28 19:27:15",
    "usd_clp": 899.16321517,
    "usd_cop": 4174.72488593,
    "usd_crc": 519.67405743,
    "usd_gtq": 7.72564578,
    "usd_mxn": 19.70869737,
    "usd_pen": 3.75215058,
    "usd_usd": 1
}