{
    "clp_clp": 1,
    "clp_cop": 4.49538658,
    "clp_crc": 0.54276235,
    "clp_gtq": 0.0081409766,
    "clp_mxn": 0.021039967,
    "clp_pen": 0.0039640555,
    "clp_usd": 0.0010537292,
    "cop_clp": 0.22245028,
    "cop_cop": 1,
    "cop_crc": 0.12073764,
    "cop_gtq": 0.0018109625,
    "cop_mxn": 0.0046803464,
    "cop_pen": 0.00088180526,
    "cop_usd": 0.00023440235,
    "crc_clp": 1.842427,
    "crc_cop": 8.28242159,
    "crc_crc": 1,
    "crc_gtq": 0.014999155,
    "crc_mxn": 0.038764602,
    "crc_pen": 0.0073034829,
    "crc_usd": 0.0019414191,
    "gtq_clp": 122.83538606,
    "gtq_cop": 552.19254601,
    "gtq_crc": 66.67042239,
    "gtq_gtq": 1,
    "gtq_mxn": 2.58445241,
    "gtq_pen": 0.48692629,
    "gtq_usd": 0.12943523,
    "mxn_clp": 47.52859271,
    "mxn_cop": 213.65939783,
    "mxn_crc": 25.79673051,
    "mxn_gtq": 0.38692916,
    "mxn_mxn": 1,
    "mxn_pen": 0.18840598,
    "mxn_usd": 0.050082266,
    "pen_clp": 252.26690104,
    "pen_cop": 1134.03724149,
    "pen_crc": 136.9209752,
    "pen_gtq": 2.05369893,
    "pen_mxn": 5.30768716,
    "pen_pen": 1,
    "pen_usd": 0.265821,
    "timestamp": "2024-10-23 19:21:16",
    "usd_clp": 949.01043685,
    "usd_cop": 4266.1687819,
    "usd_crc": 515.08713171,
    "usd_gtq": 7.72587173,
    "usd_mxn": 19.96714783,
    "usd_pen": 3.76193005,
    "usd_usd": 1
}