{
    "clp_clp": 1,
    "clp_cop": 4.30720675,
    "clp_crc": 0.53343958,
    "clp_gtq": 0.0081052694,
    "clp_mxn": 0.020125021,
    "clp_pen": 0.0037744306,
    "clp_usd": 0.001054457,
    "cop_clp": 0.22939778,
    "cop_cop": 1,
    "cop_crc": 0.12393242,
    "cop_gtq": 0.001883897,
    "cop_mxn": 0.0046525235,
    "cop_pen": 0.00087717723,
    "cop_usd": 0.00024508447,
    "crc_clp": 1.87462655,
    "crc_cop": 8.07440412,
    "crc_crc": 1,
    "crc_gtq": 0.015194353,
    "crc_mxn": 0.037726898,
    "crc_pen": 0.0070756478,
    "crc_usd": 0.0019767131,
    "gtq_clp": 121.76768801,
    "gtq_cop": 530.81458079,
    "gtq_crc": 65.78513708,
    "gtq_gtq": 1,
    "gtq_mxn": 2.46962733,
    "gtq_pen": 0.46561846,
    "gtq_usd": 0.13009441,
    "mxn_clp": 49.30609829,
    "mxn_cop": 214.93711772,
    "mxn_crc": 26.63767776,
    "mxn_gtq": 0.40491939,
    "mxn_mxn": 1,
    "mxn_pen": 0.18853794,
    "mxn_usd": 0.05267775,
    "pen_clp": 261.51816991,
    "pen_cop": 1140.02047663,
    "pen_crc": 141.28549976,
    "pen_gtq": 2.14768116,
    "pen_mxn": 5.3039721,
    "pen_pen": 1,
    "pen_usd": 0.27940132,
    "timestamp": "2025-06-25 06:44:05",
    "usd_clp": 935.99476422,
    "usd_cop": 4080.22585051,
    "usd_crc": 505.67227541,
    "usd_gtq": 7.68672527,
    "usd_mxn": 18.98334682,
    "usd_pen": 3.5790812,
    "usd_usd": 1
}