{
    "clp_clp": 1,
    "clp_cop": 4.09538714,
    "clp_crc": 0.53342322,
    "clp_gtq": 0.0081481826,
    "clp_mxn": 0.019719303,
    "clp_pen": 0.0035815261,
    "clp_usd": 0.0010622407,
    "cop_clp": 0.24417716,
    "cop_cop": 1,
    "cop_crc": 0.13024977,
    "cop_gtq": 0.0019896001,
    "cop_mxn": 0.0048150035,
    "cop_pen": 0.00087452688,
    "cop_usd": 0.00025937491,
    "crc_clp": 1.87468405,
    "crc_cop": 7.67755694,
    "crc_crc": 1,
    "crc_gtq": 0.015275268,
    "crc_mxn": 0.036967464,
    "crc_pen": 0.0067142299,
    "crc_usd": 0.0019913656,
    "gtq_clp": 122.7267538,
    "gtq_cop": 502.61356962,
    "gtq_crc": 65.46530017,
    "gtq_gtq": 1,
    "gtq_mxn": 2.4200861,
    "gtq_pen": 0.43954908,
    "gtq_usd": 0.13036535,
    "mxn_clp": 50.71173029,
    "mxn_cop": 207.68416821,
    "mxn_crc": 27.05081445,
    "mxn_gtq": 0.41320844,
    "mxn_mxn": 1,
    "mxn_pen": 0.18162539,
    "mxn_usd": 0.053868062,
    "pen_clp": 279.21058271,
    "pen_cop": 1143.47543058,
    "pen_crc": 148.93740803,
    "pen_gtq": 2.27505881,
    "pen_mxn": 5.50583822,
    "pen_pen": 1,
    "pen_usd": 0.29658884,
    "timestamp": "2025-11-03 19:40:59",
    "usd_clp": 941.4062476,
    "usd_cop": 3855.4230426,
    "usd_crc": 502.16795173,
    "usd_gtq": 7.67075001,
    "usd_mxn": 18.5638755,
    "usd_pen": 3.37167108,
    "usd_usd": 1
}