{
    "clp_clp": 1,
    "clp_cop": 4.27791927,
    "clp_crc": 0.56940618,
    "clp_gtq": 0.0089508637,
    "clp_mxn": 0.020077117,
    "clp_pen": 0.0039168731,
    "clp_usd": 0.0011666862,
    "cop_clp": 0.2337585,
    "cop_cop": 1,
    "cop_crc": 0.13310353,
    "cop_gtq": 0.0020923405,
    "cop_mxn": 0.0046931969,
    "cop_pen": 0.00091560239,
    "cop_usd": 0.00027272281,
    "crc_clp": 1.75621559,
    "crc_cop": 7.51294849,
    "crc_crc": 1,
    "crc_gtq": 0.015719646,
    "crc_mxn": 0.035259746,
    "crc_pen": 0.0068788736,
    "crc_usd": 0.0020489524,
    "gtq_clp": 111.72106159,
    "gtq_cop": 477.93368214,
    "gtq_crc": 63.61466241,
    "gtq_gtq": 1,
    "gtq_mxn": 2.24303687,
    "gtq_pen": 0.43759722,
    "gtq_usd": 0.13034342,
    "mxn_clp": 49.80794711,
    "mxn_cop": 213.07437672,
    "mxn_crc": 28.36095268,
    "mxn_gtq": 0.44582415,
    "mxn_mxn": 1,
    "mxn_pen": 0.19509141,
    "mxn_usd": 0.058110242,
    "pen_clp": 255.30569125,
    "pen_cop": 1092.17713616,
    "pen_crc": 145.37263727,
    "pen_gtq": 2.28520646,
    "pen_mxn": 5.12580233,
    "pen_pen": 1,
    "pen_usd": 0.29786162,
    "timestamp": "2026-02-13 20:09:48",
    "usd_clp": 857.12853755,
    "usd_cop": 3666.72668705,
    "usd_crc": 488.05428258,
    "usd_gtq": 7.67204075,
    "usd_mxn": 17.20867025,
    "usd_pen": 3.35726373,
    "usd_usd": 1
}