{
    "clp_clp": 1,
    "clp_cop": 4.47324107,
    "clp_crc": 0.5335935,
    "clp_gtq": 0.0081099371,
    "clp_mxn": 0.020643916,
    "clp_pen": 0.0038622999,
    "clp_usd": 0.0010535988,
    "cop_clp": 0.22355156,
    "cop_cop": 1,
    "cop_crc": 0.11928566,
    "cop_gtq": 0.0018129891,
    "cop_mxn": 0.0046149795,
    "cop_pen": 0.00086342315,
    "cop_usd": 0.00023553366,
    "crc_clp": 1.87408581,
    "crc_cop": 8.3832376,
    "crc_crc": 1,
    "crc_gtq": 0.015198718,
    "crc_mxn": 0.03868847,
    "crc_pen": 0.0072382814,
    "crc_usd": 0.0019745346,
    "gtq_clp": 123.30551878,
    "gtq_cop": 551.57531086,
    "gtq_crc": 65.79502299,
    "gtq_gtq": 1,
    "gtq_mxn": 2.54550877,
    "gtq_pen": 0.47624289,
    "gtq_usd": 0.12991455,
    "mxn_clp": 48.4404219,
    "mxn_cop": 216.68568472,
    "mxn_crc": 25.84749412,
    "mxn_gtq": 0.39284877,
    "mxn_mxn": 1,
    "mxn_pen": 0.18709144,
    "mxn_usd": 0.051036771,
    "pen_clp": 258.91309075,
    "pen_cop": 1158.18067133,
    "pen_crc": 138.15434156,
    "pen_gtq": 2.09976888,
    "pen_mxn": 5.34498009,
    "pen_pen": 1,
    "pen_usd": 0.27279053,
    "timestamp": "2025-05-02 19:37:36",
    "usd_clp": 949.12786665,
    "usd_cop": 4245.67775459,
    "usd_crc": 506.44845764,
    "usd_gtq": 7.69736729,
    "usd_mxn": 19.59371594,
    "usd_pen": 3.66581645,
    "usd_usd": 1
}