{
    "clp_clp": 1,
    "clp_cop": 4.16536659,
    "clp_crc": 0.52270834,
    "clp_gtq": 0.0079545373,
    "clp_mxn": 0.019456842,
    "clp_pen": 0.0036782447,
    "clp_usd": 0.0010368188,
    "cop_clp": 0.24007491,
    "cop_cop": 1,
    "cop_crc": 0.12548916,
    "cop_gtq": 0.0019096848,
    "cop_mxn": 0.0046710997,
    "cop_pen": 0.00088305425,
    "cop_usd": 0.00024891417,
    "crc_clp": 1.91311279,
    "crc_cop": 7.96881607,
    "crc_crc": 1,
    "crc_gtq": 0.015217927,
    "crc_mxn": 0.037223134,
    "crc_pen": 0.0070368969,
    "crc_usd": 0.0019835513,
    "gtq_clp": 125.7144144,
    "gtq_cop": 523.64662113,
    "gtq_crc": 65.7119723,
    "gtq_gtq": 1,
    "gtq_mxn": 2.44600556,
    "gtq_pen": 0.46240838,
    "gtq_usd": 0.13034307,
    "mxn_clp": 51.39580078,
    "mxn_cop": 214.08235125,
    "mxn_crc": 26.86501348,
    "mxn_gtq": 0.40882982,
    "mxn_mxn": 1,
    "mxn_pen": 0.18904633,
    "mxn_usd": 0.053288131,
    "pen_clp": 271.86880935,
    "pen_cop": 1132.43325429,
    "pen_crc": 142.10809282,
    "pen_gtq": 2.16259059,
    "pen_mxn": 5.2897086,
    "pen_pen": 1,
    "pen_usd": 0.28187869,
    "timestamp": "2025-07-18 19:48:31",
    "usd_clp": 964.48870737,
    "usd_cop": 4017.44903438,
    "usd_crc": 504.14628687,
    "usd_gtq": 7.67206141,
    "usd_mxn": 18.76590485,
    "usd_pen": 3.54762545,
    "usd_usd": 1
}