{
    "clp_clp": 1,
    "clp_cop": 4.57368591,
    "clp_crc": 0.56934883,
    "clp_gtq": 0.0084644558,
    "clp_mxn": 0.021600108,
    "clp_pen": 0.0041052924,
    "clp_usd": 0.0010950521,
    "cop_clp": 0.21864204,
    "cop_cop": 1,
    "cop_crc": 0.12448359,
    "cop_gtq": 0.0018506859,
    "cop_mxn": 0.0047226916,
    "cop_pen": 0.00089758948,
    "cop_usd": 0.00023942443,
    "crc_clp": 1.75639246,
    "crc_cop": 8.03318744,
    "crc_crc": 1,
    "crc_gtq": 0.014866906,
    "crc_mxn": 0.037938267,
    "crc_pen": 0.0072105045,
    "crc_usd": 0.0019233413,
    "gtq_clp": 118.1410858,
    "gtq_cop": 540.34021892,
    "gtq_crc": 67.26348945,
    "gtq_gtq": 1,
    "gtq_mxn": 2.5518602,
    "gtq_pen": 0.4850037,
    "gtq_usd": 0.12937065,
    "mxn_clp": 46.29606511,
    "mxn_cop": 211.74366047,
    "mxn_crc": 26.35861069,
    "mxn_gtq": 0.391871,
    "mxn_mxn": 1,
    "mxn_pen": 0.19005888,
    "mxn_usd": 0.050696605,
    "pen_clp": 243.58801102,
    "pen_cop": 1114.09505267,
    "pen_crc": 138.68655007,
    "pen_gtq": 2.06183996,
    "pen_mxn": 5.26152731,
    "pen_pen": 1,
    "pen_usd": 0.26674157,
    "timestamp": "2024-09-01 19:18:10",
    "usd_clp": 913.19853758,
    "usd_cop": 4176.6832799,
    "usd_crc": 519.92852265,
    "usd_gtq": 7.72972867,
    "usd_mxn": 19.72518691,
    "usd_pen": 3.74894698,
    "usd_usd": 1
}