{
    "clp_clp": 1,
    "clp_cop": 4.16263196,
    "clp_crc": 0.52298967,
    "clp_gtq": 0.0079645802,
    "clp_mxn": 0.019438246,
    "clp_pen": 0.0036988097,
    "clp_usd": 0.001037401,
    "cop_clp": 0.24023262,
    "cop_cop": 1,
    "cop_crc": 0.12563918,
    "cop_gtq": 0.001913352,
    "cop_mxn": 0.0046697009,
    "cop_pen": 0.00088857476,
    "cop_usd": 0.00024921757,
    "crc_clp": 1.91208367,
    "crc_cop": 7.9593006,
    "crc_crc": 1,
    "crc_gtq": 0.015228944,
    "crc_mxn": 0.037167553,
    "crc_pen": 0.0070724336,
    "crc_usd": 0.0019835975,
    "gtq_clp": 125.55589618,
    "gtq_cop": 522.64298586,
    "gtq_crc": 65.66443612,
    "gtq_gtq": 1,
    "gtq_mxn": 2.44058643,
    "gtq_pen": 0.46440737,
    "gtq_usd": 0.13025181,
    "mxn_clp": 51.4449701,
    "mxn_cop": 214.14647659,
    "mxn_crc": 26.90518769,
    "mxn_gtq": 0.40973759,
    "mxn_mxn": 1,
    "mxn_pen": 0.19028515,
    "mxn_usd": 0.053369064,
    "pen_clp": 270.35724539,
    "pen_cop": 1125.39770952,
    "pen_crc": 141.39404527,
    "pen_gtq": 2.15328195,
    "pen_mxn": 5.25527073,
    "pen_pen": 1,
    "pen_usd": 0.28046888,
    "timestamp": "2025-07-19 20:01:00",
    "usd_clp": 963.94738598,
    "usd_cop": 4012.55819399,
    "usd_crc": 504.13452075,
    "usd_gtq": 7.67743623,
    "usd_mxn": 18.73744671,
    "usd_pen": 3.56545794,
    "usd_usd": 1
}