{
    "clp_clp": 1,
    "clp_cop": 4.33887787,
    "clp_crc": 0.5649854,
    "clp_gtq": 0.0082808867,
    "clp_mxn": 0.02017343,
    "clp_pen": 0.0039831047,
    "clp_usd": 0.0010686789,
    "cop_clp": 0.23047434,
    "cop_cop": 1,
    "cop_crc": 0.13021464,
    "cop_gtq": 0.0019085319,
    "cop_mxn": 0.004649458,
    "cop_pen": 0.00091800342,
    "cop_usd": 0.00024630306,
    "crc_clp": 1.76995723,
    "crc_cop": 7.67962826,
    "crc_crc": 1,
    "crc_gtq": 0.014656815,
    "crc_mxn": 0.035706109,
    "crc_pen": 0.007049925,
    "crc_usd": 0.0018915159,
    "gtq_clp": 120.76001408,
    "gtq_cop": 523.96295211,
    "gtq_crc": 68.22764523,
    "gtq_gtq": 1,
    "gtq_mxn": 2.43614371,
    "gtq_pen": 0.48099978,
    "gtq_usd": 0.12905368,
    "mxn_clp": 49.57015196,
    "mxn_cop": 215.07883513,
    "mxn_crc": 28.00641229,
    "mxn_gtq": 0.41048481,
    "mxn_mxn": 1,
    "mxn_pen": 0.19744311,
    "mxn_usd": 0.052974575,
    "pen_clp": 251.06043539,
    "pen_cop": 1089.32056603,
    "pen_crc": 141.84548129,
    "pen_gtq": 2.07900303,
    "pen_mxn": 5.06475017,
    "pen_pen": 1,
    "pen_usd": 0.26830299,
    "timestamp": "2024-08-09 19:13:35",
    "usd_clp": 935.73477238,
    "usd_cop": 4060.03889188,
    "usd_crc": 528.67648755,
    "usd_gtq": 7.74871367,
    "usd_mxn": 18.87698011,
    "usd_pen": 3.72712957,
    "usd_usd": 1
}