{
    "clp_clp": 1,
    "clp_cop": 4.51685894,
    "clp_crc": 0.52364843,
    "clp_gtq": 0.0079413071,
    "clp_mxn": 0.020769893,
    "clp_pen": 0.0039031669,
    "clp_usd": 0.0010276383,
    "cop_clp": 0.22062043,
    "cop_cop": 1,
    "cop_crc": 0.11473567,
    "cop_gtq": 0.0017409965,
    "cop_mxn": 0.0045829627,
    "cop_pen": 0.00085630109,
    "cop_usd": 0.00022517618,
    "crc_clp": 1.9096782,
    "crc_cop": 8.62574707,
    "crc_crc": 1,
    "crc_gtq": 0.015165341,
    "crc_mxn": 0.039663811,
    "crc_pen": 0.0074537928,
    "crc_usd": 0.0019624585,
    "gtq_clp": 125.92385406,
    "gtq_cop": 568.78028658,
    "gtq_crc": 65.93982901,
    "gtq_gtq": 1,
    "gtq_mxn": 2.61542493,
    "gtq_pen": 0.49150182,
    "gtq_usd": 0.12940418,
    "mxn_clp": 48.14661386,
    "mxn_cop": 217.47146349,
    "mxn_crc": 25.21189896,
    "mxn_gtq": 0.38234705,
    "mxn_mxn": 1,
    "mxn_pen": 0.18792427,
    "mxn_usd": 0.049477305,
    "pen_clp": 256.20221251,
    "pen_cop": 1157.22925527,
    "pen_crc": 134.15988743,
    "pen_gtq": 2.03458046,
    "pen_mxn": 5.32129244,
    "pen_pen": 1,
    "pen_usd": 0.26328321,
    "timestamp": "2024-11-19 19:24:59",
    "usd_clp": 979.76803966,
    "usd_cop": 4440.96699503,
    "usd_crc": 509.53731657,
    "usd_gtq": 7.73170819,
    "usd_mxn": 20.35278613,
    "usd_pen": 3.80280489,
    "usd_usd": 1
}