{
    "clp_clp": 1,
    "clp_cop": 4.01462101,
    "clp_crc": 0.53363734,
    "clp_gtq": 0.0081714849,
    "clp_mxn": 0.019718036,
    "clp_pen": 0.0036086201,
    "clp_usd": 0.0010667345,
    "cop_clp": 0.24908952,
    "cop_cop": 1,
    "cop_crc": 0.13292347,
    "cop_gtq": 0.0020354312,
    "cop_mxn": 0.0049115561,
    "cop_pen": 0.00089886943,
    "cop_usd": 0.00026571237,
    "crc_clp": 1.87393184,
    "crc_cop": 7.52312612,
    "crc_crc": 1,
    "crc_gtq": 0.015312806,
    "crc_mxn": 0.036950256,
    "crc_pen": 0.0067623081,
    "crc_usd": 0.0019989877,
    "gtq_clp": 122.37677945,
    "gtq_cop": 491.29638953,
    "gtq_crc": 65.30481901,
    "gtq_gtq": 1,
    "gtq_mxn": 2.41302978,
    "gtq_pen": 0.44161131,
    "gtq_usd": 0.13054353,
    "mxn_clp": 50.71498938,
    "mxn_cop": 203.60146171,
    "mxn_crc": 27.063412,
    "mxn_gtq": 0.41441677,
    "mxn_mxn": 1,
    "mxn_pen": 0.18301113,
    "mxn_usd": 0.054099428,
    "pen_clp": 277.11423563,
    "pen_cop": 1112.50863161,
    "pen_crc": 147.87850344,
    "pen_gtq": 2.26443478,
    "pen_mxn": 5.46414855,
    "pen_pen": 1,
    "pen_usd": 0.29560731,
    "timestamp": "2025-11-24 19:43:25",
    "usd_clp": 939.07213728,
    "usd_cop": 3803.82009597,
    "usd_crc": 499.34253998,
    "usd_gtq": 7.65587287,
    "usd_mxn": 18.47417889,
    "usd_pen": 3.38537231,
    "usd_usd": 1
}