{
    "clp_clp": 1,
    "clp_cop": 4.51110938,
    "clp_crc": 0.54172498,
    "clp_gtq": 0.0082282537,
    "clp_mxn": 0.020843719,
    "clp_pen": 0.0039351069,
    "clp_usd": 0.0010684949,
    "cop_clp": 0.22167496,
    "cop_cop": 1,
    "cop_crc": 0.12008686,
    "cop_gtq": 0.0018239978,
    "cop_mxn": 0.0046205305,
    "cop_pen": 0.00087231466,
    "cop_usd": 0.00023685857,
    "crc_clp": 1.84579446,
    "crc_cop": 8.35987337,
    "crc_crc": 1,
    "crc_gtq": 0.015188205,
    "crc_mxn": 0.038499188,
    "crc_pen": 0.007242614,
    "crc_usd": 0.0019730976,
    "gtq_clp": 121.52815093,
    "gtq_cop": 550.41878868,
    "gtq_crc": 65.8405653,
    "gtq_gtq": 1,
    "gtq_mxn": 2.5348083,
    "gtq_pen": 0.4768578,
    "gtq_usd": 0.12990986,
    "mxn_clp": 47.94372464,
    "mxn_cop": 217.14414842,
    "mxn_crc": 25.97457387,
    "mxn_gtq": 0.39450715,
    "mxn_mxn": 1,
    "mxn_pen": 0.18812381,
    "mxn_usd": 0.05125037,
    "pen_clp": 254.12270477,
    "pen_cop": 1146.37531753,
    "pen_crc": 137.66461753,
    "pen_gtq": 2.09098608,
    "pen_mxn": 5.29686214,
    "pen_pen": 1,
    "pen_usd": 0.27152882,
    "timestamp": "2025-04-27 19:42:01",
    "usd_clp": 935.48055825,
    "usd_cop": 4236.92841359,
    "usd_crc": 506.81729554,
    "usd_gtq": 7.69764496,
    "usd_mxn": 19.51205429,
    "usd_pen": 3.67068202,
    "usd_usd": 1
}