{
    "clp_clp": 1,
    "clp_cop": 4.10342236,
    "clp_crc": 0.53078744,
    "clp_gtq": 0.0082474926,
    "clp_mxn": 0.019714958,
    "clp_pen": 0.0036314704,
    "clp_usd": 0.0010767939,
    "cop_clp": 0.24369902,
    "cop_cop": 1,
    "cop_crc": 0.12935238,
    "cop_gtq": 0.0020099059,
    "cop_mxn": 0.004804516,
    "cop_pen": 0.00088498578,
    "cop_usd": 0.00026241361,
    "crc_clp": 1.88399334,
    "crc_cop": 7.73082042,
    "crc_crc": 1,
    "crc_gtq": 0.015538221,
    "crc_mxn": 0.03714285,
    "crc_pen": 0.0068416661,
    "crc_usd": 0.0020286725,
    "gtq_clp": 121.24897168,
    "gtq_cop": 497.53574205,
    "gtq_crc": 64.35743101,
    "gtq_gtq": 1,
    "gtq_mxn": 2.39041844,
    "gtq_pen": 0.44031206,
    "gtq_usd": 0.13056015,
    "mxn_clp": 50.72290687,
    "mxn_cop": 208.13751044,
    "mxn_crc": 26.92308177,
    "mxn_gtq": 0.4183368,
    "mxn_mxn": 1,
    "mxn_pen": 0.18419874,
    "mxn_usd": 0.054618115,
    "pen_clp": 275.37054686,
    "pen_cop": 1129.96166047,
    "pen_crc": 146.163227,
    "pen_gtq": 2.27111655,
    "pen_mxn": 5.42891888,
    "pen_pen": 1,
    "pen_usd": 0.29651731,
    "timestamp": "2025-12-02 19:44:41",
    "usd_clp": 928.68285864,
    "usd_cop": 3810.77801153,
    "usd_crc": 492.93319502,
    "usd_gtq": 7.65930503,
    "usd_mxn": 18.30894394,
    "usd_pen": 3.37248435,
    "usd_usd": 1
}