{
    "clp_clp": 1,
    "clp_cop": 4.57295521,
    "clp_crc": 0.567386,
    "clp_gtq": 0.0084641132,
    "clp_mxn": 0.021575545,
    "clp_pen": 0.0041011501,
    "clp_usd": 0.0010942016,
    "cop_clp": 0.22077897,
    "cop_cop": 1,
    "cop_crc": 0.12519447,
    "cop_gtq": 0.0018643965,
    "cop_mxn": 0.0047774204,
    "cop_pen": 0.00090905889,
    "cop_usd": 0.00024110252,
    "crc_clp": 1.76246859,
    "crc_cop": 8.05968994,
    "crc_crc": 1,
    "crc_gtq": 0.014917734,
    "crc_mxn": 0.038026221,
    "crc_pen": 0.0072281483,
    "crc_usd": 0.0019284959,
    "gtq_clp": 118.14586764,
    "gtq_cop": 540.27576111,
    "gtq_crc": 67.03431089,
    "gtq_gtq": 1,
    "gtq_mxn": 2.54906154,
    "gtq_pen": 0.48453394,
    "gtq_usd": 0.12927539,
    "mxn_clp": 46.34877025,
    "mxn_cop": 211.95085044,
    "mxn_crc": 26.29764321,
    "mxn_gtq": 0.39230124,
    "mxn_mxn": 1,
    "mxn_pen": 0.19008327,
    "mxn_usd": 0.050714897,
    "pen_clp": 243.83403853,
    "pen_cop": 1115.04213714,
    "pen_crc": 138.34801902,
    "pen_gtq": 2.06383891,
    "pen_mxn": 5.26085239,
    "pen_pen": 1,
    "pen_usd": 0.26680359,
    "timestamp": "2024-09-03 06:33:29",
    "usd_clp": 913.90839219,
    "usd_cop": 4179.26214456,
    "usd_crc": 518.53882414,
    "usd_gtq": 7.7354241,
    "usd_mxn": 19.71807207,
    "usd_pen": 3.74807553,
    "usd_usd": 1
}