{
    "clp_clp": 1,
    "clp_cop": 4.51739097,
    "clp_crc": 0.52982458,
    "clp_gtq": 0.0080989302,
    "clp_mxn": 0.020654134,
    "clp_pen": 0.0039090936,
    "clp_usd": 0.001051722,
    "cop_clp": 0.22136671,
    "cop_cop": 1,
    "cop_crc": 0.11728553,
    "cop_gtq": 0.0017928336,
    "cop_mxn": 0.0045721377,
    "cop_pen": 0.0008653432,
    "cop_usd": 0.00023281624,
    "crc_clp": 1.88741714,
    "crc_cop": 8.52620116,
    "crc_crc": 1,
    "crc_gtq": 0.01528606,
    "crc_mxn": 0.038982966,
    "crc_pen": 0.0073780902,
    "crc_usd": 0.0019850381,
    "gtq_clp": 123.47309726,
    "gtq_cop": 557.77625503,
    "gtq_crc": 65.41908227,
    "gtq_gtq": 1,
    "gtq_mxn": 2.55022984,
    "gtq_pen": 0.48266789,
    "gtq_usd": 0.12985937,
    "mxn_clp": 48.41645854,
    "mxn_cop": 218.71607276,
    "mxn_crc": 25.65222996,
    "mxn_gtq": 0.39212152,
    "mxn_mxn": 1,
    "mxn_pen": 0.18926447,
    "mxn_usd": 0.050920654,
    "pen_clp": 255.81377953,
    "pen_cop": 1155.61085855,
    "pen_crc": 135.53642908,
    "pen_gtq": 2.07181795,
    "pen_mxn": 5.28361196,
    "pen_pen": 1,
    "pen_usd": 0.26904498,
    "timestamp": "2025-04-23 19:39:03",
    "usd_clp": 950.8216161,
    "usd_cop": 4295.23298599,
    "usd_crc": 503.7686663,
    "usd_gtq": 7.70063793,
    "usd_mxn": 19.63839663,
    "usd_pen": 3.71685066,
    "usd_usd": 1
}