{
    "clp_clp": 1,
    "clp_cop": 4.12294361,
    "clp_crc": 0.5099243,
    "clp_gtq": 0.0085690804,
    "clp_mxn": 0.019492874,
    "clp_pen": 0.003818684,
    "clp_usd": 0.0011233639,
    "cop_clp": 0.24254516,
    "cop_cop": 1,
    "cop_crc": 0.12367967,
    "cop_gtq": 0.0020783889,
    "cop_mxn": 0.0047279021,
    "cop_pen": 0.00092620331,
    "cop_usd": 0.00027246647,
    "crc_clp": 1.96107542,
    "crc_cop": 8.08540337,
    "crc_crc": 1,
    "crc_gtq": 0.016804613,
    "crc_mxn": 0.038226996,
    "crc_pen": 0.0074887273,
    "crc_usd": 0.0022030013,
    "gtq_clp": 116.69863647,
    "gtq_cop": 481.14189792,
    "gtq_crc": 59.50746996,
    "gtq_gtq": 1,
    "gtq_mxn": 2.2747918,
    "gtq_pen": 0.44563522,
    "gtq_usd": 0.13109503,
    "mxn_clp": 51.30079889,
    "mxn_cop": 211.51030114,
    "mxn_crc": 26.15952372,
    "mxn_gtq": 0.43960067,
    "mxn_mxn": 1,
    "mxn_pen": 0.19590154,
    "mxn_usd": 0.057629465,
    "pen_clp": 261.8703187,
    "pen_cop": 1079.67655801,
    "pen_crc": 133.53403773,
    "pen_gtq": 2.24398782,
    "pen_mxn": 5.10460508,
    "pen_pen": 1,
    "pen_usd": 0.29417566,
    "timestamp": "2026-05-30 22:00:16",
    "usd_clp": 890.18349652,
    "usd_cop": 3670.17636169,
    "usd_crc": 453.92619216,
    "usd_gtq": 7.62805396,
    "usd_mxn": 17.35223458,
    "usd_pen": 3.39932949,
    "usd_usd": 1
}