{
    "clp_clp": 1,
    "clp_cop": 4.41364542,
    "clp_crc": 0.54448502,
    "clp_gtq": 0.0083015642,
    "clp_mxn": 0.021455021,
    "clp_pen": 0.0039488768,
    "clp_usd": 0.001076595,
    "cop_clp": 0.22705396,
    "cop_cop": 1,
    "cop_crc": 0.12166567,
    "cop_gtq": 0.0018683517,
    "cop_mxn": 0.0048713572,
    "cop_pen": 0.00088889464,
    "cop_usd": 0.00024232854,
    "crc_clp": 1.83659783,
    "crc_cop": 8.1060916,
    "crc_crc": 1,
    "crc_gtq": 0.015246635,
    "crc_mxn": 0.039404246,
    "crc_pen": 0.0072524985,
    "crc_usd": 0.001977272,
    "gtq_clp": 120.45922682,
    "gtq_cop": 531.66431514,
    "gtq_crc": 65.58824418,
    "gtq_gtq": 1,
    "gtq_mxn": 2.58445529,
    "gtq_pen": 0.47567864,
    "gtq_usd": 0.1296858,
    "mxn_clp": 46.60913549,
    "mxn_cop": 205.71619754,
    "mxn_crc": 25.37797594,
    "mxn_gtq": 0.38692873,
    "mxn_mxn": 1,
    "mxn_pen": 0.18405373,
    "mxn_usd": 0.050179162,
    "pen_clp": 253.23656773,
    "pen_cop": 1117.6964182,
    "pen_crc": 137.88351693,
    "pen_gtq": 2.10225961,
    "pen_mxn": 5.43319598,
    "pen_pen": 1,
    "pen_usd": 0.27263322,
    "timestamp": "2025-03-15 19:38:51",
    "usd_clp": 928.85439881,
    "usd_cop": 4099.63396626,
    "usd_crc": 505.74730327,
    "usd_gtq": 7.71094439,
    "usd_mxn": 19.92859102,
    "usd_pen": 3.66793156,
    "usd_usd": 1
}