{
    "clp_clp": 1,
    "clp_cop": 4.43664749,
    "clp_crc": 0.56778305,
    "clp_gtq": 0.0083627501,
    "clp_mxn": 0.019818842,
    "clp_pen": 0.0040482473,
    "clp_usd": 0.0010727545,
    "cop_clp": 0.22539541,
    "cop_cop": 1,
    "cop_crc": 0.1279757,
    "cop_gtq": 0.0018849255,
    "cop_mxn": 0.0044670761,
    "cop_pen": 0.00091245639,
    "cop_usd": 0.00024179394,
    "crc_clp": 1.76123608,
    "crc_cop": 7.81398362,
    "crc_crc": 1,
    "crc_gtq": 0.014728777,
    "crc_mxn": 0.03490566,
    "crc_pen": 0.0071299192,
    "crc_usd": 0.0018893739,
    "gtq_clp": 119.57788791,
    "gtq_cop": 530.52493592,
    "gtq_crc": 67.89429846,
    "gtq_gtq": 1,
    "gtq_mxn": 2.36989528,
    "gtq_pen": 0.48408087,
    "gtq_usd": 0.12827771,
    "mxn_clp": 50.45703457,
    "mxn_cop": 223.86007566,
    "mxn_crc": 28.64864922,
    "mxn_gtq": 0.42195957,
    "mxn_mxn": 1,
    "mxn_pen": 0.20426256,
    "mxn_usd": 0.054128009,
    "pen_clp": 247.02048037,
    "pen_cop": 1095.94279355,
    "pen_crc": 140.2540429,
    "pen_gtq": 2.06577056,
    "pen_mxn": 4.89565989,
    "pen_pen": 1,
    "pen_usd": 0.26499232,
    "timestamp": "2024-06-15 06:28:13",
    "usd_clp": 932.17975422,
    "usd_cop": 4135.7529643,
    "usd_crc": 529.27586833,
    "usd_gtq": 7.79558638,
    "usd_mxn": 18.47472334,
    "usd_pen": 3.7736942,
    "usd_usd": 1
}