{
    "clp_clp": 1,
    "clp_cop": 4.43125626,
    "clp_crc": 0.57202033,
    "clp_gtq": 0.0085200709,
    "clp_mxn": 0.021024242,
    "clp_pen": 0.0041193907,
    "clp_usd": 0.0011002355,
    "cop_clp": 0.22566964,
    "cop_cop": 1,
    "cop_crc": 0.12908762,
    "cop_gtq": 0.0019227213,
    "cop_mxn": 0.0047445332,
    "cop_pen": 0.00092962142,
    "cop_usd": 0.00024828975,
    "crc_clp": 1.7481896,
    "crc_cop": 7.74667613,
    "crc_crc": 1,
    "crc_gtq": 0.014894699,
    "crc_mxn": 0.036754362,
    "crc_pen": 0.007201476,
    "crc_usd": 0.0019234203,
    "gtq_clp": 117.36991517,
    "gtq_cop": 520.09617187,
    "gtq_crc": 67.13797801,
    "gtq_gtq": 1,
    "gtq_mxn": 2.46761354,
    "gtq_pen": 0.48349254,
    "gtq_usd": 0.12913455,
    "mxn_clp": 47.56413972,
    "mxn_cop": 210.76889209,
    "mxn_crc": 27.20765506,
    "mxn_gtq": 0.40524984,
    "mxn_mxn": 1,
    "mxn_pen": 0.19593528,
    "mxn_usd": 0.052331755,
    "pen_clp": 242.75434575,
    "pen_cop": 1075.70671535,
    "pen_crc": 138.8604218,
    "pen_gtq": 2.06828424,
    "pen_mxn": 5.10372619,
    "pen_pen": 1,
    "pen_usd": 0.26708695,
    "timestamp": "2024-08-24 19:19:35",
    "usd_clp": 908.89632306,
    "usd_cop": 4027.55252545,
    "usd_crc": 519.9071778,
    "usd_gtq": 7.74386112,
    "usd_mxn": 19.10885656,
    "usd_pen": 3.74409908,
    "usd_usd": 1
}