{
    "clp_clp": 1,
    "clp_cop": 4.29469128,
    "clp_crc": 0.57806939,
    "clp_gtq": 0.0089628382,
    "clp_mxn": 0.020173595,
    "clp_pen": 0.003935487,
    "clp_usd": 0.0011685683,
    "cop_clp": 0.23284561,
    "cop_cop": 1,
    "cop_crc": 0.13460092,
    "cop_gtq": 0.0020869575,
    "cop_mxn": 0.004697333,
    "cop_pen": 0.00091636087,
    "cop_usd": 0.000272096,
    "crc_clp": 1.72989613,
    "crc_cop": 7.42936981,
    "crc_crc": 1,
    "crc_gtq": 0.015504779,
    "crc_mxn": 0.034898224,
    "crc_pen": 0.0068079838,
    "crc_usd": 0.0020215018,
    "gtq_clp": 111.57180064,
    "gtq_cop": 479.16643917,
    "gtq_crc": 64.49624282,
    "gtq_gtq": 1,
    "gtq_mxn": 2.25080434,
    "gtq_pen": 0.43908937,
    "gtq_usd": 0.13037927,
    "mxn_clp": 49.56974655,
    "mxn_cop": 212.8867582,
    "mxn_crc": 28.65475319,
    "mxn_gtq": 0.44428562,
    "mxn_mxn": 1,
    "mxn_pen": 0.19508109,
    "mxn_usd": 0.057925635,
    "pen_clp": 254.09815734,
    "pen_cop": 1091.27314031,
    "pen_crc": 146.88636701,
    "pen_gtq": 2.27744068,
    "pen_mxn": 5.12607336,
    "pen_pen": 1,
    "pen_usd": 0.29693105,
    "timestamp": "2026-02-07 06:52:53",
    "usd_clp": 855.74800376,
    "usd_cop": 3675.17348876,
    "usd_crc": 494.6817272,
    "usd_gtq": 7.66993092,
    "usd_mxn": 17.2635138,
    "usd_pen": 3.36778516,
    "usd_usd": 1
}