{
    "clp_clp": 1,
    "clp_cop": 4.09911993,
    "clp_crc": 0.52112634,
    "clp_gtq": 0.0083200443,
    "clp_mxn": 0.019535776,
    "clp_pen": 0.0037339317,
    "clp_usd": 0.0010862896,
    "cop_clp": 0.2439548,
    "cop_cop": 1,
    "cop_crc": 0.12713127,
    "cop_gtq": 0.0020297148,
    "cop_mxn": 0.0047658463,
    "cop_pen": 0.00091091057,
    "cop_usd": 0.00026500556,
    "crc_clp": 1.91892046,
    "crc_cop": 7.86588509,
    "crc_crc": 1,
    "crc_gtq": 0.015965503,
    "crc_mxn": 0.037487599,
    "crc_pen": 0.0071651179,
    "crc_usd": 0.0020845033,
    "gtq_clp": 118.9855053,
    "gtq_cop": 493.50092953,
    "gtq_crc": 62.16510075,
    "gtq_gtq": 1,
    "gtq_mxn": 2.32735898,
    "gtq_pen": 0.45417584,
    "gtq_usd": 0.13047961,
    "mxn_clp": 51.18813926,
    "mxn_cop": 209.82632209,
    "mxn_crc": 26.67548783,
    "mxn_gtq": 0.42588759,
    "mxn_mxn": 1,
    "mxn_pen": 0.19113301,
    "mxn_usd": 0.055605141,
    "pen_clp": 267.81422075,
    "pen_cop": 1097.80261115,
    "pen_crc": 139.56504551,
    "pen_gtq": 2.22822618,
    "pen_mxn": 5.23195851,
    "pen_pen": 1,
    "pen_usd": 0.29092379,
    "timestamp": "2026-03-09 07:07:20",
    "usd_clp": 920.56486567,
    "usd_cop": 3773.50579233,
    "usd_crc": 479.73060211,
    "usd_gtq": 7.65914046,
    "usd_mxn": 17.9839486,
    "usd_pen": 3.4373263,
    "usd_usd": 1
}