{
    "clp_clp": 1,
    "clp_cop": 4.18355015,
    "clp_crc": 0.51464081,
    "clp_gtq": 0.0085475294,
    "clp_mxn": 0.019281752,
    "clp_pen": 0.0038706543,
    "clp_usd": 0.0011224933,
    "cop_clp": 0.23903144,
    "cop_cop": 1,
    "cop_crc": 0.12301533,
    "cop_gtq": 0.0020431282,
    "cop_mxn": 0.0046089448,
    "cop_pen": 0.00092520805,
    "cop_usd": 0.00026831119,
    "crc_clp": 1.93906752,
    "crc_cop": 8.15944387,
    "crc_crc": 1,
    "crc_gtq": 0.016610211,
    "crc_mxn": 0.037371136,
    "crc_pen": 0.007472014,
    "crc_usd": 0.0021755726,
    "gtq_clp": 116.9928709,
    "gtq_cop": 489.44554202,
    "gtq_crc": 60.20930558,
    "gtq_gtq": 1,
    "gtq_mxn": 2.25582749,
    "gtq_pen": 0.45283896,
    "gtq_usd": 0.13132372,
    "mxn_clp": 51.86250788,
    "mxn_cop": 216.96940236,
    "mxn_crc": 26.69056295,
    "mxn_gtq": 0.44329631,
    "mxn_mxn": 1,
    "mxn_pen": 0.20074184,
    "mxn_usd": 0.058215319,
    "pen_clp": 258.35425498,
    "pen_cop": 1080.83798088,
    "pen_crc": 132.95964247,
    "pen_gtq": 2.20829058,
    "pen_mxn": 4.9815226,
    "pen_pen": 1,
    "pen_usd": 0.29000092,
    "timestamp": "2026-05-10 07:21:39",
    "usd_clp": 890.87390062,
    "usd_cop": 3727.01563617,
    "usd_crc": 458.48006384,
    "usd_gtq": 7.61477083,
    "usd_mxn": 17.17760936,
    "usd_pen": 3.44826487,
    "usd_usd": 1
}