{
    "clp_clp": 1,
    "clp_cop": 4.09963856,
    "clp_crc": 0.52581283,
    "clp_gtq": 0.0080023342,
    "clp_mxn": 0.01927763,
    "clp_pen": 0.0035869624,
    "clp_usd": 0.0010446062,
    "cop_clp": 0.24392394,
    "cop_cop": 1,
    "cop_crc": 0.12825834,
    "cop_gtq": 0.0019519609,
    "cop_mxn": 0.0047022755,
    "cop_pen": 0.000874946,
    "cop_usd": 0.00025480446,
    "crc_clp": 1.89328927,
    "crc_cop": 7.81302315,
    "crc_crc": 1,
    "crc_gtq": 0.015224876,
    "crc_mxn": 0.036751382,
    "crc_pen": 0.0068000068,
    "crc_usd": 0.0019906236,
    "gtq_clp": 124.96353812,
    "gtq_cop": 512.3053399,
    "gtq_crc": 65.7074313,
    "gtq_gtq": 1,
    "gtq_mxn": 2.40900084,
    "gtq_pen": 0.44823951,
    "gtq_usd": 0.13053769,
    "mxn_clp": 51.87359679,
    "mxn_cop": 212.66299781,
    "mxn_crc": 27.27580259,
    "mxn_gtq": 0.41510986,
    "mxn_mxn": 1,
    "mxn_pen": 0.18606864,
    "mxn_usd": 0.054187481,
    "pen_clp": 278.78742433,
    "pen_cop": 1142.92767578,
    "pen_crc": 146.59000382,
    "pen_gtq": 2.23095015,
    "pen_mxn": 5.37436078,
    "pen_pen": 1,
    "pen_usd": 0.29122307,
    "timestamp": "2025-10-14 06:44:02",
    "usd_clp": 957.29854474,
    "usd_cop": 3924.57803072,
    "usd_crc": 503.35985445,
    "usd_gtq": 7.66062292,
    "usd_mxn": 18.45444704,
    "usd_pen": 3.43379386,
    "usd_usd": 1
}