{
    "clp_clp": 1,
    "clp_cop": 4.61567872,
    "clp_crc": 0.53550215,
    "clp_gtq": 0.0080667368,
    "clp_mxn": 0.021315186,
    "clp_pen": 0.0039422577,
    "clp_usd": 0.0010454256,
    "cop_clp": 0.21665286,
    "cop_cop": 1,
    "cop_crc": 0.11601807,
    "cop_gtq": 0.0017476816,
    "cop_mxn": 0.004617996,
    "cop_pen": 0.00085410141,
    "cop_usd": 0.00022649444,
    "crc_clp": 1.86740613,
    "crc_cop": 8.61934676,
    "crc_crc": 1,
    "crc_gtq": 0.015063874,
    "crc_mxn": 0.039804109,
    "crc_pen": 0.0073617962,
    "crc_usd": 0.0019522341,
    "gtq_clp": 123.9658641,
    "gtq_cop": 572.1866014,
    "gtq_crc": 66.38398681,
    "gtq_gtq": 1,
    "gtq_mxn": 2.64235544,
    "gtq_pen": 0.48870538,
    "gtq_usd": 0.12959708,
    "mxn_clp": 46.91490865,
    "mxn_cop": 216.54414568,
    "mxn_crc": 25.12303447,
    "mxn_gtq": 0.37845022,
    "mxn_mxn": 1,
    "mxn_pen": 0.18495066,
    "mxn_usd": 0.049046045,
    "pen_clp": 253.66175406,
    "pen_cop": 1170.82116127,
    "pen_crc": 135.83641479,
    "pen_gtq": 2.04622261,
    "pen_mxn": 5.40684745,
    "pen_pen": 1,
    "pen_usd": 0.26518448,
    "timestamp": "2024-11-06 19:20:17",
    "usd_clp": 956.54826226,
    "usd_cop": 4415.11946246,
    "usd_crc": 512.23365147,
    "usd_gtq": 7.71622308,
    "usd_mxn": 20.38900405,
    "usd_pen": 3.77095974,
    "usd_usd": 1
}