{
    "clp_clp": 1,
    "clp_cop": 4.48202123,
    "clp_crc": 0.53708617,
    "clp_gtq": 0.008277562,
    "clp_mxn": 0.021795496,
    "clp_pen": 0.0038936521,
    "clp_usd": 0.0010768954,
    "cop_clp": 0.22311362,
    "cop_cop": 1,
    "cop_crc": 0.11983124,
    "cop_gtq": 0.0018468368,
    "cop_mxn": 0.0048628721,
    "cop_pen": 0.00086872683,
    "cop_usd": 0.00024027003,
    "crc_clp": 1.86189862,
    "crc_cop": 8.34506913,
    "crc_crc": 1,
    "crc_gtq": 0.015411981,
    "crc_mxn": 0.040581004,
    "crc_pen": 0.0072495854,
    "crc_usd": 0.00200507,
    "gtq_clp": 120.80851877,
    "gtq_cop": 541.46634558,
    "gtq_crc": 64.88458478,
    "gtq_gtq": 1,
    "gtq_mxn": 2.63308158,
    "gtq_pen": 0.47038634,
    "gtq_usd": 0.13009813,
    "mxn_clp": 45.88103906,
    "mxn_cop": 205.63979098,
    "mxn_crc": 24.64207159,
    "mxn_gtq": 0.37978314,
    "mxn_mxn": 1,
    "mxn_pen": 0.1786448,
    "mxn_usd": 0.049409078,
    "pen_clp": 256.82828834,
    "pen_cop": 1151.10984009,
    "pen_crc": 137.93892201,
    "pen_gtq": 2.12591207,
    "pen_mxn": 5.59769991,
    "pen_pen": 1,
    "pen_usd": 0.27657719,
    "timestamp": "2025-03-23 19:37:43",
    "usd_clp": 928.59532235,
    "usd_cop": 4161.98394631,
    "usd_crc": 498.73570618,
    "usd_gtq": 7.68650532,
    "usd_mxn": 20.23919557,
    "usd_pen": 3.61562711,
    "usd_usd": 1
}