{
    "clp_clp": 1,
    "clp_cop": 4.05061544,
    "clp_crc": 0.53174034,
    "clp_gtq": 0.0081525929,
    "clp_mxn": 0.019672801,
    "clp_pen": 0.0036050184,
    "clp_usd": 0.0010648809,
    "cop_clp": 0.24687607,
    "cop_cop": 1,
    "cop_crc": 0.13127396,
    "cop_gtq": 0.0020126801,
    "cop_mxn": 0.0048567436,
    "cop_pen": 0.00088999275,
    "cop_usd": 0.00026289361,
    "crc_clp": 1.88061714,
    "crc_cop": 7.6176568,
    "crc_crc": 1,
    "crc_gtq": 0.015331906,
    "crc_mxn": 0.036997006,
    "crc_pen": 0.0067796593,
    "crc_usd": 0.0020026333,
    "gtq_clp": 122.66036202,
    "gtq_cop": 496.84995594,
    "gtq_crc": 65.22346292,
    "gtq_gtq": 1,
    "gtq_mxn": 2.41307284,
    "gtq_pen": 0.44219286,
    "gtq_usd": 0.13061868,
    "mxn_clp": 50.83160355,
    "mxn_cop": 205.89927806,
    "mxn_crc": 27.02921429,
    "mxn_gtq": 0.41440937,
    "mxn_mxn": 1,
    "mxn_pen": 0.18324886,
    "mxn_usd": 0.054129605,
    "pen_clp": 277.39109677,
    "pen_cop": 1123.60465875,
    "pen_crc": 147.50003683,
    "pen_gtq": 2.26145669,
    "pen_mxn": 5.45705973,
    "pen_pen": 1,
    "pen_usd": 0.29538849,
    "timestamp": "2025-11-23 19:49:09",
    "usd_clp": 939.07213728,
    "usd_cop": 3803.82009597,
    "usd_crc": 499.34253998,
    "usd_gtq": 7.65587287,
    "usd_mxn": 18.47417889,
    "usd_pen": 3.38537231,
    "usd_usd": 1
}