{
    "clp_clp": 1,
    "clp_cop": 4.39043173,
    "clp_crc": 0.57408559,
    "clp_gtq": 0.0084638317,
    "clp_mxn": 0.020514893,
    "clp_pen": 0.0041151902,
    "clp_usd": 0.0010905025,
    "cop_clp": 0.22776803,
    "cop_cop": 1,
    "cop_crc": 0.13075835,
    "cop_gtq": 0.0019277903,
    "cop_mxn": 0.0046726367,
    "cop_pen": 0.00093730877,
    "cop_usd": 0.00024838161,
    "crc_clp": 1.74190055,
    "crc_cop": 7.64769545,
    "crc_crc": 1,
    "crc_gtq": 0.014743153,
    "crc_mxn": 0.035734903,
    "crc_pen": 0.007168252,
    "crc_usd": 0.0018995469,
    "gtq_clp": 118.1497973,
    "gtq_cop": 518.72861929,
    "gtq_crc": 67.82809577,
    "gtq_gtq": 1,
    "gtq_mxn": 2.4238304,
    "gtq_pen": 0.48620888,
    "gtq_usd": 0.12884265,
    "mxn_clp": 48.74507617,
    "mxn_cop": 214.01192923,
    "mxn_crc": 27.98384568,
    "mxn_gtq": 0.41257012,
    "mxn_mxn": 1,
    "mxn_pen": 0.20059526,
    "mxn_usd": 0.053156628,
    "pen_clp": 243.00213605,
    "pen_cop": 1066.8842892,
    "pen_crc": 139.50402398,
    "pen_gtq": 2.05672918,
    "pen_mxn": 4.98516271,
    "pen_pen": 1,
    "pen_usd": 0.26499444,
    "timestamp": "2024-06-13 19:09:10",
    "usd_clp": 917.00843123,
    "usd_cop": 4026.0629156,
    "usd_crc": 526.44132377,
    "usd_gtq": 7.76140503,
    "usd_mxn": 18.81232943,
    "usd_pen": 3.77366408,
    "usd_usd": 1
}