{
    "clp_clp": 1,
    "clp_cop": 4.01253474,
    "clp_crc": 0.51224692,
    "clp_gtq": 0.0083299135,
    "clp_mxn": 0.0193934,
    "clp_pen": 0.0037535755,
    "clp_usd": 0.0010862232,
    "cop_clp": 0.2457706,
    "cop_cop": 1,
    "cop_crc": 0.12674667,
    "cop_gtq": 0.0020678946,
    "cop_mxn": 0.0047767869,
    "cop_pen": 0.00092688121,
    "cop_usd": 0.00027004192,
    "crc_clp": 1.93906952,
    "crc_cop": 7.88975385,
    "crc_crc": 1,
    "crc_gtq": 0.016315179,
    "crc_mxn": 0.037687673,
    "crc_pen": 0.0073128646,
    "crc_usd": 0.0021305643,
    "gtq_clp": 118.8506423,
    "gtq_cop": 483.58364834,
    "gtq_crc": 61.29261539,
    "gtq_gtq": 1,
    "gtq_mxn": 2.30997604,
    "gtq_pen": 0.4482246,
    "gtq_usd": 0.13058786,
    "mxn_clp": 51.45102808,
    "mxn_cop": 209.34574173,
    "mxn_crc": 26.5338749,
    "mxn_gtq": 0.43290492,
    "mxn_mxn": 1,
    "mxn_pen": 0.19403863,
    "mxn_usd": 0.056532126,
    "pen_clp": 266.41265268,
    "pen_cop": 1068.99002402,
    "pen_crc": 136.46906032,
    "pen_gtq": 2.21919436,
    "pen_mxn": 5.16664726,
    "pen_pen": 1,
    "pen_usd": 0.2893836,
    "timestamp": "2026-03-17 07:15:47",
    "usd_clp": 920.62110618,
    "usd_cop": 3694.02417075,
    "usd_crc": 471.58532452,
    "usd_gtq": 7.66869422,
    "usd_mxn": 17.85397377,
    "usd_pen": 3.45562081,
    "usd_usd": 1
}