{
    "clp_clp": 1,
    "clp_cop": 4.26992418,
    "clp_crc": 0.55709317,
    "clp_gtq": 0.0081861615,
    "clp_mxn": 0.019424924,
    "clp_pen": 0.003951019,
    "clp_usd": 0.0010552936,
    "cop_clp": 0.2343878,
    "cop_cop": 1,
    "cop_crc": 0.13066202,
    "cop_gtq": 0.001917622,
    "cop_mxn": 0.0045602228,
    "cop_pen": 0.00092980005,
    "cop_usd": 0.00024737218,
    "crc_clp": 1.79384791,
    "crc_cop": 7.65333321,
    "crc_crc": 1,
    "crc_gtq": 0.0146762,
    "crc_mxn": 0.034900905,
    "crc_pen": 0.0071160696,
    "crc_usd": 0.0018932217,
    "gtq_clp": 122.15737533,
    "gtq_cop": 521.60273055,
    "gtq_crc": 68.05304004,
    "gtq_gtq": 1,
    "gtq_mxn": 2.37289771,
    "gtq_pen": 0.48264611,
    "gtq_usd": 0.1289119,
    "mxn_clp": 51.48025333,
    "mxn_cop": 219.81677842,
    "mxn_crc": 28.67929776,
    "mxn_gtq": 0.42142567,
    "mxn_mxn": 1,
    "mxn_pen": 0.20339946,
    "mxn_usd": 0.054326783,
    "pen_clp": 252.08408744,
    "pen_cop": 1075.50005235,
    "pen_crc": 140.52701253,
    "pen_gtq": 2.06240256,
    "pen_mxn": 4.90451985,
    "pen_pen": 1,
    "pen_usd": 0.26604879,
    "timestamp": "2024-07-26 06:30:03",
    "usd_clp": 947.60356878,
    "usd_cop": 4046.19539029,
    "usd_crc": 527.9034805,
    "usd_gtq": 7.75723583,
    "usd_mxn": 18.40712715,
    "usd_pen": 3.74399966,
    "usd_usd": 1
}