{
    "clp_clp": 1,
    "clp_cop": 4.51170092,
    "clp_crc": 0.56289123,
    "clp_gtq": 0.0083648561,
    "clp_mxn": 0.020864962,
    "clp_pen": 0.0040402616,
    "clp_usd": 0.0010819391,
    "cop_clp": 0.2216459,
    "cop_cop": 1,
    "cop_crc": 0.12476253,
    "cop_gtq": 0.001854036,
    "cop_mxn": 0.0046246332,
    "cop_pen": 0.0008955074,
    "cop_usd": 0.00023980736,
    "crc_clp": 1.77654215,
    "crc_cop": 8.01522684,
    "crc_crc": 1,
    "crc_gtq": 0.014860519,
    "crc_mxn": 0.037067484,
    "crc_pen": 0.0071776949,
    "crc_usd": 0.0019221104,
    "gtq_clp": 119.5477823,
    "gtq_cop": 539.3638394,
    "gtq_crc": 67.29239863,
    "gtq_gtq": 1,
    "gtq_mxn": 2.49435992,
    "gtq_pen": 0.48300431,
    "gtq_usd": 0.12934342,
    "mxn_clp": 47.92723824,
    "mxn_cop": 216.23336486,
    "mxn_crc": 26.97782225,
    "mxn_gtq": 0.40090445,
    "mxn_mxn": 1,
    "mxn_pen": 0.19363858,
    "mxn_usd": 0.051854352,
    "pen_clp": 247.50872858,
    "pen_cop": 1116.68535847,
    "pen_crc": 139.32049351,
    "pen_gtq": 2.07037491,
    "pen_mxn": 5.16426019,
    "pen_pen": 1,
    "pen_usd": 0.26778937,
    "timestamp": "2024-10-06 19:23:31",
    "usd_clp": 924.26645815,
    "usd_cop": 4170.01382969,
    "usd_crc": 520.26148664,
    "usd_gtq": 7.73135595,
    "usd_mxn": 19.28478444,
    "usd_pen": 3.73427824,
    "usd_usd": 1
}