{
    "clp_clp": 1,
    "clp_cop": 4.34943498,
    "clp_crc": 0.53642751,
    "clp_gtq": 0.0081739071,
    "clp_mxn": 0.02000723,
    "clp_pen": 0.0037734252,
    "clp_usd": 0.0010630857,
    "cop_clp": 0.22991492,
    "cop_cop": 1,
    "cop_crc": 0.12333269,
    "cop_gtq": 0.0018793032,
    "cop_mxn": 0.0045999606,
    "cop_pen": 0.00086756675,
    "cop_usd": 0.00024441926,
    "crc_clp": 1.84354686,
    "crc_cop": 8.00851647,
    "crc_crc": 1,
    "crc_gtq": 0.015224439,
    "crc_mxn": 0.037363767,
    "crc_pen": 0.0070506535,
    "crc_usd": 0.00197968,
    "gtq_clp": 122.34051429,
    "gtq_cop": 532.11211207,
    "gtq_crc": 65.62681697,
    "gtq_gtq": 1,
    "gtq_mxn": 2.44769476,
    "gtq_pen": 0.46164278,
    "gtq_usd": 0.13005845,
    "mxn_clp": 49.98193247,
    "mxn_cop": 217.39316536,
    "mxn_crc": 26.81168338,
    "mxn_gtq": 0.40854767,
    "mxn_mxn": 1,
    "mxn_pen": 0.18860308,
    "mxn_usd": 0.053135077,
    "pen_clp": 265.01121764,
    "pen_cop": 1152.64905954,
    "pen_crc": 142.15930655,
    "pen_gtq": 2.16617708,
    "pen_mxn": 5.30214028,
    "pen_pen": 1,
    "pen_usd": 0.28172963,
    "timestamp": "2025-06-28 19:55:49",
    "usd_clp": 940.65795405,
    "usd_cop": 4091.33060758,
    "usd_crc": 504.59480031,
    "usd_gtq": 7.68885074,
    "usd_mxn": 18.81995968,
    "usd_pen": 3.5495024,
    "usd_usd": 1
}