{
    "clp_clp": 1,
    "clp_cop": 4.04138794,
    "clp_crc": 0.52339155,
    "clp_gtq": 0.0079681828,
    "clp_mxn": 0.019160359,
    "clp_pen": 0.0036143082,
    "clp_usd": 0.0010396485,
    "cop_clp": 0.24743974,
    "cop_cop": 1,
    "cop_crc": 0.12950787,
    "cop_gtq": 0.0019716451,
    "cop_mxn": 0.0047410343,
    "cop_pen": 0.00089432349,
    "cop_usd": 0.00025725036,
    "crc_clp": 1.9106155,
    "crc_cop": 7.72153842,
    "crc_crc": 1,
    "crc_gtq": 0.015224133,
    "crc_mxn": 0.036608078,
    "crc_pen": 0.0069055532,
    "crc_usd": 0.0019863685,
    "gtq_clp": 125.49912959,
    "gtq_cop": 507.19066848,
    "gtq_crc": 65.68518353,
    "gtq_gtq": 1,
    "gtq_mxn": 2.40460834,
    "gtq_pen": 0.45359253,
    "gtq_usd": 0.13047498,
    "mxn_clp": 52.19108976,
    "mxn_cop": 210.9244406,
    "mxn_crc": 27.31637519,
    "mxn_gtq": 0.41586814,
    "mxn_mxn": 1,
    "mxn_pen": 0.18863468,
    "mxn_usd": 0.054260389,
    "pen_clp": 276.67812288,
    "pen_cop": 1118.16362836,
    "pen_crc": 144.81099064,
    "pen_gtq": 2.20462185,
    "pen_mxn": 5.30125207,
    "pen_pen": 1,
    "pen_usd": 0.287648,
    "timestamp": "2025-10-03 19:22:55",
    "usd_clp": 961.8635469,
    "usd_cop": 3887.26373598,
    "usd_crc": 503.43124943,
    "usd_gtq": 7.66430453,
    "usd_mxn": 18.42965057,
    "usd_pen": 3.47647128,
    "usd_usd": 1
}