{
    "clp_clp": 1,
    "clp_cop": 4.33358009,
    "clp_crc": 0.53602143,
    "clp_gtq": 0.0081743404,
    "clp_mxn": 0.021653606,
    "clp_pen": 0.0039008646,
    "clp_usd": 0.001059795,
    "cop_clp": 0.23075609,
    "cop_cop": 1,
    "cop_crc": 0.12369021,
    "cop_gtq": 0.0018862788,
    "cop_mxn": 0.0049967015,
    "cop_pen": 0.00090014827,
    "cop_usd": 0.00024455416,
    "crc_clp": 1.86414179,
    "crc_cop": 8.05128611,
    "crc_crc": 1,
    "crc_gtq": 0.015255281,
    "crc_mxn": 0.040177715,
    "crc_pen": 0.0072728111,
    "crc_usd": 0.0019771366,
    "gtq_clp": 122.33403008,
    "gtq_cop": 530.14431708,
    "gtq_crc": 65.57366125,
    "gtq_gtq": 1,
    "gtq_mxn": 2.64897291,
    "gtq_pen": 0.47720849,
    "gtq_usd": 0.129649,
    "mxn_clp": 46.18168416,
    "mxn_cop": 200.132027,
    "mxn_crc": 24.7543722,
    "mxn_gtq": 0.3775048,
    "mxn_mxn": 1,
    "mxn_pen": 0.1801485,
    "mxn_usd": 0.04894312,
    "pen_clp": 256.35342429,
    "pen_cop": 1110.92809547,
    "pen_crc": 137.41092804,
    "pen_gtq": 2.09552014,
    "pen_mxn": 5.55097608,
    "pen_pen": 1,
    "pen_usd": 0.27168209,
    "timestamp": "2025-02-22 06:31:49",
    "usd_clp": 942.849271,
    "usd_cop": 4072.19519995,
    "usd_crc": 505.78195158,
    "usd_gtq": 7.71584556,
    "usd_mxn": 20.32116301,
    "usd_pen": 3.67845662,
    "usd_usd": 1
}