{
    "clp_clp": 1,
    "clp_cop": 4.16235899,
    "clp_crc": 0.55063782,
    "clp_gtq": 0.0086442072,
    "clp_mxn": 0.019871879,
    "clp_pen": 0.0037972414,
    "clp_usd": 0.0011276118,
    "cop_clp": 0.24024838,
    "cop_cop": 1,
    "cop_crc": 0.13228984,
    "cop_gtq": 0.0020767568,
    "cop_mxn": 0.0047741866,
    "cop_pen": 0.00091228109,
    "cop_usd": 0.00027090691,
    "crc_clp": 1.81607576,
    "crc_cop": 7.55915926,
    "crc_crc": 1,
    "crc_gtq": 0.015698535,
    "crc_mxn": 0.036088837,
    "crc_pen": 0.0068960781,
    "crc_usd": 0.0020478285,
    "gtq_clp": 115.68440822,
    "gtq_cop": 481.52003639,
    "gtq_crc": 63.70021054,
    "gtq_gtq": 1,
    "gtq_mxn": 2.29886652,
    "gtq_pen": 0.43928163,
    "gtq_usd": 0.13044711,
    "mxn_clp": 50.32236852,
    "mxn_cop": 209.45976292,
    "mxn_crc": 27.70939938,
    "mxn_gtq": 0.43499698,
    "mxn_mxn": 1,
    "mxn_pen": 0.19108618,
    "mxn_usd": 0.056744098,
    "pen_clp": 263.34907136,
    "pen_cop": 1096.15337432,
    "pen_crc": 145.00995898,
    "pen_gtq": 2.27644395,
    "pen_mxn": 5.23324079,
    "pen_pen": 1,
    "pen_usd": 0.29695553,
    "timestamp": "2026-01-17 20:00:17",
    "usd_clp": 886.83000552,
    "usd_cop": 3691.30484477,
    "usd_crc": 488.32214237,
    "usd_gtq": 7.66594236,
    "usd_mxn": 17.62297824,
    "usd_pen": 3.36750762,
    "usd_usd": 1
}