{
    "clp_clp": 1,
    "clp_cop": 4.5427461,
    "clp_crc": 0.55680635,
    "clp_gtq": 0.0083396058,
    "clp_mxn": 0.020950502,
    "clp_pen": 0.0040308798,
    "clp_usd": 0.0010789919,
    "cop_clp": 0.22013117,
    "cop_cop": 1,
    "cop_crc": 0.12257043,
    "cop_gtq": 0.0018358072,
    "cop_mxn": 0.0046118584,
    "cop_pen": 0.00088732228,
    "cop_usd": 0.00023751974,
    "crc_clp": 1.79595652,
    "crc_cop": 8.15857449,
    "crc_crc": 1,
    "crc_gtq": 0.014977569,
    "crc_mxn": 0.03762619,
    "crc_pen": 0.0072392849,
    "crc_usd": 0.0019378225,
    "gtq_clp": 119.90974387,
    "gtq_cop": 544.71952152,
    "gtq_crc": 66.7665071,
    "gtq_gtq": 1,
    "gtq_mxn": 2.5121693,
    "gtq_pen": 0.48334177,
    "gtq_usd": 0.12938164,
    "mxn_clp": 47.73155377,
    "mxn_cop": 216.83232982,
    "mxn_crc": 26.57723235,
    "mxn_gtq": 0.39806234,
    "mxn_mxn": 1,
    "mxn_pen": 0.19240016,
    "mxn_usd": 0.05150196,
    "pen_clp": 248.32811968,
    "pen_cop": 1124.15122562,
    "pen_crc": 138.2220297,
    "pen_gtq": 2.06627392,
    "pen_mxn": 5.15949165,
    "pen_pen": 1,
    "pen_usd": 0.26731594,
    "timestamp": "2024-10-15 06:35:57",
    "usd_clp": 926.79102173,
    "usd_cop": 4210.17630094,
    "usd_crc": 516.04312822,
    "usd_gtq": 7.72907182,
    "usd_mxn": 19.41673691,
    "usd_pen": 3.73578325,
    "usd_usd": 1
}