{
    "clp_clp": 1,
    "clp_cop": 4.29725153,
    "clp_crc": 0.54457886,
    "clp_gtq": 0.0082859356,
    "clp_mxn": 0.020104908,
    "clp_pen": 0.003833235,
    "clp_usd": 0.0010774157,
    "cop_clp": 0.23270688,
    "cop_cop": 1,
    "cop_crc": 0.12672725,
    "cop_gtq": 0.0019281942,
    "cop_mxn": 0.0046785504,
    "cop_pen": 0.00089202016,
    "cop_usd": 0.00025072205,
    "crc_clp": 1.83628135,
    "crc_cop": 7.89096286,
    "crc_crc": 1,
    "crc_gtq": 0.015215309,
    "crc_mxn": 0.036918267,
    "crc_pen": 0.007038898,
    "crc_usd": 0.0019784384,
    "gtq_clp": 120.6864309,
    "gtq_cop": 518.61994992,
    "gtq_crc": 65.72327857,
    "gtq_gtq": 1,
    "gtq_mxn": 2.42638955,
    "gtq_pen": 0.46261945,
    "gtq_usd": 0.13002946,
    "mxn_clp": 49.73909938,
    "mxn_cop": 213.74142096,
    "mxn_crc": 27.08686188,
    "mxn_gtq": 0.41213498,
    "mxn_mxn": 1,
    "mxn_pen": 0.19066166,
    "mxn_usd": 0.053589688,
    "pen_clp": 260.87625644,
    "pen_cop": 1121.0508923,
    "pen_crc": 142.0676935,
    "pen_gtq": 2.16160387,
    "pen_mxn": 5.24489305,
    "pen_pen": 1,
    "pen_usd": 0.28107218,
    "timestamp": "2025-07-05 06:38:36",
    "usd_clp": 928.1468436,
    "usd_cop": 3988.48044433,
    "usd_crc": 505.44914703,
    "usd_gtq": 7.69056502,
    "usd_mxn": 18.66030658,
    "usd_pen": 3.55780498,
    "usd_usd": 1
}