{
    "clp_clp": 1,
    "clp_cop": 4.25081665,
    "clp_crc": 0.57575311,
    "clp_gtq": 0.0085372507,
    "clp_mxn": 0.018748772,
    "clp_pen": 0.0041316907,
    "clp_usd": 0.0010982852,
    "cop_clp": 0.23524891,
    "cop_cop": 1,
    "cop_crc": 0.13544529,
    "cop_gtq": 0.002008379,
    "cop_mxn": 0.0044106282,
    "cop_pen": 0.00097197575,
    "cop_usd": 0.0002583704,
    "crc_clp": 1.73685557,
    "crc_cop": 7.3830546,
    "crc_crc": 1,
    "crc_gtq": 0.014827971,
    "crc_mxn": 0.032563909,
    "crc_pen": 0.00717615,
    "crc_usd": 0.0019075628,
    "gtq_clp": 117.1337277,
    "gtq_cop": 497.91400053,
    "gtq_crc": 67.44010809,
    "gtq_gtq": 1,
    "gtq_mxn": 2.19611351,
    "gtq_pen": 0.48396033,
    "gtq_usd": 0.12864624,
    "mxn_clp": 53.54413042,
    "mxn_cop": 228.639709,
    "mxn_crc": 30.888359,
    "mxn_gtq": 0.46289562,
    "mxn_mxn": 1,
    "mxn_pen": 0.22338405,
    "mxn_usd": 0.059550649,
    "pen_clp": 242.03167071,
    "pen_cop": 1028.83225676,
    "pen_crc": 139.35048728,
    "pen_gtq": 2.06628505,
    "pen_mxn": 4.53779653,
    "pen_pen": 1,
    "pen_usd": 0.2658198,
    "timestamp": "2024-05-30 19:08:25",
    "usd_clp": 910.51031327,
    "usd_cop": 3870.4124037,
    "usd_crc": 524.22914513,
    "usd_gtq": 7.77325482,
    "usd_mxn": 17.07094996,
    "usd_pen": 3.76194698,
    "usd_usd": 1
}