{
    "clp_clp": 1,
    "clp_cop": 4.42745911,
    "clp_crc": 0.50889966,
    "clp_gtq": 0.007781601,
    "clp_mxn": 0.020301127,
    "clp_pen": 0.003771709,
    "clp_usd": 0.0010109647,
    "cop_clp": 0.22586318,
    "cop_cop": 1,
    "cop_crc": 0.1149417,
    "cop_gtq": 0.0017575772,
    "cop_mxn": 0.0045852771,
    "cop_pen": 0.00085189019,
    "cop_usd": 0.0002283397,
    "crc_clp": 1.96502391,
    "crc_cop": 8.70006299,
    "crc_crc": 1,
    "crc_gtq": 0.015291032,
    "crc_mxn": 0.0398922,
    "crc_pen": 0.0074114983,
    "crc_usd": 0.0019865698,
    "gtq_clp": 128.78429707,
    "gtq_cop": 572.55617588,
    "gtq_crc": 65.64225231,
    "gtq_gtq": 1,
    "gtq_mxn": 2.64021104,
    "gtq_pen": 0.48618753,
    "gtq_usd": 0.12987392,
    "mxn_clp": 48.77803138,
    "mxn_cop": 216.86000353,
    "mxn_crc": 24.862502,
    "mxn_gtq": 0.3787576,
    "mxn_mxn": 1,
    "mxn_pen": 0.18414722,
    "mxn_usd": 0.049190733,
    "pen_clp": 265.1318022,
    "pen_cop": 1173.86021214,
    "pen_crc": 134.92548423,
    "pen_gtq": 2.0631499,
    "pen_mxn": 5.38247439,
    "pen_pen": 1,
    "pen_usd": 0.26803889,
    "timestamp": "2024-12-21 06:32:15",
    "usd_clp": 991.61017789,
    "usd_cop": 4408.55402682,
    "usd_crc": 505.43060742,
    "usd_gtq": 7.69977552,
    "usd_mxn": 20.32903235,
    "usd_pen": 3.74353481,
    "usd_usd": 1
}