{
    "clp_clp": 1,
    "clp_cop": 4.1643479,
    "clp_crc": 0.5222365,
    "clp_gtq": 0.0079294507,
    "clp_mxn": 0.019425362,
    "clp_pen": 0.0036228681,
    "clp_usd": 0.0010347271,
    "cop_clp": 0.24082527,
    "cop_cop": 1,
    "cop_crc": 0.12525876,
    "cop_gtq": 0.0019033222,
    "cop_mxn": 0.0046518024,
    "cop_pen": 0.00087037607,
    "cop_usd": 0.00024806808,
    "crc_clp": 1.92262217,
    "crc_cop": 7.98347346,
    "crc_crc": 1,
    "crc_gtq": 0.015195123,
    "crc_mxn": 0.037137541,
    "crc_pen": 0.0069486242,
    "crc_usd": 0.001980445,
    "gtq_clp": 126.52890083,
    "gtq_cop": 525.39710502,
    "gtq_crc": 65.81059078,
    "gtq_gtq": 1,
    "gtq_mxn": 2.4440435,
    "gtq_pen": 0.45729307,
    "gtq_usd": 0.13033425,
    "mxn_clp": 51.77031459,
    "mxn_cop": 214.97043941,
    "mxn_crc": 26.92693105,
    "mxn_gtq": 0.40915802,
    "mxn_mxn": 1,
    "mxn_pen": 0.18710513,
    "mxn_usd": 0.053327305,
    "pen_clp": 276.69105535,
    "pen_cop": 1148.92865195,
    "pen_crc": 143.91338024,
    "pen_gtq": 2.18678147,
    "pen_mxn": 5.34458903,
    "pen_pen": 1,
    "pen_usd": 0.28501253,
    "timestamp": "2025-08-22 06:40:23",
    "usd_clp": 970.80313249,
    "usd_cop": 4031.15139702,
    "usd_crc": 504.93703228,
    "usd_gtq": 7.67258015,
    "usd_mxn": 18.75211963,
    "usd_pen": 3.50861769,
    "usd_usd": 1
}