{
    "clp_clp": 1,
    "clp_cop": 4.14499666,
    "clp_crc": 0.52870775,
    "clp_gtq": 0.008276621,
    "clp_mxn": 0.01963471,
    "clp_pen": 0.0036323234,
    "clp_usd": 0.0010806663,
    "cop_clp": 0.24125472,
    "cop_cop": 1,
    "cop_crc": 0.12755324,
    "cop_gtq": 0.0019967739,
    "cop_mxn": 0.0047369664,
    "cop_pen": 0.00087631517,
    "cop_usd": 0.00026071584,
    "crc_clp": 1.8914041,
    "crc_cop": 7.83986369,
    "crc_crc": 1,
    "crc_gtq": 0.015654435,
    "crc_mxn": 0.037137171,
    "crc_pen": 0.0068701914,
    "crc_usd": 0.0020439767,
    "gtq_clp": 120.82225412,
    "gtq_cop": 500.8078403,
    "gtq_crc": 63.87966173,
    "gtq_gtq": 1,
    "gtq_mxn": 2.3723099,
    "gtq_pen": 0.43886551,
    "gtq_usd": 0.13056854,
    "mxn_clp": 50.93021531,
    "mxn_cop": 211.1055726,
    "mxn_crc": 26.92719938,
    "mxn_gtq": 0.42153009,
    "mxn_mxn": 1,
    "mxn_pen": 0.18499501,
    "mxn_usd": 0.055038567,
    "pen_clp": 275.30587988,
    "pen_cop": 1141.14195381,
    "pen_crc": 145.55635142,
    "pen_gtq": 2.27860241,
    "pen_mxn": 5.40555107,
    "pen_pen": 1,
    "pen_usd": 0.29751378,
    "timestamp": "2025-12-08 19:45:42",
    "usd_clp": 925.35503847,
    "usd_cop": 3835.59354787,
    "usd_crc": 489.24237733,
    "usd_gtq": 7.6588129,
    "usd_mxn": 18.16907768,
    "usd_pen": 3.36118879,
    "usd_usd": 1
}