{
    "clp_clp": 1,
    "clp_cop": 3.98578863,
    "clp_crc": 0.50878925,
    "clp_gtq": 0.0085429166,
    "clp_mxn": 0.019495855,
    "clp_pen": 0.0038727237,
    "clp_usd": 0.0011173566,
    "cop_clp": 0.25089138,
    "cop_cop": 1,
    "cop_crc": 0.12765083,
    "cop_gtq": 0.0021433441,
    "cop_mxn": 0.0048913419,
    "cop_pen": 0.00097163299,
    "cop_usd": 0.00028033513,
    "crc_clp": 1.96545035,
    "crc_cop": 7.83386966,
    "crc_crc": 1,
    "crc_gtq": 0.016790678,
    "crc_mxn": 0.038318135,
    "crc_pen": 0.0076116462,
    "crc_usd": 0.0021961088,
    "gtq_clp": 117.0560415,
    "gtq_cop": 466.56063972,
    "gtq_crc": 59.55685506,
    "gtq_gtq": 1,
    "gtq_mxn": 2.28210761,
    "gtq_pen": 0.45332571,
    "gtq_usd": 0.13079334,
    "mxn_clp": 51.29295426,
    "mxn_cop": 204.44287409,
    "mxn_crc": 26.09730351,
    "mxn_gtq": 0.43819143,
    "mxn_mxn": 1,
    "mxn_pen": 0.19864344,
    "mxn_usd": 0.057312519,
    "pen_clp": 258.21619853,
    "pen_cop": 1029.19518914,
    "pen_crc": 131.37762488,
    "pen_gtq": 2.20591945,
    "pen_mxn": 5.03414557,
    "pen_pen": 1,
    "pen_usd": 0.28851956,
    "timestamp": "2026-04-24 07:26:56",
    "usd_clp": 894.9694665,
    "usd_cop": 3567.15912708,
    "usd_crc": 455.35083978,
    "usd_gtq": 7.64564951,
    "usd_mxn": 17.44819497,
    "usd_pen": 3.46596949,
    "usd_usd": 1
}