{
    "clp_clp": 1,
    "clp_cop": 4.42147293,
    "clp_crc": 0.54338451,
    "clp_gtq": 0.0082076243,
    "clp_mxn": 0.020359748,
    "clp_pen": 0.0038804164,
    "clp_usd": 0.0010679131,
    "cop_clp": 0.22616897,
    "cop_cop": 1,
    "cop_crc": 0.12289672,
    "cop_gtq": 0.00185631,
    "cop_mxn": 0.0046047434,
    "cop_pen": 0.00087762981,
    "cop_usd": 0.00024152881,
    "crc_clp": 1.84031746,
    "crc_cop": 8.13691385,
    "crc_crc": 1,
    "crc_gtq": 0.015104634,
    "crc_mxn": 0.0374684,
    "crc_pen": 0.0071411981,
    "crc_usd": 0.0019652991,
    "gtq_clp": 121.8379351,
    "gtq_cop": 538.70313178,
    "gtq_crc": 66.20484643,
    "gtq_gtq": 1,
    "gtq_mxn": 2.48058966,
    "gtq_pen": 0.47278193,
    "gtq_usd": 0.13011232,
    "mxn_clp": 49.11652131,
    "mxn_cop": 217.16736933,
    "mxn_crc": 26.68915677,
    "mxn_gtq": 0.40312996,
    "mxn_mxn": 1,
    "mxn_pen": 0.19059256,
    "mxn_usd": 0.052452176,
    "pen_clp": 257.70430002,
    "pen_cop": 1139.4325862,
    "pen_crc": 140.03252429,
    "pen_gtq": 2.11514008,
    "pen_mxn": 5.24679463,
    "pen_pen": 1,
    "pen_usd": 0.27520579,
    "timestamp": "2025-06-10 19:45:51",
    "usd_clp": 936.4057953,
    "usd_cop": 4140.29287444,
    "usd_crc": 508.82840242,
    "usd_gtq": 7.68566698,
    "usd_mxn": 19.06498609,
    "usd_pen": 3.63364443,
    "usd_usd": 1
}