{
    "clp_clp": 1,
    "clp_cop": 4.56798194,
    "clp_crc": 0.53431202,
    "clp_gtq": 0.0081735597,
    "clp_mxn": 0.020828647,
    "clp_pen": 0.0039303109,
    "clp_usd": 0.0010615146,
    "cop_clp": 0.22136671,
    "cop_cop": 1,
    "cop_crc": 0.11728553,
    "cop_gtq": 0.0017928336,
    "cop_mxn": 0.0045721377,
    "cop_pen": 0.0008653432,
    "cop_usd": 0.00023281624,
    "crc_clp": 1.87156561,
    "crc_cop": 8.54927791,
    "crc_crc": 1,
    "crc_gtq": 0.015297353,
    "crc_mxn": 0.03898218,
    "crc_pen": 0.0073558347,
    "crc_usd": 0.0019866942,
    "gtq_clp": 122.34571374,
    "gtq_cop": 558.873011,
    "gtq_crc": 65.37078536,
    "gtq_gtq": 1,
    "gtq_mxn": 2.54829571,
    "gtq_pen": 0.48085669,
    "gtq_usd": 0.12987176,
    "mxn_clp": 48.01079918,
    "mxn_cop": 219.31246367,
    "mxn_crc": 25.65274706,
    "mxn_gtq": 0.39241914,
    "mxn_mxn": 1,
    "mxn_pen": 0.18869737,
    "mxn_usd": 0.050964163,
    "pen_clp": 254.43279872,
    "pen_cop": 1162.24442994,
    "pen_crc": 135.94650246,
    "pen_gtq": 2.07962168,
    "pen_mxn": 5.29949101,
    "pen_pen": 1,
    "pen_usd": 0.27008413,
    "timestamp": "2025-04-24 06:40:47",
    "usd_clp": 942.05017835,
    "usd_cop": 4303.26820285,
    "usd_crc": 503.34873308,
    "usd_gtq": 7.69990341,
    "usd_mxn": 19.62163085,
    "usd_pen": 3.70255008,
    "usd_usd": 1
}