{
    "clp_clp": 1,
    "clp_cop": 4.32606995,
    "clp_crc": 0.55169797,
    "clp_gtq": 0.0081510114,
    "clp_mxn": 0.020173642,
    "clp_pen": 0.0039407773,
    "clp_usd": 0.0010519117,
    "cop_clp": 0.23115669,
    "cop_cop": 1,
    "cop_crc": 0.12752867,
    "cop_gtq": 0.0018841608,
    "cop_mxn": 0.0046632723,
    "cop_pen": 0.00091093703,
    "cop_usd": 0.00024315642,
    "crc_clp": 1.81258598,
    "crc_cop": 7.84137373,
    "crc_crc": 1,
    "crc_gtq": 0.014774409,
    "crc_mxn": 0.036566461,
    "crc_pen": 0.0071429977,
    "crc_usd": 0.0019066804,
    "gtq_clp": 122.68416112,
    "gtq_cop": 530.74026238,
    "gtq_crc": 67.6846023,
    "gtq_gtq": 1,
    "gtq_mxn": 2.47498638,
    "gtq_pen": 0.48347096,
    "gtq_usd": 0.1290529,
    "mxn_clp": 49.56963075,
    "mxn_cop": 214.44168985,
    "mxn_crc": 27.34746452,
    "mxn_gtq": 0.40404263,
    "mxn_mxn": 1,
    "mxn_pen": 0.19534288,
    "mxn_usd": 0.052142874,
    "pen_clp": 253.75704453,
    "pen_cop": 1097.77072416,
    "pen_crc": 139.99724563,
    "pen_gtq": 2.06837657,
    "pen_mxn": 5.11920385,
    "pen_pen": 1,
    "pen_usd": 0.26693,
    "timestamp": "2024-08-04 19:14:15",
    "usd_clp": 951.53115995,
    "usd_cop": 4134.11847787,
    "usd_crc": 529.45630056,
    "usd_gtq": 7.74953994,
    "usd_mxn": 19.19083999,
    "usd_pen": 3.73756546,
    "usd_usd": 1
}