{
    "clp_clp": 1,
    "clp_cop": 4.281537,
    "clp_crc": 0.55008658,
    "clp_gtq": 0.0088679882,
    "clp_mxn": 0.01986885,
    "clp_pen": 0.0038716789,
    "clp_usd": 0.0011583117,
    "cop_clp": 0.23356099,
    "cop_cop": 1,
    "cop_crc": 0.12847876,
    "cop_gtq": 0.0020712161,
    "cop_mxn": 0.0046405883,
    "cop_pen": 0.00090427314,
    "cop_usd": 0.00027053643,
    "crc_clp": 1.82066715,
    "crc_cop": 7.77593454,
    "crc_crc": 1,
    "crc_gtq": 0.016125061,
    "crc_mxn": 0.036050683,
    "crc_pen": 0.0070692363,
    "crc_usd": 0.0021039626,
    "gtq_clp": 112.90916262,
    "gtq_cop": 482.22667109,
    "gtq_crc": 62.01526882,
    "gtq_gtq": 1,
    "gtq_mxn": 2.23569279,
    "gtq_pen": 0.43840059,
    "gtq_usd": 0.1304778,
    "mxn_clp": 50.33003813,
    "mxn_cop": 215.48992059,
    "mxn_crc": 27.68587845,
    "mxn_gtq": 0.44632618,
    "mxn_mxn": 1,
    "mxn_pen": 0.19486175,
    "mxn_usd": 0.058297874,
    "pen_clp": 258.2858817,
    "pen_cop": 1105.86055961,
    "pen_crc": 142.0795968,
    "pen_gtq": 2.29047615,
    "pen_mxn": 5.13184355,
    "pen_pen": 1,
    "pen_usd": 0.29917557,
    "timestamp": "2026-02-23 07:08:55",
    "usd_clp": 865.35149569,
    "usd_cop": 3695.85214718,
    "usd_crc": 475.29362886,
    "usd_gtq": 7.66413881,
    "usd_mxn": 17.13465986,
    "usd_pen": 3.35996297,
    "usd_usd": 1
}