{
    "clp_clp": 1,
    "clp_cop": 4.03448805,
    "clp_crc": 0.51340426,
    "clp_gtq": 0.0083506885,
    "clp_mxn": 0.019559254,
    "clp_pen": 0.0037636792,
    "clp_usd": 0.0010895033,
    "cop_clp": 0.24786292,
    "cop_cop": 1,
    "cop_crc": 0.12725388,
    "cop_gtq": 0.0020698261,
    "cop_mxn": 0.0048480138,
    "cop_pen": 0.00093287653,
    "cop_usd": 0.00027004748,
    "crc_clp": 1.94778282,
    "crc_cop": 7.85830651,
    "crc_crc": 1,
    "crc_gtq": 0.016265328,
    "crc_mxn": 0.038097178,
    "crc_pen": 0.0073308297,
    "crc_usd": 0.0021221159,
    "gtq_clp": 119.75060461,
    "gtq_cop": 483.13238371,
    "gtq_crc": 61.48047079,
    "gtq_gtq": 1,
    "gtq_mxn": 2.34223246,
    "gtq_pen": 0.45070286,
    "gtq_usd": 0.13046868,
    "mxn_clp": 51.12669498,
    "mxn_cop": 206.27004012,
    "mxn_crc": 26.24866311,
    "mxn_gtq": 0.42694311,
    "mxn_mxn": 1,
    "mxn_pen": 0.19242448,
    "mxn_usd": 0.055702704,
    "pen_clp": 265.47968748,
    "pen_cop": 1074.68986741,
    "pen_crc": 137.23907819,
    "pen_gtq": 2.22875781,
    "pen_mxn": 5.17206671,
    "pen_pen": 1,
    "pen_usd": 0.29042437,
    "timestamp": "2026-03-14 06:55:28",
    "usd_clp": 917.8494195,
    "usd_cop": 3703.05251779,
    "usd_crc": 471.2278039,
    "usd_gtq": 7.66467462,
    "usd_mxn": 17.95244969,
    "usd_pen": 3.45449077,
    "usd_usd": 1
}