{
    "clp_clp": 1,
    "clp_cop": 4.37138699,
    "clp_crc": 0.5408946,
    "clp_gtq": 0.0081676913,
    "clp_mxn": 0.020428882,
    "clp_pen": 0.0038529603,
    "clp_usd": 0.0010630097,
    "cop_clp": 0.22876035,
    "cop_cop": 1,
    "cop_crc": 0.12373523,
    "cop_gtq": 0.0018684439,
    "cop_mxn": 0.0046733182,
    "cop_pen": 0.00088140453,
    "cop_usd": 0.00024317447,
    "crc_clp": 1.84878904,
    "crc_cop": 8.08177236,
    "crc_crc": 1,
    "crc_gtq": 0.015100338,
    "crc_mxn": 0.037768694,
    "crc_pen": 0.0071233108,
    "crc_usd": 0.0019652807,
    "gtq_clp": 122.43361878,
    "gtq_cop": 535.20472884,
    "gtq_crc": 66.22368276,
    "gtq_gtq": 1,
    "gtq_mxn": 2.50118198,
    "gtq_pen": 0.47173187,
    "gtq_usd": 0.13014813,
    "mxn_clp": 48.95030411,
    "mxn_cop": 213.98072277,
    "mxn_crc": 26.47695496,
    "mxn_gtq": 0.39981097,
    "mxn_mxn": 1,
    "mxn_pen": 0.18860358,
    "mxn_usd": 0.052034649,
    "pen_clp": 259.54069561,
    "pen_cop": 1134.55282137,
    "pen_crc": 140.38415969,
    "pen_gtq": 2.11984828,
    "pen_mxn": 5.30212632,
    "pen_pen": 1,
    "pen_usd": 0.27589428,
    "timestamp": "2025-06-04 19:44:02",
    "usd_clp": 940.72516505,
    "usd_cop": 4112.27375199,
    "usd_crc": 508.83315806,
    "usd_gtq": 7.68355272,
    "usd_mxn": 19.21796365,
    "usd_pen": 3.62457673,
    "usd_usd": 1
}