{
    "clp_clp": 1,
    "clp_cop": 4.46813712,
    "clp_crc": 0.55659881,
    "clp_gtq": 0.0083197167,
    "clp_mxn": 0.019684545,
    "clp_pen": 0.0040832381,
    "clp_usd": 0.0010723665,
    "cop_clp": 0.22380692,
    "cop_cop": 1,
    "cop_crc": 0.12457066,
    "cop_gtq": 0.0018620102,
    "cop_mxn": 0.0044055373,
    "cop_pen": 0.00091385693,
    "cop_usd": 0.00024000303,
    "crc_clp": 1.7966262,
    "crc_cop": 8.02757221,
    "crc_crc": 1,
    "crc_gtq": 0.014947421,
    "crc_mxn": 0.035365769,
    "crc_pen": 0.0073360525,
    "crc_usd": 0.0019266417,
    "gtq_clp": 120.19640036,
    "gtq_cop": 537.05399771,
    "gtq_crc": 66.90117306,
    "gtq_gtq": 1,
    "gtq_mxn": 2.36601143,
    "gtq_pen": 0.49079052,
    "gtq_usd": 0.12889459,
    "mxn_clp": 50.8012762,
    "mxn_cop": 226.98706774,
    "mxn_crc": 28.27592973,
    "mxn_gtq": 0.42265223,
    "mxn_mxn": 1,
    "mxn_pen": 0.20743371,
    "mxn_usd": 0.054477585,
    "pen_clp": 244.90367227,
    "pen_cop": 1094.26318805,
    "pen_crc": 136.31309185,
    "pen_gtq": 2.03752917,
    "pen_mxn": 4.82081732,
    "pen_pen": 1,
    "pen_usd": 0.26262649,
    "timestamp": "2024-06-21 06:29:14",
    "usd_clp": 932.51703723,
    "usd_cop": 4166.61398586,
    "usd_crc": 519.03787056,
    "usd_gtq": 7.75827757,
    "usd_mxn": 18.35617345,
    "usd_pen": 3.80768907,
    "usd_usd": 1
}