{
    "clp_clp": 1,
    "clp_cop": 4.58396095,
    "clp_crc": 0.56643921,
    "clp_gtq": 0.0084803595,
    "clp_mxn": 0.021340347,
    "clp_pen": 0.0040846058,
    "clp_usd": 0.0010967559,
    "cop_clp": 0.21815195,
    "cop_cop": 1,
    "cop_crc": 0.12356982,
    "cop_gtq": 0.0018500069,
    "cop_mxn": 0.0046554383,
    "cop_pen": 0.00089106471,
    "cop_usd": 0.00023925943,
    "crc_clp": 1.76541451,
    "crc_cop": 8.09259116,
    "crc_crc": 1,
    "crc_gtq": 0.01497135,
    "crc_mxn": 0.037674559,
    "crc_pen": 0.0072110224,
    "crc_usd": 0.0019362287,
    "gtq_clp": 117.91952855,
    "gtq_cop": 540.53851452,
    "gtq_crc": 66.79424473,
    "gtq_gtq": 1,
    "gtq_mxn": 2.51644371,
    "gtq_pen": 0.4816548,
    "gtq_usd": 0.12932893,
    "mxn_clp": 46.85959317,
    "mxn_cop": 214.80254539,
    "mxn_crc": 26.54311099,
    "mxn_gtq": 0.3973862,
    "mxn_mxn": 1,
    "mxn_pen": 0.19140297,
    "mxn_usd": 0.051393534,
    "pen_clp": 244.82166395,
    "pen_cop": 1122.25294808,
    "pen_crc": 138.67659019,
    "pen_gtq": 2.07617574,
    "pen_mxn": 5.22457937,
    "pen_pen": 1,
    "pen_usd": 0.2685096,
    "timestamp": "2024-10-03 19:21:07",
    "usd_clp": 911.77994318,
    "usd_cop": 4179.56365756,
    "usd_crc": 516.4679117,
    "usd_gtq": 7.73222175,
    "usd_mxn": 19.45770079,
    "usd_pen": 3.72426169,
    "usd_usd": 1
}