{
    "clp_clp": 1,
    "clp_cop": 4.24904907,
    "clp_crc": 0.56090658,
    "clp_gtq": 0.0088964959,
    "clp_mxn": 0.019927108,
    "clp_pen": 0.0038930762,
    "clp_usd": 0.0011609044,
    "cop_clp": 0.23534678,
    "cop_cop": 1,
    "cop_crc": 0.13200756,
    "cop_gtq": 0.0020937616,
    "cop_mxn": 0.0046897807,
    "cop_pen": 0.00091622294,
    "cop_usd": 0.00027321512,
    "crc_clp": 1.78282808,
    "crc_cop": 7.57532398,
    "crc_crc": 1,
    "crc_gtq": 0.015860923,
    "crc_mxn": 0.035526608,
    "crc_pen": 0.0069406856,
    "crc_usd": 0.002069693,
    "gtq_clp": 112.40380602,
    "gtq_cop": 477.60928735,
    "gtq_crc": 63.04803446,
    "gtq_gtq": 1,
    "gtq_mxn": 2.23988283,
    "gtq_pen": 0.43759659,
    "gtq_usd": 0.13049008,
    "mxn_clp": 50.18289547,
    "mxn_cop": 213.22958526,
    "mxn_crc": 28.14791629,
    "mxn_gtq": 0.44645192,
    "mxn_mxn": 1,
    "mxn_pen": 0.19536584,
    "mxn_usd": 0.058257547,
    "pen_clp": 256.86627677,
    "pen_cop": 1091.43741419,
    "pen_crc": 144.07798493,
    "pen_gtq": 2.28520978,
    "pen_mxn": 5.11860215,
    "pen_pen": 1,
    "pen_usd": 0.2981972,
    "timestamp": "2026-02-15 06:55:00",
    "usd_clp": 861.39733648,
    "usd_cop": 3660.11955072,
    "usd_crc": 483.16343441,
    "usd_gtq": 7.66341788,
    "usd_mxn": 17.16515814,
    "usd_pen": 3.35348551,
    "usd_usd": 1
}