{
    "clp_clp": 1,
    "clp_cop": 3.98255564,
    "clp_crc": 0.53635854,
    "clp_gtq": 0.0082142052,
    "clp_mxn": 0.019673126,
    "clp_pen": 0.0036250182,
    "clp_usd": 0.0010723411,
    "cop_clp": 0.25109505,
    "cop_cop": 1,
    "cop_crc": 0.13467697,
    "cop_gtq": 0.0020625463,
    "cop_mxn": 0.0049398246,
    "cop_pen": 0.00091022413,
    "cop_usd": 0.00026925954,
    "crc_clp": 1.8644245,
    "crc_cop": 7.42517431,
    "crc_crc": 1,
    "crc_gtq": 0.015314766,
    "crc_mxn": 0.036679058,
    "crc_pen": 0.0067585728,
    "crc_usd": 0.001999299,
    "gtq_clp": 121.76076437,
    "gtq_cop": 485.80480369,
    "gtq_crc": 65.3151032,
    "gtq_gtq": 1,
    "gtq_mxn": 2.39610083,
    "gtq_pen": 0.44021178,
    "gtq_usd": 0.13057818,
    "mxn_clp": 50.83076242,
    "mxn_cop": 202.43633942,
    "mxn_crc": 27.26351343,
    "mxn_gtq": 0.41753431,
    "mxn_mxn": 1,
    "mxn_pen": 0.18426244,
    "mxn_usd": 0.054507916,
    "pen_clp": 276.59587928,
    "pen_cop": 1103.57065788,
    "pen_crc": 148.37200221,
    "pen_gtq": 2.27163389,
    "pen_mxn": 5.44306385,
    "pen_pen": 1,
    "pen_usd": 0.29662582,
    "timestamp": "2025-11-20 19:41:30",
    "usd_clp": 932.47405037,
    "usd_cop": 3720.41334779,
    "usd_crc": 500.19921562,
    "usd_gtq": 7.65824734,
    "usd_mxn": 18.3499328,
    "usd_pen": 3.3712507,
    "usd_usd": 1
}