{
    "clp_clp": 1,
    "clp_cop": 3.97513259,
    "clp_crc": 0.50673136,
    "clp_gtq": 0.0085245113,
    "clp_mxn": 0.019383702,
    "clp_pen": 0.00388914,
    "clp_usd": 0.0011153136,
    "cop_clp": 0.25089138,
    "cop_cop": 1,
    "cop_crc": 0.12765083,
    "cop_gtq": 0.0021433441,
    "cop_mxn": 0.0048913419,
    "cop_pen": 0.00097163299,
    "cop_usd": 0.00028033513,
    "crc_clp": 1.96545035,
    "crc_cop": 7.83386966,
    "crc_crc": 1,
    "crc_gtq": 0.016790678,
    "crc_mxn": 0.038318135,
    "crc_pen": 0.0076116462,
    "crc_usd": 0.0021961088,
    "gtq_clp": 117.30877781,
    "gtq_cop": 466.31794622,
    "gtq_crc": 59.44403692,
    "gtq_gtq": 1,
    "gtq_mxn": 2.27387842,
    "gtq_pen": 0.45623025,
    "gtq_usd": 0.13083607,
    "mxn_clp": 51.29295426,
    "mxn_cop": 204.44287409,
    "mxn_crc": 26.09730351,
    "mxn_gtq": 0.43819143,
    "mxn_mxn": 1,
    "mxn_pen": 0.19864344,
    "mxn_usd": 0.057312519,
    "pen_clp": 258.21619853,
    "pen_cop": 1029.19518914,
    "pen_crc": 131.37762488,
    "pen_gtq": 2.20591945,
    "pen_mxn": 5.03414557,
    "pen_pen": 1,
    "pen_usd": 0.28851956,
    "timestamp": "2026-04-25 07:08:24",
    "usd_clp": 896.60882572,
    "usd_cop": 3564.13896704,
    "usd_crc": 454.33981274,
    "usd_gtq": 7.64315205,
    "usd_mxn": 17.37959853,
    "usd_pen": 3.4870372,
    "usd_usd": 1
}