{
    "clp_clp": 1,
    "clp_cop": 3.96954922,
    "clp_crc": 0.50232426,
    "clp_gtq": 0.008272394,
    "clp_mxn": 0.019603312,
    "clp_pen": 0.0037641513,
    "clp_usd": 0.0010811752,
    "cop_clp": 0.25191777,
    "cop_cop": 1,
    "cop_crc": 0.12654441,
    "cop_gtq": 0.0020839631,
    "cop_mxn": 0.0049384228,
    "cop_pen": 0.00094825662,
    "cop_usd": 0.00027236725,
    "crc_clp": 1.99074599,
    "crc_cop": 7.9023642,
    "crc_crc": 1,
    "crc_gtq": 0.016468235,
    "crc_mxn": 0.039025215,
    "crc_pen": 0.0074934692,
    "crc_usd": 0.0021523452,
    "gtq_clp": 120.88399044,
    "gtq_cop": 479.85494966,
    "gtq_crc": 60.72296059,
    "gtq_gtq": 1,
    "gtq_mxn": 2.36972661,
    "gtq_pen": 0.45502563,
    "gtq_usd": 0.13069677,
    "mxn_clp": 51.05982541,
    "mxn_cop": 203.0941405,
    "mxn_crc": 25.62907303,
    "mxn_gtq": 0.42237501,
    "mxn_mxn": 1,
    "mxn_pen": 0.19091022,
    "mxn_usd": 0.055184295,
    "pen_clp": 265.66413355,
    "pen_cop": 1054.56685347,
    "pen_crc": 133.44953829,
    "pen_gtq": 2.19767839,
    "pen_mxn": 5.20789695,
    "pen_pen": 1,
    "pen_usd": 0.28722947,
    "timestamp": "2026-03-29 06:59:44",
    "usd_clp": 924.91948887,
    "usd_cop": 3671.51343339,
    "usd_crc": 464.60949431,
    "usd_gtq": 7.65129845,
    "usd_mxn": 18.1314855,
    "usd_pen": 3.48153692,
    "usd_usd": 1
}