{
    "clp_clp": 1,
    "clp_cop": 4.43795971,
    "clp_crc": 0.5080628,
    "clp_gtq": 0.0077410223,
    "clp_mxn": 0.020485701,
    "clp_pen": 0.0037603988,
    "clp_usd": 0.0010056211,
    "cop_clp": 0.22532877,
    "cop_cop": 1,
    "cop_crc": 0.11448117,
    "cop_gtq": 0.001744275,
    "cop_mxn": 0.0046160179,
    "cop_pen": 0.00084732603,
    "cop_usd": 0.00022659536,
    "crc_clp": 1.9682606,
    "crc_cop": 8.73506125,
    "crc_crc": 1,
    "crc_gtq": 0.015236349,
    "crc_mxn": 0.040321199,
    "crc_pen": 0.0074014448,
    "crc_usd": 0.0019793243,
    "gtq_clp": 129.18190415,
    "gtq_cop": 573.30408568,
    "gtq_crc": 65.63252042,
    "gtq_gtq": 1,
    "gtq_mxn": 2.64638192,
    "gtq_pen": 0.48577548,
    "gtq_usd": 0.12990804,
    "mxn_clp": 48.8145355,
    "mxn_cop": 216.63694177,
    "mxn_crc": 24.80084977,
    "mxn_gtq": 0.37787441,
    "mxn_mxn": 1,
    "mxn_pen": 0.18356212,
    "mxn_usd": 0.049088925,
    "pen_clp": 265.92924219,
    "pen_cop": 1180.18326218,
    "pen_crc": 135.1087564,
    "pen_gtq": 2.05856419,
    "pen_mxn": 5.44774706,
    "pen_pen": 1,
    "pen_usd": 0.26742405,
    "timestamp": "2024-12-19 19:22:10",
    "usd_clp": 994.41035527,
    "usd_cop": 4413.15309057,
    "usd_crc": 505.22291323,
    "usd_gtq": 7.69775273,
    "usd_mxn": 20.37119364,
    "usd_pen": 3.73937949,
    "usd_usd": 1
}