{
    "clp_clp": 1,
    "clp_cop": 4.00109798,
    "clp_crc": 0.51143379,
    "clp_gtq": 0.0079387768,
    "clp_mxn": 0.017385276,
    "clp_pen": 0.0038375506,
    "clp_usd": 0.0010199559,
    "cop_clp": 0.25012051,
    "cop_cop": 1,
    "cop_crc": 0.12811645,
    "cop_gtq": 0.0019882659,
    "cop_mxn": 0.0042767962,
    "cop_pen": 0.00095522211,
    "cop_usd": 0.00025552571,
    "crc_clp": 1.95528731,
    "crc_cop": 7.82329611,
    "crc_crc": 1,
    "crc_gtq": 0.015522589,
    "crc_mxn": 0.03399321,
    "crc_pen": 0.0075035139,
    "crc_usd": 0.0019943069,
    "gtq_clp": 125.79831977,
    "gtq_cop": 502.95083284,
    "gtq_crc": 64.43627351,
    "gtq_gtq": 1,
    "gtq_mxn": 2.15101821,
    "gtq_pen": 0.48042976,
    "gtq_usd": 0.12851687,
    "mxn_clp": 58.48314964,
    "mxn_cop": 233.81988624,
    "mxn_crc": 29.95617297,
    "mxn_gtq": 0.46489611,
    "mxn_mxn": 1,
    "mxn_pen": 0.22334993,
    "mxn_usd": 0.059746994,
    "pen_clp": 261.84539614,
    "pen_cop": 1046.87694003,
    "pen_crc": 134.12215357,
    "pen_gtq": 2.08146974,
    "pen_mxn": 4.47727931,
    "pen_pen": 1,
    "pen_usd": 0.26750398,
    "timestamp": "2024-04-17 06:26:58",
    "usd_clp": 980.43451729,
    "usd_cop": 3922.81456354,
    "usd_crc": 501.42734087,
    "usd_gtq": 7.78345076,
    "usd_mxn": 17.04512501,
    "usd_pen": 3.76246704,
    "usd_usd": 1
}