{
    "clp_clp": 1,
    "clp_cop": 4.36622021,
    "clp_crc": 0.57538606,
    "clp_gtq": 0.0085168064,
    "clp_mxn": 0.019403444,
    "clp_pen": 0.004084412,
    "clp_usd": 0.0010984337,
    "cop_clp": 0.22903105,
    "cop_cop": 1,
    "cop_crc": 0.13178127,
    "cop_gtq": 0.0019506131,
    "cop_mxn": 0.0044439913,
    "cop_pen": 0.00093545716,
    "cop_usd": 0.00025157543,
    "crc_clp": 1.73796355,
    "crc_cop": 7.58833159,
    "crc_crc": 1,
    "crc_gtq": 0.014801899,
    "crc_mxn": 0.033722479,
    "crc_pen": 0.0070985591,
    "crc_usd": 0.0019090378,
    "gtq_clp": 117.41490339,
    "gtq_cop": 512.65932427,
    "gtq_crc": 67.55889855,
    "gtq_gtq": 1,
    "gtq_mxn": 2.27825356,
    "gtq_pen": 0.47957083,
    "gtq_usd": 0.12897249,
    "mxn_clp": 51.53724129,
    "mxn_cop": 225.02294456,
    "mxn_crc": 29.65381017,
    "mxn_gtq": 0.43893271,
    "mxn_mxn": 1,
    "mxn_pen": 0.21049932,
    "mxn_usd": 0.056610245,
    "pen_clp": 244.83328614,
    "pen_cop": 1068.99604232,
    "pen_crc": 140.87365967,
    "pen_gtq": 2.0851977,
    "pen_mxn": 4.75060907,
    "pen_pen": 1,
    "pen_usd": 0.26893314,
    "timestamp": "2024-07-17 19:10:44",
    "usd_clp": 910.3871794,
    "usd_cop": 3974.9509027,
    "usd_crc": 523.8240915,
    "usd_gtq": 7.75359135,
    "usd_mxn": 17.66464709,
    "usd_pen": 3.71839628,
    "usd_usd": 1
}