{
    "clp_clp": 1,
    "clp_cop": 4.10378418,
    "clp_crc": 0.52521666,
    "clp_gtq": 0.0079416803,
    "clp_mxn": 0.019413232,
    "clp_pen": 0.0036499503,
    "clp_usd": 0.0010364613,
    "cop_clp": 0.24387909,
    "cop_cop": 1,
    "cop_crc": 0.12785174,
    "cop_gtq": 0.0019368007,
    "cop_mxn": 0.0047261798,
    "cop_pen": 0.0008891999,
    "cop_usd": 0.00025250251,
    "crc_clp": 1.90397615,
    "crc_cop": 7.81350721,
    "crc_crc": 1,
    "crc_gtq": 0.01512077,
    "crc_mxn": 0.036962331,
    "crc_pen": 0.0069494182,
    "crc_usd": 0.0019733976,
    "gtq_clp": 125.91793678,
    "gtq_cop": 516.74003632,
    "gtq_crc": 66.13419841,
    "gtq_gtq": 1,
    "gtq_mxn": 2.44447412,
    "gtq_pen": 0.4595942,
    "gtq_usd": 0.13050907,
    "mxn_clp": 51.5112578,
    "mxn_cop": 211.39108463,
    "mxn_crc": 27.05457087,
    "mxn_gtq": 0.40908594,
    "mxn_mxn": 1,
    "mxn_pen": 0.18801353,
    "mxn_usd": 0.053389425,
    "pen_clp": 273.97633698,
    "pen_cop": 1124.3397561,
    "pen_crc": 143.89693712,
    "pen_gtq": 2.17583248,
    "pen_mxn": 5.3187662,
    "pen_pen": 1,
    "pen_usd": 0.28396587,
    "timestamp": "2025-09-07 06:35:54",
    "usd_clp": 964.8213695,
    "usd_cop": 3959.41866809,
    "usd_crc": 506.74025892,
    "usd_gtq": 7.66230288,
    "usd_mxn": 18.73030112,
    "usd_pen": 3.52155,
    "usd_usd": 1
}