{
    "clp_clp": 1,
    "clp_cop": 4.44719452,
    "clp_crc": 0.54115001,
    "clp_gtq": 0.0082859634,
    "clp_mxn": 0.021785913,
    "clp_pen": 0.0039327957,
    "clp_usd": 0.0010759433,
    "cop_clp": 0.22486086,
    "cop_cop": 1,
    "cop_crc": 0.12168346,
    "cop_gtq": 0.0018631889,
    "cop_mxn": 0.0048987992,
    "cop_pen": 0.00088433184,
    "cop_usd": 0.00024193753,
    "crc_clp": 1.84791645,
    "crc_cop": 8.21804392,
    "crc_crc": 1,
    "crc_gtq": 0.015311768,
    "crc_mxn": 0.040258547,
    "crc_pen": 0.0072674779,
    "crc_usd": 0.0019882533,
    "gtq_clp": 120.68602663,
    "gtq_cop": 536.71423654,
    "gtq_crc": 65.30924415,
    "gtq_gtq": 1,
    "gtq_mxn": 2.62925527,
    "gtq_pen": 0.47463349,
    "gtq_usd": 0.12985132,
    "mxn_clp": 45.90122079,
    "mxn_cop": 204.13165764,
    "mxn_crc": 24.83944595,
    "mxn_gtq": 0.38033584,
    "mxn_mxn": 1,
    "mxn_pen": 0.18052013,
    "mxn_usd": 0.04938711,
    "pen_clp": 254.27204149,
    "pen_cop": 1130.79723007,
    "pen_crc": 137.59931703,
    "pen_gtq": 2.10688883,
    "pen_mxn": 5.53954856,
    "pen_pen": 1,
    "pen_usd": 0.27358229,
    "timestamp": "2025-03-08 19:14:19",
    "usd_clp": 929.41702852,
    "usd_cop": 4133.2983181,
    "usd_crc": 502.95403148,
    "usd_gtq": 7.70111549,
    "usd_mxn": 20.24819847,
    "usd_pen": 3.65520732,
    "usd_usd": 1
}