{
    "clp_clp": 1,
    "clp_cop": 4.4382767,
    "clp_crc": 0.53468359,
    "clp_gtq": 0.0081422095,
    "clp_mxn": 0.020694662,
    "clp_pen": 0.0038777653,
    "clp_usd": 0.0010577683,
    "cop_clp": 0.22531268,
    "cop_cop": 1,
    "cop_crc": 0.12047099,
    "cop_gtq": 0.001834543,
    "cop_mxn": 0.0046627697,
    "cop_pen": 0.00087370968,
    "cop_usd": 0.00023832861,
    "crc_clp": 1.870265,
    "crc_cop": 8.30075355,
    "crc_crc": 1,
    "crc_gtq": 0.015228089,
    "crc_mxn": 0.038704502,
    "crc_pen": 0.0072524487,
    "crc_usd": 0.001978307,
    "gtq_clp": 122.81678638,
    "gtq_cop": 545.09488095,
    "gtq_crc": 65.66812011,
    "gtq_gtq": 1,
    "gtq_mxn": 2.54165192,
    "gtq_pen": 0.47625467,
    "gtq_usd": 0.1299117,
    "mxn_clp": 48.32163897,
    "mxn_cop": 214.46480419,
    "mxn_crc": 25.83678734,
    "mxn_gtq": 0.39344491,
    "mxn_mxn": 1,
    "mxn_pen": 0.18737997,
    "mxn_usd": 0.051113098,
    "pen_clp": 257.88048585,
    "pen_cop": 1144.54495089,
    "pen_crc": 137.88446367,
    "pen_gtq": 2.09971693,
    "pen_mxn": 5.33674957,
    "pen_pen": 1,
    "pen_usd": 0.2727778,
    "timestamp": "2025-04-30 19:48:02",
    "usd_clp": 945.38661794,
    "usd_cop": 4195.88739581,
    "usd_crc": 505.48270974,
    "usd_gtq": 7.69753586,
    "usd_mxn": 19.5644568,
    "usd_pen": 3.66598742,
    "usd_usd": 1
}