{
    "clp_clp": 1,
    "clp_cop": 4.26425347,
    "clp_crc": 0.56049144,
    "clp_gtq": 0.0089100046,
    "clp_mxn": 0.019955362,
    "clp_pen": 0.0038897176,
    "clp_usd": 0.0011599354,
    "cop_clp": 0.23450764,
    "cop_cop": 1,
    "cop_crc": 0.13143952,
    "cop_gtq": 0.0020894641,
    "cop_mxn": 0.0046796847,
    "cop_pen": 0.00091216848,
    "cop_usd": 0.0002720137,
    "crc_clp": 1.80604071,
    "crc_cop": 7.61488067,
    "crc_crc": 1,
    "crc_gtq": 0.015976872,
    "crc_mxn": 0.035745658,
    "crc_pen": 0.0069714687,
    "crc_usd": 0.002084467,
    "gtq_clp": 113.04094232,
    "gtq_cop": 476.61898349,
    "gtq_crc": 62.59047304,
    "gtq_gtq": 1,
    "gtq_mxn": 2.23733765,
    "gtq_pen": 0.43634752,
    "gtq_usd": 0.13046778,
    "mxn_clp": 50.11184543,
    "mxn_cop": 213.68961073,
    "mxn_crc": 28.08726028,
    "mxn_gtq": 0.44649677,
    "mxn_mxn": 1,
    "mxn_pen": 0.19492093,
    "mxn_usd": 0.058126502,
    "pen_clp": 257.08807302,
    "pen_cop": 1096.28870717,
    "pen_crc": 144.09566359,
    "pen_gtq": 2.29065591,
    "pen_mxn": 5.13028548,
    "pen_pen": 1,
    "pen_usd": 0.29820555,
    "timestamp": "2026-02-19 07:09:41",
    "usd_clp": 866.42805381,
    "usd_cop": 3653.15477548,
    "usd_crc": 479.73893912,
    "usd_gtq": 7.66472781,
    "usd_mxn": 17.14858409,
    "usd_pen": 3.34448499,
    "usd_usd": 1
}