{
    "clp_clp": 1,
    "clp_cop": 4.26764448,
    "clp_crc": 0.54925229,
    "clp_gtq": 0.0081091464,
    "clp_mxn": 0.01966525,
    "clp_pen": 0.0039019881,
    "clp_usd": 0.0010458044,
    "cop_clp": 0.2343213,
    "cop_cop": 1,
    "cop_crc": 0.12870151,
    "cop_gtq": 0.0019001457,
    "cop_mxn": 0.0046079869,
    "cop_pen": 0.00091431893,
    "cop_usd": 0.00024505425,
    "crc_clp": 1.82065695,
    "crc_cop": 7.76991659,
    "crc_crc": 1,
    "crc_gtq": 0.014763974,
    "crc_mxn": 0.035803674,
    "crc_pen": 0.0071041818,
    "crc_usd": 0.0019040511,
    "gtq_clp": 123.31754254,
    "gtq_cop": 526.27543028,
    "gtq_crc": 67.73244274,
    "gtq_gtq": 1,
    "gtq_mxn": 2.42507029,
    "gtq_pen": 0.48118359,
    "gtq_usd": 0.12896603,
    "mxn_clp": 50.85112093,
    "mxn_cop": 217.01450578,
    "mxn_crc": 27.93009466,
    "mxn_gtq": 0.41235918,
    "mxn_mxn": 1,
    "mxn_pen": 0.19842047,
    "mxn_usd": 0.053180327,
    "pen_clp": 255.33454531,
    "pen_cop": 1084.74744424,
    "pen_crc": 140.71649051,
    "pen_gtq": 2.06873245,
    "pen_mxn": 4.9807089,
    "pen_pen": 1,
    "pen_usd": 0.26689032,
    "timestamp": "2024-07-31 06:32:04",
    "usd_clp": 956.70215479,
    "usd_cop": 4064.39409142,
    "usd_crc": 527.24463711,
    "usd_gtq": 7.75124569,
    "usd_mxn": 18.66200649,
    "usd_pen": 3.74685749,
    "usd_usd": 1
}