{
    "clp_clp": 1,
    "clp_cop": 4.33646334,
    "clp_crc": 0.58470169,
    "clp_gtq": 0.0085684732,
    "clp_mxn": 0.019609393,
    "clp_pen": 0.004120618,
    "clp_usd": 0.0011035473,
    "cop_clp": 0.23060266,
    "cop_cop": 1,
    "cop_crc": 0.13483377,
    "cop_gtq": 0.0019759127,
    "cop_mxn": 0.0045219782,
    "cop_pen": 0.00095022548,
    "cop_usd": 0.00025448095,
    "crc_clp": 1.71027384,
    "crc_cop": 7.41653981,
    "crc_crc": 1,
    "crc_gtq": 0.014654436,
    "crc_mxn": 0.033537431,
    "crc_pen": 0.0070473851,
    "crc_usd": 0.0018873681,
    "gtq_clp": 116.7069067,
    "gtq_cop": 506.095223,
    "gtq_crc": 68.23872534,
    "gtq_gtq": 1,
    "gtq_mxn": 2.28855155,
    "gtq_pen": 0.48090458,
    "gtq_usd": 0.12879159,
    "mxn_clp": 50.99597028,
    "mxn_cop": 221.14215584,
    "mxn_crc": 29.8174299,
    "mxn_gtq": 0.4369576,
    "mxn_mxn": 1,
    "mxn_pen": 0.21013491,
    "mxn_usd": 0.056276466,
    "pen_clp": 242.68204704,
    "pen_cop": 1052.38180147,
    "pen_crc": 141.89660253,
    "pen_gtq": 2.07941461,
    "pen_mxn": 4.75884753,
    "pen_pen": 1,
    "pen_usd": 0.26781112,
    "timestamp": "2024-06-05 06:29:42",
    "usd_clp": 906.16866648,
    "usd_cop": 3929.56720653,
    "usd_crc": 529.83834884,
    "usd_gtq": 7.76448192,
    "usd_mxn": 17.7694171,
    "usd_pen": 3.73397488,
    "usd_usd": 1
}