{
    "clp_clp": 1,
    "clp_cop": 4.38133146,
    "clp_crc": 0.52564785,
    "clp_gtq": 0.0081207081,
    "clp_mxn": 0.021491938,
    "clp_pen": 0.0038817017,
    "clp_usd": 0.0010562762,
    "cop_clp": 0.23014485,
    "cop_cop": 1,
    "cop_crc": 0.12033821,
    "cop_gtq": 0.0018553084,
    "cop_mxn": 0.0048671998,
    "cop_pen": 0.0008813779,
    "cop_usd": 0.00024097679,
    "crc_clp": 1.91248354,
    "crc_cop": 8.30991238,
    "crc_crc": 1,
    "crc_gtq": 0.01541745,
    "crc_mxn": 0.040446003,
    "crc_pen": 0.0073241732,
    "crc_usd": 0.002002496,
    "gtq_clp": 124.04668115,
    "gtq_cop": 538.99394659,
    "gtq_crc": 64.86156794,
    "gtq_gtq": 1,
    "gtq_mxn": 2.6233912,
    "gtq_pen": 0.47505735,
    "gtq_usd": 0.12988503,
    "mxn_clp": 47.28485825,
    "mxn_cop": 205.45694674,
    "mxn_crc": 24.72432166,
    "mxn_gtq": 0.381186,
    "mxn_mxn": 1,
    "mxn_pen": 0.18108521,
    "mxn_usd": 0.049510355,
    "pen_clp": 261.1193783,
    "pen_cop": 1134.58710006,
    "pen_crc": 136.53418324,
    "pen_gtq": 2.10500898,
    "pen_mxn": 5.52226205,
    "pen_pen": 1,
    "pen_usd": 0.27340915,
    "timestamp": "2025-04-03 19:27:36",
    "usd_clp": 955.04987629,
    "usd_cop": 4149.77730344,
    "usd_crc": 499.37678186,
    "usd_gtq": 7.69911671,
    "usd_mxn": 20.19779506,
    "usd_pen": 3.65752202,
    "usd_usd": 1
}