{
    "clp_clp": 1,
    "clp_cop": 3.88149949,
    "clp_crc": 0.50565441,
    "clp_gtq": 0.0084744557,
    "clp_mxn": 0.019152804,
    "clp_pen": 0.0037812915,
    "clp_usd": 0.0011118792,
    "cop_clp": 0.25803489,
    "cop_cop": 1,
    "cop_crc": 0.13070095,
    "cop_gtq": 0.0021850608,
    "cop_mxn": 0.0049420229,
    "cop_pen": 0.00097574832,
    "cop_usd": 0.00028691796,
    "crc_clp": 1.97763527,
    "crc_cop": 7.67619032,
    "crc_crc": 1,
    "crc_gtq": 0.016759382,
    "crc_mxn": 0.037877261,
    "crc_pen": 0.0074780155,
    "crc_usd": 0.0021988914,
    "gtq_clp": 118.00167944,
    "gtq_cop": 458.02345895,
    "gtq_crc": 59.66806972,
    "gtq_gtq": 1,
    "gtq_mxn": 2.26006304,
    "gtq_pen": 0.44619875,
    "gtq_usd": 0.13120361,
    "mxn_clp": 52.21167605,
    "mxn_cop": 202.65959412,
    "mxn_crc": 26.4010643,
    "mxn_gtq": 0.44246553,
    "mxn_mxn": 1,
    "mxn_pen": 0.19742757,
    "mxn_usd": 0.058053074,
    "pen_clp": 264.44820879,
    "pen_cop": 1024.85444637,
    "pen_crc": 133.94945317,
    "pen_gtq": 2.23936924,
    "pen_mxn": 5.06485418,
    "pen_pen": 1,
    "pen_usd": 0.29404915,
    "timestamp": "2026-06-14 08:05:56",
    "usd_clp": 899.37831193,
    "usd_cop": 3490.936462,
    "usd_crc": 454.77461064,
    "usd_gtq": 7.62174162,
    "usd_mxn": 17.22561657,
    "usd_pen": 3.4008116,
    "usd_usd": 1
}