{
    "clp_clp": 1,
    "clp_cop": 4.20815765,
    "clp_crc": 0.55159258,
    "clp_gtq": 0.0081231521,
    "clp_mxn": 0.019348052,
    "clp_pen": 0.0039430043,
    "clp_usd": 0.0010481244,
    "cop_clp": 0.23673247,
    "cop_cop": 1,
    "cop_crc": 0.13062041,
    "cop_gtq": 0.0019248202,
    "cop_mxn": 0.0045886582,
    "cop_pen": 0.00092876054,
    "cop_usd": 0.00024861603,
    "crc_clp": 1.81236961,
    "crc_cop": 7.6557712,
    "crc_crc": 1,
    "crc_gtq": 0.014735983,
    "crc_mxn": 0.035129717,
    "crc_pen": 0.0071103782,
    "crc_usd": 0.0019033475,
    "gtq_clp": 122.9893928,
    "gtq_cop": 519.52904408,
    "gtq_crc": 67.86109857,
    "gtq_gtq": 1,
    "gtq_mxn": 2.38394122,
    "gtq_pen": 0.48251807,
    "gtq_usd": 0.12916325,
    "mxn_clp": 51.59078243,
    "mxn_cop": 217.92863,
    "mxn_crc": 28.46592777,
    "mxn_gtq": 0.41947343,
    "mxn_mxn": 1,
    "mxn_pen": 0.20240351,
    "mxn_usd": 0.054180552,
    "pen_clp": 254.890748,
    "pen_cop": 1076.70380055,
    "pen_crc": 140.63949565,
    "pen_gtq": 2.07246123,
    "pen_mxn": 4.94062575,
    "pen_pen": 1,
    "pen_usd": 0.26768583,
    "timestamp": "2024-07-29 19:12:13",
    "usd_clp": 952.20112474,
    "usd_cop": 4022.26670818,
    "usd_crc": 525.39014065,
    "usd_gtq": 7.74214022,
    "usd_mxn": 18.4568072,
    "usd_pen": 3.73572259,
    "usd_usd": 1
}