{
    "clp_clp": 1,
    "clp_cop": 4.47616546,
    "clp_crc": 0.54055391,
    "clp_gtq": 0.0081169692,
    "clp_mxn": 0.020851375,
    "clp_pen": 0.0039482037,
    "clp_usd": 0.0010488462,
    "cop_clp": 0.2234055,
    "cop_cop": 1,
    "cop_crc": 0.12076272,
    "cop_gtq": 0.0018133756,
    "cop_mxn": 0.0046583119,
    "cop_pen": 0.00088205043,
    "cop_usd": 0.00023431801,
    "crc_clp": 1.84995423,
    "crc_cop": 8.28070124,
    "crc_crc": 1,
    "crc_gtq": 0.015016021,
    "crc_mxn": 0.038574089,
    "crc_pen": 0.0073039961,
    "crc_usd": 0.0019403174,
    "gtq_clp": 123.19869412,
    "gtq_cop": 551.45773937,
    "gtq_crc": 66.59553625,
    "gtq_gtq": 1,
    "gtq_mxn": 2.56886217,
    "gtq_pen": 0.48641354,
    "gtq_usd": 0.12921648,
    "mxn_clp": 47.95846792,
    "mxn_cop": 214.67003764,
    "mxn_crc": 25.92413752,
    "mxn_gtq": 0.3892774,
    "mxn_mxn": 1,
    "mxn_pen": 0.1893498,
    "mxn_usd": 0.050301056,
    "pen_clp": 251.240518,
    "pen_cop": 1128.5769786,
    "pen_crc": 136.47908743,
    "pen_gtq": 2.05334095,
    "pen_mxn": 5.26064968,
    "pen_pen": 1,
    "pen_usd": 0.26542485,
    "timestamp": "2024-10-19 06:33:08",
    "usd_clp": 953.42865392,
    "usd_cop": 4267.70440958,
    "usd_crc": 515.37959015,
    "usd_gtq": 7.73895097,
    "usd_mxn": 19.88029842,
    "usd_pen": 3.76433052,
    "usd_usd": 1
}