{
    "clp_clp": 1,
    "clp_cop": 4.22708194,
    "clp_crc": 0.55996454,
    "clp_gtq": 0.0082186282,
    "clp_mxn": 0.019002921,
    "clp_pen": 0.0039803503,
    "clp_usd": 0.0010593039,
    "cop_clp": 0.23274477,
    "cop_cop": 1,
    "cop_crc": 0.12948929,
    "cop_gtq": 0.0019175117,
    "cop_mxn": 0.0044582509,
    "cop_pen": 0.00092408352,
    "cop_usd": 0.00024700682,
    "crc_clp": 1.78582736,
    "crc_cop": 7.5488386,
    "crc_crc": 1,
    "crc_gtq": 0.014677051,
    "crc_mxn": 0.033935936,
    "crc_pen": 0.0071082186,
    "crc_usd": 0.0018917339,
    "gtq_clp": 121.67480769,
    "gtq_cop": 514.32938224,
    "gtq_crc": 68.13357781,
    "gtq_gtq": 1,
    "gtq_mxn": 2.31217676,
    "gtq_pen": 0.48430836,
    "gtq_usd": 0.1288906,
    "mxn_clp": 52.20539934,
    "mxn_cop": 224.30321253,
    "mxn_crc": 29.04486468,
    "mxn_gtq": 0.43010403,
    "mxn_mxn": 1,
    "mxn_pen": 0.2072749,
    "mxn_usd": 0.055404424,
    "pen_clp": 251.86551297,
    "pen_cop": 1082.15327146,
    "pen_crc": 140.12726336,
    "pen_gtq": 2.07504153,
    "pen_mxn": 4.8245108,
    "pen_pen": 1,
    "pen_usd": 0.26729924,
    "timestamp": "2024-07-23 06:31:15",
    "usd_clp": 944.01616321,
    "usd_cop": 3990.43367523,
    "usd_crc": 528.6155773,
    "usd_gtq": 7.75851782,
    "usd_mxn": 17.93906456,
    "usd_pen": 3.75751506,
    "usd_usd": 1
}