{
    "clp_clp": 1,
    "clp_cop": 4.53780735,
    "clp_crc": 0.54404776,
    "clp_gtq": 0.0081656805,
    "clp_mxn": 0.020935365,
    "clp_pen": 0.0039620728,
    "clp_usd": 0.0010560569,
    "cop_clp": 0.21912361,
    "cop_cop": 1,
    "cop_crc": 0.11926634,
    "cop_gtq": 0.0017878137,
    "cop_mxn": 0.0046178996,
    "cop_pen": 0.00086876942,
    "cop_usd": 0.0002311301,
    "crc_clp": 1.83807393,
    "crc_cop": 8.34082538,
    "crc_crc": 1,
    "crc_gtq": 0.015009124,
    "crc_mxn": 0.038480749,
    "crc_pen": 0.0072825826,
    "crc_usd": 0.0019411106,
    "gtq_clp": 122.56512501,
    "gtq_cop": 559.34238872,
    "gtq_crc": 66.7107217,
    "gtq_gtq": 1,
    "gtq_mxn": 2.58298699,
    "gtq_pen": 0.48593956,
    "gtq_usd": 0.12928086,
    "mxn_clp": 47.76606371,
    "mxn_cop": 216.75319504,
    "mxn_crc": 25.9870199,
    "mxn_gtq": 0.39004242,
    "mxn_mxn": 1,
    "mxn_pen": 0.18925262,
    "mxn_usd": 0.05044368,
    "pen_clp": 252.22298189,
    "pen_cop": 1151.05341073,
    "pen_crc": 137.28193195,
    "pen_gtq": 2.05786909,
    "pen_mxn": 5.31544909,
    "pen_pen": 1,
    "pen_usd": 0.26604309,
    "timestamp": "2024-10-26 06:32:56",
    "usd_clp": 946.91869505,
    "usd_cop": 4296.93461573,
    "usd_crc": 515.16899375,
    "usd_gtq": 7.73223556,
    "usd_mxn": 19.82408894,
    "usd_pen": 3.75176076,
    "usd_usd": 1
}