{
    "clp_clp": 1,
    "clp_cop": 4.596134,
    "clp_crc": 0.52378338,
    "clp_gtq": 0.0079250877,
    "clp_mxn": 0.020998462,
    "clp_pen": 0.0038989919,
    "clp_usd": 0.0010251977,
    "cop_clp": 0.21757416,
    "cop_cop": 1,
    "cop_crc": 0.11396173,
    "cop_gtq": 0.0017242943,
    "cop_mxn": 0.0045687228,
    "cop_pen": 0.00084831989,
    "cop_usd": 0.00022305654,
    "crc_clp": 1.90918619,
    "crc_cop": 8.77487555,
    "crc_crc": 1,
    "crc_gtq": 0.015130468,
    "crc_mxn": 0.040089974,
    "crc_pen": 0.0074439015,
    "crc_usd": 0.0019572934,
    "gtq_clp": 126.18156924,
    "gtq_cop": 579.94740034,
    "gtq_crc": 66.09180913,
    "gtq_gtq": 1,
    "gtq_mxn": 2.64961892,
    "gtq_pen": 0.49198092,
    "gtq_usd": 0.12936106,
    "mxn_clp": 47.62253479,
    "mxn_cop": 218.87955124,
    "mxn_crc": 24.94389235,
    "mxn_gtq": 0.37741276,
    "mxn_mxn": 1,
    "mxn_pen": 0.18567988,
    "mxn_usd": 0.048822515,
    "pen_clp": 256.47655253,
    "pen_cop": 1178.80060284,
    "pen_crc": 134.33815619,
    "pen_gtq": 2.03259917,
    "pen_mxn": 5.38561321,
    "pen_pen": 1,
    "pen_usd": 0.26293918,
    "timestamp": "2024-11-15 19:24:01",
    "usd_clp": 975.42157888,
    "usd_cop": 4483.16828134,
    "usd_crc": 510.90961385,
    "usd_gtq": 7.73030154,
    "usd_mxn": 20.48235322,
    "usd_pen": 3.80316083,
    "usd_usd": 1
}