{
    "clp_clp": 1,
    "clp_cop": 4.32537584,
    "clp_crc": 0.55781471,
    "clp_gtq": 0.0082856303,
    "clp_mxn": 0.01922398,
    "clp_pen": 0.003995874,
    "clp_usd": 0.0010684157,
    "cop_clp": 0.23119378,
    "cop_cop": 1,
    "cop_crc": 0.12896329,
    "cop_gtq": 0.0019155862,
    "cop_mxn": 0.0044444646,
    "cop_pen": 0.00092382122,
    "cop_usd": 0.00024701106,
    "crc_clp": 1.79270998,
    "crc_cop": 7.75414445,
    "crc_crc": 1,
    "crc_gtq": 0.014853732,
    "crc_mxn": 0.03446302,
    "crc_pen": 0.0071634432,
    "crc_usd": 0.0019153594,
    "gtq_clp": 120.69087795,
    "gtq_cop": 522.0334076,
    "gtq_crc": 67.32314713,
    "gtq_gtq": 1,
    "gtq_mxn": 2.32015899,
    "gtq_pen": 0.48226554,
    "gtq_usd": 0.12894803,
    "mxn_clp": 52.01836529,
    "mxn_cop": 224.99898046,
    "mxn_crc": 29.01660937,
    "mxn_gtq": 0.43100495,
    "mxn_mxn": 1,
    "mxn_pen": 0.20785883,
    "mxn_usd": 0.055577237,
    "pen_clp": 250.2581421,
    "pen_cop": 1082.46052159,
    "pen_crc": 139.59767305,
    "pen_gtq": 2.07354645,
    "pen_mxn": 4.81095745,
    "pen_pen": 1,
    "pen_usd": 0.26737972,
    "timestamp": "2024-07-19 19:10:21",
    "usd_clp": 935.96530807,
    "usd_cop": 4048.40173059,
    "usd_crc": 522.09521725,
    "usd_gtq": 7.75506255,
    "usd_mxn": 17.99297811,
    "usd_pen": 3.73999943,
    "usd_usd": 1
}