{
    "clp_clp": 1,
    "clp_cop": 4.1614207,
    "clp_crc": 0.55186072,
    "clp_gtq": 0.0085187207,
    "clp_mxn": 0.0200032,
    "clp_pen": 0.0037385043,
    "clp_usd": 0.0011105552,
    "cop_clp": 0.24030255,
    "cop_cop": 1,
    "cop_crc": 0.13261354,
    "cop_gtq": 0.0020470703,
    "cop_mxn": 0.0048068199,
    "cop_pen": 0.00089837212,
    "cop_usd": 0.00026686925,
    "crc_clp": 1.81205143,
    "crc_cop": 7.54070832,
    "crc_crc": 1,
    "crc_gtq": 0.01543636,
    "crc_mxn": 0.036246827,
    "crc_pen": 0.0067743621,
    "crc_usd": 0.0020123832,
    "gtq_clp": 117.38851854,
    "gtq_cop": 488.50301071,
    "gtq_crc": 64.78211198,
    "gtq_gtq": 1,
    "gtq_mxn": 2.34814601,
    "gtq_pen": 0.43885749,
    "gtq_usd": 0.13036643,
    "mxn_clp": 49.99200138,
    "mxn_cop": 208.03774925,
    "mxn_crc": 27.58862171,
    "mxn_gtq": 0.4258679,
    "mxn_mxn": 1,
    "mxn_pen": 0.18689531,
    "mxn_usd": 0.055518878,
    "pen_clp": 267.48664994,
    "pen_cop": 1113.12448133,
    "pen_crc": 147.61537435,
    "pen_gtq": 2.27864406,
    "pen_mxn": 5.35058895,
    "pen_pen": 1,
    "pen_usd": 0.29705869,
    "timestamp": "2025-12-31 20:00:30",
    "usd_clp": 900.45049882,
    "usd_cop": 3747.15334276,
    "usd_crc": 496.92325765,
    "usd_gtq": 7.67068628,
    "usd_mxn": 18.01189138,
    "usd_pen": 3.36633809,
    "usd_usd": 1
}