{
    "clp_clp": 1,
    "clp_cop": 4.17823659,
    "clp_crc": 0.55071068,
    "clp_gtq": 0.0084910015,
    "clp_mxn": 0.019895267,
    "clp_pen": 0.0037262146,
    "clp_usd": 0.0011064308,
    "cop_clp": 0.23957814,
    "cop_cop": 1,
    "cop_crc": 0.13194222,
    "cop_gtq": 0.0020266807,
    "cop_mxn": 0.0047339253,
    "cop_pen": 0.0008886096,
    "cop_usd": 0.00026438396,
    "crc_clp": 1.81583549,
    "crc_cop": 7.5869903,
    "crc_crc": 1,
    "crc_gtq": 0.015418262,
    "crc_mxn": 0.036126533,
    "crc_pen": 0.0067661927,
    "crc_usd": 0.0020090964,
    "gtq_clp": 117.77173689,
    "gtq_cop": 492.07818035,
    "gtq_crc": 64.85815334,
    "gtq_gtq": 1,
    "gtq_mxn": 2.3431002,
    "gtq_pen": 0.43884276,
    "gtq_usd": 0.13030628,
    "mxn_clp": 50.60877135,
    "mxn_cop": 211.24118659,
    "mxn_crc": 27.87163195,
    "mxn_gtq": 0.42811843,
    "mxn_mxn": 1,
    "mxn_pen": 0.18771095,
    "mxn_usd": 0.055848781,
    "pen_clp": 268.36887212,
    "pen_cop": 1121.3086411,
    "pen_crc": 147.79360412,
    "pen_gtq": 2.27872051,
    "pen_mxn": 5.33927049,
    "pen_pen": 1,
    "pen_usd": 0.29693159,
    "timestamp": "2026-01-05 06:51:00",
    "usd_clp": 906.17503356,
    "usd_cop": 3782.37772288,
    "usd_crc": 499.05532868,
    "usd_gtq": 7.66567177,
    "usd_mxn": 17.90549364,
    "usd_pen": 3.36105716,
    "usd_usd": 1
}