{
    "clp_clp": 1,
    "clp_cop": 4.47306098,
    "clp_crc": 0.535029,
    "clp_gtq": 0.0081598454,
    "clp_mxn": 0.020774451,
    "clp_pen": 0.0038829223,
    "clp_usd": 0.0010603362,
    "cop_clp": 0.22356056,
    "cop_cop": 1,
    "cop_crc": 0.11961138,
    "cop_gtq": 0.0018242196,
    "cop_mxn": 0.0046443479,
    "cop_pen": 0.00086806827,
    "cop_usd": 0.00023704935,
    "crc_clp": 1.86905758,
    "crc_cop": 8.36040854,
    "crc_crc": 1,
    "crc_gtq": 0.015251221,
    "crc_mxn": 0.038828646,
    "crc_pen": 0.0072574053,
    "crc_usd": 0.0019818294,
    "gtq_clp": 122.55134204,
    "gtq_cop": 548.17962661,
    "gtq_crc": 65.56852147,
    "gtq_gtq": 1,
    "gtq_mxn": 2.54593688,
    "gtq_pen": 0.47585734,
    "gtq_usd": 0.12994562,
    "mxn_clp": 48.1360488,
    "mxn_cop": 215.31548183,
    "mxn_crc": 25.75418186,
    "mxn_gtq": 0.39278271,
    "mxn_mxn": 1,
    "mxn_pen": 0.18690854,
    "mxn_usd": 0.051040395,
    "pen_clp": 257.5379892,
    "pen_cop": 1151.9831314,
    "pen_crc": 137.79029176,
    "pen_gtq": 2.10147017,
    "pen_mxn": 5.35021041,
    "pen_pen": 1,
    "pen_usd": 0.27307685,
    "timestamp": "2025-04-29 06:42:06",
    "usd_clp": 943.09710981,
    "usd_cop": 4218.53088611,
    "usd_crc": 504.58429968,
    "usd_gtq": 7.69552658,
    "usd_mxn": 19.59232495,
    "usd_pen": 3.66197279,
    "usd_usd": 1
}