{
    "clp_clp": 1,
    "clp_cop": 3.97123229,
    "clp_crc": 0.4994822,
    "clp_gtq": 0.0082372547,
    "clp_mxn": 0.019281996,
    "clp_pen": 0.0037414659,
    "clp_usd": 0.0010770562,
    "cop_clp": 0.25181101,
    "cop_cop": 1,
    "cop_crc": 0.12577511,
    "cop_gtq": 0.0020742314,
    "cop_mxn": 0.0048554189,
    "cop_pen": 0.00094214228,
    "cop_usd": 0.00027121462,
    "crc_clp": 2.00207336,
    "crc_cop": 7.95069837,
    "crc_crc": 1,
    "crc_gtq": 0.016491588,
    "crc_mxn": 0.038603971,
    "crc_pen": 0.0074906891,
    "crc_usd": 0.0021563456,
    "gtq_clp": 121.39966927,
    "gtq_cop": 482.10628672,
    "gtq_crc": 60.63697352,
    "gtq_gtq": 1,
    "gtq_mxn": 2.340828,
    "gtq_pen": 0.45421272,
    "gtq_usd": 0.13075427,
    "mxn_clp": 51.86184952,
    "mxn_cop": 205.9554515,
    "mxn_crc": 25.90407054,
    "mxn_gtq": 0.42719927,
    "mxn_mxn": 1,
    "mxn_pen": 0.19403934,
    "mxn_usd": 0.055858129,
    "pen_clp": 267.27492277,
    "pen_cop": 1061.41080393,
    "pen_crc": 133.49906563,
    "pen_gtq": 2.20161162,
    "pen_mxn": 5.15359412,
    "pen_pen": 1,
    "pen_usd": 0.28787012,
    "timestamp": "2026-03-27 20:25:02",
    "usd_clp": 928.4566236,
    "usd_cop": 3687.11692457,
    "usd_crc": 463.74755417,
    "usd_gtq": 7.64793372,
    "usd_mxn": 17.90249735,
    "usd_pen": 3.47378876,
    "usd_usd": 1
}