{
    "clp_clp": 1,
    "clp_cop": 3.93438513,
    "clp_crc": 0.50405574,
    "clp_gtq": 0.0083399444,
    "clp_mxn": 0.01911497,
    "clp_pen": 0.0037984332,
    "clp_usd": 0.0010942672,
    "cop_clp": 0.25428405,
    "cop_cop": 1,
    "cop_crc": 0.12796782,
    "cop_gtq": 0.0021192202,
    "cop_mxn": 0.0048620197,
    "cop_pen": 0.00096536886,
    "cop_usd": 0.0002781098,
    "crc_clp": 1.98709374,
    "crc_cop": 7.81446484,
    "crc_crc": 1,
    "crc_gtq": 0.016560572,
    "crc_mxn": 0.037994082,
    "crc_pen": 0.007543841,
    "crc_usd": 0.0021732793,
    "gtq_clp": 119.98943821,
    "gtq_cop": 471.87167196,
    "gtq_crc": 60.38438738,
    "gtq_gtq": 1,
    "gtq_mxn": 2.29424939,
    "gtq_pen": 0.45553022,
    "gtq_usd": 0.13123214,
    "mxn_clp": 52.30008513,
    "mxn_cop": 205.67584101,
    "mxn_crc": 26.31988821,
    "mxn_gtq": 0.43587241,
    "mxn_mxn": 1,
    "mxn_pen": 0.19855305,
    "mxn_usd": 0.057200468,
    "pen_clp": 263.26644692,
    "pen_cop": 1035.79159456,
    "pen_crc": 132.70096421,
    "pen_gtq": 2.19562752,
    "pen_mxn": 5.03233017,
    "pen_pen": 1,
    "pen_usd": 0.28808384,
    "timestamp": "2026-06-07 07:55:48",
    "usd_clp": 913.85358815,
    "usd_cop": 3595.45197016,
    "usd_crc": 460.63314833,
    "usd_gtq": 7.62148807,
    "usd_mxn": 17.46828371,
    "usd_pen": 3.47121177,
    "usd_usd": 1
}