{
    "clp_clp": 1,
    "clp_cop": 4.08465169,
    "clp_crc": 0.52354808,
    "clp_gtq": 0.0079660169,
    "clp_mxn": 0.019376976,
    "clp_pen": 0.0035784545,
    "clp_usd": 0.0010416427,
    "cop_clp": 0.24481892,
    "cop_cop": 1,
    "cop_crc": 0.12817447,
    "cop_gtq": 0.0019502316,
    "cop_mxn": 0.0047438504,
    "cop_pen": 0.00087607336,
    "cop_usd": 0.00025501383,
    "crc_clp": 1.88813611,
    "crc_cop": 7.72207991,
    "crc_crc": 1,
    "crc_gtq": 0.015231144,
    "crc_mxn": 0.036492697,
    "crc_pen": 0.0068362955,
    "crc_usd": 0.0019854089,
    "gtq_clp": 123.96548014,
    "gtq_cop": 506.99276209,
    "gtq_crc": 65.65494893,
    "gtq_gtq": 1,
    "gtq_mxn": 2.39592616,
    "gtq_pen": 0.44883663,
    "gtq_usd": 0.13035192,
    "mxn_clp": 51.74010877,
    "mxn_cop": 211.60617152,
    "mxn_crc": 27.40274304,
    "mxn_gtq": 0.41737513,
    "mxn_mxn": 1,
    "mxn_pen": 0.18733325,
    "mxn_usd": 0.054405649,
    "pen_clp": 276.19287437,
    "pen_cop": 1129.57081349,
    "pen_crc": 146.2780529,
    "pen_gtq": 2.22798213,
    "pen_mxn": 5.33808067,
    "pen_pen": 1,
    "pen_usd": 0.29042174,
    "timestamp": "2025-10-11 06:35:59",
    "usd_clp": 951.00618721,
    "usd_cop": 3889.41544914,
    "usd_crc": 503.67459218,
    "usd_gtq": 7.67154038,
    "usd_mxn": 18.3804443,
    "usd_pen": 3.44326837,
    "usd_usd": 1
}