{
    "clp_clp": 1,
    "clp_cop": 3.99480332,
    "clp_crc": 0.52876673,
    "clp_gtq": 0.0081580909,
    "clp_mxn": 0.017323446,
    "clp_pen": 0.0038637733,
    "clp_usd": 0.0010472365,
    "cop_clp": 0.25032521,
    "cop_cop": 1,
    "cop_crc": 0.13236364,
    "cop_gtq": 0.0020421758,
    "cop_mxn": 0.0043364954,
    "cop_pen": 0.00096719987,
    "cop_usd": 0.0002621497,
    "crc_clp": 1.89119313,
    "crc_cop": 7.55494459,
    "crc_crc": 1,
    "crc_gtq": 0.015428525,
    "crc_mxn": 0.032761983,
    "crc_pen": 0.0073071414,
    "crc_usd": 0.0019805265,
    "gtq_clp": 122.57769816,
    "gtq_cop": 489.67379595,
    "gtq_crc": 64.81500821,
    "gtq_gtq": 1,
    "gtq_mxn": 2.12346818,
    "gtq_pen": 0.47361243,
    "gtq_usd": 0.12836784,
    "mxn_clp": 57.7252344,
    "mxn_cop": 230.6009582,
    "mxn_crc": 30.52318324,
    "mxn_gtq": 0.47092771,
    "mxn_mxn": 1,
    "mxn_pen": 0.22303722,
    "mxn_usd": 0.060451973,
    "pen_clp": 258.81435942,
    "pen_cop": 1033.91246304,
    "pen_crc": 136.85242163,
    "pen_gtq": 2.11143106,
    "pen_mxn": 4.48355666,
    "pen_pen": 1,
    "pen_usd": 0.27103984,
    "timestamp": "2024-04-04 06:26:27",
    "usd_clp": 954.89414068,
    "usd_cop": 3814.61428632,
    "usd_crc": 504.91624902,
    "usd_gtq": 7.79011317,
    "usd_mxn": 16.5420574,
    "usd_pen": 3.68949444,
    "usd_usd": 1
}