{
    "clp_clp": 1,
    "clp_cop": 4.48129908,
    "clp_crc": 0.53479152,
    "clp_gtq": 0.008119478,
    "clp_mxn": 0.020670575,
    "clp_pen": 0.0038546463,
    "clp_usd": 0.0010557146,
    "cop_clp": 0.22314958,
    "cop_cop": 1,
    "cop_crc": 0.1193385,
    "cop_gtq": 0.0018118581,
    "cop_mxn": 0.0046126301,
    "cop_pen": 0.00086016269,
    "cop_usd": 0.00023558226,
    "crc_clp": 1.86988753,
    "crc_cop": 8.37952526,
    "crc_crc": 1,
    "crc_gtq": 0.015182511,
    "crc_mxn": 0.03865165,
    "crc_pen": 0.007207755,
    "crc_usd": 0.0019740675,
    "gtq_clp": 123.16062665,
    "gtq_cop": 551.91960319,
    "gtq_crc": 65.86525921,
    "gtq_gtq": 1,
    "gtq_mxn": 2.54580095,
    "gtq_pen": 0.47474065,
    "gtq_usd": 0.13002247,
    "mxn_clp": 48.3779483,
    "mxn_cop": 216.79605532,
    "mxn_crc": 25.87211669,
    "mxn_gtq": 0.39280369,
    "mxn_mxn": 1,
    "mxn_pen": 0.18647988,
    "mxn_usd": 0.051073305,
    "pen_clp": 259.42717798,
    "pen_cop": 1162.57077466,
    "pen_crc": 138.73945586,
    "pen_gtq": 2.10641327,
    "pen_mxn": 5.36250889,
    "pen_pen": 1,
    "pen_usd": 0.27388105,
    "timestamp": "2025-05-05 06:40:18",
    "usd_clp": 946.91246871,
    "usd_cop": 4262.1676558,
    "usd_crc": 506.19835082,
    "usd_gtq": 7.70573736,
    "usd_mxn": 19.60728705,
    "usd_pen": 3.67465917,
    "usd_usd": 1
}