{
    "clp_clp": 1,
    "clp_cop": 4.25754145,
    "clp_crc": 0.5014185,
    "clp_gtq": 0.0076690246,
    "clp_mxn": 0.020393792,
    "clp_pen": 0.003749711,
    "clp_usd": 0.00099346516,
    "cop_clp": 0.23487734,
    "cop_cop": 1,
    "cop_crc": 0.11777184,
    "cop_gtq": 0.0018012801,
    "cop_mxn": 0.0047900395,
    "cop_pen": 0.00088072215,
    "cop_usd": 0.00023334245,
    "crc_clp": 1.99434204,
    "crc_cop": 8.4909939,
    "crc_crc": 1,
    "crc_gtq": 0.015294658,
    "crc_mxn": 0.040672196,
    "crc_pen": 0.0074782064,
    "crc_usd": 0.0019813093,
    "gtq_clp": 130.39467859,
    "gtq_cop": 555.16074954,
    "gtq_crc": 65.38230458,
    "gtq_gtq": 1,
    "gtq_mxn": 2.65924191,
    "gtq_pen": 0.48894237,
    "gtq_usd": 0.12954257,
    "mxn_clp": 49.03453056,
    "mxn_cop": 208.76654654,
    "mxn_crc": 24.58682092,
    "mxn_gtq": 0.37604702,
    "mxn_mxn": 1,
    "mxn_pen": 0.18386532,
    "mxn_usd": 0.048714098,
    "pen_clp": 266.68721581,
    "pen_cop": 1135.43187669,
    "pen_crc": 133.7219046,
    "pen_gtq": 2.04523082,
    "pen_mxn": 5.43876352,
    "pen_pen": 1,
    "pen_usd": 0.26494446,
    "timestamp": "2025-01-15 19:19:31",
    "usd_clp": 1006.57782532,
    "usd_cop": 4285.54681844,
    "usd_crc": 504.71674662,
    "usd_gtq": 7.71947012,
    "usd_mxn": 20.52793845,
    "usd_pen": 3.77437599,
    "usd_usd": 1
}