{
    "clp_clp": 1,
    "clp_cop": 3.94521289,
    "clp_crc": 0.51381827,
    "clp_gtq": 0.0079602032,
    "clp_mxn": 0.016907434,
    "clp_pen": 0.0037975574,
    "clp_usd": 0.0010205731,
    "cop_clp": 0.25347175,
    "cop_cop": 1,
    "cop_crc": 0.13023841,
    "cop_gtq": 0.0020176866,
    "cop_mxn": 0.0042855567,
    "cop_pen": 0.0009625735,
    "cop_usd": 0.00025868646,
    "crc_clp": 1.94621339,
    "crc_cop": 7.67822613,
    "crc_crc": 1,
    "crc_gtq": 0.015492254,
    "crc_mxn": 0.032905474,
    "crc_pen": 0.007390857,
    "crc_usd": 0.0019862531,
    "gtq_clp": 125.62493437,
    "gtq_cop": 495.61710991,
    "gtq_crc": 64.54838675,
    "gtq_gtq": 1,
    "gtq_mxn": 2.12399524,
    "gtq_pen": 0.4770679,
    "gtq_usd": 0.12820943,
    "mxn_clp": 59.14558176,
    "mxn_cop": 233.34191133,
    "mxn_crc": 30.39008064,
    "mxn_gtq": 0.47081085,
    "mxn_mxn": 1,
    "mxn_pen": 0.22460874,
    "mxn_usd": 0.060362392,
    "pen_clp": 263.32716079,
    "pen_cop": 1038.88170808,
    "pen_crc": 135.30230683,
    "pen_gtq": 2.0961377,
    "pen_mxn": 4.4521865,
    "pen_pen": 1,
    "pen_usd": 0.26874463,
    "timestamp": "2024-03-28 19:02:23",
    "usd_clp": 979.84158312,
    "usd_cop": 3865.68364027,
    "usd_crc": 503.46050946,
    "usd_gtq": 7.79973807,
    "usd_mxn": 16.56660657,
    "usd_pen": 3.72100462,
    "usd_usd": 1
}