{
    "clp_clp": 1,
    "clp_cop": 4.58003633,
    "clp_crc": 0.53908943,
    "clp_gtq": 0.0081977689,
    "clp_mxn": 0.020937163,
    "clp_pen": 0.0038916686,
    "clp_usd": 0.00106488,
    "cop_clp": 0.21875513,
    "cop_cop": 1,
    "cop_crc": 0.11774811,
    "cop_gtq": 0.0017918655,
    "cop_mxn": 0.0045878736,
    "cop_pen": 0.00085238399,
    "cop_usd": 0.00023264833,
    "crc_clp": 1.85497981,
    "crc_cop": 8.49587492,
    "crc_crc": 1,
    "crc_gtq": 0.015206696,
    "crc_mxn": 0.038838014,
    "crc_pen": 0.0072189667,
    "crc_usd": 0.001975331,
    "gtq_clp": 121.98440975,
    "gtq_cop": 558.69302828,
    "gtq_crc": 65.76050539,
    "gtq_gtq": 1,
    "gtq_mxn": 2.55400746,
    "gtq_pen": 0.4747229,
    "gtq_usd": 0.12989876,
    "mxn_clp": 47.761963,
    "mxn_cop": 218.75152572,
    "mxn_crc": 25.7479692,
    "mxn_gtq": 0.39154153,
    "mxn_mxn": 1,
    "mxn_pen": 0.18587373,
    "mxn_usd": 0.050860761,
    "pen_clp": 256.95918692,
    "pen_cop": 1176.8824113,
    "pen_crc": 138.52398049,
    "pen_gtq": 2.10649203,
    "pen_mxn": 5.37999636,
    "pen_pen": 1,
    "pen_usd": 0.27363071,
    "timestamp": "2025-05-07 06:42:17",
    "usd_clp": 939.07291196,
    "usd_cop": 4300.98805281,
    "usd_crc": 506.24427673,
    "usd_gtq": 7.69830271,
    "usd_mxn": 19.66152254,
    "usd_pen": 3.65456057,
    "usd_usd": 1
}