{
    "clp_clp": 1,
    "clp_cop": 4.46635278,
    "clp_crc": 0.53647182,
    "clp_gtq": 0.0081266542,
    "clp_mxn": 0.020744367,
    "clp_pen": 0.0038576444,
    "clp_usd": 0.0010567376,
    "cop_clp": 0.22389633,
    "cop_cop": 1,
    "cop_crc": 0.12011407,
    "cop_gtq": 0.0018195281,
    "cop_mxn": 0.0046445877,
    "cop_pen": 0.00086371243,
    "cop_usd": 0.00023659967,
    "crc_clp": 1.86403082,
    "crc_cop": 8.32541922,
    "crc_crc": 1,
    "crc_gtq": 0.015148334,
    "crc_mxn": 0.038668139,
    "crc_pen": 0.007190768,
    "crc_usd": 0.0019697914,
    "gtq_clp": 123.05187018,
    "gtq_cop": 549.59306218,
    "gtq_crc": 66.01386037,
    "gtq_gtq": 1,
    "gtq_mxn": 2.55263316,
    "gtq_pen": 0.47469036,
    "gtq_usd": 0.13003354,
    "mxn_clp": 48.20585744,
    "mxn_cop": 215.30436526,
    "mxn_crc": 25.86108393,
    "mxn_gtq": 0.39175233,
    "mxn_mxn": 1,
    "mxn_pen": 0.18596106,
    "mxn_usd": 0.050940941,
    "pen_clp": 256.69251763,
    "pen_cop": 1149.85136939,
    "pen_crc": 138.59344158,
    "pen_gtq": 2.09760146,
    "pen_mxn": 5.3006312,
    "pen_pen": 1,
    "pen_usd": 0.27295526,
    "timestamp": "2025-05-14 19:39:39",
    "usd_clp": 940.41973772,
    "usd_cop": 4212.60009137,
    "usd_crc": 507.75148878,
    "usd_gtq": 7.68478114,
    "usd_mxn": 19.41941375,
    "usd_pen": 3.66360401,
    "usd_usd": 1
}