{
    "clp_clp": 1,
    "clp_cop": 3.94521289,
    "clp_crc": 0.51381827,
    "clp_gtq": 0.0079602032,
    "clp_mxn": 0.016907434,
    "clp_pen": 0.0037975574,
    "clp_usd": 0.0010205731,
    "cop_clp": 0.25385802,
    "cop_cop": 1,
    "cop_crc": 0.12962029,
    "cop_gtq": 0.0020187663,
    "cop_mxn": 0.004300913,
    "cop_pen": 0.00096277886,
    "cop_usd": 0.00025882667,
    "crc_clp": 1.94621339,
    "crc_cop": 7.67822613,
    "crc_crc": 1,
    "crc_gtq": 0.015492254,
    "crc_mxn": 0.032905474,
    "crc_pen": 0.007390857,
    "crc_usd": 0.0019862531,
    "gtq_clp": 125.74908764,
    "gtq_cop": 495.35204079,
    "gtq_crc": 64.20767627,
    "gtq_gtq": 1,
    "gtq_mxn": 2.13046604,
    "gtq_pen": 0.47691447,
    "gtq_usd": 0.12821032,
    "mxn_clp": 59.02421604,
    "mxn_cop": 232.50877138,
    "mxn_crc": 30.13785489,
    "mxn_gtq": 0.46938087,
    "mxn_mxn": 1,
    "mxn_pen": 0.22385453,
    "mxn_usd": 0.060179471,
    "pen_clp": 263.67219848,
    "pen_cop": 1038.66011329,
    "pen_crc": 134.63142738,
    "pen_gtq": 2.09681202,
    "pen_mxn": 4.4671868,
    "pen_pen": 1,
    "pen_usd": 0.26883294,
    "timestamp": "2024-03-29 06:26:59",
    "usd_clp": 980.80316717,
    "usd_cop": 3863.58946679,
    "usd_crc": 500.79959563,
    "usd_gtq": 7.79968416,
    "usd_mxn": 16.61696221,
    "usd_pen": 3.71978226,
    "usd_usd": 1
}