{
    "clp_clp": 1,
    "clp_cop": 4.0115751,
    "clp_crc": 0.53328059,
    "clp_gtq": 0.0081255322,
    "clp_mxn": 0.019558845,
    "clp_pen": 0.0035775533,
    "clp_usd": 0.0010610642,
    "cop_clp": 0.24927864,
    "cop_cop": 1,
    "cop_crc": 0.13293546,
    "cop_gtq": 0.0020255217,
    "cop_mxn": 0.0048756025,
    "cop_pen": 0.00089180763,
    "cop_usd": 0.00026450066,
    "crc_clp": 1.87518544,
    "crc_cop": 7.52244722,
    "crc_crc": 1,
    "crc_gtq": 0.01523688,
    "crc_mxn": 0.036676462,
    "crc_pen": 0.0067085758,
    "crc_usd": 0.0019896922,
    "gtq_clp": 123.0688613,
    "gtq_cop": 493.69997955,
    "gtq_crc": 65.6302351,
    "gtq_gtq": 1,
    "gtq_mxn": 2.40708483,
    "gtq_pen": 0.44028541,
    "gtq_usd": 0.13058397,
    "mxn_clp": 51.12776232,
    "mxn_cop": 205.10285823,
    "mxn_crc": 27.26544331,
    "mxn_gtq": 0.41544028,
    "mxn_mxn": 1,
    "mxn_pen": 0.18291229,
    "mxn_usd": 0.05424984,
    "pen_clp": 279.52064597,
    "pen_cop": 1121.31806326,
    "pen_crc": 149.0629353,
    "pen_gtq": 2.27125402,
    "pen_mxn": 5.46710111,
    "pen_pen": 1,
    "pen_usd": 0.29658936,
    "timestamp": "2025-11-10 06:43:38",
    "usd_clp": 942.45000327,
    "usd_cop": 3780.70896599,
    "usd_crc": 502.59029481,
    "usd_gtq": 7.65790788,
    "usd_mxn": 18.43323393,
    "usd_pen": 3.37166509,
    "usd_usd": 1
}