{
    "clp_clp": 1,
    "clp_cop": 4.30787836,
    "clp_crc": 0.50004708,
    "clp_gtq": 0.0076607209,
    "clp_mxn": 0.020644754,
    "clp_pen": 0.0037134023,
    "clp_usd": 0.00099284379,
    "cop_clp": 0.23213283,
    "cop_cop": 1,
    "cop_crc": 0.11607734,
    "cop_gtq": 0.0017783048,
    "cop_mxn": 0.0047923251,
    "cop_pen": 0.00086200259,
    "cop_usd": 0.00023047164,
    "crc_clp": 1.99981171,
    "crc_cop": 8.61494556,
    "crc_crc": 1,
    "crc_gtq": 0.015319999,
    "crc_mxn": 0.04128562,
    "crc_pen": 0.0074261054,
    "crc_usd": 0.0019855006,
    "gtq_clp": 130.53601838,
    "gtq_cop": 562.33328849,
    "gtq_crc": 65.27415459,
    "gtq_gtq": 1,
    "gtq_mxn": 2.69488396,
    "gtq_pen": 0.48473275,
    "gtq_usd": 0.12960188,
    "mxn_clp": 48.43845608,
    "mxn_cop": 208.66697662,
    "mxn_crc": 24.22150843,
    "mxn_gtq": 0.37107349,
    "mxn_mxn": 1,
    "mxn_pen": 0.17987147,
    "mxn_usd": 0.04809182,
    "pen_clp": 269.2948198,
    "pen_cop": 1160.08932603,
    "pen_crc": 134.66008781,
    "pen_gtq": 2.06299245,
    "pen_mxn": 5.55952525,
    "pen_pen": 1,
    "pen_usd": 0.26736769,
    "timestamp": "2025-01-19 19:20:59",
    "usd_clp": 1007.20778697,
    "usd_cop": 4338.92862714,
    "usd_crc": 503.65131098,
    "usd_gtq": 7.71593771,
    "usd_mxn": 20.79355678,
    "usd_pen": 3.7401677,
    "usd_usd": 1
}