{
    "clp_clp": 1,
    "clp_cop": 4.0376155,
    "clp_crc": 0.53747442,
    "clp_gtq": 0.0082568581,
    "clp_mxn": 0.019794479,
    "clp_pen": 0.0036290207,
    "clp_usd": 0.0010779968,
    "cop_clp": 0.24767093,
    "cop_cop": 1,
    "cop_crc": 0.13311679,
    "cop_gtq": 0.0020449838,
    "cop_mxn": 0.004902517,
    "cop_pen": 0.00089880294,
    "cop_usd": 0.00026698847,
    "crc_clp": 1.86055367,
    "crc_cop": 7.51220035,
    "crc_crc": 1,
    "crc_gtq": 0.015362328,
    "crc_mxn": 0.03682869,
    "crc_pen": 0.0067519877,
    "crc_usd": 0.0020056709,
    "gtq_clp": 121.11144283,
    "gtq_cop": 489.00143833,
    "gtq_crc": 65.09430203,
    "gtq_gtq": 1,
    "gtq_mxn": 2.39733788,
    "gtq_pen": 0.43951593,
    "gtq_usd": 0.13055774,
    "mxn_clp": 50.51913775,
    "mxn_cop": 203.97685345,
    "mxn_crc": 27.15274407,
    "mxn_gtq": 0.41712935,
    "mxn_mxn": 1,
    "mxn_pen": 0.18333499,
    "mxn_usd": 0.054459467,
    "pen_clp": 275.55643597,
    "pen_cop": 1112.59093594,
    "pen_crc": 148.10453454,
    "pen_gtq": 2.2752304,
    "pen_mxn": 5.45449602,
    "pen_pen": 1,
    "pen_usd": 0.29704895,
    "timestamp": "2025-11-28 19:40:40",
    "usd_clp": 927.6465622,
    "usd_cop": 3745.48013446,
    "usd_crc": 498.58629441,
    "usd_gtq": 7.65944605,
    "usd_mxn": 18.36228019,
    "usd_pen": 3.36644854,
    "usd_usd": 1
}