{
    "clp_clp": 1,
    "clp_cop": 4.16363946,
    "clp_crc": 0.54631246,
    "clp_gtq": 0.0082951198,
    "clp_mxn": 0.018082567,
    "clp_pen": 0.0039774861,
    "clp_usd": 0.0010683219,
    "cop_clp": 0.24017449,
    "cop_cop": 1,
    "cop_crc": 0.13121032,
    "cop_gtq": 0.0019922762,
    "cop_mxn": 0.0043429714,
    "cop_pen": 0.00095529071,
    "cop_usd": 0.00025658368,
    "crc_clp": 1.83045431,
    "crc_cop": 7.62135181,
    "crc_crc": 1,
    "crc_gtq": 0.015183838,
    "crc_mxn": 0.033099313,
    "crc_pen": 0.0072806066,
    "crc_usd": 0.0019555145,
    "gtq_clp": 120.55280997,
    "gtq_cop": 501.93843694,
    "gtq_crc": 65.85950226,
    "gtq_gtq": 1,
    "gtq_mxn": 2.17990428,
    "gtq_pen": 0.47949713,
    "gtq_usd": 0.12878921,
    "mxn_clp": 55.30188241,
    "mxn_cop": 230.25709996,
    "mxn_crc": 30.21210746,
    "mxn_gtq": 0.45873574,
    "mxn_mxn": 1,
    "mxn_pen": 0.21996247,
    "mxn_usd": 0.059080213,
    "pen_clp": 251.4150824,
    "pen_cop": 1046.80175863,
    "pen_crc": 137.35119232,
    "pen_gtq": 2.08551823,
    "pen_mxn": 4.5462301,
    "pen_pen": 1,
    "pen_usd": 0.26859224,
    "timestamp": "2024-05-09 19:05:56",
    "usd_clp": 936.63966977,
    "usd_cop": 3891.58809064,
    "usd_crc": 509.81249687,
    "usd_gtq": 7.76090789,
    "usd_mxn": 16.91374539,
    "usd_pen": 3.72348075,
    "usd_usd": 1
}