{
    "clp_clp": 1,
    "clp_cop": 4.49538658,
    "clp_crc": 0.54276235,
    "clp_gtq": 0.0081409766,
    "clp_mxn": 0.021039967,
    "clp_pen": 0.0039640555,
    "clp_usd": 0.0010537292,
    "cop_clp": 0.218997,
    "cop_cop": 1,
    "cop_crc": 0.11927437,
    "cop_gtq": 0.0017902811,
    "cop_mxn": 0.0045937152,
    "cop_pen": 0.00087031424,
    "cop_usd": 0.00023164266,
    "crc_clp": 1.83607769,
    "crc_cop": 8.38403111,
    "crc_crc": 1,
    "crc_gtq": 0.015009772,
    "crc_mxn": 0.038513851,
    "crc_pen": 0.0072967416,
    "crc_usd": 0.0019420993,
    "gtq_clp": 122.3254856,
    "gtq_cop": 558.5715043,
    "gtq_crc": 66.62326233,
    "gtq_gtq": 1,
    "gtq_mxn": 2.56591841,
    "gtq_pen": 0.48613273,
    "gtq_usd": 0.12938899,
    "mxn_clp": 47.67317818,
    "mxn_cop": 217.68872383,
    "mxn_crc": 25.96468463,
    "mxn_gtq": 0.38972401,
    "mxn_mxn": 1,
    "mxn_pen": 0.1894576,
    "mxn_usd": 0.050425995,
    "pen_clp": 252.26690104,
    "pen_cop": 1134.03724149,
    "pen_crc": 136.9209752,
    "pen_gtq": 2.05369893,
    "pen_mxn": 5.30768716,
    "pen_pen": 1,
    "pen_usd": 0.265821,
    "timestamp": "2024-10-24 06:35:36",
    "usd_clp": 945.40877996,
    "usd_cop": 4316.99413912,
    "usd_crc": 514.90674121,
    "usd_gtq": 7.72863296,
    "usd_mxn": 19.8310416,
    "usd_pen": 3.75714146,
    "usd_usd": 1
}