{
    "clp_clp": 1,
    "clp_cop": 4.20262109,
    "clp_crc": 0.56428951,
    "clp_gtq": 0.0084624234,
    "clp_mxn": 0.018503688,
    "clp_pen": 0.0040835376,
    "clp_usd": 0.0010890337,
    "cop_clp": 0.23757321,
    "cop_cop": 1,
    "cop_crc": 0.13540551,
    "cop_gtq": 0.0020133778,
    "cop_mxn": 0.0044133034,
    "cop_pen": 0.00097151283,
    "cop_usd": 0.00025900427,
    "crc_clp": 1.75453134,
    "crc_cop": 7.38522393,
    "crc_crc": 1,
    "crc_gtq": 0.014869246,
    "crc_mxn": 0.032593234,
    "crc_pen": 0.0071748398,
    "crc_usd": 0.0019128046,
    "gtq_clp": 118.1694594,
    "gtq_cop": 496.62146254,
    "gtq_crc": 66.68178575,
    "gtq_gtq": 1,
    "gtq_mxn": 2.18657077,
    "gtq_pen": 0.48254943,
    "gtq_usd": 0.12869052,
    "mxn_clp": 53.83115249,
    "mxn_cop": 226.5876406,
    "mxn_crc": 30.68121464,
    "mxn_gtq": 0.45620652,
    "mxn_mxn": 1,
    "mxn_pen": 0.2201328,
    "mxn_usd": 0.058687167,
    "pen_clp": 244.88570921,
    "pen_cop": 1029.16184679,
    "pen_crc": 138.18643563,
    "pen_gtq": 2.07232656,
    "pen_mxn": 4.53128867,
    "pen_pen": 1,
    "pen_usd": 0.26668879,
    "timestamp": "2024-06-01 06:27:28",
    "usd_clp": 918.24522519,
    "usd_cop": 3859.03675147,
    "usd_crc": 518.1561436,
    "usd_gtq": 7.77057989,
    "usd_mxn": 16.99092283,
    "usd_pen": 3.7496889,
    "usd_usd": 1
}