{
    "clp_clp": 1,
    "clp_cop": 4.30482271,
    "clp_crc": 0.50086343,
    "clp_gtq": 0.0076487941,
    "clp_mxn": 0.020610403,
    "clp_pen": 0.0037204882,
    "clp_usd": 0.00099124875,
    "cop_clp": 0.2322976,
    "cop_cop": 1,
    "cop_crc": 0.11634937,
    "cop_gtq": 0.0017767966,
    "cop_mxn": 0.0047877471,
    "cop_pen": 0.0008642605,
    "cop_usd": 0.00023026471,
    "crc_clp": 1.99655225,
    "crc_cop": 8.59480347,
    "crc_crc": 1,
    "crc_gtq": 0.015271217,
    "crc_mxn": 0.041149746,
    "crc_pen": 0.0074281491,
    "crc_usd": 0.0019790799,
    "gtq_clp": 130.73956264,
    "gtq_cop": 562.81063775,
    "gtq_crc": 65.48266519,
    "gtq_gtq": 1,
    "gtq_mxn": 2.69459502,
    "gtq_pen": 0.486415,
    "gtq_usd": 0.12959543,
    "mxn_clp": 48.51918808,
    "mxn_cop": 208.86650248,
    "mxn_crc": 24.30148674,
    "mxn_gtq": 0.37111328,
    "mxn_mxn": 1,
    "mxn_pen": 0.18051507,
    "mxn_usd": 0.048094585,
    "pen_clp": 268.78192833,
    "pen_cop": 1157.05854787,
    "pen_crc": 134.62303733,
    "pen_gtq": 2.05585764,
    "pen_mxn": 5.53970375,
    "pen_pen": 1,
    "pen_usd": 0.26642975,
    "timestamp": "2025-01-18 19:25:19",
    "usd_clp": 1008.82850735,
    "usd_cop": 4342.82786426,
    "usd_crc": 505.2853019,
    "usd_gtq": 7.71632157,
    "usd_mxn": 20.79236169,
    "usd_pen": 3.75333458,
    "usd_usd": 1
}