{
    "clp_clp": 1,
    "clp_cop": 4.14982324,
    "clp_crc": 0.52322195,
    "clp_gtq": 0.0079245393,
    "clp_mxn": 0.019313679,
    "clp_pen": 0.0036561831,
    "clp_usd": 0.0010342931,
    "cop_clp": 0.24097412,
    "cop_cop": 1,
    "cop_crc": 0.12608295,
    "cop_gtq": 0.0019096089,
    "cop_mxn": 0.0046540967,
    "cop_pen": 0.0008810455,
    "cop_usd": 0.00024923787,
    "crc_clp": 1.91123481,
    "crc_cop": 7.93128665,
    "crc_crc": 1,
    "crc_gtq": 0.015145655,
    "crc_mxn": 0.036912975,
    "crc_pen": 0.0069878244,
    "crc_usd": 0.001976777,
    "gtq_clp": 126.19030118,
    "gtq_cop": 523.66744494,
    "gtq_crc": 66.0255351,
    "gtq_gtq": 1,
    "gtq_mxn": 2.43719891,
    "gtq_pen": 0.46137484,
    "gtq_usd": 0.13051776,
    "mxn_clp": 51.77677555,
    "mxn_cop": 214.86446665,
    "mxn_crc": 27.09074532,
    "mxn_gtq": 0.41030709,
    "mxn_mxn": 1,
    "mxn_pen": 0.18930537,
    "mxn_usd": 0.053552362,
    "pen_clp": 273.50927945,
    "pen_cop": 1135.01516514,
    "pen_crc": 143.10605777,
    "pen_gtq": 2.16743503,
    "pen_mxn": 5.28247031,
    "pen_pen": 1,
    "pen_usd": 0.28288876,
    "timestamp": "2025-08-31 19:51:11",
    "usd_clp": 966.8439217,
    "usd_cop": 4012.23137899,
    "usd_crc": 505.87395935,
    "usd_gtq": 7.66179265,
    "usd_mxn": 18.67331272,
    "usd_pen": 3.53495839,
    "usd_usd": 1
}