{
    "clp_clp": 1,
    "clp_cop": 4.20282504,
    "clp_crc": 0.51066639,
    "clp_gtq": 0.0078023227,
    "clp_mxn": 0.020679608,
    "clp_pen": 0.0037530852,
    "clp_usd": 0.0010083236,
    "cop_clp": 0.2379352,
    "cop_cop": 1,
    "cop_crc": 0.12150551,
    "cop_gtq": 0.0018564472,
    "cop_mxn": 0.0049204066,
    "cop_pen": 0.00089299106,
    "cop_usd": 0.00023991566,
    "crc_clp": 1.9582256,
    "crc_cop": 8.23007958,
    "crc_crc": 1,
    "crc_gtq": 0.015278708,
    "crc_mxn": 0.040495338,
    "crc_pen": 0.0073493875,
    "crc_usd": 0.001974525,
    "gtq_clp": 128.16696169,
    "gtq_cop": 538.66331633,
    "gtq_crc": 65.45055988,
    "gtq_gtq": 1,
    "gtq_mxn": 2.65044253,
    "gtq_pen": 0.48102152,
    "gtq_usd": 0.12923377,
    "mxn_clp": 48.35681591,
    "mxn_cop": 203.23523693,
    "mxn_crc": 24.6942007,
    "mxn_gtq": 0.37729548,
    "mxn_mxn": 1,
    "mxn_pen": 0.18148725,
    "mxn_usd": 0.048759317,
    "pen_clp": 266.44745691,
    "pen_cop": 1119.83204466,
    "pen_crc": 136.06576144,
    "pen_gtq": 2.07890905,
    "pen_mxn": 5.51002898,
    "pen_pen": 1,
    "pen_usd": 0.26866525,
    "timestamp": "2025-01-30 19:20:07",
    "usd_clp": 991.74515173,
    "usd_cop": 4168.13136043,
    "usd_crc": 506.45091828,
    "usd_gtq": 7.73791575,
    "usd_mxn": 20.50890103,
    "usd_pen": 3.72210402,
    "usd_usd": 1
}