{
    "clp_clp": 1,
    "clp_cop": 4.04889737,
    "clp_crc": 0.50890477,
    "clp_gtq": 0.0085628704,
    "clp_mxn": 0.019421277,
    "clp_pen": 0.0039055917,
    "clp_usd": 0.0011173686,
    "cop_clp": 0.24698082,
    "cop_cop": 1,
    "cop_crc": 0.12568972,
    "cop_gtq": 0.0021148648,
    "cop_mxn": 0.0047966829,
    "cop_pen": 0.00096460624,
    "cop_usd": 0.00027596862,
    "crc_clp": 1.96500418,
    "crc_cop": 7.95610027,
    "crc_crc": 1,
    "crc_gtq": 0.016826076,
    "crc_mxn": 0.03816289,
    "crc_pen": 0.007674504,
    "crc_usd": 0.002195634,
    "gtq_clp": 116.78326972,
    "gtq_cop": 472.84347322,
    "gtq_crc": 59.43156285,
    "gtq_gtq": 1,
    "gtq_mxn": 2.26808018,
    "gtq_pen": 0.45610777,
    "gtq_usd": 0.13048996,
    "mxn_clp": 51.4899211,
    "mxn_cop": 208.47740597,
    "mxn_crc": 26.20346639,
    "mxn_gtq": 0.44090152,
    "mxn_mxn": 1,
    "mxn_pen": 0.20109861,
    "mxn_usd": 0.057533222,
    "pen_clp": 256.04315062,
    "pen_cop": 1036.6924383,
    "pen_crc": 130.30158032,
    "pen_gtq": 2.19246431,
    "pen_mxn": 4.97268485,
    "pen_pen": 1,
    "pen_usd": 0.28609458,
    "timestamp": "2026-04-28 21:22:55",
    "usd_clp": 894.95979942,
    "usd_cop": 3623.6003751,
    "usd_crc": 455.44930964,
    "usd_gtq": 7.66342475,
    "usd_mxn": 17.38126181,
    "usd_pen": 3.49534755,
    "usd_usd": 1
}