{
    "clp_clp": 1,
    "clp_cop": 4.53869154,
    "clp_crc": 0.53581292,
    "clp_gtq": 0.0081367574,
    "clp_mxn": 0.020705285,
    "clp_pen": 0.0038627438,
    "clp_usd": 0.0010571571,
    "cop_clp": 0.22032782,
    "cop_cop": 1,
    "cop_crc": 0.11805449,
    "cop_gtq": 0.001792754,
    "cop_mxn": 0.0045619503,
    "cop_pen": 0.00085106992,
    "cop_usd": 0.00023292112,
    "crc_clp": 1.86632305,
    "crc_cop": 8.47066461,
    "crc_crc": 1,
    "crc_gtq": 0.015185818,
    "crc_mxn": 0.038642751,
    "crc_pen": 0.0072091278,
    "crc_usd": 0.0019729967,
    "gtq_clp": 122.89908003,
    "gtq_cop": 557.80101434,
    "gtq_crc": 65.85091491,
    "gtq_gtq": 1,
    "gtq_mxn": 2.5446605,
    "gtq_pen": 0.47472766,
    "gtq_usd": 0.12992364,
    "mxn_clp": 48.29684738,
    "mxn_cop": 219.20449244,
    "mxn_crc": 25.87807481,
    "mxn_gtq": 0.39297973,
    "mxn_mxn": 1,
    "mxn_pen": 0.18655835,
    "mxn_usd": 0.051057355,
    "pen_clp": 258.88333428,
    "pen_cop": 1174.99159821,
    "pen_crc": 138.71303522,
    "pen_gtq": 2.10647089,
    "pen_mxn": 5.36025327,
    "pen_pen": 1,
    "pen_usd": 0.27368036,
    "timestamp": "2025-05-09 06:39:31",
    "usd_clp": 945.93319847,
    "usd_cop": 4293.29900187,
    "usd_crc": 506.84322898,
    "usd_gtq": 7.69682896,
    "usd_mxn": 19.58581667,
    "usd_pen": 3.65389762,
    "usd_usd": 1
}