{
    "clp_clp": 1,
    "clp_cop": 4.28507077,
    "clp_crc": 0.49659244,
    "clp_gtq": 0.007616051,
    "clp_mxn": 0.020579121,
    "clp_pen": 0.003711561,
    "clp_usd": 0.00098671879,
    "cop_clp": 0.23336837,
    "cop_cop": 1,
    "cop_crc": 0.11588897,
    "cop_gtq": 0.0017773454,
    "cop_mxn": 0.0048025161,
    "cop_pen": 0.00086616096,
    "cop_usd": 0.00023026896,
    "crc_clp": 2.01372377,
    "crc_cop": 8.62894886,
    "crc_crc": 1,
    "crc_gtq": 0.015336623,
    "crc_mxn": 0.041440666,
    "crc_pen": 0.0074740587,
    "crc_usd": 0.0019869791,
    "gtq_clp": 130.33738025,
    "gtq_cop": 557.24208979,
    "gtq_crc": 65.15256508,
    "gtq_gtq": 1,
    "gtq_mxn": 2.65244533,
    "gtq_pen": 0.48819838,
    "gtq_usd": 0.12955895,
    "mxn_clp": 48.59293941,
    "mxn_cop": 208.22418438,
    "mxn_crc": 24.13088635,
    "mxn_gtq": 0.3700863,
    "mxn_mxn": 1,
    "mxn_pen": 0.18035566,
    "mxn_usd": 0.047947566,
    "pen_clp": 266.97626797,
    "pen_cop": 1141.4255312,
    "pen_crc": 133.45510429,
    "pen_gtq": 2.04834766,
    "pen_mxn": 5.43313018,
    "pen_pen": 1,
    "pen_usd": 0.26538178,
    "timestamp": "2025-01-17 06:34:00",
    "usd_clp": 1006.00827483,
    "usd_cop": 4301.06967261,
    "usd_crc": 502.87967637,
    "usd_gtq": 7.7184939,
    "usd_mxn": 20.47288307,
    "usd_pen": 3.76815618,
    "usd_usd": 1
}