{
    "clp_clp": 1,
    "clp_cop": 4.06778641,
    "clp_crc": 0.5181065,
    "clp_gtq": 0.0085208247,
    "clp_mxn": 0.019457115,
    "clp_pen": 0.003793579,
    "clp_usd": 0.0011145292,
    "cop_clp": 0.24583395,
    "cop_cop": 1,
    "cop_crc": 0.12736817,
    "cop_gtq": 0.002094708,
    "cop_mxn": 0.0047832196,
    "cop_pen": 0.00093259051,
    "cop_usd": 0.00027398911,
    "crc_clp": 1.93010511,
    "crc_cop": 7.85125533,
    "crc_crc": 1,
    "crc_gtq": 0.016446087,
    "crc_mxn": 0.037554278,
    "crc_pen": 0.0073220062,
    "crc_usd": 0.0021511585,
    "gtq_clp": 117.3595315,
    "gtq_cop": 477.39350713,
    "gtq_crc": 60.80473597,
    "gtq_gtq": 1,
    "gtq_mxn": 2.28347796,
    "gtq_pen": 0.44521266,
    "gtq_usd": 0.13080062,
    "mxn_clp": 51.39507964,
    "mxn_cop": 209.06420643,
    "mxn_crc": 26.62812477,
    "mxn_gtq": 0.43792847,
    "mxn_mxn": 1,
    "mxn_pen": 0.1949713,
    "mxn_usd": 0.057281316,
    "pen_clp": 263.60331363,
    "pen_cop": 1072.28197638,
    "pen_crc": 136.57458991,
    "pen_gtq": 2.24611764,
    "pen_mxn": 5.12896012,
    "pen_pen": 1,
    "pen_usd": 0.29379359,
    "timestamp": "2026-04-09 20:42:28",
    "usd_clp": 897.23985168,
    "usd_cop": 3649.78007364,
    "usd_crc": 464.86579817,
    "usd_gtq": 7.64522353,
    "usd_mxn": 17.45769941,
    "usd_pen": 3.40375028,
    "usd_usd": 1
}