{
    "clp_clp": 1,
    "clp_cop": 4.18407407,
    "clp_crc": 0.50445918,
    "clp_gtq": 0.0084314685,
    "clp_mxn": 0.019029228,
    "clp_pen": 0.0037913255,
    "clp_usd": 0.0011051906,
    "cop_clp": 0.23900151,
    "cop_cop": 1,
    "cop_crc": 0.1205665,
    "cop_gtq": 0.0020151337,
    "cop_mxn": 0.0045480142,
    "cop_pen": 0.0009061325,
    "cop_usd": 0.00026414222,
    "crc_clp": 1.95916176,
    "crc_cop": 8.20253454,
    "crc_crc": 1,
    "crc_gtq": 0.016651329,
    "crc_mxn": 0.037567834,
    "crc_pen": 0.0074895967,
    "crc_usd": 0.002182233,
    "gtq_clp": 118.60330134,
    "gtq_cop": 496.24499774,
    "gtq_crc": 59.83052459,
    "gtq_gtq": 1,
    "gtq_mxn": 2.25692928,
    "gtq_pen": 0.44966372,
    "gtq_usd": 0.13107926,
    "mxn_clp": 52.55073883,
    "mxn_cop": 219.87618368,
    "mxn_crc": 26.50970282,
    "mxn_gtq": 0.4430799,
    "mxn_mxn": 1,
    "mxn_pen": 0.19923696,
    "mxn_usd": 0.058078584,
    "pen_clp": 263.75999689,
    "pen_cop": 1103.59136367,
    "pen_crc": 133.05615275,
    "pen_gtq": 2.22388411,
    "pen_mxn": 5.01914916,
    "pen_pen": 1,
    "pen_usd": 0.29150507,
    "timestamp": "2026-05-13 08:37:27",
    "usd_clp": 904.82128879,
    "usd_cop": 3785.83929237,
    "usd_crc": 456.44540881,
    "usd_gtq": 7.6289722,
    "usd_mxn": 17.21805076,
    "usd_pen": 3.43047202,
    "usd_usd": 1
}