{
    "clp_clp": 1,
    "clp_cop": 3.73666094,
    "clp_crc": 0.49365575,
    "clp_gtq": 0.0082691515,
    "clp_mxn": 0.018967302,
    "clp_pen": 0.0036994255,
    "clp_usd": 0.0010844456,
    "cop_clp": 0.26761861,
    "cop_cop": 1,
    "cop_crc": 0.13211146,
    "cop_gtq": 0.0022129788,
    "cop_mxn": 0.005076003,
    "cop_pen": 0.00099003511,
    "cop_usd": 0.00029021782,
    "crc_clp": 2.02570314,
    "crc_cop": 7.56936578,
    "crc_crc": 1,
    "crc_gtq": 0.016750846,
    "crc_mxn": 0.038422123,
    "crc_pen": 0.0074939379,
    "crc_usd": 0.0021967649,
    "gtq_clp": 120.93139225,
    "gtq_cop": 451.87960949,
    "gtq_crc": 59.69847706,
    "gtq_gtq": 1,
    "gtq_mxn": 2.29374223,
    "gtq_pen": 0.44737668,
    "gtq_usd": 0.13114352,
    "mxn_clp": 52.72231138,
    "mxn_cop": 197.00540145,
    "mxn_crc": 26.02667213,
    "mxn_gtq": 0.43596878,
    "mxn_mxn": 1,
    "mxn_pen": 0.19504226,
    "mxn_usd": 0.057174479,
    "pen_clp": 270.31224009,
    "pen_cop": 1010.06518834,
    "pen_crc": 133.44119142,
    "pen_gtq": 2.23525286,
    "pen_mxn": 5.12709388,
    "pen_pen": 1,
    "pen_usd": 0.29313892,
    "timestamp": "2026-06-30 22:02:40",
    "usd_clp": 922.13015743,
    "usd_cop": 3445.68773805,
    "usd_crc": 455.2148538,
    "usd_gtq": 7.62523395,
    "usd_mxn": 17.49032114,
    "usd_pen": 3.41135184,
    "usd_usd": 1
}