{
    "clp_clp": 1,
    "clp_cop": 4.64799641,
    "clp_crc": 0.57700922,
    "clp_gtq": 0.0085830903,
    "clp_mxn": 0.021873948,
    "clp_pen": 0.0041261736,
    "clp_usd": 0.0011106501,
    "cop_clp": 0.21514647,
    "cop_cop": 1,
    "cop_crc": 0.12414149,
    "cop_gtq": 0.0018466215,
    "cop_mxn": 0.0047061025,
    "cop_pen": 0.00088773166,
    "cop_usd": 0.00023895245,
    "crc_clp": 1.72843936,
    "crc_cop": 8.10273741,
    "crc_crc": 1,
    "crc_gtq": 0.014871648,
    "crc_mxn": 0.03785566,
    "crc_pen": 0.0071345978,
    "crc_usd": 0.0019247766,
    "gtq_clp": 116.22379658,
    "gtq_cop": 544.84462993,
    "gtq_crc": 67.24204454,
    "gtq_gtq": 1,
    "gtq_mxn": 2.54549197,
    "gtq_pen": 0.47974494,
    "gtq_usd": 0.12942591,
    "mxn_clp": 45.7164853,
    "mxn_cop": 212.49005966,
    "mxn_crc": 26.37883356,
    "mxn_gtq": 0.39238872,
    "mxn_mxn": 1,
    "mxn_pen": 0.18863415,
    "mxn_usd": 0.050775021,
    "pen_clp": 242.26163887,
    "pen_cop": 1135.69644823,
    "pen_crc": 140.16207,
    "pen_gtq": 2.08444093,
    "pen_mxn": 5.30592765,
    "pen_pen": 1,
    "pen_usd": 0.26978067,
    "timestamp": "2024-10-01 06:36:16",
    "usd_clp": 897.99480401,
    "usd_cop": 4209.70284114,
    "usd_crc": 519.5408203,
    "usd_gtq": 7.72642807,
    "usd_mxn": 19.66756058,
    "usd_pen": 3.70671481,
    "usd_usd": 1
}