{
    "clp_clp": 1,
    "clp_cop": 4.47624017,
    "clp_crc": 0.51117307,
    "clp_gtq": 0.0077706981,
    "clp_mxn": 0.020391911,
    "clp_pen": 0.0037842963,
    "clp_usd": 0.0010095833,
    "cop_clp": 0.22351034,
    "cop_cop": 1,
    "cop_crc": 0.11445332,
    "cop_gtq": 0.0017366235,
    "cop_mxn": 0.0045493142,
    "cop_pen": 0.00084761434,
    "cop_usd": 0.0002256182,
    "crc_clp": 1.95285149,
    "crc_cop": 8.73718619,
    "crc_crc": 1,
    "crc_gtq": 0.015173203,
    "crc_mxn": 0.039748205,
    "crc_pen": 0.0074057643,
    "crc_usd": 0.0019712682,
    "gtq_clp": 128.6885674,
    "gtq_cop": 576.04093442,
    "gtq_crc": 65.7821302,
    "gtq_gtq": 1,
    "gtq_mxn": 2.62420584,
    "gtq_pen": 0.48699566,
    "gtq_usd": 0.12992182,
    "mxn_clp": 49.03905234,
    "mxn_cop": 219.51057583,
    "mxn_crc": 25.06744298,
    "mxn_gtq": 0.38106767,
    "mxn_mxn": 1,
    "mxn_pen": 0.1855783,
    "mxn_usd": 0.049509007,
    "pen_clp": 263.69344339,
    "pen_cop": 1179.78183207,
    "pen_crc": 135.029952,
    "pen_gtq": 2.04883686,
    "pen_mxn": 5.36719821,
    "pen_pen": 1,
    "pen_usd": 0.26618025,
    "timestamp": "2024-12-25 06:34:17",
    "usd_clp": 990.65743994,
    "usd_cop": 4432.26662905,
    "usd_crc": 507.28764751,
    "usd_gtq": 7.69717842,
    "usd_mxn": 20.16377341,
    "usd_pen": 3.75685276,
    "usd_usd": 1
}