{
    "clp_clp": 1,
    "clp_cop": 4.57934826,
    "clp_crc": 0.53122657,
    "clp_gtq": 0.0080096147,
    "clp_mxn": 0.020968,
    "clp_pen": 0.0039247199,
    "clp_usd": 0.001037985,
    "cop_clp": 0.21837169,
    "cop_cop": 1,
    "cop_crc": 0.11600484,
    "cop_gtq": 0.0017490731,
    "cop_mxn": 0.0045788175,
    "cop_pen": 0.00085704769,
    "cop_usd": 0.00022666653,
    "crc_clp": 1.87296886,
    "crc_cop": 8.43549,
    "crc_crc": 1,
    "crc_gtq": 0.015108216,
    "crc_mxn": 0.038794165,
    "crc_pen": 0.0073400363,
    "crc_usd": 0.0019560102,
    "gtq_clp": 123.97022206,
    "gtq_cop": 558.33793501,
    "gtq_crc": 66.18915264,
    "gtq_gtq": 1,
    "gtq_mxn": 2.56775289,
    "gtq_pen": 0.48583078,
    "gtq_usd": 0.12946666,
    "mxn_clp": 48.2796544,
    "mxn_cop": 217.44223807,
    "mxn_crc": 25.7770726,
    "mxn_gtq": 0.38944557,
    "mxn_mxn": 1,
    "mxn_pen": 0.18920465,
    "mxn_usd": 0.050420217,
    "pen_clp": 255.17160902,
    "pen_cop": 1149.24364004,
    "pen_crc": 136.23910887,
    "pen_gtq": 2.05832985,
    "pen_mxn": 5.28528243,
    "pen_pen": 1,
    "pen_usd": 0.26648509,
    "timestamp": "2024-11-08 06:34:35",
    "usd_clp": 963.40506917,
    "usd_cop": 4411.7673235,
    "usd_crc": 511.78637458,
    "usd_gtq": 7.71650342,
    "usd_mxn": 20.20067745,
    "usd_pen": 3.78109501,
    "usd_usd": 1
}