{
    "clp_clp": 1,
    "clp_cop": 4.4868425,
    "clp_crc": 0.52152299,
    "clp_gtq": 0.0078964667,
    "clp_mxn": 0.02087447,
    "clp_pen": 0.0038495695,
    "clp_usd": 0.001023208,
    "cop_clp": 0.22287388,
    "cop_cop": 1,
    "cop_crc": 0.11623385,
    "cop_gtq": 0.0017599162,
    "cop_mxn": 0.0046523742,
    "cop_pen": 0.00085796849,
    "cop_usd": 0.00022804633,
    "crc_clp": 1.917461,
    "crc_cop": 8.60334551,
    "crc_crc": 1,
    "crc_gtq": 0.015141167,
    "crc_mxn": 0.040025982,
    "crc_pen": 0.0073813993,
    "crc_usd": 0.0019619614,
    "gtq_clp": 126.63891764,
    "gtq_cop": 568.20887829,
    "gtq_crc": 66.04510744,
    "gtq_gtq": 1,
    "gtq_mxn": 2.64352031,
    "gtq_pen": 0.48750531,
    "gtq_usd": 0.12957795,
    "mxn_clp": 47.90540757,
    "mxn_cop": 214.94401882,
    "mxn_crc": 24.98377157,
    "mxn_gtq": 0.37828346,
    "mxn_mxn": 1,
    "mxn_pen": 0.18441519,
    "mxn_usd": 0.049017196,
    "pen_clp": 259.76930885,
    "pen_cop": 1165.54397606,
    "pen_crc": 135.47566761,
    "pen_gtq": 2.0512597,
    "pen_mxn": 5.42254668,
    "pen_pen": 1,
    "pen_usd": 0.26579803,
    "timestamp": "2024-11-28 19:27:07",
    "usd_clp": 977.31840677,
    "usd_cop": 4385.07376705,
    "usd_crc": 509.69402125,
    "usd_gtq": 7.71736228,
    "usd_mxn": 20.4010039,
    "usd_pen": 3.7622551,
    "usd_usd": 1
}