{
    "clp_clp": 1,
    "clp_cop": 4.41244752,
    "clp_crc": 0.54043332,
    "clp_gtq": 0.0081730805,
    "clp_mxn": 0.020685967,
    "clp_pen": 0.0038451436,
    "clp_usd": 0.0010653199,
    "cop_clp": 0.22656219,
    "cop_cop": 1,
    "cop_crc": 0.12248944,
    "cop_gtq": 0.0018504948,
    "cop_mxn": 0.0046319652,
    "cop_pen": 0.0008718094,
    "cop_usd": 0.00024111643,
    "crc_clp": 1.85036703,
    "crc_cop": 8.16464739,
    "crc_crc": 1,
    "crc_gtq": 0.015123199,
    "crc_mxn": 0.038276632,
    "crc_pen": 0.0071149268,
    "crc_usd": 0.0019712328,
    "gtq_clp": 122.35288764,
    "gtq_cop": 539.87569555,
    "gtq_crc": 66.12357761,
    "gtq_gtq": 1,
    "gtq_mxn": 2.53098785,
    "gtq_pen": 0.47046442,
    "gtq_usd": 0.13034496,
    "mxn_clp": 48.34194986,
    "mxn_cop": 213.30631672,
    "mxn_crc": 26.12560059,
    "mxn_gtq": 0.39510265,
    "mxn_mxn": 1,
    "mxn_pen": 0.18588174,
    "mxn_usd": 0.051499641,
    "pen_clp": 260.06831394,
    "pen_cop": 1147.53778668,
    "pen_crc": 140.54958303,
    "pen_gtq": 2.12555927,
    "pen_mxn": 5.37976467,
    "pen_pen": 1,
    "pen_usd": 0.27705595,
    "timestamp": "2025-06-03 06:42:25",
    "usd_clp": 938.68518993,
    "usd_cop": 4141.89913758,
    "usd_crc": 507.29675613,
    "usd_gtq": 7.67194962,
    "usd_mxn": 19.41761126,
    "usd_pen": 3.6093793,
    "usd_usd": 1
}