{
    "clp_clp": 1,
    "clp_cop": 4.01322722,
    "clp_crc": 0.5321792,
    "clp_gtq": 0.0081201187,
    "clp_mxn": 0.01969192,
    "clp_pen": 0.0035783473,
    "clp_usd": 0.0010597367,
    "cop_clp": 0.24917602,
    "cop_cop": 1,
    "cop_crc": 0.1326063,
    "cop_gtq": 0.0020233389,
    "cop_mxn": 0.0049067544,
    "cop_pen": 0.00089163835,
    "cop_usd": 0.00026406099,
    "crc_clp": 1.87906629,
    "crc_cop": 7.54112,
    "crc_crc": 1,
    "crc_gtq": 0.015258241,
    "crc_mxn": 0.037002424,
    "crc_pen": 0.0067239518,
    "crc_usd": 0.0019913156,
    "gtq_clp": 123.15090946,
    "gtq_cop": 494.23258243,
    "gtq_crc": 65.53835268,
    "gtq_gtq": 1,
    "gtq_mxn": 2.4250779,
    "gtq_pen": 0.44067672,
    "gtq_usd": 0.13050754,
    "mxn_clp": 50.78224893,
    "mxn_cop": 203.80070386,
    "mxn_crc": 27.02525669,
    "mxn_gtq": 0.41235789,
    "mxn_mxn": 1,
    "mxn_pen": 0.18171652,
    "mxn_usd": 0.053815815,
    "pen_clp": 279.45862011,
    "pen_cop": 1121.53094205,
    "pen_crc": 148.72206535,
    "pen_gtq": 2.26923716,
    "pen_mxn": 5.50307688,
    "pen_pen": 1,
    "pen_usd": 0.29615257,
    "timestamp": "2025-11-07 06:41:43",
    "usd_clp": 943.63058124,
    "usd_cop": 3787.00393745,
    "usd_crc": 502.18056939,
    "usd_gtq": 7.66239231,
    "usd_mxn": 18.58189823,
    "usd_pen": 3.37663795,
    "usd_usd": 1
}