{
    "clp_clp": 1,
    "clp_cop": 4.09289149,
    "clp_crc": 0.53218749,
    "clp_gtq": 0.0081249242,
    "clp_mxn": 0.019695093,
    "clp_pen": 0.0035729154,
    "clp_usd": 0.0010609629,
    "cop_clp": 0.24432605,
    "cop_cop": 1,
    "cop_crc": 0.13002726,
    "cop_gtq": 0.0019851306,
    "cop_mxn": 0.0048120243,
    "cop_pen": 0.0008729563,
    "cop_usd": 0.00025922088,
    "crc_clp": 1.87903705,
    "crc_cop": 7.69069473,
    "crc_crc": 1,
    "crc_gtq": 0.015267034,
    "crc_mxn": 0.03700781,
    "crc_pen": 0.0067136404,
    "crc_usd": 0.0019935886,
    "gtq_clp": 123.07807072,
    "gtq_cop": 503.74518779,
    "gtq_crc": 65.50060893,
    "gtq_gtq": 1,
    "gtq_mxn": 2.42403409,
    "gtq_pen": 0.43974753,
    "gtq_usd": 0.13058127,
    "mxn_clp": 50.77406766,
    "mxn_cop": 207.81274925,
    "mxn_crc": 27.02132338,
    "mxn_gtq": 0.41253545,
    "mxn_mxn": 1,
    "mxn_pen": 0.18141145,
    "mxn_usd": 0.053869403,
    "pen_clp": 279.88348183,
    "pen_cop": 1145.53271996,
    "pen_crc": 148.95048633,
    "pen_gtq": 2.27403209,
    "pen_mxn": 5.51233129,
    "pen_pen": 1,
    "pen_usd": 0.296946,
    "timestamp": "2025-11-02 19:45:00",
    "usd_clp": 942.54000676,
    "usd_cop": 3857.71396916,
    "usd_crc": 501.60799585,
    "usd_gtq": 7.65806615,
    "usd_mxn": 18.56341338,
    "usd_pen": 3.3676157,
    "usd_usd": 1
}