{
    "clp_clp": 1,
    "clp_cop": 4.2848045,
    "clp_crc": 0.57818746,
    "clp_gtq": 0.0089637254,
    "clp_mxn": 0.020055129,
    "clp_pen": 0.0039245776,
    "clp_usd": 0.0011685947,
    "cop_clp": 0.23338288,
    "cop_cop": 1,
    "cop_crc": 0.13493905,
    "cop_gtq": 0.00209198,
    "cop_mxn": 0.0046805238,
    "cop_pen": 0.00091592921,
    "cop_usd": 0.00027272999,
    "crc_clp": 1.72362573,
    "crc_cop": 7.41995514,
    "crc_crc": 1,
    "crc_gtq": 0.015482575,
    "crc_mxn": 0.034749144,
    "crc_pen": 0.0067786868,
    "crc_usd": 0.0020215708,
    "gtq_clp": 111.56075847,
    "gtq_cop": 478.01604031,
    "gtq_crc": 64.50303133,
    "gtq_gtq": 1,
    "gtq_mxn": 2.23736543,
    "gtq_pen": 0.43782885,
    "gtq_usd": 0.13036931,
    "mxn_clp": 49.60196203,
    "mxn_cop": 213.52914818,
    "mxn_crc": 28.77768723,
    "mxn_gtq": 0.4455527,
    "mxn_mxn": 1,
    "mxn_pen": 0.19507493,
    "mxn_usd": 0.058176132,
    "pen_clp": 254.80449101,
    "pen_cop": 1091.78743057,
    "pen_crc": 147.32476089,
    "pen_gtq": 2.28399748,
    "pen_mxn": 5.11013701,
    "pen_pen": 1,
    "pen_usd": 0.29776317,
    "timestamp": "2026-02-11 07:14:22",
    "usd_clp": 852.61705483,
    "usd_cop": 3670.39096855,
    "usd_crc": 494.66484652,
    "usd_gtq": 7.6586856,
    "usd_mxn": 17.18918002,
    "usd_pen": 3.35317807,
    "usd_usd": 1
}