{
    "clp_clp": 1,
    "clp_cop": 4.25660293,
    "clp_crc": 0.52200577,
    "clp_gtq": 0.007910934,
    "clp_mxn": 0.019453713,
    "clp_pen": 0.0036956823,
    "clp_usd": 0.0010315707,
    "cop_clp": 0.23492912,
    "cop_cop": 1,
    "cop_crc": 0.12263436,
    "cop_gtq": 0.0018585088,
    "cop_mxn": 0.0045702439,
    "cop_pen": 0.00086822341,
    "cop_usd": 0.000242346,
    "crc_clp": 1.91568762,
    "crc_cop": 8.15432153,
    "crc_crc": 1,
    "crc_gtq": 0.015154878,
    "crc_mxn": 0.037267238,
    "crc_pen": 0.0070797729,
    "crc_usd": 0.0019761672,
    "gtq_clp": 126.40732444,
    "gtq_cop": 538.06578755,
    "gtq_crc": 65.98535336,
    "gtq_gtq": 1,
    "gtq_mxn": 2.45909187,
    "gtq_pen": 0.46716131,
    "gtq_usd": 0.13039809,
    "mxn_clp": 51.40406755,
    "mxn_cop": 218.80670452,
    "mxn_crc": 26.83322012,
    "mxn_gtq": 0.40665419,
    "mxn_mxn": 1,
    "mxn_pen": 0.1899731,
    "mxn_usd": 0.05302693,
    "pen_clp": 270.58602835,
    "pen_cop": 1151.77728099,
    "pen_crc": 141.24746943,
    "pen_gtq": 2.14058821,
    "pen_mxn": 5.26390306,
    "pen_pen": 1,
    "pen_usd": 0.27912862,
    "timestamp": "2025-08-03 20:03:41",
    "usd_clp": 969.39549637,
    "usd_cop": 4126.33170982,
    "usd_crc": 506.03004736,
    "usd_gtq": 7.66882379,
    "usd_mxn": 18.8583422,
    "usd_pen": 3.58257779,
    "usd_usd": 1
}