{
    "clp_clp": 1,
    "clp_cop": 4.47624017,
    "clp_crc": 0.51117307,
    "clp_gtq": 0.0077706981,
    "clp_mxn": 0.020391911,
    "clp_pen": 0.0037842963,
    "clp_usd": 0.0010095833,
    "cop_clp": 0.22340178,
    "cop_cop": 1,
    "cop_crc": 0.11419697,
    "cop_gtq": 0.0017359877,
    "cop_mxn": 0.0045555892,
    "cop_pen": 0.0008454185,
    "cop_usd": 0.00022554269,
    "crc_clp": 1.95628459,
    "crc_cop": 8.75679965,
    "crc_crc": 1,
    "crc_gtq": 0.015201697,
    "crc_mxn": 0.039892382,
    "crc_pen": 0.0074031604,
    "crc_usd": 0.0019750322,
    "gtq_clp": 128.6885674,
    "gtq_cop": 576.04093442,
    "gtq_crc": 65.7821302,
    "gtq_gtq": 1,
    "gtq_mxn": 2.62420584,
    "gtq_pen": 0.48699566,
    "gtq_usd": 0.12992182,
    "mxn_clp": 49.03905234,
    "mxn_cop": 219.51057583,
    "mxn_crc": 25.06744298,
    "mxn_gtq": 0.38106767,
    "mxn_mxn": 1,
    "mxn_pen": 0.1855783,
    "mxn_usd": 0.049509007,
    "pen_clp": 264.2499245,
    "pen_cop": 1182.84612617,
    "pen_crc": 135.07744542,
    "pen_gtq": 2.05340637,
    "pen_mxn": 5.38856099,
    "pen_pen": 1,
    "pen_usd": 0.2667823,
    "timestamp": "2024-12-24 19:20:45",
    "usd_clp": 990.50770332,
    "usd_cop": 4433.75036724,
    "usd_crc": 506.32086457,
    "usd_gtq": 7.69693628,
    "usd_mxn": 20.19834512,
    "usd_pen": 3.74837459,
    "usd_usd": 1
}