{
    "clp_clp": 1,
    "clp_cop": 4.38021486,
    "clp_crc": 0.51368944,
    "clp_gtq": 0.0078064352,
    "clp_mxn": 0.020398924,
    "clp_pen": 0.0037907525,
    "clp_usd": 0.001013904,
    "cop_clp": 0.2282993,
    "cop_cop": 1,
    "cop_crc": 0.11727494,
    "cop_gtq": 0.0017822037,
    "cop_mxn": 0.0046570602,
    "cop_pen": 0.00086542616,
    "cop_usd": 0.00023147359,
    "crc_clp": 1.94670149,
    "crc_cop": 8.5269708,
    "crc_crc": 1,
    "crc_gtq": 0.015196799,
    "crc_mxn": 0.039710616,
    "crc_pen": 0.0073794636,
    "crc_usd": 0.0019737685,
    "gtq_clp": 128.09944272,
    "gtq_cop": 561.10308286,
    "gtq_crc": 65.80333109,
    "gtq_gtq": 1,
    "gtq_mxn": 2.61309082,
    "gtq_pen": 0.48559329,
    "gtq_usd": 0.12988054,
    "mxn_clp": 48.74977556,
    "mxn_cop": 215.56291664,
    "mxn_crc": 25.03895662,
    "mxn_gtq": 0.38321257,
    "mxn_mxn": 1,
    "mxn_pen": 0.18515493,
    "mxn_usd": 0.049676634,
    "pen_clp": 263.79986389,
    "pen_cop": 1155.50008447,
    "pen_crc": 135.51120456,
    "pen_gtq": 2.05933655,
    "pen_mxn": 5.38123342,
    "pen_pen": 1,
    "pen_usd": 0.26746775,
    "timestamp": "2024-12-15 06:35:19",
    "usd_clp": 981.34215682,
    "usd_cop": 4339.32208135,
    "usd_crc": 504.0389091,
    "usd_gtq": 7.71414109,
    "usd_mxn": 20.1301882,
    "usd_pen": 3.72720355,
    "usd_usd": 1
}