{
    "clp_clp": 1,
    "clp_cop": 4.05598859,
    "clp_crc": 0.50658984,
    "clp_gtq": 0.0085054008,
    "clp_mxn": 0.019285557,
    "clp_pen": 0.003800635,
    "clp_usd": 0.0011160062,
    "cop_clp": 0.24654902,
    "cop_cop": 1,
    "cop_crc": 0.12489923,
    "cop_gtq": 0.0020969982,
    "cop_mxn": 0.0047548351,
    "cop_pen": 0.00093704282,
    "cop_usd": 0.00027515023,
    "crc_clp": 1.97398355,
    "crc_cop": 8.00645475,
    "crc_crc": 1,
    "crc_gtq": 0.016789521,
    "crc_mxn": 0.038069372,
    "crc_pen": 0.0075023909,
    "crc_usd": 0.0022029779,
    "gtq_clp": 117.57235449,
    "gtq_cop": 476.87212879,
    "gtq_crc": 59.5609597,
    "gtq_gtq": 1,
    "gtq_mxn": 2.26744833,
    "gtq_pen": 0.4468496,
    "gtq_usd": 0.13121148,
    "mxn_clp": 51.85227499,
    "mxn_cop": 210.31223595,
    "mxn_crc": 26.26783545,
    "mxn_gtq": 0.44102438,
    "mxn_mxn": 1,
    "mxn_pen": 0.19707157,
    "mxn_usd": 0.057867461,
    "pen_clp": 263.11392763,
    "pen_cop": 1067.1870894,
    "pen_crc": 133.29084126,
    "pen_gtq": 2.23788942,
    "pen_mxn": 5.07429862,
    "pen_pen": 1,
    "pen_usd": 0.29363678,
    "timestamp": "2026-05-26 21:58:35",
    "usd_clp": 896.05236134,
    "usd_cop": 3634.37815726,
    "usd_crc": 453.93101815,
    "usd_gtq": 7.62128449,
    "usd_mxn": 17.2808688,
    "usd_pen": 3.40556796,
    "usd_usd": 1
}