{
    "clp_clp": 1,
    "clp_cop": 3.99668931,
    "clp_crc": 0.53086362,
    "clp_gtq": 0.0081030046,
    "clp_mxn": 0.019505069,
    "clp_pen": 0.0035703018,
    "clp_usd": 0.0010575542,
    "cop_clp": 0.25016509,
    "cop_cop": 1,
    "cop_crc": 0.13301705,
    "cop_gtq": 0.002025544,
    "cop_mxn": 0.0048807281,
    "cop_pen": 0.00089314763,
    "cop_usd": 0.00026452176,
    "crc_clp": 1.8806994,
    "crc_cop": 7.51783299,
    "crc_crc": 1,
    "crc_gtq": 0.015227701,
    "crc_mxn": 0.036692499,
    "crc_pen": 0.0067145347,
    "crc_usd": 0.0019886304,
    "gtq_clp": 123.50514182,
    "gtq_cop": 493.694543,
    "gtq_crc": 65.66979393,
    "gtq_gtq": 1,
    "gtq_mxn": 2.40958884,
    "gtq_pen": 0.44094211,
    "gtq_usd": 0.13059295,
    "mxn_clp": 51.25569139,
    "mxn_cop": 204.88746269,
    "mxn_crc": 27.25352679,
    "mxn_gtq": 0.41500856,
    "mxn_mxn": 1,
    "mxn_pen": 0.18299475,
    "mxn_usd": 0.054197192,
    "pen_clp": 280.09377806,
    "pen_cop": 1119.63573113,
    "pen_crc": 148.93064706,
    "pen_gtq": 2.26787139,
    "pen_mxn": 5.46463759,
    "pen_pen": 1,
    "pen_usd": 0.29616801,
    "timestamp": "2025-11-09 19:46:16",
    "usd_clp": 945.7259582,
    "usd_cop": 3780.40734069,
    "usd_crc": 502.85864925,
    "usd_gtq": 7.65738126,
    "usd_mxn": 18.4511404,
    "usd_pen": 3.37646186,
    "usd_usd": 1
}