{
    "clp_clp": 1,
    "clp_cop": 4.44678562,
    "clp_crc": 0.579047,
    "clp_gtq": 0.0085068053,
    "clp_mxn": 0.021394528,
    "clp_pen": 0.0041317503,
    "clp_usd": 0.0011026933,
    "cop_clp": 0.22488154,
    "cop_cop": 1,
    "cop_crc": 0.13021698,
    "cop_gtq": 0.0019130235,
    "cop_mxn": 0.0048112344,
    "cop_pen": 0.00092915436,
    "cop_usd": 0.00024797536,
    "crc_clp": 1.72697553,
    "crc_cop": 7.67948996,
    "crc_crc": 1,
    "crc_gtq": 0.014691045,
    "crc_mxn": 0.036947826,
    "crc_pen": 0.0071354316,
    "crc_usd": 0.0019043243,
    "gtq_clp": 117.55294346,
    "gtq_cop": 522.73273905,
    "gtq_crc": 68.06867927,
    "gtq_gtq": 1,
    "gtq_mxn": 2.51498972,
    "gtq_pen": 0.4856994,
    "gtq_usd": 0.12962484,
    "mxn_clp": 46.74092402,
    "mxn_cop": 207.84686901,
    "mxn_crc": 27.06519184,
    "mxn_gtq": 0.39761594,
    "mxn_mxn": 1,
    "mxn_pen": 0.19312182,
    "mxn_usd": 0.051540902,
    "pen_clp": 242.02818117,
    "pen_cop": 1076.24743665,
    "pen_crc": 140.14569225,
    "pen_gtq": 2.05888661,
    "pen_mxn": 5.17807866,
    "pen_pen": 1,
    "pen_usd": 0.26688284,
    "timestamp": "2024-08-27 19:15:39",
    "usd_clp": 906.87050949,
    "usd_cop": 4032.6587445,
    "usd_crc": 525.12064803,
    "usd_gtq": 7.71457084,
    "usd_mxn": 19.40206636,
    "usd_pen": 3.74696246,
    "usd_usd": 1
}