{
    "clp_clp": 1,
    "clp_cop": 4.23382494,
    "clp_crc": 0.57292158,
    "clp_gtq": 0.0088619232,
    "clp_mxn": 0.020124405,
    "clp_pen": 0.0038804381,
    "clp_usd": 0.0011528315,
    "cop_clp": 0.23619304,
    "cop_cop": 1,
    "cop_crc": 0.13532009,
    "cop_gtq": 0.0020931246,
    "cop_mxn": 0.0047532444,
    "cop_pen": 0.00091653248,
    "cop_usd": 0.00027229079,
    "crc_clp": 1.74543956,
    "crc_cop": 7.38988555,
    "crc_crc": 1,
    "crc_gtq": 0.015467951,
    "crc_mxn": 0.035125932,
    "crc_pen": 0.0067730702,
    "crc_usd": 0.0020121978,
    "gtq_clp": 112.8423236,
    "gtq_cop": 477.75464349,
    "gtq_crc": 64.6498028,
    "gtq_gtq": 1,
    "gtq_mxn": 2.27088457,
    "gtq_pen": 0.43787765,
    "gtq_usd": 0.13008819,
    "mxn_clp": 49.6909112,
    "mxn_cop": 210.38261893,
    "mxn_crc": 28.46899557,
    "mxn_gtq": 0.44035704,
    "mxn_mxn": 1,
    "mxn_pen": 0.1928225,
    "mxn_usd": 0.05728525,
    "pen_clp": 257.7028621,
    "pen_cop": 1091.06880363,
    "pen_crc": 147.64353201,
    "pen_gtq": 2.28374296,
    "pen_mxn": 5.18611665,
    "pen_pen": 1,
    "pen_usd": 0.29708799,
    "timestamp": "2026-02-02 20:23:50",
    "usd_clp": 867.42942207,
    "usd_cop": 3672.54431729,
    "usd_crc": 496.96903869,
    "usd_gtq": 7.68709288,
    "usd_mxn": 17.45650062,
    "usd_pen": 3.36600616,
    "usd_usd": 1
}