{
    "clp_clp": 1,
    "clp_cop": 4.56627253,
    "clp_crc": 0.54463926,
    "clp_gtq": 0.0081749113,
    "clp_mxn": 0.020976156,
    "clp_pen": 0.003974092,
    "clp_usd": 0.0010577435,
    "cop_clp": 0.22037075,
    "cop_cop": 1,
    "cop_crc": 0.11989221,
    "cop_gtq": 0.0017994771,
    "cop_mxn": 0.0046135421,
    "cop_pen": 0.00087312494,
    "cop_usd": 0.00023272404,
    "crc_clp": 1.83807393,
    "crc_cop": 8.34082538,
    "crc_crc": 1,
    "crc_gtq": 0.015009124,
    "crc_mxn": 0.038480749,
    "crc_pen": 0.0072825826,
    "crc_usd": 0.0019411106,
    "gtq_clp": 122.46376717,
    "gtq_cop": 555.71698298,
    "gtq_crc": 66.62613806,
    "gtq_gtq": 1,
    "gtq_mxn": 2.56382372,
    "gtq_pen": 0.48521036,
    "gtq_usd": 0.1293287,
    "mxn_clp": 47.76606371,
    "mxn_cop": 216.75319504,
    "mxn_crc": 25.9870199,
    "mxn_gtq": 0.39004242,
    "mxn_mxn": 1,
    "mxn_pen": 0.18925262,
    "mxn_usd": 0.05044368,
    "pen_clp": 252.39314408,
    "pen_cop": 1145.31146471,
    "pen_crc": 137.31392436,
    "pen_gtq": 2.06096178,
    "pen_mxn": 5.28394271,
    "pen_pen": 1,
    "pen_usd": 0.26654152,
    "timestamp": "2024-10-25 19:19:36",
    "usd_clp": 946.91869505,
    "usd_cop": 4296.93461573,
    "usd_crc": 515.16899375,
    "usd_gtq": 7.73223556,
    "usd_mxn": 19.82408894,
    "usd_pen": 3.75176076,
    "usd_usd": 1
}