{
    "clp_clp": 1,
    "clp_cop": 4.47324107,
    "clp_crc": 0.5335935,
    "clp_gtq": 0.0081099371,
    "clp_mxn": 0.020643916,
    "clp_pen": 0.0038622999,
    "clp_usd": 0.0010535988,
    "cop_clp": 0.22289163,
    "cop_cop": 1,
    "cop_crc": 0.11886585,
    "cop_gtq": 0.0018119404,
    "cop_mxn": 0.0046060247,
    "cop_pen": 0.00086414867,
    "cop_usd": 0.00023527177,
    "crc_clp": 1.87515276,
    "crc_cop": 8.41284501,
    "crc_crc": 1,
    "crc_gtq": 0.015243574,
    "crc_mxn": 0.038749772,
    "crc_pen": 0.0072699488,
    "crc_usd": 0.001979305,
    "gtq_clp": 123.01267274,
    "gtq_cop": 551.89452815,
    "gtq_crc": 65.60141398,
    "gtq_gtq": 1,
    "gtq_mxn": 2.5420398,
    "gtq_pen": 0.47691892,
    "gtq_usd": 0.12984521,
    "mxn_clp": 48.39132438,
    "mxn_cop": 217.10695768,
    "mxn_crc": 25.80660377,
    "mxn_gtq": 0.39338487,
    "mxn_mxn": 1,
    "mxn_pen": 0.18761269,
    "mxn_usd": 0.051079139,
    "pen_clp": 257.93204589,
    "pen_cop": 1157.20829078,
    "pen_crc": 137.55255084,
    "pen_gtq": 2.09679247,
    "pen_mxn": 5.33012992,
    "pen_pen": 1,
    "pen_usd": 0.27225845,
    "timestamp": "2025-05-03 06:36:28",
    "usd_clp": 947.37940174,
    "usd_cop": 4250.40360695,
    "usd_crc": 505.22785128,
    "usd_gtq": 7.70147807,
    "usd_mxn": 19.57746381,
    "usd_pen": 3.6729806,
    "usd_usd": 1
}