{
    "clp_clp": 1,
    "clp_cop": 4.09006198,
    "clp_crc": 0.5245568,
    "clp_gtq": 0.0079789344,
    "clp_mxn": 0.019365023,
    "clp_pen": 0.0035796988,
    "clp_usd": 0.0010419216,
    "cop_clp": 0.24449507,
    "cop_cop": 1,
    "cop_crc": 0.12825155,
    "cop_gtq": 0.0019508101,
    "cop_mxn": 0.0047346527,
    "cop_pen": 0.00087521871,
    "cop_usd": 0.00025474471,
    "crc_clp": 1.91004424,
    "crc_cop": 7.80186545,
    "crc_crc": 1,
    "crc_gtq": 0.015215445,
    "crc_mxn": 0.037010882,
    "crc_pen": 0.0068350065,
    "crc_usd": 0.0019895836,
    "gtq_clp": 125.33001859,
    "gtq_cop": 512.60754437,
    "gtq_crc": 65.74271307,
    "gtq_gtq": 1,
    "gtq_mxn": 2.42701868,
    "gtq_pen": 0.44864371,
    "gtq_usd": 0.13058406,
    "mxn_clp": 51.63949486,
    "mxn_cop": 211.20873474,
    "mxn_crc": 27.087848,
    "mxn_gtq": 0.41202814,
    "mxn_mxn": 1,
    "mxn_pen": 0.18485384,
    "mxn_usd": 0.053804307,
    "pen_clp": 279.35311427,
    "pen_cop": 1142.57155247,
    "pen_crc": 146.53657473,
    "pen_gtq": 2.22894018,
    "pen_mxn": 5.40967945,
    "pen_pen": 1,
    "pen_usd": 0.29106405,
    "timestamp": "2025-10-12 06:36:30",
    "usd_clp": 959.76507442,
    "usd_cop": 3925.49864343,
    "usd_crc": 503.4512929,
    "usd_gtq": 7.65790259,
    "usd_mxn": 18.58587264,
    "usd_pen": 3.43566986,
    "usd_usd": 1
}