{
    "clp_clp": 1,
    "clp_cop": 4.41860652,
    "clp_crc": 0.54244134,
    "clp_gtq": 0.0082957453,
    "clp_mxn": 0.021840716,
    "clp_pen": 0.0039296022,
    "clp_usd": 0.0010764066,
    "cop_clp": 0.22631569,
    "cop_cop": 1,
    "cop_crc": 0.12276299,
    "cop_gtq": 0.0018774574,
    "cop_mxn": 0.0049428968,
    "cop_pen": 0.00088933066,
    "cop_usd": 0.0002436077,
    "crc_clp": 1.84351731,
    "crc_cop": 8.14577761,
    "crc_crc": 1,
    "crc_gtq": 0.01529335,
    "crc_mxn": 0.040263738,
    "crc_pen": 0.0072442898,
    "crc_usd": 0.0019843741,
    "gtq_clp": 120.54371985,
    "gtq_cop": 532.63526684,
    "gtq_crc": 65.3878969,
    "gtq_gtq": 1,
    "gtq_mxn": 2.63276116,
    "gtq_pen": 0.47368887,
    "gtq_usd": 0.12975405,
    "mxn_clp": 45.78604457,
    "mxn_cop": 202.31051522,
    "mxn_crc": 24.83624336,
    "mxn_gtq": 0.37982937,
    "mxn_mxn": 1,
    "mxn_pen": 0.17992094,
    "mxn_usd": 0.049284399,
    "pen_clp": 254.47868224,
    "pen_cop": 1124.44116535,
    "pen_crc": 138.03975736,
    "pen_gtq": 2.11109034,
    "pen_mxn": 5.55799665,
    "pen_pen": 1,
    "pen_usd": 0.27392252,
    "timestamp": "2025-03-07 19:08:42",
    "usd_clp": 929.01701059,
    "usd_cop": 4104.96062312,
    "usd_crc": 503.93723197,
    "usd_gtq": 7.70688852,
    "usd_mxn": 20.29039676,
    "usd_pen": 3.65066733,
    "usd_usd": 1
}