{
    "clp_clp": 1,
    "clp_cop": 4.18591626,
    "clp_crc": 0.55279406,
    "clp_gtq": 0.0085230005,
    "clp_mxn": 0.020015636,
    "clp_pen": 0.0037349344,
    "clp_usd": 0.0011112513,
    "cop_clp": 0.23889632,
    "cop_cop": 1,
    "cop_crc": 0.13206047,
    "cop_gtq": 0.0020361135,
    "cop_mxn": 0.0047816618,
    "cop_pen": 0.00089226209,
    "cop_usd": 0.00026547384,
    "crc_clp": 1.80899194,
    "crc_cop": 7.57228879,
    "crc_crc": 1,
    "crc_gtq": 0.015418039,
    "crc_mxn": 0.036208124,
    "crc_pen": 0.0067564662,
    "crc_usd": 0.0020102446,
    "gtq_clp": 117.32957145,
    "gtq_cop": 491.13176078,
    "gtq_crc": 64.85909012,
    "gtq_gtq": 1,
    "gtq_mxn": 2.34842597,
    "gtq_pen": 0.43821825,
    "gtq_usd": 0.13038264,
    "mxn_clp": 49.96094099,
    "mxn_cop": 209.13231521,
    "mxn_crc": 27.6181114,
    "mxn_gtq": 0.42581713,
    "mxn_mxn": 1,
    "mxn_pen": 0.18660084,
    "mxn_usd": 0.055519159,
    "pen_clp": 267.74232134,
    "pen_cop": 1120.74693611,
    "pen_crc": 148.00636477,
    "pen_gtq": 2.28196795,
    "pen_mxn": 5.3590328,
    "pen_pen": 1,
    "pen_usd": 0.297529,
    "timestamp": "2026-01-01 06:46:45",
    "usd_clp": 899.88648123,
    "usd_cop": 3766.84945306,
    "usd_crc": 497.45190124,
    "usd_gtq": 7.66973296,
    "usd_mxn": 18.01180009,
    "usd_pen": 3.36101695,
    "usd_usd": 1
}