{
    "clp_clp": 1,
    "clp_cop": 4.23843277,
    "clp_crc": 0.57829643,
    "clp_gtq": 0.0089242523,
    "clp_mxn": 0.020009869,
    "clp_pen": 0.0038879424,
    "clp_usd": 0.0011634143,
    "cop_clp": 0.23593627,
    "cop_cop": 1,
    "cop_crc": 0.1364411,
    "cop_gtq": 0.0021055548,
    "cop_mxn": 0.0047210538,
    "cop_pen": 0.00091730661,
    "cop_usd": 0.00027449162,
    "crc_clp": 1.72921698,
    "crc_cop": 7.32916993,
    "crc_crc": 1,
    "crc_gtq": 0.015431969,
    "crc_mxn": 0.034601406,
    "crc_pen": 0.0067230961,
    "crc_usd": 0.0020117957,
    "gtq_clp": 112.05420515,
    "gtq_cop": 474.93421507,
    "gtq_crc": 64.8005463,
    "gtq_gtq": 1,
    "gtq_mxn": 2.24218999,
    "gtq_pen": 0.4356603,
    "gtq_usd": 0.13036546,
    "mxn_clp": 49.97533915,
    "mxn_cop": 211.81711511,
    "mxn_crc": 28.90055999,
    "mxn_gtq": 0.44599254,
    "mxn_mxn": 1,
    "mxn_pen": 0.19430124,
    "mxn_usd": 0.058142022,
    "pen_clp": 257.20545555,
    "pen_cop": 1090.14803125,
    "pen_crc": 148.74099555,
    "pen_gtq": 2.29536638,
    "pen_mxn": 5.14664753,
    "pen_pen": 1,
    "pen_usd": 0.29923649,
    "timestamp": "2026-01-28 20:09:17",
    "usd_clp": 859.53906269,
    "usd_cop": 3643.09852983,
    "usd_crc": 497.0683675,
    "usd_gtq": 7.67074347,
    "usd_mxn": 17.19926422,
    "usd_pen": 3.34183838,
    "usd_usd": 1
}