{
    "clp_clp": 1,
    "clp_cop": 4.52118785,
    "clp_crc": 0.55650447,
    "clp_gtq": 0.0083180597,
    "clp_mxn": 0.020569341,
    "clp_pen": 0.0040404691,
    "clp_usd": 0.0010754132,
    "cop_clp": 0.22118081,
    "cop_cop": 1,
    "cop_crc": 0.12308811,
    "cop_gtq": 0.0018397952,
    "cop_mxn": 0.0045495435,
    "cop_pen": 0.00089367424,
    "cop_usd": 0.00023786077,
    "crc_clp": 1.79693075,
    "crc_cop": 8.12426149,
    "crc_crc": 1,
    "crc_gtq": 0.014946977,
    "crc_mxn": 0.036961681,
    "crc_pen": 0.0072604432,
    "crc_usd": 0.0019324431,
    "gtq_clp": 120.22034402,
    "gtq_cop": 543.53875893,
    "gtq_crc": 66.90315905,
    "gtq_gtq": 1,
    "gtq_mxn": 2.47285324,
    "gtq_pen": 0.48574659,
    "gtq_usd": 0.12928655,
    "mxn_clp": 48.61604478,
    "mxn_cop": 219.80227109,
    "mxn_crc": 27.05504632,
    "mxn_gtq": 0.40439116,
    "mxn_mxn": 1,
    "mxn_pen": 0.19643163,
    "mxn_usd": 0.052282338,
    "pen_clp": 247.49601311,
    "pen_cop": 1118.97596789,
    "pen_crc": 137.73263805,
    "pen_gtq": 2.05868662,
    "pen_mxn": 5.09082987,
    "pen_pen": 1,
    "pen_usd": 0.26616049,
    "timestamp": "2024-09-18 19:19:09",
    "usd_clp": 929.87511468,
    "usd_cop": 4204.14007232,
    "usd_crc": 517.47965953,
    "usd_gtq": 7.73475673,
    "usd_mxn": 19.12691826,
    "usd_pen": 3.75713169,
    "usd_usd": 1
}