{
    "clp_clp": 1,
    "clp_cop": 4.3810834,
    "clp_crc": 0.52802973,
    "clp_gtq": 0.0081199802,
    "clp_mxn": 0.020979278,
    "clp_pen": 0.0038687458,
    "clp_usd": 0.0010535189,
    "cop_clp": 0.22825404,
    "cop_cop": 1,
    "cop_crc": 0.12052492,
    "cop_gtq": 0.0018534183,
    "cop_mxn": 0.0047886051,
    "cop_pen": 0.00088305688,
    "cop_usd": 0.00024046996,
    "crc_clp": 1.89383275,
    "crc_cop": 8.29703924,
    "crc_crc": 1,
    "crc_gtq": 0.015377885,
    "crc_mxn": 0.039731245,
    "crc_pen": 0.0073267576,
    "crc_usd": 0.0019951887,
    "gtq_clp": 123.15300893,
    "gtq_cop": 539.54360304,
    "gtq_crc": 65.0284502,
    "gtq_gtq": 1,
    "gtq_mxn": 2.58366125,
    "gtq_pen": 0.47644769,
    "gtq_usd": 0.12974403,
    "mxn_clp": 47.28485825,
    "mxn_cop": 205.45694674,
    "mxn_crc": 24.72432166,
    "mxn_gtq": 0.381186,
    "mxn_mxn": 1,
    "mxn_pen": 0.18108521,
    "mxn_usd": 0.049510355,
    "pen_clp": 258.48170092,
    "pen_cop": 1132.42988896,
    "pen_crc": 136.48602304,
    "pen_gtq": 2.09886631,
    "pen_mxn": 5.42275955,
    "pen_pen": 1,
    "pen_usd": 0.27231537,
    "timestamp": "2025-04-04 06:38:14",
    "usd_clp": 949.1998383,
    "usd_cop": 4158.52365438,
    "usd_crc": 501.20573542,
    "usd_gtq": 7.70748394,
    "usd_mxn": 19.91352762,
    "usd_pen": 3.67221291,
    "usd_usd": 1
}