{
    "clp_clp": 1,
    "clp_cop": 4.07377053,
    "clp_crc": 0.51637949,
    "clp_gtq": 0.0085348834,
    "clp_mxn": 0.019441977,
    "clp_pen": 0.0037655407,
    "clp_usd": 0.0011173938,
    "cop_clp": 0.24547283,
    "cop_cop": 1,
    "cop_crc": 0.12675714,
    "cop_gtq": 0.002095082,
    "cop_mxn": 0.0047724771,
    "cop_pen": 0.00092433796,
    "cop_usd": 0.00027428983,
    "crc_clp": 1.93656025,
    "crc_cop": 7.88910206,
    "crc_crc": 1,
    "crc_gtq": 0.016528316,
    "crc_mxn": 0.037650559,
    "crc_pen": 0.0072921965,
    "crc_usd": 0.0021639005,
    "gtq_clp": 117.16621681,
    "gtq_cop": 477.30828093,
    "gtq_crc": 60.50223169,
    "gtq_gtq": 1,
    "gtq_mxn": 2.27794285,
    "gtq_pen": 0.44119416,
    "gtq_usd": 0.13092081,
    "mxn_clp": 51.43509932,
    "mxn_cop": 209.53479172,
    "mxn_crc": 26.56003053,
    "mxn_gtq": 0.43899258,
    "mxn_mxn": 1,
    "mxn_pen": 0.19368096,
    "mxn_usd": 0.057473263,
    "pen_clp": 265.56610849,
    "pen_cop": 1081.855386,
    "pen_crc": 137.13289258,
    "pen_gtq": 2.26657577,
    "pen_mxn": 5.16313008,
    "pen_pen": 1,
    "pen_usd": 0.29674193,
    "timestamp": "2026-04-13 20:43:27",
    "usd_clp": 894.93960589,
    "usd_cop": 3645.77859088,
    "usd_crc": 462.12846036,
    "usd_gtq": 7.63820519,
    "usd_mxn": 17.39939492,
    "usd_pen": 3.36993154,
    "usd_usd": 1
}