{
    "clp_clp": 1,
    "clp_cop": 4.22348064,
    "clp_crc": 0.53094353,
    "clp_gtq": 0.0080499486,
    "clp_mxn": 0.019553816,
    "clp_pen": 0.0037160047,
    "clp_usd": 0.0010493278,
    "cop_clp": 0.23837458,
    "cop_cop": 1,
    "cop_crc": 0.12481697,
    "cop_gtq": 0.0018932977,
    "cop_mxn": 0.00463828,
    "cop_pen": 0.00087963401,
    "cop_usd": 0.00024683055,
    "crc_clp": 1.90979311,
    "crc_cop": 8.01173142,
    "crc_crc": 1,
    "crc_gtq": 0.015168593,
    "crc_mxn": 0.037160654,
    "crc_pen": 0.0070473915,
    "crc_usd": 0.0019775401,
    "gtq_clp": 125.9044369,
    "gtq_cop": 528.17895672,
    "gtq_crc": 65.92569436,
    "gtq_gtq": 1,
    "gtq_mxn": 2.44984188,
    "gtq_pen": 0.46460418,
    "gtq_usd": 0.1303707,
    "mxn_clp": 51.39288282,
    "mxn_cop": 215.5971616,
    "mxn_crc": 26.91018337,
    "mxn_gtq": 0.40818961,
    "mxn_mxn": 1,
    "mxn_pen": 0.1896466,
    "mxn_usd": 0.053215966,
    "pen_clp": 269.10622526,
    "pen_cop": 1136.56493178,
    "pen_crc": 142.88020977,
    "pen_gtq": 2.16629127,
    "pen_mxn": 5.2620537,
    "pen_pen": 1,
    "pen_usd": 0.28238065,
    "timestamp": "2025-08-15 19:42:34",
    "usd_clp": 952.99101252,
    "usd_cop": 4024.93908891,
    "usd_crc": 505.9844143,
    "usd_gtq": 7.67152862,
    "usd_mxn": 18.63461122,
    "usd_pen": 3.54131909,
    "usd_usd": 1
}