{
    "clp_clp": 1,
    "clp_cop": 4.34375149,
    "clp_crc": 0.549709,
    "clp_gtq": 0.0081448683,
    "clp_mxn": 0.020411396,
    "clp_pen": 0.003920523,
    "clp_usd": 0.0010510139,
    "cop_clp": 0.23021575,
    "cop_cop": 1,
    "cop_crc": 0.12655167,
    "cop_gtq": 0.0018750769,
    "cop_mxn": 0.0046990248,
    "cop_pen": 0.00090256614,
    "cop_usd": 0.00024195996,
    "crc_clp": 1.81914433,
    "crc_cop": 7.90191088,
    "crc_crc": 1,
    "crc_gtq": 0.014816691,
    "crc_mxn": 0.037131276,
    "crc_pen": 0.0071319972,
    "crc_usd": 0.001911946,
    "gtq_clp": 122.77669406,
    "gtq_cop": 533.31144773,
    "gtq_crc": 67.49145312,
    "gtq_gtq": 1,
    "gtq_mxn": 2.50604374,
    "gtq_pen": 0.48134885,
    "gtq_usd": 0.12904001,
    "mxn_clp": 48.99223899,
    "mxn_cop": 212.8101111,
    "mxn_crc": 26.93147446,
    "mxn_gtq": 0.39903533,
    "mxn_mxn": 1,
    "mxn_pen": 0.1920752,
    "mxn_usd": 0.051491525,
    "pen_clp": 255.06800993,
    "pen_cop": 1107.95204814,
    "pen_crc": 140.21317943,
    "pen_gtq": 2.07749534,
    "pen_mxn": 5.2062942,
    "pen_pen": 1,
    "pen_usd": 0.26808003,
    "timestamp": "2024-08-05 19:12:31",
    "usd_clp": 951.46218724,
    "usd_cop": 4132.91529335,
    "usd_crc": 523.02732286,
    "usd_gtq": 7.74953418,
    "usd_mxn": 19.42067166,
    "usd_pen": 3.73022939,
    "usd_usd": 1
}