{
    "clp_clp": 1,
    "clp_cop": 4.19507819,
    "clp_crc": 0.52361693,
    "clp_gtq": 0.0079425318,
    "clp_mxn": 0.019457947,
    "clp_pen": 0.0036901335,
    "clp_usd": 0.0010354735,
    "cop_clp": 0.23837458,
    "cop_cop": 1,
    "cop_crc": 0.12481697,
    "cop_gtq": 0.0018932977,
    "cop_mxn": 0.00463828,
    "cop_pen": 0.00087963401,
    "cop_usd": 0.00024683055,
    "crc_clp": 1.90979311,
    "crc_cop": 8.01173142,
    "crc_crc": 1,
    "crc_gtq": 0.015168593,
    "crc_mxn": 0.037160654,
    "crc_pen": 0.0070473915,
    "crc_usd": 0.0019775401,
    "gtq_clp": 125.9044369,
    "gtq_cop": 528.17895672,
    "gtq_crc": 65.92569436,
    "gtq_gtq": 1,
    "gtq_mxn": 2.44984188,
    "gtq_pen": 0.46460418,
    "gtq_usd": 0.1303707,
    "mxn_clp": 51.26943324,
    "mxn_cop": 213.80910205,
    "mxn_crc": 26.89082465,
    "mxn_gtq": 0.40810496,
    "mxn_mxn": 1,
    "mxn_pen": 0.18950777,
    "mxn_usd": 0.053224041,
    "pen_clp": 270.99290865,
    "pen_cop": 1136.83643951,
    "pen_crc": 141.89647409,
    "pen_gtq": 2.15236981,
    "pen_mxn": 5.27296571,
    "pen_pen": 1,
    "pen_usd": 0.28060596,
    "timestamp": "2025-08-16 06:39:55",
    "usd_clp": 965.74179724,
    "usd_cop": 4051.36234655,
    "usd_crc": 505.67875223,
    "usd_gtq": 7.67043498,
    "usd_mxn": 18.79135289,
    "usd_pen": 3.56371612,
    "usd_usd": 1
}