{
    "clp_clp": 1,
    "clp_cop": 3.49362808,
    "clp_crc": 0.49035661,
    "clp_gtq": 0.0082366797,
    "clp_mxn": 0.018813757,
    "clp_pen": 0.0036647878,
    "clp_usd": 0.001081571,
    "cop_clp": 0.28623539,
    "cop_cop": 1,
    "cop_crc": 0.14035742,
    "cop_gtq": 0.0023576292,
    "cop_mxn": 0.005385163,
    "cop_pen": 0.001048992,
    "cop_usd": 0.0003095839,
    "crc_clp": 2.03933214,
    "crc_cop": 7.12466803,
    "crc_crc": 1,
    "crc_gtq": 0.016797326,
    "crc_mxn": 0.038367498,
    "crc_pen": 0.0074737196,
    "crc_usd": 0.0022056825,
    "gtq_clp": 121.40814532,
    "gtq_cop": 424.15490575,
    "gtq_crc": 59.53328688,
    "gtq_gtq": 1,
    "gtq_mxn": 2.28414329,
    "gtq_pen": 0.4449351,
    "gtq_usd": 0.13131153,
    "mxn_clp": 53.15259592,
    "mxn_cop": 185.69540169,
    "mxn_crc": 26.06372689,
    "mxn_gtq": 0.43780091,
    "mxn_mxn": 1,
    "mxn_pen": 0.19479299,
    "mxn_usd": 0.057488307,
    "pen_clp": 272.86709147,
    "pen_cop": 953.29613315,
    "pen_crc": 133.80218267,
    "pen_gtq": 2.24751882,
    "pen_mxn": 5.13365503,
    "pen_pen": 1,
    "pen_usd": 0.29512513,
    "timestamp": "2026-07-16 20:44:12",
    "usd_clp": 924.58099873,
    "usd_cop": 3230.14214039,
    "usd_crc": 453.37440663,
    "usd_gtq": 7.6154775,
    "usd_mxn": 17.39484183,
    "usd_pen": 3.38839321,
    "usd_usd": 1
}