{
    "clp_clp": 1,
    "clp_cop": 4.18425687,
    "clp_crc": 0.52833098,
    "clp_gtq": 0.008025333,
    "clp_mxn": 0.019477151,
    "clp_pen": 0.0037175167,
    "clp_usd": 0.0010457744,
    "cop_clp": 0.23899106,
    "cop_cop": 1,
    "cop_crc": 0.12626638,
    "cop_gtq": 0.0019179829,
    "cop_mxn": 0.0046548651,
    "cop_pen": 0.00088845327,
    "cop_usd": 0.00024993073,
    "crc_clp": 1.8927529,
    "crc_cop": 7.9197643,
    "crc_crc": 1,
    "crc_gtq": 0.015189972,
    "crc_mxn": 0.036865434,
    "crc_pen": 0.0070363405,
    "crc_usd": 0.0019793925,
    "gtq_clp": 124.60542196,
    "gtq_cop": 521.38109229,
    "gtq_crc": 65.8329052,
    "gtq_gtq": 1,
    "gtq_mxn": 2.42695864,
    "gtq_pen": 0.46322274,
    "gtq_usd": 0.13030916,
    "mxn_clp": 51.34221079,
    "mxn_cop": 214.82899797,
    "mxn_crc": 27.12568075,
    "mxn_gtq": 0.41203834,
    "mxn_mxn": 1,
    "mxn_pen": 0.19086553,
    "mxn_usd": 0.053692368,
    "pen_clp": 268.99677377,
    "pen_cop": 1125.55159733,
    "pen_crc": 142.11933017,
    "pen_gtq": 2.15878867,
    "pen_mxn": 5.23929082,
    "pen_pen": 1,
    "pen_usd": 0.28130993,
    "timestamp": "2025-07-13 19:54:59",
    "usd_clp": 956.22921593,
    "usd_cop": 4001.1086614,
    "usd_crc": 505.20552256,
    "usd_gtq": 7.67405784,
    "usd_mxn": 18.62462097,
    "usd_pen": 3.55479808,
    "usd_usd": 1
}