{
    "clp_clp": 1,
    "clp_cop": 4.18384395,
    "clp_crc": 0.54788634,
    "clp_gtq": 0.0084138674,
    "clp_mxn": 0.019803909,
    "clp_pen": 0.0036968922,
    "clp_usd": 0.0010980226,
    "cop_clp": 0.23901465,
    "cop_cop": 1,
    "cop_crc": 0.13095286,
    "cop_gtq": 0.0020110376,
    "cop_mxn": 0.0047334244,
    "cop_pen": 0.00088361139,
    "cop_usd": 0.00026244348,
    "crc_clp": 1.82519608,
    "crc_cop": 7.63633559,
    "crc_crc": 1,
    "crc_gtq": 0.015356958,
    "crc_mxn": 0.036146017,
    "crc_pen": 0.0067475531,
    "crc_usd": 0.0020041065,
    "gtq_clp": 118.85141011,
    "gtq_cop": 497.25575295,
    "gtq_crc": 65.11706394,
    "gtq_gtq": 1,
    "gtq_mxn": 2.35372249,
    "gtq_pen": 0.43938085,
    "gtq_usd": 0.13050153,
    "mxn_clp": 50.49508191,
    "mxn_cop": 211.26354286,
    "mxn_crc": 27.66556555,
    "mxn_gtq": 0.42485892,
    "mxn_mxn": 1,
    "mxn_pen": 0.18667487,
    "mxn_usd": 0.05544474,
    "pen_clp": 270.49747564,
    "pen_cop": 1131.71922653,
    "pen_crc": 148.20187156,
    "pen_gtq": 2.27592988,
    "pen_mxn": 5.35690735,
    "pen_pen": 1,
    "pen_usd": 0.29701233,
    "timestamp": "2025-12-20 06:40:57",
    "usd_clp": 910.72809255,
    "usd_cop": 3810.34421864,
    "usd_crc": 498.97548019,
    "usd_gtq": 7.66274537,
    "usd_mxn": 18.03597614,
    "usd_pen": 3.36686356,
    "usd_usd": 1
}