{
    "clp_clp": 1,
    "clp_cop": 4.0525139,
    "clp_crc": 0.53297169,
    "clp_gtq": 0.0081588917,
    "clp_mxn": 0.019688742,
    "clp_pen": 0.0035963034,
    "clp_usd": 0.0010649819,
    "cop_clp": 0.24676041,
    "cop_cop": 1,
    "cop_crc": 0.13151631,
    "cop_gtq": 0.0020132915,
    "cop_mxn": 0.0048584022,
    "cop_pen": 0.00088742532,
    "cop_usd": 0.00026279536,
    "crc_clp": 1.87627225,
    "crc_cop": 7.6036194,
    "crc_crc": 1,
    "crc_gtq": 0.015308302,
    "crc_mxn": 0.036941441,
    "crc_pen": 0.0067476444,
    "crc_usd": 0.0019981959,
    "gtq_clp": 122.56566699,
    "gtq_cop": 496.69906961,
    "gtq_crc": 65.32403103,
    "gtq_gtq": 1,
    "gtq_mxn": 2.41316383,
    "gtq_pen": 0.44078333,
    "gtq_usd": 0.13053021,
    "mxn_clp": 50.79044585,
    "mxn_cop": 205.828988,
    "mxn_crc": 27.06986991,
    "mxn_gtq": 0.41439375,
    "mxn_mxn": 1,
    "mxn_pen": 0.18265785,
    "mxn_usd": 0.054090903,
    "pen_clp": 278.06329981,
    "pen_cop": 1126.85538865,
    "pen_crc": 148.19986765,
    "pen_gtq": 2.26868834,
    "pen_mxn": 5.47471665,
    "pen_pen": 1,
    "pen_usd": 0.29613237,
    "timestamp": "2025-11-22 19:54:21",
    "usd_clp": 938.98313825,
    "usd_cop": 3805.24222327,
    "usd_crc": 500.45143284,
    "usd_gtq": 7.66106171,
    "usd_mxn": 18.48739704,
    "usd_pen": 3.37686828,
    "usd_usd": 1
}