{
    "clp_clp": 1,
    "clp_cop": 4.00065649,
    "clp_crc": 0.50320342,
    "clp_gtq": 0.0082556502,
    "clp_mxn": 0.019305672,
    "clp_pen": 0.0037507539,
    "clp_usd": 0.0010784837,
    "cop_clp": 0.24995898,
    "cop_cop": 1,
    "cop_crc": 0.12578021,
    "cop_gtq": 0.0020635739,
    "cop_mxn": 0.0048256259,
    "cop_pen": 0.00093753461,
    "cop_usd": 0.00026957669,
    "crc_clp": 1.98438883,
    "crc_cop": 7.9139878,
    "crc_crc": 1,
    "crc_gtq": 0.01639064,
    "crc_mxn": 0.038304725,
    "crc_pen": 0.0074452771,
    "crc_usd": 0.0021400973,
    "gtq_clp": 121.12916286,
    "gtq_cop": 484.59617148,
    "gtq_crc": 60.95260954,
    "gtq_gtq": 1,
    "gtq_mxn": 2.33847985,
    "gtq_pen": 0.45432568,
    "gtq_usd": 0.13063583,
    "mxn_clp": 51.80532727,
    "mxn_cop": 206.60604515,
    "mxn_crc": 26.10643969,
    "mxn_gtq": 0.42790126,
    "mxn_mxn": 1,
    "mxn_pen": 0.19436968,
    "mxn_usd": 0.05587032,
    "pen_clp": 266.52988112,
    "pen_cop": 1062.95409273,
    "pen_crc": 134.31333482,
    "pen_gtq": 2.20148153,
    "pen_mxn": 5.14483539,
    "pen_pen": 1,
    "pen_usd": 0.2874436,
    "timestamp": "2026-03-22 06:55:36",
    "usd_clp": 927.24236087,
    "usd_cop": 3697.95708577,
    "usd_crc": 467.2684847,
    "usd_gtq": 7.65882955,
    "usd_mxn": 17.89859093,
    "usd_pen": 3.47894336,
    "usd_usd": 1
}