{
    "clp_clp": 1,
    "clp_cop": 3.74137172,
    "clp_crc": 0.49342907,
    "clp_gtq": 0.0082803817,
    "clp_mxn": 0.019039285,
    "clp_pen": 0.0037170068,
    "clp_usd": 0.0010861808,
    "cop_clp": 0.26728165,
    "cop_cop": 1,
    "cop_crc": 0.13188454,
    "cop_gtq": 0.0022131941,
    "cop_mxn": 0.0050888515,
    "cop_pen": 0.0009934877,
    "cop_usd": 0.00029031619,
    "crc_clp": 2.02663373,
    "crc_cop": 7.58239013,
    "crc_crc": 1,
    "crc_gtq": 0.016781301,
    "crc_mxn": 0.038585657,
    "crc_pen": 0.0075330113,
    "crc_usd": 0.0022012906,
    "gtq_clp": 120.76738012,
    "gtq_cop": 451.83566071,
    "gtq_crc": 59.59013625,
    "gtq_gtq": 1,
    "gtq_mxn": 2.29932458,
    "gtq_pen": 0.44889317,
    "gtq_usd": 0.13117521,
    "mxn_clp": 52.52298063,
    "mxn_cop": 196.50799439,
    "mxn_crc": 25.91636557,
    "mxn_gtq": 0.43491033,
    "mxn_mxn": 1,
    "mxn_pen": 0.19522827,
    "mxn_usd": 0.057049452,
    "pen_clp": 269.03367701,
    "pen_cop": 1006.55499097,
    "pen_crc": 132.74903747,
    "pen_gtq": 2.22770153,
    "pen_mxn": 5.12220887,
    "pen_pen": 1,
    "pen_usd": 0.29221921,
    "timestamp": "2026-06-26 21:35:33",
    "usd_clp": 920.65706542,
    "usd_cop": 3444.52030862,
    "usd_crc": 454.27896104,
    "usd_gtq": 7.62339188,
    "usd_mxn": 17.5286523,
    "usd_pen": 3.42208855,
    "usd_usd": 1
}