{
    "clp_clp": 1,
    "clp_cop": 4.19970891,
    "clp_crc": 0.56266325,
    "clp_gtq": 0.0087711533,
    "clp_mxn": 0.019988617,
    "clp_pen": 0.0038409118,
    "clp_usd": 0.0011430768,
    "cop_clp": 0.23811174,
    "cop_cop": 1,
    "cop_crc": 0.13397673,
    "cop_gtq": 0.0020885146,
    "cop_mxn": 0.0047595245,
    "cop_pen": 0.00091456619,
    "cop_usd": 0.00027218001,
    "crc_clp": 1.77726199,
    "crc_cop": 7.463983,
    "crc_crc": 1,
    "crc_gtq": 0.015588637,
    "crc_mxn": 0.03552501,
    "crc_pen": 0.0068263065,
    "crc_usd": 0.002031547,
    "gtq_clp": 114.01009294,
    "gtq_cop": 478.80920285,
    "gtq_crc": 64.149289,
    "gtq_gtq": 1,
    "gtq_mxn": 2.27890413,
    "gtq_pen": 0.43790271,
    "gtq_usd": 0.13032229,
    "mxn_clp": 50.02847262,
    "mxn_cop": 210.10502208,
    "mxn_crc": 28.14918281,
    "mxn_gtq": 0.4388074,
    "mxn_mxn": 1,
    "mxn_pen": 0.19215495,
    "mxn_usd": 0.057186387,
    "pen_clp": 259.57341163,
    "pen_cop": 1072.88906674,
    "pen_crc": 147.10358641,
    "pen_gtq": 2.28631851,
    "pen_mxn": 5.20142774,
    "pen_pen": 1,
    "pen_usd": 0.29801067,
    "timestamp": "2026-01-23 06:51:27",
    "usd_clp": 874.83185441,
    "usd_cop": 3674.0391314,
    "usd_crc": 492.23573113,
    "usd_gtq": 7.67328428,
    "usd_mxn": 17.48667926,
    "usd_pen": 3.36015196,
    "usd_usd": 1
}