{
    "clp_clp": 1,
    "clp_cop": 4.56242383,
    "clp_crc": 0.54578234,
    "clp_gtq": 0.0081443564,
    "clp_mxn": 0.021047206,
    "clp_pen": 0.0039625494,
    "clp_usd": 0.001054038,
    "cop_clp": 0.21918174,
    "cop_cop": 1,
    "cop_crc": 0.11962552,
    "cop_gtq": 0.0017850942,
    "cop_mxn": 0.0046131632,
    "cop_pen": 0.00086851848,
    "cop_usd": 0.00023102587,
    "crc_clp": 1.83223223,
    "crc_cop": 8.35941999,
    "crc_crc": 1,
    "crc_gtq": 0.014922352,
    "crc_mxn": 0.038563369,
    "crc_pen": 0.0072603107,
    "crc_usd": 0.0019312423,
    "gtq_clp": 122.62479491,
    "gtq_cop": 559.64386473,
    "gtq_crc": 66.65833375,
    "gtq_gtq": 1,
    "gtq_mxn": 2.58340614,
    "gtq_pen": 0.48649842,
    "gtq_usd": 0.12928883,
    "mxn_clp": 47.51224531,
    "mxn_cop": 216.771,
    "mxn_crc": 25.93134454,
    "mxn_gtq": 0.38695666,
    "mxn_mxn": 1,
    "mxn_pen": 0.18826962,
    "mxn_usd": 0.05007971,
    "pen_clp": 252.05589372,
    "pen_cop": 1150.35082907,
    "pen_crc": 137.01654628,
    "pen_gtq": 2.05550512,
    "pen_mxn": 5.31020454,
    "pen_pen": 1,
    "pen_usd": 0.26575385,
    "timestamp": "2024-10-28 06:36:47",
    "usd_clp": 948.73244178,
    "usd_cop": 4328.51949608,
    "usd_crc": 517.80141447,
    "usd_gtq": 7.72681516,
    "usd_mxn": 19.96816685,
    "usd_pen": 3.75939917,
    "usd_usd": 1
}