{
    "clp_clp": 1,
    "clp_cop": 4.46600928,
    "clp_crc": 0.56675766,
    "clp_gtq": 0.0083787786,
    "clp_mxn": 0.019986556,
    "clp_pen": 0.0040778171,
    "clp_usd": 0.001080559,
    "cop_clp": 0.22391355,
    "cop_cop": 1,
    "cop_crc": 0.12690472,
    "cop_gtq": 0.0018761221,
    "cop_mxn": 0.0044752608,
    "cop_pen": 0.00091307851,
    "cop_usd": 0.00024195181,
    "crc_clp": 1.76442256,
    "crc_cop": 7.87992753,
    "crc_crc": 1,
    "crc_gtq": 0.014783706,
    "crc_mxn": 0.035264731,
    "crc_pen": 0.0071949925,
    "crc_usd": 0.0019065627,
    "gtq_clp": 119.3491377,
    "gtq_cop": 533.01435675,
    "gtq_crc": 67.64203788,
    "gtq_gtq": 1,
    "gtq_mxn": 2.38537828,
    "gtq_pen": 0.48668396,
    "gtq_usd": 0.12896379,
    "mxn_clp": 50.03363138,
    "mxn_cop": 223.45066215,
    "mxn_crc": 28.35694379,
    "mxn_gtq": 0.41922072,
    "mxn_mxn": 1,
    "mxn_pen": 0.204028,
    "mxn_usd": 0.054064293,
    "pen_clp": 245.22924233,
    "pen_cop": 1095.1960724,
    "pen_crc": 138.98555128,
    "pen_gtq": 2.05472153,
    "pen_mxn": 4.9012881,
    "pen_pen": 1,
    "pen_usd": 0.26498467,
    "timestamp": "2024-06-17 19:09:56",
    "usd_clp": 925.44688877,
    "usd_cop": 4133.054395,
    "usd_crc": 524.50411213,
    "usd_gtq": 7.75411458,
    "usd_mxn": 18.49649652,
    "usd_pen": 3.77380316,
    "usd_usd": 1
}