{
    "clp_clp": 1,
    "clp_cop": 4.27092594,
    "clp_crc": 0.54924921,
    "clp_gtq": 0.0088566771,
    "clp_mxn": 0.019800809,
    "clp_pen": 0.0038827725,
    "clp_usd": 0.0011555998,
    "cop_clp": 0.23414126,
    "cop_cop": 1,
    "cop_crc": 0.12860191,
    "cop_gtq": 0.0020737136,
    "cop_mxn": 0.0046361865,
    "cop_pen": 0.00090911726,
    "cop_usd": 0.00027057359,
    "crc_clp": 1.82066715,
    "crc_cop": 7.77593454,
    "crc_crc": 1,
    "crc_gtq": 0.016125061,
    "crc_mxn": 0.036050683,
    "crc_pen": 0.0070692363,
    "crc_usd": 0.0021039626,
    "gtq_clp": 112.90916262,
    "gtq_cop": 482.22667109,
    "gtq_crc": 62.01526882,
    "gtq_gtq": 1,
    "gtq_mxn": 2.23569279,
    "gtq_pen": 0.43840059,
    "gtq_usd": 0.1304778,
    "mxn_clp": 50.5029865,
    "mxn_cop": 215.69451489,
    "mxn_crc": 27.73872564,
    "mxn_gtq": 0.44728865,
    "mxn_mxn": 1,
    "mxn_pen": 0.19609161,
    "mxn_usd": 0.05836124,
    "pen_clp": 257.54792637,
    "pen_cop": 1099.96811865,
    "pen_crc": 141.45799613,
    "pen_gtq": 2.28101883,
    "pen_mxn": 5.09965735,
    "pen_pen": 1,
    "pen_usd": 0.29762233,
    "timestamp": "2026-02-22 06:53:29",
    "usd_clp": 865.35149569,
    "usd_cop": 3695.85214718,
    "usd_crc": 475.29362886,
    "usd_gtq": 7.66413881,
    "usd_mxn": 17.13465986,
    "usd_pen": 3.35996297,
    "usd_usd": 1
}