{
    "clp_clp": 1,
    "clp_cop": 4.08961915,
    "clp_crc": 0.53322246,
    "clp_gtq": 0.0081449123,
    "clp_mxn": 0.019566472,
    "clp_pen": 0.0036009484,
    "clp_usd": 0.0010634122,
    "cop_clp": 0.24452155,
    "cop_cop": 1,
    "cop_crc": 0.13038438,
    "cop_gtq": 0.0019916065,
    "cop_mxn": 0.004784424,
    "cop_pen": 0.00088050947,
    "cop_usd": 0.00026002719,
    "crc_clp": 1.87538988,
    "crc_cop": 7.66963038,
    "crc_crc": 1,
    "crc_gtq": 0.015274886,
    "crc_mxn": 0.036694764,
    "crc_pen": 0.0067531822,
    "crc_usd": 0.0019943125,
    "gtq_clp": 122.77603094,
    "gtq_cop": 502.10720763,
    "gtq_crc": 65.46693681,
    "gtq_gtq": 1,
    "gtq_mxn": 2.40229379,
    "gtq_pen": 0.44211015,
    "gtq_usd": 0.13056153,
    "mxn_clp": 51.10783336,
    "mxn_cop": 209.01157416,
    "mxn_crc": 27.25184445,
    "mxn_gtq": 0.41626882,
    "mxn_mxn": 1,
    "mxn_pen": 0.18403667,
    "mxn_usd": 0.054348693,
    "pen_clp": 277.70461742,
    "pen_cop": 1135.70612224,
    "pen_crc": 148.07833828,
    "pen_gtq": 2.26187974,
    "pen_mxn": 5.43369967,
    "pen_pen": 1,
    "pen_usd": 0.29531447,
    "timestamp": "2025-10-28 19:43:55",
    "usd_clp": 940.36913723,
    "usd_cop": 3845.75163442,
    "usd_crc": 501.42594137,
    "usd_gtq": 7.65922412,
    "usd_mxn": 18.39970657,
    "usd_pen": 3.38622075,
    "usd_usd": 1
}