{
    "clp_clp": 1,
    "clp_cop": 4.25664122,
    "clp_crc": 0.55770439,
    "clp_gtq": 0.008178694,
    "clp_mxn": 0.019488096,
    "clp_pen": 0.0039494561,
    "clp_usd": 0.0010555387,
    "cop_clp": 0.23492701,
    "cop_cop": 1,
    "cop_crc": 0.13101983,
    "cop_gtq": 0.0019213961,
    "cop_mxn": 0.0045782803,
    "cop_pen": 0.00092783392,
    "cop_usd": 0.00024797456,
    "crc_clp": 1.79306459,
    "crc_cop": 7.63243264,
    "crc_crc": 1,
    "crc_gtq": 0.014664927,
    "crc_mxn": 0.034943416,
    "crc_pen": 0.0070816299,
    "crc_usd": 0.0018926491,
    "gtq_clp": 122.26891001,
    "gtq_cop": 520.45488215,
    "gtq_crc": 68.18990833,
    "gtq_gtq": 1,
    "gtq_mxn": 2.38278831,
    "gtq_pen": 0.4828957,
    "gtq_usd": 0.12905957,
    "mxn_clp": 51.31337496,
    "mxn_cop": 218.42262694,
    "mxn_crc": 28.61769467,
    "mxn_gtq": 0.41967639,
    "mxn_mxn": 1,
    "mxn_pen": 0.20265992,
    "mxn_usd": 0.054163255,
    "pen_clp": 253.19942004,
    "pen_cop": 1077.77908803,
    "pen_crc": 141.21042906,
    "pen_gtq": 2.07084058,
    "pen_mxn": 4.93437472,
    "pen_pen": 1,
    "pen_usd": 0.2672618,
    "timestamp": "2024-07-27 06:30:29",
    "usd_clp": 947.38351038,
    "usd_cop": 4032.67170064,
    "usd_crc": 528.35994631,
    "usd_gtq": 7.74835983,
    "usd_mxn": 18.46270122,
    "usd_pen": 3.74164961,
    "usd_usd": 1
}