{
    "clp_clp": 1,
    "clp_cop": 4.49079334,
    "clp_crc": 0.54388609,
    "clp_gtq": 0.0084031765,
    "clp_mxn": 0.021723393,
    "clp_pen": 0.0039716174,
    "clp_usd": 0.0010903333,
    "cop_clp": 0.2226778,
    "cop_cop": 1,
    "cop_crc": 0.12111136,
    "cop_gtq": 0.0018712009,
    "cop_mxn": 0.0048373173,
    "cop_pen": 0.00088439105,
    "cop_usd": 0.00024279302,
    "crc_clp": 1.83862027,
    "crc_cop": 8.25686368,
    "crc_crc": 1,
    "crc_gtq": 0.015450251,
    "crc_mxn": 0.03994107,
    "crc_pen": 0.0073022963,
    "crc_usd": 0.0020047089,
    "gtq_clp": 119.00261777,
    "gtq_cop": 534.41616364,
    "gtq_crc": 64.72386903,
    "gtq_gtq": 1,
    "gtq_mxn": 2.58514057,
    "gtq_pen": 0.47263287,
    "gtq_usd": 0.12975252,
    "mxn_clp": 46.03332559,
    "mxn_cop": 206.72615209,
    "mxn_crc": 25.03688568,
    "mxn_gtq": 0.38682616,
    "mxn_mxn": 1,
    "mxn_pen": 0.18282676,
    "mxn_usd": 0.050191667,
    "pen_clp": 251.78658766,
    "pen_cop": 1130.72153167,
    "pen_crc": 136.94322384,
    "pen_gtq": 2.11580713,
    "pen_mxn": 5.46965887,
    "pen_pen": 1,
    "pen_usd": 0.2745313,
    "timestamp": "2025-03-19 19:25:32",
    "usd_clp": 917.15075841,
    "usd_cop": 4118.73452017,
    "usd_crc": 498.82554417,
    "usd_gtq": 7.70697969,
    "usd_mxn": 19.92362591,
    "usd_pen": 3.64257194,
    "usd_usd": 1
}