{
    "clp_clp": 1,
    "clp_cop": 4.38312389,
    "clp_crc": 0.55399426,
    "clp_gtq": 0.0081399937,
    "clp_mxn": 0.020673742,
    "clp_pen": 0.0039458888,
    "clp_usd": 0.0010581166,
    "cop_clp": 0.22814778,
    "cop_cop": 1,
    "cop_crc": 0.12639256,
    "cop_gtq": 0.0018571215,
    "cop_mxn": 0.0047166684,
    "cop_pen": 0.00090024578,
    "cop_usd": 0.00024140697,
    "crc_clp": 1.80673826,
    "crc_cop": 7.91961137,
    "crc_crc": 1,
    "crc_gtq": 0.014715261,
    "crc_mxn": 0.0369383,
    "crc_pen": 0.0071509844,
    "crc_usd": 0.0019126883,
    "gtq_clp": 122.7798975,
    "gtq_cop": 538.19033769,
    "gtq_crc": 67.95666004,
    "gtq_gtq": 1,
    "gtq_mxn": 2.5102035,
    "gtq_pen": 0.48595701,
    "gtq_usd": 0.12997991,
    "mxn_clp": 48.37053736,
    "mxn_cop": 212.01405796,
    "mxn_crc": 26.79699987,
    "mxn_gtq": 0.39373587,
    "mxn_mxn": 1,
    "mxn_pen": 0.19086476,
    "mxn_usd": 0.05118167,
    "pen_clp": 253.42832734,
    "pen_cop": 1110.80775643,
    "pen_crc": 140.39783774,
    "pen_gtq": 2.06290498,
    "pen_mxn": 5.2393118,
    "pen_pen": 1,
    "pen_usd": 0.26815673,
    "timestamp": "2024-08-08 06:31:52",
    "usd_clp": 945.07539347,
    "usd_cop": 4142.38253669,
    "usd_crc": 523.56633978,
    "usd_gtq": 7.69290773,
    "usd_mxn": 19.53824466,
    "usd_pen": 3.72916242,
    "usd_usd": 1
}