{
    "clp_clp": 1,
    "clp_cop": 3.96838868,
    "clp_crc": 0.52914153,
    "clp_gtq": 0.0082008462,
    "clp_mxn": 0.017332845,
    "clp_pen": 0.0038972299,
    "clp_usd": 0.0010532636,
    "cop_clp": 0.25199145,
    "cop_cop": 1,
    "cop_crc": 0.13333914,
    "cop_gtq": 0.0020665431,
    "cop_mxn": 0.0043677286,
    "cop_pen": 0.00098206859,
    "cop_usd": 0.00026541342,
    "crc_clp": 1.88985355,
    "crc_cop": 7.49967345,
    "crc_crc": 1,
    "crc_gtq": 0.015498398,
    "crc_mxn": 0.032756538,
    "crc_pen": 0.0073651938,
    "crc_usd": 0.001990514,
    "gtq_clp": 121.93863545,
    "gtq_cop": 483.89990101,
    "gtq_crc": 64.5227961,
    "gtq_gtq": 1,
    "gtq_mxn": 2.11354343,
    "gtq_pen": 0.4752229,
    "gtq_usd": 0.12843353,
    "mxn_clp": 57.69393407,
    "mxn_cop": 228.95195507,
    "mxn_crc": 30.52825653,
    "mxn_gtq": 0.47313908,
    "mxn_mxn": 1,
    "mxn_pen": 0.22484652,
    "mxn_usd": 0.060766922,
    "pen_clp": 256.59250965,
    "pen_cop": 1018.25881158,
    "pen_crc": 135.77375308,
    "pen_gtq": 2.10427572,
    "pen_mxn": 4.44747812,
    "pen_pen": 1,
    "pen_usd": 0.27025956,
    "timestamp": "2024-04-06 19:08:03",
    "usd_clp": 949.42991782,
    "usd_cop": 3767.7069417,
    "usd_crc": 502.3827991,
    "usd_gtq": 7.78612877,
    "usd_mxn": 16.45632133,
    "usd_pen": 3.70014666,
    "usd_usd": 1
}