{
    "clp_clp": 1,
    "clp_cop": 4.29276792,
    "clp_crc": 0.50039119,
    "clp_gtq": 0.0076201303,
    "clp_mxn": 0.020471662,
    "clp_pen": 0.0037241663,
    "clp_usd": 0.0009881322,
    "cop_clp": 0.23294993,
    "cop_cop": 1,
    "cop_crc": 0.11656609,
    "cop_gtq": 0.0017751088,
    "cop_mxn": 0.0047688723,
    "cop_pen": 0.00086754428,
    "cop_usd": 0.00023018533,
    "crc_clp": 1.99843648,
    "crc_cop": 8.57882401,
    "crc_crc": 1,
    "crc_gtq": 0.015228346,
    "crc_mxn": 0.040911317,
    "crc_pen": 0.0074425097,
    "crc_usd": 0.0019747194,
    "gtq_clp": 131.23135161,
    "gtq_cop": 563.3457366,
    "gtq_crc": 65.6670117,
    "gtq_gtq": 1,
    "gtq_mxn": 2.68652391,
    "gtq_pen": 0.48872737,
    "gtq_usd": 0.12967392,
    "mxn_clp": 48.84801185,
    "mxn_cop": 209.69317832,
    "mxn_crc": 24.44311459,
    "mxn_gtq": 0.37222822,
    "mxn_mxn": 1,
    "mxn_pen": 0.18191812,
    "mxn_usd": 0.048268293,
    "pen_clp": 268.51647498,
    "pen_cop": 1152.67891038,
    "pen_crc": 134.36327743,
    "pen_gtq": 2.04613053,
    "pen_mxn": 5.49697858,
    "pen_pen": 1,
    "pen_usd": 0.26532977,
    "timestamp": "2025-01-12 19:25:51",
    "usd_clp": 1012.01033734,
    "usd_cop": 4344.32551315,
    "usd_crc": 506.40105315,
    "usd_gtq": 7.71165065,
    "usd_mxn": 20.71753382,
    "usd_pen": 3.76889477,
    "usd_usd": 1
}