{
    "clp_clp": 1,
    "clp_cop": 4.29437711,
    "clp_crc": 0.5560243,
    "clp_gtq": 0.00830192,
    "clp_mxn": 0.019943345,
    "clp_pen": 0.0040039575,
    "clp_usd": 0.0010693722,
    "cop_clp": 0.23286264,
    "cop_cop": 1,
    "cop_crc": 0.12947729,
    "cop_gtq": 0.001933207,
    "cop_mxn": 0.0046440599,
    "cop_pen": 0.00093237213,
    "cop_usd": 0.00024901684,
    "crc_clp": 1.79848254,
    "crc_cop": 7.72336226,
    "crc_crc": 1,
    "crc_gtq": 0.014930858,
    "crc_mxn": 0.035867757,
    "crc_pen": 0.0072010477,
    "crc_usd": 0.0019232473,
    "gtq_clp": 120.59807189,
    "gtq_cop": 518.64355074,
    "gtq_crc": 67.49207831,
    "gtq_gtq": 1,
    "gtq_mxn": 2.43077668,
    "gtq_pen": 0.48259601,
    "gtq_usd": 0.12908778,
    "mxn_clp": 50.14204086,
    "mxn_cop": 215.32883276,
    "mxn_crc": 27.88019332,
    "mxn_gtq": 0.41627521,
    "mxn_mxn": 1,
    "mxn_pen": 0.2007666,
    "mxn_usd": 0.053620506,
    "pen_clp": 249.75289787,
    "pen_cop": 1072.53312901,
    "pen_crc": 138.86868094,
    "pen_gtq": 2.07342857,
    "pen_mxn": 4.98090811,
    "pen_pen": 1,
    "pen_usd": 0.26707881,
    "timestamp": "2024-08-16 06:31:41",
    "usd_clp": 935.12807979,
    "usd_cop": 4015.7926254,
    "usd_crc": 519.95393872,
    "usd_gtq": 7.76335849,
    "usd_mxn": 18.64958154,
    "usd_pen": 3.74421313,
    "usd_usd": 1
}