{
    "clp_clp": 1,
    "clp_cop": 4.06938006,
    "clp_crc": 0.53399713,
    "clp_gtq": 0.0081823945,
    "clp_mxn": 0.019633159,
    "clp_pen": 0.0036033663,
    "clp_usd": 0.0010690089,
    "cop_clp": 0.24573768,
    "cop_cop": 1,
    "cop_crc": 0.13122321,
    "cop_gtq": 0.0020107226,
    "cop_mxn": 0.0048246068,
    "cop_pen": 0.00088548287,
    "cop_usd": 0.00026269576,
    "crc_clp": 1.87266923,
    "crc_cop": 7.62060281,
    "crc_crc": 1,
    "crc_gtq": 0.015322918,
    "crc_mxn": 0.036766412,
    "crc_pen": 0.0067479132,
    "crc_usd": 0.0020019,
    "gtq_clp": 122.21361408,
    "gtq_cop": 497.33364431,
    "gtq_crc": 65.26171963,
    "gtq_gtq": 1,
    "gtq_mxn": 2.39943929,
    "gtq_pen": 0.44038042,
    "gtq_usd": 0.13064744,
    "mxn_clp": 50.93423898,
    "mxn_cop": 207.27077653,
    "mxn_crc": 27.19873763,
    "mxn_gtq": 0.41676404,
    "mxn_mxn": 1,
    "mxn_pen": 0.18353472,
    "mxn_usd": 0.054449154,
    "pen_clp": 277.51827359,
    "pen_cop": 1129.3273291,
    "pen_crc": 148.19396267,
    "pen_gtq": 2.27076399,
    "pen_mxn": 5.44856032,
    "pen_pen": 1,
    "pen_usd": 0.2966695,
    "timestamp": "2025-11-26 19:41:27",
    "usd_clp": 935.44591871,
    "usd_cop": 3806.68496965,
    "usd_crc": 499.5254394,
    "usd_gtq": 7.65418751,
    "usd_mxn": 18.36575823,
    "usd_pen": 3.37075432,
    "usd_usd": 1
}