{
    "clp_clp": 1,
    "clp_cop": 4.07811303,
    "clp_crc": 0.53011873,
    "clp_gtq": 0.0080426092,
    "clp_mxn": 0.01933188,
    "clp_pen": 0.003674275,
    "clp_usd": 0.0010497516,
    "cop_clp": 0.24521145,
    "cop_cop": 1,
    "cop_crc": 0.12999118,
    "cop_gtq": 0.0019721398,
    "cop_mxn": 0.0047403983,
    "cop_pen": 0.00090097429,
    "cop_usd": 0.00025741112,
    "crc_clp": 1.88636986,
    "crc_cop": 7.6928295,
    "crc_crc": 1,
    "crc_gtq": 0.015171336,
    "crc_mxn": 0.036467076,
    "crc_pen": 0.0069310416,
    "crc_usd": 0.0019802199,
    "gtq_clp": 124.33775826,
    "gtq_cop": 507.06343265,
    "gtq_crc": 65.91377495,
    "gtq_gtq": 1,
    "gtq_mxn": 2.40368263,
    "gtq_pen": 0.45685112,
    "gtq_usd": 0.13052377,
    "mxn_clp": 51.72802622,
    "mxn_cop": 210.95273798,
    "mxn_crc": 27.42199575,
    "mxn_gtq": 0.4160283,
    "mxn_mxn": 1,
    "mxn_pen": 0.19006299,
    "mxn_usd": 0.054301581,
    "pen_clp": 272.16253524,
    "pen_cop": 1109.90958253,
    "pen_crc": 144.27845852,
    "pen_gtq": 2.18889691,
    "pen_mxn": 5.2614135,
    "pen_pen": 1,
    "pen_usd": 0.28570307,
    "timestamp": "2025-09-25 19:26:53",
    "usd_clp": 952.60627169,
    "usd_cop": 3884.83605353,
    "usd_crc": 504.99443039,
    "usd_gtq": 7.66143998,
    "usd_mxn": 18.41567021,
    "usd_pen": 3.50013741,
    "usd_usd": 1
}