{
    "clp_clp": 1,
    "clp_cop": 4.16708062,
    "clp_crc": 0.56207585,
    "clp_gtq": 0.0086957002,
    "clp_mxn": 0.020181049,
    "clp_pen": 0.003811159,
    "clp_usd": 0.0011339669,
    "cop_clp": 0.23997616,
    "cop_cop": 1,
    "cop_crc": 0.1348848,
    "cop_gtq": 0.0020867607,
    "cop_mxn": 0.0048429706,
    "cop_pen": 0.0009145873,
    "cop_usd": 0.00027212502,
    "crc_clp": 1.77911931,
    "crc_cop": 7.41373362,
    "crc_crc": 1,
    "crc_gtq": 0.015470688,
    "crc_mxn": 0.035904494,
    "crc_pen": 0.0067805066,
    "crc_usd": 0.0020174624,
    "gtq_clp": 114.99936447,
    "gtq_cop": 479.2116234,
    "gtq_crc": 64.63836552,
    "gtq_gtq": 1,
    "gtq_mxn": 2.3208078,
    "gtq_pen": 0.43828087,
    "gtq_usd": 0.13040547,
    "mxn_clp": 49.72054813,
    "mxn_cop": 205.12906504,
    "mxn_crc": 27.90724696,
    "mxn_gtq": 0.43041997,
    "mxn_mxn": 1,
    "mxn_pen": 0.1886542,
    "mxn_usd": 0.056108636,
    "pen_clp": 262.38737118,
    "pen_cop": 1093.38933036,
    "pen_crc": 147.48160465,
    "pen_gtq": 2.28164192,
    "pen_mxn": 5.29525237,
    "pen_pen": 1,
    "pen_usd": 0.29753859,
    "timestamp": "2026-01-15 06:50:03",
    "usd_clp": 881.85995581,
    "usd_cop": 3674.78153466,
    "usd_crc": 495.67218413,
    "usd_gtq": 7.66838982,
    "usd_mxn": 17.79685889,
    "usd_pen": 3.36090854,
    "usd_usd": 1
}