{
    "clp_clp": 1,
    "clp_cop": 4.16047893,
    "clp_crc": 0.52077713,
    "clp_gtq": 0.0079139386,
    "clp_mxn": 0.019251048,
    "clp_pen": 0.0036664531,
    "clp_usd": 0.0010324317,
    "cop_clp": 0.24035694,
    "cop_cop": 1,
    "cop_crc": 0.1251724,
    "cop_gtq": 0.0019021701,
    "cop_mxn": 0.004627123,
    "cop_pen": 0.00088125745,
    "cop_usd": 0.00024815212,
    "crc_clp": 1.91666303,
    "crc_cop": 7.96599528,
    "crc_crc": 1,
    "crc_gtq": 0.015170717,
    "crc_mxn": 0.036968727,
    "crc_pen": 0.0070126018,
    "crc_usd": 0.0019796034,
    "gtq_clp": 126.35933249,
    "gtq_cop": 525.71534102,
    "gtq_crc": 65.80504995,
    "gtq_gtq": 1,
    "gtq_mxn": 2.43254952,
    "gtq_pen": 0.46329056,
    "gtq_usd": 0.13045738,
    "mxn_clp": 51.84552393,
    "mxn_cop": 215.47929469,
    "mxn_crc": 27.04988983,
    "mxn_gtq": 0.41036622,
    "mxn_mxn": 1,
    "mxn_pen": 0.18969011,
    "mxn_usd": 0.053548054,
    "pen_clp": 273.3169625,
    "pen_cop": 1135.95430896,
    "pen_crc": 142.60042457,
    "pen_gtq": 2.16335067,
    "pen_mxn": 5.27175621,
    "pen_pen": 1,
    "pen_usd": 0.28229229,
    "timestamp": "2025-08-29 06:39:58",
    "usd_clp": 968.58709366,
    "usd_cop": 4029.78619968,
    "usd_crc": 504.4180024,
    "usd_gtq": 7.6653388,
    "usd_mxn": 18.64631624,
    "usd_pen": 3.55127911,
    "usd_usd": 1
}