{
    "clp_clp": 1,
    "clp_cop": 4.10434315,
    "clp_crc": 0.52295623,
    "clp_gtq": 0.0079238611,
    "clp_mxn": 0.019357462,
    "clp_pen": 0.0036379474,
    "clp_usd": 0.0010341716,
    "cop_clp": 0.24367753,
    "cop_cop": 1,
    "cop_crc": 0.1279835,
    "cop_gtq": 0.0019352091,
    "cop_mxn": 0.0047305685,
    "cop_pen": 0.00088941087,
    "cop_usd": 0.00025256233,
    "crc_clp": 1.91220593,
    "crc_cop": 7.8483493,
    "crc_crc": 1,
    "crc_gtq": 0.015152054,
    "crc_mxn": 0.037015453,
    "crc_pen": 0.0069565047,
    "crc_usd": 0.0019775492,
    "gtq_clp": 126.2011014,
    "gtq_cop": 517.97262579,
    "gtq_crc": 65.99765196,
    "gtq_gtq": 1,
    "gtq_mxn": 2.44293301,
    "gtq_pen": 0.45911297,
    "gtq_usd": 0.1305136,
    "mxn_clp": 51.65966511,
    "mxn_cop": 212.02899251,
    "mxn_crc": 27.0157436,
    "mxn_gtq": 0.40934401,
    "mxn_mxn": 1,
    "mxn_pen": 0.18793515,
    "mxn_usd": 0.053424961,
    "pen_clp": 274.88027635,
    "pen_cop": 1128.20297874,
    "pen_crc": 143.75035248,
    "pen_gtq": 2.17811313,
    "pen_mxn": 5.32098448,
    "pen_pen": 1,
    "pen_usd": 0.28427339,
    "timestamp": "2025-09-08 19:36:21",
    "usd_clp": 966.95747145,
    "usd_cop": 3968.72527228,
    "usd_crc": 505.67643192,
    "usd_gtq": 7.66203671,
    "usd_mxn": 18.71784243,
    "usd_pen": 3.51774047,
    "usd_usd": 1
}