{
    "clp_clp": 1,
    "clp_cop": 4.26040856,
    "clp_crc": 0.56747138,
    "clp_gtq": 0.00864066,
    "clp_mxn": 0.018582675,
    "clp_pen": 0.0041556912,
    "clp_usd": 0.0011128175,
    "cop_clp": 0.23268138,
    "cop_cop": 1,
    "cop_crc": 0.13366031,
    "cop_gtq": 0.0020273287,
    "cop_mxn": 0.0043368715,
    "cop_pen": 0.00097061193,
    "cop_usd": 0.00026114611,
    "crc_clp": 1.74084118,
    "crc_cop": 7.48165241,
    "crc_crc": 1,
    "crc_gtq": 0.015167768,
    "crc_mxn": 0.032446965,
    "crc_pen": 0.0072617811,
    "crc_usd": 0.0019538044,
    "gtq_clp": 114.77239975,
    "gtq_cop": 493.25993199,
    "gtq_crc": 65.92927674,
    "gtq_gtq": 1,
    "gtq_mxn": 2.13920494,
    "gtq_pen": 0.47876397,
    "gtq_usd": 0.12881291,
    "mxn_clp": 53.81356576,
    "mxn_cop": 229.26777618,
    "mxn_crc": 30.53765869,
    "mxn_gtq": 0.46498473,
    "mxn_mxn": 1,
    "mxn_pen": 0.22363256,
    "mxn_usd": 0.059884677,
    "pen_clp": 239.72647461,
    "pen_cop": 1030.27787887,
    "pen_crc": 137.70726344,
    "pen_gtq": 2.08871188,
    "pen_mxn": 4.46818277,
    "pen_pen": 1,
    "pen_usd": 0.26905306,
    "timestamp": "2024-05-18 06:26:41",
    "usd_clp": 898.61995425,
    "usd_cop": 3828.48814469,
    "usd_crc": 509.94110989,
    "usd_gtq": 7.76466952,
    "usd_mxn": 16.69876251,
    "usd_pen": 3.73438703,
    "usd_usd": 1
}