{
    "clp_clp": 1,
    "clp_cop": 4.16279652,
    "clp_crc": 0.55153638,
    "clp_gtq": 0.0086456921,
    "clp_mxn": 0.0198825,
    "clp_pen": 0.0037879131,
    "clp_usd": 0.0011278914,
    "cop_clp": 0.24022313,
    "cop_cop": 1,
    "cop_crc": 0.13249179,
    "cop_gtq": 0.0020768952,
    "cop_mxn": 0.0047762362,
    "cop_pen": 0.00090994434,
    "cop_usd": 0.0002709456,
    "crc_clp": 1.81311704,
    "crc_cop": 7.54763728,
    "crc_crc": 1,
    "crc_gtq": 0.015675652,
    "crc_mxn": 0.036049299,
    "crc_pen": 0.0068679298,
    "crc_usd": 0.0020449991,
    "gtq_clp": 115.66467873,
    "gtq_cop": 481.81172443,
    "gtq_crc": 63.60166573,
    "gtq_gtq": 1,
    "gtq_mxn": 2.2997302,
    "gtq_pen": 0.43852851,
    "gtq_usd": 0.13047671,
    "mxn_clp": 50.29489054,
    "mxn_cop": 209.50793455,
    "mxn_crc": 27.65614232,
    "mxn_gtq": 0.43483362,
    "mxn_mxn": 1,
    "mxn_pen": 0.19068694,
    "mxn_usd": 0.056735659,
    "pen_clp": 263.75635045,
    "pen_cop": 1098.70103332,
    "pen_crc": 145.03427856,
    "pen_gtq": 2.28035346,
    "pen_mxn": 5.24419772,
    "pen_pen": 1,
    "pen_usd": 0.29753302,
    "timestamp": "2026-01-19 06:53:56",
    "usd_clp": 886.4775873,
    "usd_cop": 3692.70290374,
    "usd_crc": 487.45608253,
    "usd_gtq": 7.66420308,
    "usd_mxn": 17.6255993,
    "usd_pen": 3.36097154,
    "usd_usd": 1
}