{
    "clp_clp": 1,
    "clp_cop": 4.33775878,
    "clp_crc": 0.58374553,
    "clp_gtq": 0.0085405432,
    "clp_mxn": 0.019722556,
    "clp_pen": 0.004137116,
    "clp_usd": 0.0011006094,
    "cop_clp": 0.2305338,
    "cop_cop": 1,
    "cop_crc": 0.13457307,
    "cop_gtq": 0.0019688838,
    "cop_mxn": 0.0045467157,
    "cop_pen": 0.00095374506,
    "cop_usd": 0.00025372766,
    "crc_clp": 1.71307522,
    "crc_cop": 7.43090706,
    "crc_crc": 1,
    "crc_gtq": 0.014630593,
    "crc_mxn": 0.033786222,
    "crc_pen": 0.0070871909,
    "crc_usd": 0.0018854267,
    "gtq_clp": 117.19662554,
    "gtq_cop": 506.22973582,
    "gtq_crc": 68.10102082,
    "gtq_gtq": 1,
    "gtq_mxn": 2.25276595,
    "gtq_pen": 0.48337531,
    "gtq_usd": 0.12886533,
    "mxn_clp": 50.70336685,
    "mxn_cop": 219.93897468,
    "mxn_crc": 29.59786373,
    "mxn_gtq": 0.43303429,
    "mxn_mxn": 1,
    "mxn_pen": 0.20976571,
    "mxn_usd": 0.055804601,
    "pen_clp": 242.45471889,
    "pen_cop": 1047.28090703,
    "pen_crc": 140.88642726,
    "pen_gtq": 2.06878584,
    "pen_mxn": 4.6604903,
    "pen_pen": 1,
    "pen_usd": 0.26659478,
    "timestamp": "2024-06-07 06:30:49",
    "usd_clp": 908.5875689,
    "usd_cop": 3941.2337036,
    "usd_crc": 530.38393157,
    "usd_gtq": 7.75983136,
    "usd_mxn": 17.91966935,
    "usd_pen": 3.75893218,
    "usd_usd": 1
}