{
    "clp_clp": 1,
    "clp_cop": 3.74200566,
    "clp_crc": 0.49159663,
    "clp_gtq": 0.0082695901,
    "clp_mxn": 0.018973062,
    "clp_pen": 0.0037082857,
    "clp_usd": 0.0010839184,
    "cop_clp": 0.26723637,
    "cop_cop": 1,
    "cop_crc": 0.1313725,
    "cop_gtq": 0.0022099352,
    "cop_mxn": 0.0050702922,
    "cop_pen": 0.00099098881,
    "cop_usd": 0.00028966242,
    "crc_clp": 2.03418809,
    "crc_cop": 7.61194334,
    "crc_crc": 1,
    "crc_gtq": 0.016821902,
    "crc_mxn": 0.038594777,
    "crc_pen": 0.0075433507,
    "crc_usd": 0.0022048939,
    "gtq_clp": 120.92497723,
    "gtq_cop": 452.5019496,
    "gtq_crc": 59.44631084,
    "gtq_gtq": 1,
    "gtq_mxn": 2.2943171,
    "gtq_pen": 0.44842437,
    "gtq_usd": 0.13107281,
    "mxn_clp": 52.70532139,
    "mxn_cop": 196.50334492,
    "mxn_crc": 25.89536878,
    "mxn_gtq": 0.4355469,
    "mxn_mxn": 1,
    "mxn_pen": 0.19527958,
    "mxn_usd": 0.05712929,
    "pen_clp": 269.66638212,
    "pen_cop": 1009.09312907,
    "pen_crc": 132.56708367,
    "pen_gtq": 2.23003046,
    "pen_mxn": 5.116397,
    "pen_pen": 1,
    "pen_usd": 0.29229636,
    "timestamp": "2026-06-28 07:48:54",
    "usd_clp": 922.57866437,
    "usd_cop": 3452.29458687,
    "usd_crc": 453.53655887,
    "usd_gtq": 7.62934743,
    "usd_mxn": 17.50414224,
    "usd_pen": 3.42118531,
    "usd_usd": 1
}