{
    "clp_clp": 1,
    "clp_cop": 4.17977531,
    "clp_crc": 0.52170151,
    "clp_gtq": 0.0084636231,
    "clp_mxn": 0.019503698,
    "clp_pen": 0.0038009744,
    "clp_usd": 0.0011035275,
    "cop_clp": 0.24145971,
    "cop_cop": 1,
    "cop_crc": 0.12657544,
    "cop_gtq": 0.0020315559,
    "cop_mxn": 0.0047121807,
    "cop_pen": 0.00092170019,
    "cop_usd": 0.00026484112,
    "crc_clp": 1.90763482,
    "crc_cop": 7.90042693,
    "crc_crc": 1,
    "crc_gtq": 0.016050159,
    "crc_mxn": 0.037228239,
    "crc_pen": 0.007281825,
    "crc_usd": 0.0020923579,
    "gtq_clp": 118.15270945,
    "gtq_cop": 493.85177745,
    "gtq_crc": 61.64044746,
    "gtq_gtq": 1,
    "gtq_mxn": 2.30441475,
    "gtq_pen": 0.44909542,
    "gtq_usd": 0.13038477,
    "mxn_clp": 51.24160746,
    "mxn_cop": 212.21597052,
    "mxn_crc": 26.86132945,
    "mxn_gtq": 0.43112861,
    "mxn_mxn": 1,
    "mxn_pen": 0.1955995,
    "mxn_usd": 0.056203516,
    "pen_clp": 261.97207708,
    "pen_cop": 1084.95149423,
    "pen_crc": 137.32821077,
    "pen_gtq": 2.2041396,
    "pen_mxn": 5.11248749,
    "pen_pen": 1,
    "pen_usd": 0.28733977,
    "timestamp": "2026-03-07 06:51:15",
    "usd_clp": 911.71533525,
    "usd_cop": 3775.84865653,
    "usd_crc": 477.92969813,
    "usd_gtq": 7.67084759,
    "usd_mxn": 17.79248116,
    "usd_pen": 3.48020043,
    "usd_usd": 1
}