{
    "clp_clp": 1,
    "clp_cop": 4.30485286,
    "clp_crc": 0.58017236,
    "clp_gtq": 0.0089825621,
    "clp_mxn": 0.020160493,
    "clp_pen": 0.0039328067,
    "clp_usd": 0.0011728595,
    "cop_clp": 0.23229598,
    "cop_cop": 1,
    "cop_crc": 0.1347717,
    "cop_gtq": 0.002086613,
    "cop_mxn": 0.0046832014,
    "cop_pen": 0.00091357518,
    "cop_usd": 0.00027245054,
    "crc_clp": 1.72362573,
    "crc_cop": 7.41995514,
    "crc_crc": 1,
    "crc_gtq": 0.015482575,
    "crc_mxn": 0.034749144,
    "crc_pen": 0.0067786868,
    "crc_usd": 0.0020215708,
    "gtq_clp": 111.32681237,
    "gtq_cop": 479.24554682,
    "gtq_crc": 64.58873915,
    "gtq_gtq": 1,
    "gtq_mxn": 2.2444034,
    "gtq_pen": 0.43782683,
    "gtq_usd": 0.13057071,
    "mxn_clp": 49.60196203,
    "mxn_cop": 213.52914818,
    "mxn_crc": 28.77768723,
    "mxn_gtq": 0.4455527,
    "mxn_mxn": 1,
    "mxn_pen": 0.19507493,
    "mxn_usd": 0.058176132,
    "pen_clp": 254.27133193,
    "pen_cop": 1094.60067093,
    "pen_crc": 147.52119802,
    "pen_gtq": 2.28400802,
    "pen_mxn": 5.12623537,
    "pen_pen": 1,
    "pen_usd": 0.29822454,
    "timestamp": "2026-02-10 20:32:21",
    "usd_clp": 852.61705483,
    "usd_cop": 3670.39096855,
    "usd_crc": 494.66484652,
    "usd_gtq": 7.6586856,
    "usd_mxn": 17.18918002,
    "usd_pen": 3.35317807,
    "usd_usd": 1
}