{
    "clp_clp": 1,
    "clp_cop": 4.2516712,
    "clp_crc": 0.57402888,
    "clp_gtq": 0.0088872854,
    "clp_mxn": 0.019891093,
    "clp_pen": 0.0038748227,
    "clp_usd": 0.0011583661,
    "cop_clp": 0.23520163,
    "cop_cop": 1,
    "cop_crc": 0.13501253,
    "cop_gtq": 0.002090304,
    "cop_mxn": 0.0046784175,
    "cop_pen": 0.00091136461,
    "cop_usd": 0.00027244959,
    "crc_clp": 1.74207264,
    "crc_cop": 7.40672008,
    "crc_crc": 1,
    "crc_gtq": 0.015482297,
    "crc_mxn": 0.034651729,
    "crc_pen": 0.0067502225,
    "crc_usd": 0.0020179579,
    "gtq_clp": 112.52029831,
    "gtq_cop": 478.39931155,
    "gtq_crc": 64.58990032,
    "gtq_gtq": 1,
    "gtq_mxn": 2.23815172,
    "gtq_pen": 0.4359962,
    "gtq_usd": 0.1303397,
    "mxn_clp": 49.97533915,
    "mxn_cop": 211.81711511,
    "mxn_crc": 28.90055999,
    "mxn_gtq": 0.44599254,
    "mxn_mxn": 1,
    "mxn_pen": 0.19430124,
    "mxn_usd": 0.058142022,
    "pen_clp": 258.07632737,
    "pen_cop": 1097.255688,
    "pen_crc": 148.14326402,
    "pen_gtq": 2.29359797,
    "pen_mxn": 5.13342024,
    "pen_pen": 1,
    "pen_usd": 0.29894686,
    "timestamp": "2026-01-29 07:01:07",
    "usd_clp": 863.28494982,
    "usd_cop": 3670.403757,
    "usd_crc": 495.55048907,
    "usd_gtq": 7.6722597,
    "usd_mxn": 17.17168126,
    "usd_pen": 3.34507608,
    "usd_usd": 1
}