{
    "clp_clp": 1,
    "clp_cop": 4.06367567,
    "clp_crc": 0.52179837,
    "clp_gtq": 0.00793867,
    "clp_mxn": 0.019032407,
    "clp_pen": 0.0036102205,
    "clp_usd": 0.0010359219,
    "cop_clp": 0.24608263,
    "cop_cop": 1,
    "cop_crc": 0.12840552,
    "cop_gtq": 0.0019535688,
    "cop_mxn": 0.0046835449,
    "cop_pen": 0.00088841256,
    "cop_usd": 0.00025492239,
    "crc_clp": 1.91644905,
    "crc_cop": 7.78782738,
    "crc_crc": 1,
    "crc_gtq": 0.015214056,
    "crc_mxn": 0.036474639,
    "crc_pen": 0.0069188036,
    "crc_usd": 0.0019852915,
    "gtq_clp": 125.9656851,
    "gtq_cop": 511.88368978,
    "gtq_crc": 65.72868979,
    "gtq_gtq": 1,
    "gtq_mxn": 2.39743025,
    "gtq_pen": 0.4547639,
    "gtq_usd": 0.13049061,
    "mxn_clp": 52.54196038,
    "mxn_cop": 213.51348605,
    "mxn_crc": 27.41630955,
    "mxn_gtq": 0.41711328,
    "mxn_mxn": 1,
    "mxn_pen": 0.18968806,
    "mxn_usd": 0.054429368,
    "pen_clp": 276.99139186,
    "pen_cop": 1125.60317981,
    "pen_crc": 144.53365815,
    "pen_gtq": 2.19894324,
    "pen_mxn": 5.27181304,
    "pen_pen": 1,
    "pen_usd": 0.28694145,
    "timestamp": "2025-09-30 19:44:33",
    "usd_clp": 965.32373571,
    "usd_cop": 3922.76257819,
    "usd_crc": 503.70435662,
    "usd_gtq": 7.66338654,
    "usd_mxn": 18.37243469,
    "usd_pen": 3.48503154,
    "usd_usd": 1
}