{
    "clp_clp": 1,
    "clp_cop": 4.20279588,
    "clp_crc": 0.52699149,
    "clp_gtq": 0.0085714006,
    "clp_mxn": 0.019696884,
    "clp_pen": 0.0038169338,
    "clp_usd": 0.0011173407,
    "cop_clp": 0.23793685,
    "cop_cop": 1,
    "cop_crc": 0.12539069,
    "cop_gtq": 0.002039452,
    "cop_mxn": 0.0046866145,
    "cop_pen": 0.00090818919,
    "cop_usd": 0.00026585653,
    "crc_clp": 1.89756384,
    "crc_cop": 7.9750735,
    "crc_crc": 1,
    "crc_gtq": 0.01626478,
    "crc_mxn": 0.037376095,
    "crc_pen": 0.0072428755,
    "crc_usd": 0.0021202253,
    "gtq_clp": 116.66704679,
    "gtq_cop": 490.32778325,
    "gtq_crc": 61.48254095,
    "gtq_gtq": 1,
    "gtq_mxn": 2.29797728,
    "gtq_pen": 0.44531039,
    "gtq_usd": 0.13035684,
    "mxn_clp": 50.76945192,
    "mxn_cop": 213.37364322,
    "mxn_crc": 26.75506917,
    "mxn_gtq": 0.43516531,
    "mxn_mxn": 1,
    "mxn_pen": 0.19378364,
    "mxn_usd": 0.056726775,
    "pen_clp": 261.99039871,
    "pen_cop": 1101.0921675,
    "pen_crc": 138.06671086,
    "pen_gtq": 2.24562467,
    "pen_mxn": 5.16039447,
    "pen_pen": 1,
    "pen_usd": 0.29273254,
    "timestamp": "2026-03-05 20:11:21",
    "usd_clp": 894.98215813,
    "usd_cop": 3761.42732419,
    "usd_crc": 471.64798199,
    "usd_gtq": 7.67125065,
    "usd_mxn": 17.62835966,
    "usd_pen": 3.41608762,
    "usd_usd": 1
}