{
    "clp_clp": 1,
    "clp_cop": 4.10599035,
    "clp_crc": 0.52924211,
    "clp_gtq": 0.0080541579,
    "clp_mxn": 0.019287789,
    "clp_pen": 0.0036684904,
    "clp_usd": 0.0010507733,
    "cop_clp": 0.24448786,
    "cop_cop": 1,
    "cop_crc": 0.12930351,
    "cop_gtq": 0.0019677401,
    "cop_mxn": 0.0047352879,
    "cop_pen": 0.00089511924,
    "cop_usd": 0.00025665537,
    "crc_clp": 1.88949438,
    "crc_cop": 7.75824572,
    "crc_crc": 1,
    "crc_gtq": 0.015218286,
    "crc_mxn": 0.036444169,
    "crc_pen": 0.0069315921,
    "crc_usd": 0.0019854303,
    "gtq_clp": 124.1594734,
    "gtq_cop": 509.79760001,
    "gtq_crc": 65.71042201,
    "gtq_gtq": 1,
    "gtq_mxn": 2.39476172,
    "gtq_pen": 0.45547784,
    "gtq_usd": 0.13046346,
    "mxn_clp": 51.84627439,
    "mxn_cop": 212.88030246,
    "mxn_crc": 27.43923179,
    "mxn_gtq": 0.41757808,
    "mxn_mxn": 1,
    "mxn_pen": 0.19019756,
    "mxn_usd": 0.054478682,
    "pen_clp": 272.59168873,
    "pen_cop": 1119.2588442,
    "pen_crc": 144.26700123,
    "pen_gtq": 2.1954965,
    "pen_mxn": 5.25769097,
    "pen_pen": 1,
    "pen_usd": 0.28643208,
    "timestamp": "2025-09-16 19:25:40",
    "usd_clp": 952.59205806,
    "usd_cop": 3896.27541804,
    "usd_crc": 503.8020887,
    "usd_gtq": 7.66685754,
    "usd_mxn": 18.44998597,
    "usd_pen": 3.48763109,
    "usd_usd": 1
}