{
    "clp_clp": 1,
    "clp_cop": 4.26786524,
    "clp_crc": 0.5670967,
    "clp_gtq": 0.0085397492,
    "clp_mxn": 0.018357898,
    "clp_pen": 0.0041202004,
    "clp_usd": 0.0011007797,
    "cop_clp": 0.23430918,
    "cop_cop": 1,
    "cop_crc": 0.13287596,
    "cop_gtq": 0.0020009416,
    "cop_mxn": 0.0043014239,
    "cop_pen": 0.00096540077,
    "cop_usd": 0.00025792279,
    "crc_clp": 1.7633677,
    "crc_cop": 7.52581571,
    "crc_crc": 1,
    "crc_gtq": 0.015058718,
    "crc_mxn": 0.032371723,
    "crc_pen": 0.0072654283,
    "crc_usd": 0.0019410794,
    "gtq_clp": 117.09945798,
    "gtq_cop": 499.76470599,
    "gtq_crc": 66.40671596,
    "gtq_gtq": 1,
    "gtq_mxn": 2.14969985,
    "gtq_pen": 0.48247323,
    "gtq_usd": 0.12890071,
    "mxn_clp": 54.47246885,
    "mxn_cop": 232.48115618,
    "mxn_crc": 30.89115722,
    "mxn_gtq": 0.46518122,
    "mxn_mxn": 1,
    "mxn_pen": 0.22443749,
    "mxn_usd": 0.059962188,
    "pen_clp": 242.70664192,
    "pen_cop": 1035.83923988,
    "pen_crc": 137.63813522,
    "pen_gtq": 2.07265385,
    "pen_mxn": 4.45558366,
    "pen_pen": 1,
    "pen_usd": 0.26716654,
    "timestamp": "2024-05-27 06:29:04",
    "usd_clp": 902.46755985,
    "usd_cop": 3877.88615778,
    "usd_crc": 517.42477744,
    "usd_gtq": 7.77111195,
    "usd_mxn": 16.69628833,
    "usd_pen": 3.73735888,
    "usd_usd": 1
}