{
    "clp_clp": 1,
    "clp_cop": 4.40423946,
    "clp_crc": 0.53584476,
    "clp_gtq": 0.0082286685,
    "clp_mxn": 0.021454624,
    "clp_pen": 0.0039149048,
    "clp_usd": 0.0010672729,
    "cop_clp": 0.22705396,
    "cop_cop": 1,
    "cop_crc": 0.12166567,
    "cop_gtq": 0.0018683517,
    "cop_mxn": 0.0048713572,
    "cop_pen": 0.00088889464,
    "cop_usd": 0.00024232854,
    "crc_clp": 1.86621216,
    "crc_cop": 8.21924524,
    "crc_crc": 1,
    "crc_gtq": 0.015356441,
    "crc_mxn": 0.04003888,
    "crc_pen": 0.007306043,
    "crc_usd": 0.0019917577,
    "gtq_clp": 121.52634432,
    "gtq_cop": 535.23112135,
    "gtq_crc": 65.11925433,
    "gtq_gtq": 1,
    "gtq_mxn": 2.60730199,
    "gtq_pen": 0.47576407,
    "gtq_usd": 0.12970178,
    "mxn_clp": 46.60999939,
    "mxn_cop": 205.28159866,
    "mxn_crc": 24.97572376,
    "mxn_gtq": 0.38353823,
    "mxn_mxn": 1,
    "mxn_pen": 0.18247371,
    "mxn_usd": 0.04974559,
    "pen_clp": 255.43405042,
    "pen_cop": 1124.99272488,
    "pen_crc": 136.87299645,
    "pen_gtq": 2.10188212,
    "pen_mxn": 5.48024145,
    "pen_pen": 1,
    "pen_usd": 0.27261784,
    "timestamp": "2025-03-14 19:24:26",
    "usd_clp": 936.96747151,
    "usd_cop": 4126.62911297,
    "usd_crc": 502.06910627,
    "usd_gtq": 7.70999471,
    "usd_mxn": 20.10228457,
    "usd_pen": 3.66813849,
    "usd_usd": 1
}