{
    "clp_clp": 1,
    "clp_cop": 4.30276361,
    "clp_crc": 0.50367952,
    "clp_gtq": 0.0076684168,
    "clp_mxn": 0.020353692,
    "clp_pen": 0.0037465478,
    "clp_usd": 0.00099357142,
    "cop_clp": 0.23250891,
    "cop_cop": 1,
    "cop_crc": 0.1174403,
    "cop_gtq": 0.0017787673,
    "cop_mxn": 0.0047719512,
    "cop_pen": 0.00086920175,
    "cop_usd": 0.0002303283,
    "crc_clp": 1.97980505,
    "crc_cop": 8.51496435,
    "crc_crc": 1,
    "crc_gtq": 0.01514614,
    "crc_mxn": 0.040632994,
    "crc_pen": 0.0074012219,
    "crc_usd": 0.0019612372,
    "gtq_clp": 130.71350281,
    "gtq_cop": 562.18707902,
    "gtq_crc": 66.02342132,
    "gtq_gtq": 1,
    "gtq_mxn": 2.68272928,
    "gtq_pen": 0.48865399,
    "gtq_usd": 0.12948759,
    "mxn_clp": 48.724075,
    "mxn_cop": 209.55788663,
    "mxn_crc": 24.61054186,
    "mxn_gtq": 0.37275472,
    "mxn_mxn": 1,
    "mxn_pen": 0.18214808,
    "mxn_usd": 0.048267111,
    "pen_clp": 266.91238165,
    "pen_cop": 1148.46088308,
    "pen_crc": 134.43830061,
    "pen_gtq": 2.04679538,
    "pen_mxn": 5.43265247,
    "pen_pen": 1,
    "pen_usd": 0.26519651,
    "timestamp": "2025-01-11 06:32:56",
    "usd_clp": 1006.47017606,
    "usd_cop": 4330.6032491,
    "usd_crc": 506.93841644,
    "usd_gtq": 7.71803277,
    "usd_mxn": 20.48538421,
    "usd_pen": 3.77078864,
    "usd_usd": 1
}