{
    "clp_clp": 1,
    "clp_cop": 4.38133146,
    "clp_crc": 0.52564785,
    "clp_gtq": 0.0081207081,
    "clp_mxn": 0.021491938,
    "clp_pen": 0.0038817017,
    "clp_usd": 0.0010562762,
    "cop_clp": 0.22824112,
    "cop_cop": 1,
    "cop_crc": 0.11997445,
    "cop_gtq": 0.0018534795,
    "cop_mxn": 0.0049053441,
    "cop_pen": 0.00088596395,
    "cop_usd": 0.00024108567,
    "crc_clp": 1.90241434,
    "crc_cop": 8.3351078,
    "crc_crc": 1,
    "crc_gtq": 0.015448952,
    "crc_mxn": 0.040886572,
    "crc_pen": 0.007384605,
    "crc_usd": 0.0020094751,
    "gtq_clp": 123.14197019,
    "gtq_cop": 539.52578783,
    "gtq_crc": 64.72931135,
    "gtq_gtq": 1,
    "gtq_mxn": 2.64655964,
    "gtq_pen": 0.4780004,
    "gtq_usd": 0.13007194,
    "mxn_clp": 46.52907429,
    "mxn_cop": 203.8592969,
    "mxn_crc": 24.45790766,
    "mxn_gtq": 0.37784903,
    "mxn_mxn": 1,
    "mxn_pen": 0.18061199,
    "mxn_usd": 0.049147556,
    "pen_clp": 257.61897024,
    "pen_cop": 1128.71409856,
    "pen_crc": 135.41685673,
    "pen_gtq": 2.09204847,
    "pen_mxn": 5.53673105,
    "pen_pen": 1,
    "pen_usd": 0.2721168,
    "timestamp": "2025-04-02 19:35:54",
    "usd_clp": 946.72204479,
    "usd_cop": 4147.90307703,
    "usd_crc": 497.64240335,
    "usd_gtq": 7.68805342,
    "usd_mxn": 20.3468919,
    "usd_pen": 3.67489259,
    "usd_usd": 1
}