{
    "clp_clp": 1,
    "clp_cop": 4.26573417,
    "clp_crc": 0.51922569,
    "clp_gtq": 0.0078742253,
    "clp_mxn": 0.021057353,
    "clp_pen": 0.0037970723,
    "clp_usd": 0.0010181807,
    "cop_clp": 0.23442623,
    "cop_cop": 1,
    "cop_crc": 0.12172012,
    "cop_gtq": 0.001845925,
    "cop_mxn": 0.004936396,
    "cop_pen": 0.00089013335,
    "cop_usd": 0.00023868826,
    "crc_clp": 1.92594475,
    "crc_cop": 8.21556834,
    "crc_crc": 1,
    "crc_gtq": 0.015165323,
    "crc_mxn": 0.040555299,
    "crc_pen": 0.0073129514,
    "crc_usd": 0.0019609597,
    "gtq_clp": 126.99661959,
    "gtq_cop": 541.73382014,
    "gtq_crc": 65.93990796,
    "gtq_gtq": 1,
    "gtq_mxn": 2.67421267,
    "gtq_pen": 0.48221534,
    "gtq_usd": 0.1293055,
    "mxn_clp": 47.48934922,
    "mxn_cop": 202.57693983,
    "mxn_crc": 24.65769031,
    "mxn_gtq": 0.37394184,
    "mxn_mxn": 1,
    "mxn_pen": 0.18032049,
    "mxn_usd": 0.048352737,
    "pen_clp": 263.36080295,
    "pen_cop": 1123.42717713,
    "pen_crc": 136.74369571,
    "pen_gtq": 2.07376231,
    "pen_mxn": 5.54568145,
    "pen_pen": 1,
    "pen_usd": 0.26814888,
    "timestamp": "2025-02-02 19:20:57",
    "usd_clp": 982.14397489,
    "usd_cop": 4189.56511712,
    "usd_crc": 509.95438708,
    "usd_gtq": 7.73362297,
    "usd_mxn": 20.68135258,
    "usd_pen": 3.72927165,
    "usd_usd": 1
}