{
    "clp_clp": 1,
    "clp_cop": 3.44795783,
    "clp_crc": 0.48484341,
    "clp_gtq": 0.0081570312,
    "clp_mxn": 0.018603571,
    "clp_pen": 0.0036380783,
    "clp_usd": 0.0010693402,
    "cop_clp": 0.28703712,
    "cop_cop": 1,
    "cop_crc": 0.13943994,
    "cop_gtq": 0.0023447559,
    "cop_mxn": 0.0053500758,
    "cop_pen": 0.0010437043,
    "cop_usd": 0.00030721638,
    "crc_clp": 2.05849999,
    "crc_cop": 7.17154641,
    "crc_crc": 1,
    "crc_gtq": 0.016815526,
    "crc_mxn": 0.038368317,
    "crc_pen": 0.0074849738,
    "crc_usd": 0.0022032165,
    "gtq_clp": 122.59362152,
    "gtq_cop": 422.69763667,
    "gtq_crc": 59.43870893,
    "gtq_gtq": 1,
    "gtq_mxn": 2.28067917,
    "gtq_pen": 0.44600519,
    "gtq_usd": 0.13109429,
    "mxn_clp": 53.65103669,
    "mxn_cop": 186.91323825,
    "mxn_crc": 26.06317069,
    "mxn_gtq": 0.43826592,
    "mxn_mxn": 1,
    "mxn_pen": 0.19508215,
    "mxn_usd": 0.057422808,
    "pen_clp": 275.01766261,
    "pen_cop": 958.12578962,
    "pen_crc": 133.60100244,
    "pen_gtq": 2.24657108,
    "pen_mxn": 5.12604564,
    "pen_pen": 1,
    "pen_usd": 0.29435193,
    "timestamp": "2026-07-22 07:57:33",
    "usd_clp": 934.31580121,
    "usd_cop": 3255.03480862,
    "usd_crc": 453.88185781,
    "usd_gtq": 7.63226202,
    "usd_mxn": 17.41468309,
    "usd_pen": 3.3972938,
    "usd_usd": 1
}