{
    "clp_clp": 1,
    "clp_cop": 4.18675717,
    "clp_crc": 0.51042238,
    "clp_gtq": 0.0084992111,
    "clp_mxn": 0.019175463,
    "clp_pen": 0.0038228578,
    "clp_usd": 0.0011138606,
    "cop_clp": 0.23884834,
    "cop_cop": 1,
    "cop_crc": 0.12191354,
    "cop_gtq": 0.0020300225,
    "cop_mxn": 0.0045800276,
    "cop_pen": 0.00091308323,
    "cop_usd": 0.00026604375,
    "crc_clp": 1.95916176,
    "crc_cop": 8.20253454,
    "crc_crc": 1,
    "crc_gtq": 0.016651329,
    "crc_mxn": 0.037567834,
    "crc_pen": 0.0074895967,
    "crc_usd": 0.002182233,
    "gtq_clp": 117.65797901,
    "gtq_cop": 492.60538762,
    "gtq_crc": 60.05526527,
    "gtq_gtq": 1,
    "gtq_mxn": 2.25614626,
    "gtq_pen": 0.44978972,
    "gtq_usd": 0.13105458,
    "mxn_clp": 52.14997861,
    "mxn_cop": 218.33929704,
    "mxn_crc": 26.61851602,
    "mxn_gtq": 0.44323368,
    "mxn_mxn": 1,
    "mxn_pen": 0.19936195,
    "mxn_usd": 0.058087805,
    "pen_clp": 261.58441242,
    "pen_cop": 1095.1904151,
    "pen_crc": 133.51853747,
    "pen_gtq": 2.22326114,
    "pen_mxn": 5.0160023,
    "pen_pen": 1,
    "pen_usd": 0.29136856,
    "timestamp": "2026-05-12 21:35:17",
    "usd_clp": 897.7784402,
    "usd_cop": 3758.78032443,
    "usd_crc": 458.2462051,
    "usd_gtq": 7.63040847,
    "usd_mxn": 17.21531751,
    "usd_pen": 3.43207927,
    "usd_usd": 1
}