{
    "clp_clp": 1,
    "clp_cop": 4.49009703,
    "clp_crc": 0.51749609,
    "clp_gtq": 0.007886376,
    "clp_mxn": 0.02069919,
    "clp_pen": 0.0038229561,
    "clp_usd": 0.0010234483,
    "cop_clp": 0.22231066,
    "cop_cop": 1,
    "cop_crc": 0.1154836,
    "cop_gtq": 0.0017574038,
    "cop_mxn": 0.0045879688,
    "cop_pen": 0.00085233714,
    "cop_usd": 0.00022797253,
    "crc_clp": 1.93238176,
    "crc_cop": 8.67658161,
    "crc_crc": 1,
    "crc_gtq": 0.015239489,
    "crc_mxn": 0.039998736,
    "crc_pen": 0.0073874107,
    "crc_usd": 0.0019776929,
    "gtq_clp": 126.49947622,
    "gtq_cop": 569.02119898,
    "gtq_crc": 65.7126185,
    "gtq_gtq": 1,
    "gtq_mxn": 2.61065151,
    "gtq_pen": 0.4849979,
    "gtq_usd": 0.1297212,
    "mxn_clp": 48.45513679,
    "mxn_cop": 217.96137705,
    "mxn_crc": 25.17096524,
    "mxn_gtq": 0.38304615,
    "mxn_mxn": 1,
    "mxn_pen": 0.18577658,
    "mxn_usd": 0.049689206,
    "pen_clp": 260.82479094,
    "pen_cop": 1173.24466234,
    "pen_crc": 135.49052135,
    "pen_gtq": 2.06186459,
    "pen_mxn": 5.38280992,
    "pen_pen": 1,
    "pen_usd": 0.26746755,
    "timestamp": "2024-12-13 06:38:03",
    "usd_clp": 975.16423603,
    "usd_cop": 4386.49344138,
    "usd_crc": 506.56806916,
    "usd_gtq": 7.70884011,
    "usd_mxn": 20.1250951,
    "usd_pen": 3.73877127,
    "usd_usd": 1
}