{
    "clp_clp": 1,
    "clp_cop": 4.18407407,
    "clp_crc": 0.50445918,
    "clp_gtq": 0.0084314685,
    "clp_mxn": 0.019029228,
    "clp_pen": 0.0037913255,
    "clp_usd": 0.0011051906,
    "cop_clp": 0.23434424,
    "cop_cop": 1,
    "cop_crc": 0.12028088,
    "cop_gtq": 0.002014846,
    "cop_mxn": 0.0045361432,
    "cop_pen": 0.00090287261,
    "cop_usd": 0.0002641405,
    "crc_clp": 1.94830835,
    "crc_cop": 8.31387334,
    "crc_crc": 1,
    "crc_gtq": 0.016751175,
    "crc_mxn": 0.03771292,
    "crc_pen": 0.0075063685,
    "crc_usd": 0.0021960307,
    "gtq_clp": 116.30875857,
    "gtq_cop": 496.31583641,
    "gtq_crc": 59.69730547,
    "gtq_gtq": 1,
    "gtq_mxn": 2.25135972,
    "gtq_pen": 0.44810997,
    "gtq_usd": 0.13109712,
    "mxn_clp": 51.66156156,
    "mxn_cop": 220.45159325,
    "mxn_crc": 26.51611159,
    "mxn_gtq": 0.44417602,
    "mxn_mxn": 1,
    "mxn_pen": 0.1990397,
    "mxn_usd": 0.058230195,
    "pen_clp": 259.55405014,
    "pen_cop": 1107.57596478,
    "pen_crc": 133.2202115,
    "pen_gtq": 2.23159505,
    "pen_mxn": 5.0241232,
    "pen_pen": 1,
    "pen_usd": 0.29255567,
    "timestamp": "2026-05-14 08:16:25",
    "usd_clp": 887.19540476,
    "usd_cop": 3785.86389176,
    "usd_crc": 455.36703975,
    "usd_gtq": 7.62793289,
    "usd_mxn": 17.17322082,
    "usd_pen": 3.41815281,
    "usd_usd": 1
}