{
    "clp_clp": 1,
    "clp_cop": 3.99204872,
    "clp_crc": 0.5063966,
    "clp_gtq": 0.008329651,
    "clp_mxn": 0.019466488,
    "clp_pen": 0.0037619485,
    "clp_usd": 0.0010898688,
    "cop_clp": 0.25079925,
    "cop_cop": 1,
    "cop_crc": 0.12674415,
    "cop_gtq": 0.0020843917,
    "cop_mxn": 0.0048778538,
    "cop_pen": 0.00094191242,
    "cop_usd": 0.00027278894,
    "crc_clp": 1.97878364,
    "crc_cop": 7.88991051,
    "crc_crc": 1,
    "crc_gtq": 0.016445664,
    "crc_mxn": 0.03848583,
    "crc_pen": 0.0074316047,
    "crc_usd": 0.0021522803,
    "gtq_clp": 120.32251234,
    "gtq_cop": 479.75626843,
    "gtq_crc": 60.80630039,
    "gtq_gtq": 1,
    "gtq_mxn": 2.34018093,
    "gtq_pen": 0.45188839,
    "gtq_usd": 0.1308722,
    "mxn_clp": 51.41590161,
    "mxn_cop": 205.00819519,
    "mxn_crc": 25.98358942,
    "mxn_gtq": 0.42731739,
    "mxn_mxn": 1,
    "mxn_pen": 0.19309977,
    "mxn_usd": 0.055923968,
    "pen_clp": 266.26599702,
    "pen_cop": 1061.66982932,
    "pen_crc": 134.56043997,
    "pen_gtq": 2.21293582,
    "pen_mxn": 5.17867019,
    "pen_pen": 1,
    "pen_usd": 0.28961178,
    "timestamp": "2026-04-04 06:59:25",
    "usd_clp": 919.38937311,
    "usd_cop": 3665.83780795,
    "usd_crc": 464.62349657,
    "usd_gtq": 7.64104202,
    "usd_mxn": 17.88142081,
    "usd_pen": 3.45289817,
    "usd_usd": 1
}