{
    "clp_clp": 1,
    "clp_cop": 4.55187315,
    "clp_crc": 0.56385847,
    "clp_gtq": 0.0084100203,
    "clp_mxn": 0.021055896,
    "clp_pen": 0.004052466,
    "clp_usd": 0.0010874032,
    "cop_clp": 0.21968978,
    "cop_cop": 1,
    "cop_crc": 0.12387394,
    "cop_gtq": 0.0018475955,
    "cop_mxn": 0.004625765,
    "cop_pen": 0.00089028535,
    "cop_usd": 0.00023889136,
    "crc_clp": 1.77349468,
    "crc_cop": 8.07272284,
    "crc_crc": 1,
    "crc_gtq": 0.014915126,
    "crc_mxn": 0.037342519,
    "crc_pen": 0.0071870269,
    "crc_usd": 0.0019285038,
    "gtq_clp": 118.90577747,
    "gtq_cop": 541.24401594,
    "gtq_crc": 67.04602978,
    "gtq_gtq": 1,
    "gtq_mxn": 2.50366765,
    "gtq_pen": 0.48186162,
    "gtq_usd": 0.12929852,
    "mxn_clp": 47.4926365,
    "mxn_cop": 216.18045696,
    "mxn_crc": 26.77912536,
    "mxn_gtq": 0.39941404,
    "mxn_mxn": 1,
    "mxn_pen": 0.19246229,
    "mxn_usd": 0.051643644,
    "pen_clp": 244.82166395,
    "pen_cop": 1122.25294808,
    "pen_crc": 138.67659019,
    "pen_gtq": 2.07617574,
    "pen_mxn": 5.22457937,
    "pen_pen": 1,
    "pen_usd": 0.2685096,
    "timestamp": "2024-10-04 06:34:55",
    "usd_clp": 919.62209861,
    "usd_cop": 4186.00313973,
    "usd_crc": 518.5367097,
    "usd_gtq": 7.7340405,
    "usd_mxn": 19.36346698,
    "usd_pen": 3.72673726,
    "usd_usd": 1
}