{
    "clp_clp": 1,
    "clp_cop": 4.28844881,
    "clp_crc": 0.5367106,
    "clp_gtq": 0.0081635317,
    "clp_mxn": 0.019783905,
    "clp_pen": 0.0037813317,
    "clp_usd": 0.0010623439,
    "cop_clp": 0.23318455,
    "cop_cop": 1,
    "cop_crc": 0.12515262,
    "cop_gtq": 0.0019036094,
    "cop_mxn": 0.0046133009,
    "cop_pen": 0.00088174813,
    "cop_usd": 0.00024772218,
    "crc_clp": 1.86320149,
    "crc_cop": 7.99024424,
    "crc_crc": 1,
    "crc_gtq": 0.015210304,
    "crc_mxn": 0.036861401,
    "crc_pen": 0.0070453829,
    "crc_usd": 0.0019793607,
    "gtq_clp": 122.49600327,
    "gtq_cop": 525.31783985,
    "gtq_crc": 65.74490393,
    "gtq_gtq": 1,
    "gtq_mxn": 2.42344929,
    "gtq_pen": 0.46319802,
    "gtq_usd": 0.13013288,
    "mxn_clp": 50.54613844,
    "mxn_cop": 216.76452739,
    "mxn_crc": 27.1286485,
    "mxn_gtq": 0.412635,
    "mxn_mxn": 1,
    "mxn_pen": 0.19113172,
    "mxn_usd": 0.053697382,
    "pen_clp": 264.45709517,
    "pen_cop": 1134.11071598,
    "pen_crc": 141.93692734,
    "pen_gtq": 2.15890387,
    "pen_mxn": 5.23199404,
    "pen_pen": 1,
    "pen_usd": 0.28094438,
    "timestamp": "2025-07-08 19:48:35",
    "usd_clp": 941.31477151,
    "usd_cop": 4036.78021485,
    "usd_crc": 505.21361978,
    "usd_gtq": 7.68445293,
    "usd_mxn": 18.622882,
    "usd_pen": 3.55942339,
    "usd_usd": 1
}