{
    "clp_clp": 1,
    "clp_cop": 3.98654649,
    "clp_crc": 0.54035133,
    "clp_gtq": 0.0082419461,
    "clp_mxn": 0.01968287,
    "clp_pen": 0.0036279889,
    "clp_usd": 0.0010753311,
    "cop_clp": 0.25084368,
    "cop_cop": 1,
    "cop_crc": 0.13554372,
    "cop_gtq": 0.0020674401,
    "cop_mxn": 0.0049373237,
    "cop_pen": 0.00091005809,
    "cop_usd": 0.00026974001,
    "crc_clp": 1.85064779,
    "crc_cop": 7.37769346,
    "crc_crc": 1,
    "crc_gtq": 0.015252939,
    "crc_mxn": 0.036426061,
    "crc_pen": 0.0067141296,
    "crc_usd": 0.0019900591,
    "gtq_clp": 121.33056795,
    "gtq_cop": 483.68994934,
    "gtq_crc": 65.56113393,
    "gtq_gtq": 1,
    "gtq_mxn": 2.38813385,
    "gtq_pen": 0.44018595,
    "gtq_usd": 0.13047053,
    "mxn_clp": 50.80559777,
    "mxn_cop": 202.5388773,
    "mxn_crc": 27.4528724,
    "mxn_gtq": 0.418737,
    "mxn_mxn": 1,
    "mxn_pen": 0.18432214,
    "mxn_usd": 0.054632839,
    "pen_clp": 275.63480296,
    "pen_cop": 1098.83095529,
    "pen_crc": 148.93963277,
    "pen_gtq": 2.27176719,
    "pen_mxn": 5.42528412,
    "pen_pen": 1,
    "pen_usd": 0.29639867,
    "timestamp": "2025-11-13 19:43:08",
    "usd_clp": 929.94614332,
    "usd_cop": 3707.27353025,
    "usd_crc": 502.49763672,
    "usd_gtq": 7.66456598,
    "usd_mxn": 18.30400948,
    "usd_pen": 3.37383427,
    "usd_usd": 1
}