{
    "clp_clp": 1,
    "clp_cop": 4.13327798,
    "clp_crc": 0.56671284,
    "clp_gtq": 0.0088079842,
    "clp_mxn": 0.020038369,
    "clp_pen": 0.0038524747,
    "clp_usd": 0.0011480786,
    "cop_clp": 0.24193872,
    "cop_cop": 1,
    "cop_crc": 0.13710978,
    "cop_gtq": 0.0021309925,
    "cop_mxn": 0.0048480574,
    "cop_pen": 0.00093206281,
    "cop_usd": 0.00027776467,
    "crc_clp": 1.76456209,
    "crc_cop": 7.29342563,
    "crc_crc": 1,
    "crc_gtq": 0.015542235,
    "crc_mxn": 0.035358946,
    "crc_pen": 0.0067979308,
    "crc_usd": 0.0020258559,
    "gtq_clp": 114.01009294,
    "gtq_cop": 478.80920285,
    "gtq_crc": 64.149289,
    "gtq_gtq": 1,
    "gtq_mxn": 2.27890413,
    "gtq_pen": 0.43790271,
    "gtq_usd": 0.13032229,
    "mxn_clp": 49.90426178,
    "mxn_cop": 206.26818638,
    "mxn_crc": 28.28138614,
    "mxn_gtq": 0.43955595,
    "mxn_mxn": 1,
    "mxn_pen": 0.19225491,
    "mxn_usd": 0.057294014,
    "pen_clp": 259.57341163,
    "pen_cop": 1072.88906674,
    "pen_crc": 147.10358641,
    "pen_gtq": 2.28631851,
    "pen_mxn": 5.20142774,
    "pen_pen": 1,
    "pen_usd": 0.29801067,
    "timestamp": "2026-01-23 19:49:27",
    "usd_clp": 871.02051513,
    "usd_cop": 3600.16991626,
    "usd_crc": 493.61851358,
    "usd_gtq": 7.67193493,
    "usd_mxn": 17.45383028,
    "usd_pen": 3.35558449,
    "usd_usd": 1
}