{
    "clp_clp": 1,
    "clp_cop": 4.25963319,
    "clp_crc": 0.55647814,
    "clp_gtq": 0.0081816797,
    "clp_mxn": 0.019041435,
    "clp_pen": 0.0039518136,
    "clp_usd": 0.001054776,
    "cop_clp": 0.2327141,
    "cop_cop": 1,
    "cop_crc": 0.130526,
    "cop_gtq": 0.0019292391,
    "cop_mxn": 0.0044905729,
    "cop_pen": 0.00092582535,
    "cop_usd": 0.00024881522,
    "crc_clp": 1.79701579,
    "crc_cop": 7.65462809,
    "crc_crc": 1,
    "crc_gtq": 0.014702608,
    "crc_mxn": 0.03421776,
    "crc_pen": 0.0071014715,
    "crc_usd": 0.001895449,
    "gtq_clp": 120.6248134,
    "gtq_cop": 518.33908206,
    "gtq_crc": 67.65672727,
    "gtq_gtq": 1,
    "gtq_mxn": 2.32763941,
    "gtq_pen": 0.47989146,
    "gtq_usd": 0.12897065,
    "mxn_clp": 52.51704897,
    "mxn_cop": 223.70336468,
    "mxn_crc": 29.22458965,
    "mxn_gtq": 0.42967767,
    "mxn_mxn": 1,
    "mxn_pen": 0.20753759,
    "mxn_usd": 0.05539372,
    "pen_clp": 253.04836969,
    "pen_cop": 1077.89323356,
    "pen_crc": 140.81588571,
    "pen_gtq": 2.07036071,
    "pen_mxn": 4.81840421,
    "pen_pen": 1,
    "pen_usd": 0.26690934,
    "timestamp": "2024-07-21 06:29:21",
    "usd_clp": 948.06863751,
    "usd_cop": 4038.42463231,
    "usd_crc": 527.57947054,
    "usd_gtq": 7.75679394,
    "usd_mxn": 18.0525878,
    "usd_pen": 3.74659058,
    "usd_usd": 1
}