{
    "clp_clp": 1,
    "clp_cop": 4.08465169,
    "clp_crc": 0.52354808,
    "clp_gtq": 0.0079660169,
    "clp_mxn": 0.019376976,
    "clp_pen": 0.0035784545,
    "clp_usd": 0.0010416427,
    "cop_clp": 0.24481892,
    "cop_cop": 1,
    "cop_crc": 0.12817447,
    "cop_gtq": 0.0019502316,
    "cop_mxn": 0.0047438504,
    "cop_pen": 0.00087607336,
    "cop_usd": 0.00025501383,
    "crc_clp": 1.88813611,
    "crc_cop": 7.72207991,
    "crc_crc": 1,
    "crc_gtq": 0.015231144,
    "crc_mxn": 0.036492697,
    "crc_pen": 0.0068362955,
    "crc_usd": 0.0019854089,
    "gtq_clp": 125.53325165,
    "gtq_cop": 512.75960834,
    "gtq_crc": 65.72269309,
    "gtq_gtq": 1,
    "gtq_mxn": 2.43245487,
    "gtq_pen": 0.44921504,
    "gtq_usd": 0.13076079,
    "mxn_clp": 51.60763859,
    "mxn_cop": 210.7992281,
    "mxn_crc": 27.01908018,
    "mxn_gtq": 0.41110732,
    "mxn_mxn": 1,
    "mxn_pen": 0.18467559,
    "mxn_usd": 0.053756719,
    "pen_clp": 279.45024482,
    "pen_cop": 1141.45691444,
    "pen_crc": 146.3056396,
    "pen_gtq": 2.22610536,
    "pen_mxn": 5.41490083,
    "pen_pen": 1,
    "pen_usd": 0.2910873,
    "timestamp": "2025-10-11 19:38:16",
    "usd_clp": 960.02210464,
    "usd_cop": 3921.35591101,
    "usd_crc": 502.61773126,
    "usd_gtq": 7.64755228,
    "usd_mxn": 18.60232576,
    "usd_pen": 3.43539547,
    "usd_usd": 1
}