{
    "clp_clp": 1,
    "clp_cop": 4.33895588,
    "clp_crc": 0.53061834,
    "clp_gtq": 0.0081135579,
    "clp_mxn": 0.021838098,
    "clp_pen": 0.003889817,
    "clp_usd": 0.0010519021,
    "cop_clp": 0.23047019,
    "cop_cop": 1,
    "cop_crc": 0.12229171,
    "cop_gtq": 0.0018699333,
    "cop_mxn": 0.0050330307,
    "cop_pen": 0.00089648686,
    "cop_usd": 0.00024243208,
    "crc_clp": 1.88459375,
    "crc_cop": 8.17716913,
    "crc_crc": 1,
    "crc_gtq": 0.01529076,
    "crc_mxn": 0.041155943,
    "crc_pen": 0.0073307247,
    "crc_usd": 0.0019824081,
    "gtq_clp": 123.25049179,
    "gtq_cop": 534.77844645,
    "gtq_crc": 65.39897093,
    "gtq_gtq": 1,
    "gtq_mxn": 2.69155634,
    "gtq_pen": 0.47942185,
    "gtq_usd": 0.12964745,
    "mxn_clp": 45.79153329,
    "mxn_cop": 198.68744276,
    "mxn_crc": 24.29782722,
    "mxn_gtq": 0.37153226,
    "mxn_mxn": 1,
    "mxn_pen": 0.17812068,
    "mxn_usd": 0.048168209,
    "pen_clp": 257.08150587,
    "pen_cop": 1115.46531236,
    "pen_crc": 136.412161,
    "pen_gtq": 2.08584568,
    "pen_mxn": 5.61417117,
    "pen_pen": 1,
    "pen_usd": 0.27042457,
    "timestamp": "2025-03-04 19:24:55",
    "usd_clp": 950.65882177,
    "usd_cop": 4124.86668771,
    "usd_crc": 504.43700265,
    "usd_gtq": 7.71322538,
    "usd_mxn": 20.76058069,
    "usd_pen": 3.6978888,
    "usd_usd": 1
}