{
    "clp_clp": 1,
    "clp_cop": 4.15688483,
    "clp_crc": 0.5570758,
    "clp_gtq": 0.0085782151,
    "clp_mxn": 0.020116278,
    "clp_pen": 0.0037609127,
    "clp_usd": 0.0011189667,
    "cop_clp": 0.24056476,
    "cop_cop": 1,
    "cop_crc": 0.13401281,
    "cop_gtq": 0.0020636163,
    "cop_mxn": 0.0048392676,
    "cop_pen": 0.00090474307,
    "cop_usd": 0.00026918396,
    "crc_clp": 1.79508784,
    "crc_cop": 7.4619734,
    "crc_crc": 1,
    "crc_gtq": 0.01539865,
    "crc_mxn": 0.036110486,
    "crc_pen": 0.0067511687,
    "crc_usd": 0.0020086435,
    "gtq_clp": 116.57436693,
    "gtq_cop": 484.58621698,
    "gtq_crc": 64.94075914,
    "gtq_gtq": 1,
    "gtq_mxn": 2.34504238,
    "gtq_pen": 0.43842602,
    "gtq_usd": 0.13044283,
    "mxn_clp": 49.71098517,
    "mxn_cop": 206.64283992,
    "mxn_crc": 27.69278701,
    "mxn_gtq": 0.42643153,
    "mxn_mxn": 1,
    "mxn_pen": 0.18695868,
    "mxn_usd": 0.055624937,
    "pen_clp": 265.89290221,
    "pen_cop": 1105.2861705,
    "pen_crc": 148.12250218,
    "pen_gtq": 2.28088652,
    "pen_mxn": 5.34877555,
    "pen_pen": 1,
    "pen_usd": 0.2975253,
    "timestamp": "2026-01-11 19:57:30",
    "usd_clp": 893.68164508,
    "usd_cop": 3714.93166961,
    "usd_crc": 497.84842064,
    "usd_gtq": 7.66619342,
    "usd_mxn": 17.97754847,
    "usd_pen": 3.36105867,
    "usd_usd": 1
}