{
    "clp_clp": 1,
    "clp_cop": 4.10375184,
    "clp_crc": 0.50146524,
    "clp_gtq": 0.0084122216,
    "clp_mxn": 0.019129196,
    "clp_pen": 0.0038644157,
    "clp_usd": 0.0011045811,
    "cop_clp": 0.24367945,
    "cop_cop": 1,
    "cop_crc": 0.12219678,
    "cop_gtq": 0.0020498855,
    "cop_mxn": 0.0046613919,
    "cop_pen": 0.00094167869,
    "cop_usd": 0.00026916371,
    "crc_clp": 2.00789645,
    "crc_cop": 8.19908648,
    "crc_crc": 1,
    "crc_gtq": 0.016809324,
    "crc_mxn": 0.038524809,
    "crc_pen": 0.007709966,
    "crc_usd": 0.0021990612,
    "gtq_clp": 119.45134781,
    "gtq_cop": 487.77013976,
    "gtq_crc": 59.49079096,
    "gtq_gtq": 1,
    "gtq_mxn": 2.29187136,
    "gtq_pen": 0.45867198,
    "gtq_usd": 0.13082389,
    "mxn_clp": 52.11956916,
    "mxn_cop": 212.82614218,
    "mxn_crc": 25.95729936,
    "mxn_gtq": 0.43632466,
    "mxn_mxn": 1,
    "mxn_pen": 0.2001299,
    "mxn_usd": 0.05708169,
    "pen_clp": 260.42870335,
    "pen_cop": 1063.44003107,
    "pen_crc": 129.70225815,
    "pen_gtq": 2.18020732,
    "pen_mxn": 4.99675472,
    "pen_pen": 1,
    "pen_usd": 0.2852232,
    "timestamp": "2026-05-06 08:17:03",
    "usd_clp": 905.32059037,
    "usd_cop": 3715.2110425,
    "usd_crc": 453.98680968,
    "usd_gtq": 7.61575739,
    "usd_mxn": 17.31805469,
    "usd_pen": 3.49853507,
    "usd_usd": 1
}