{
    "clp_clp": 1,
    "clp_cop": 4.45887929,
    "clp_crc": 0.52044774,
    "clp_gtq": 0.0079642413,
    "clp_mxn": 0.020339098,
    "clp_pen": 0.0038649089,
    "clp_usd": 0.0010349953,
    "cop_clp": 0.2242716,
    "cop_cop": 1,
    "cop_crc": 0.11672165,
    "cop_gtq": 0.0017861532,
    "cop_mxn": 0.0045614821,
    "cop_pen": 0.0008667893,
    "cop_usd": 0.00023212006,
    "crc_clp": 1.92142249,
    "crc_cop": 8.56739094,
    "crc_crc": 1,
    "crc_gtq": 0.015302672,
    "crc_mxn": 0.03908,
    "crc_pen": 0.0074261228,
    "crc_usd": 0.0019886633,
    "gtq_clp": 125.56123839,
    "gtq_cop": 559.86240551,
    "gtq_crc": 65.34806333,
    "gtq_gtq": 1,
    "gtq_mxn": 2.55380232,
    "gtq_pen": 0.48528274,
    "gtq_usd": 0.12995529,
    "mxn_clp": 49.1663891,
    "mxn_cop": 219.22699412,
    "mxn_crc": 25.58853632,
    "mxn_gtq": 0.39157299,
    "mxn_mxn": 1,
    "mxn_pen": 0.19002361,
    "mxn_usd": 0.050886982,
    "pen_clp": 258.7383134,
    "pen_cop": 1153.68290722,
    "pen_crc": 134.65977166,
    "pen_gtq": 2.06065436,
    "pen_mxn": 5.26250388,
    "pen_pen": 1,
    "pen_usd": 0.26779294,
    "timestamp": "2025-04-21 06:38:34",
    "usd_clp": 966.18794991,
    "usd_cop": 4308.1154404,
    "usd_crc": 502.85033944,
    "usd_gtq": 7.69495397,
    "usd_mxn": 19.65139128,
    "usd_pen": 3.73422837,
    "usd_usd": 1
}