{
    "clp_clp": 1,
    "clp_cop": 4.44778009,
    "clp_crc": 0.54441919,
    "clp_gtq": 0.0083035844,
    "clp_mxn": 0.02180155,
    "clp_pen": 0.0039622605,
    "clp_usd": 0.00107636,
    "cop_clp": 0.22590787,
    "cop_cop": 1,
    "cop_crc": 0.1232809,
    "cop_gtq": 0.0018804495,
    "cop_mxn": 0.0049353975,
    "cop_pen": 0.000890764,
    "cop_usd": 0.00024351694,
    "crc_clp": 1.8368199,
    "crc_cop": 8.16977098,
    "crc_crc": 1,
    "crc_gtq": 0.015252189,
    "crc_mxn": 0.040045522,
    "crc_pen": 0.007277959,
    "crc_usd": 0.0019770794,
    "gtq_clp": 120.4299197,
    "gtq_cop": 535.64579869,
    "gtq_crc": 65.56435917,
    "gtq_gtq": 1,
    "gtq_mxn": 2.62555896,
    "gtq_pen": 0.47717472,
    "gtq_usd": 0.12962594,
    "mxn_clp": 45.86829752,
    "mxn_cop": 204.01210033,
    "mxn_crc": 24.97158132,
    "mxn_gtq": 0.38087128,
    "mxn_mxn": 1,
    "mxn_pen": 0.18174214,
    "mxn_usd": 0.049370799,
    "pen_clp": 252.38118354,
    "pen_cop": 1122.53600243,
    "pen_crc": 137.40115917,
    "pen_gtq": 2.09566845,
    "pen_mxn": 5.50230109,
    "pen_pen": 1,
    "pen_usd": 0.271653,
    "timestamp": "2025-03-10 06:38:12",
    "usd_clp": 929.05722979,
    "usd_cop": 4132.24224611,
    "usd_crc": 505.79658324,
    "usd_gtq": 7.7145051,
    "usd_mxn": 20.25488802,
    "usd_pen": 3.68116678,
    "usd_usd": 1
}