{
    "clp_clp": 1,
    "clp_cop": 4.53800689,
    "clp_crc": 0.53701477,
    "clp_gtq": 0.0082101305,
    "clp_mxn": 0.02090016,
    "clp_pen": 0.0039296744,
    "clp_usd": 0.0010657607,
    "cop_clp": 0.21891505,
    "cop_cop": 1,
    "cop_crc": 0.11696894,
    "cop_gtq": 0.0017893152,
    "cop_mxn": 0.0045597044,
    "cop_pen": 0.00086040421,
    "cop_usd": 0.00023238152,
    "crc_clp": 1.86214618,
    "crc_cop": 8.45043221,
    "crc_crc": 1,
    "crc_gtq": 0.015288463,
    "crc_mxn": 0.038919153,
    "crc_pen": 0.0073176282,
    "crc_usd": 0.0019846022,
    "gtq_clp": 121.80074333,
    "gtq_cop": 552.7326121,
    "gtq_crc": 65.40879784,
    "gtq_gtq": 1,
    "gtq_mxn": 2.54565504,
    "gtq_pen": 0.47863727,
    "gtq_usd": 0.12981044,
    "mxn_clp": 47.84652336,
    "mxn_cop": 217.12785256,
    "mxn_crc": 25.69428961,
    "mxn_gtq": 0.3928262,
    "mxn_mxn": 1,
    "mxn_pen": 0.18802126,
    "mxn_usd": 0.050992944,
    "pen_clp": 254.47400755,
    "pen_cop": 1154.80479886,
    "pen_crc": 136.65629995,
    "pen_gtq": 2.08926482,
    "pen_mxn": 5.31854751,
    "pen_pen": 1,
    "pen_usd": 0.27120839,
    "timestamp": "2025-04-25 06:39:29",
    "usd_clp": 938.29695002,
    "usd_cop": 4257.99802145,
    "usd_crc": 503.87931828,
    "usd_gtq": 7.70354042,
    "usd_mxn": 19.61055651,
    "usd_pen": 3.68720153,
    "usd_usd": 1
}