{
    "clp_clp": 1,
    "clp_cop": 3.98533192,
    "clp_crc": 0.53304852,
    "clp_gtq": 0.0082384731,
    "clp_mxn": 0.017442285,
    "clp_pen": 0.0038940487,
    "clp_usd": 0.0010579464,
    "cop_clp": 0.25092013,
    "cop_cop": 1,
    "cop_crc": 0.1337526,
    "cop_gtq": 0.0020671987,
    "cop_mxn": 0.0043766204,
    "cop_pen": 0.0009770952,
    "cop_usd": 0.00026546004,
    "crc_clp": 1.88193186,
    "crc_cop": 7.4708978,
    "crc_crc": 1,
    "crc_gtq": 0.015443982,
    "crc_mxn": 0.032651652,
    "crc_pen": 0.0073186311,
    "crc_usd": 0.0019835735,
    "gtq_clp": 121.38171616,
    "gtq_cop": 483.74642742,
    "gtq_crc": 64.70234381,
    "gtq_gtq": 1,
    "gtq_mxn": 2.11717447,
    "gtq_pen": 0.47266631,
    "gtq_usd": 0.12841535,
    "mxn_clp": 57.33193846,
    "mxn_cop": 228.48680412,
    "mxn_crc": 30.56070478,
    "mxn_gtq": 0.47232763,
    "mxn_mxn": 1,
    "mxn_pen": 0.22325336,
    "mxn_usd": 0.060654117,
    "pen_clp": 256.80213098,
    "pen_cop": 1023.44172863,
    "pen_crc": 136.88799512,
    "pen_gtq": 2.11565744,
    "pen_mxn": 4.47921591,
    "pen_pen": 1,
    "pen_usd": 0.27168289,
    "timestamp": "2024-04-08 06:26:33",
    "usd_clp": 945.22748066,
    "usd_cop": 3767.0452463,
    "usd_crc": 503.85210694,
    "usd_gtq": 7.78723115,
    "usd_mxn": 16.48692694,
    "usd_pen": 3.68076183,
    "usd_usd": 1
}