{
    "clp_clp": 1,
    "clp_cop": 4.42799984,
    "clp_crc": 0.54162953,
    "clp_gtq": 0.0081559129,
    "clp_mxn": 0.020471917,
    "clp_pen": 0.0038919785,
    "clp_usd": 0.0010638742,
    "cop_clp": 0.2258356,
    "cop_cop": 1,
    "cop_crc": 0.12231923,
    "cop_gtq": 0.0018418955,
    "cop_mxn": 0.0046232877,
    "cop_pen": 0.00087894729,
    "cop_usd": 0.00024026067,
    "crc_clp": 1.84628042,
    "crc_cop": 8.17532939,
    "crc_crc": 1,
    "crc_gtq": 0.015058102,
    "crc_mxn": 0.037796899,
    "crc_pen": 0.0071856836,
    "crc_usd": 0.0019642101,
    "gtq_clp": 122.61043188,
    "gtq_cop": 542.91897306,
    "gtq_crc": 66.40943102,
    "gtq_gtq": 1,
    "gtq_mxn": 2.51007059,
    "gtq_pen": 0.47719716,
    "gtq_usd": 0.13044208,
    "mxn_clp": 48.84740389,
    "mxn_cop": 216.29629672,
    "mxn_crc": 26.45719658,
    "mxn_gtq": 0.39839517,
    "mxn_mxn": 1,
    "mxn_pen": 0.19011304,
    "mxn_usd": 0.051967493,
    "pen_clp": 256.93872937,
    "pen_cop": 1137.72465323,
    "pen_crc": 139.16560412,
    "pen_gtq": 2.09556989,
    "pen_mxn": 5.26002835,
    "pen_pen": 1,
    "pen_usd": 0.27335048,
    "timestamp": "2025-05-25 19:45:50",
    "usd_clp": 939.96075918,
    "usd_cop": 4162.14609371,
    "usd_crc": 509.11050747,
    "usd_gtq": 7.66623806,
    "usd_mxn": 19.24279868,
    "usd_pen": 3.65830703,
    "usd_usd": 1
}