{
    "clp_clp": 1,
    "clp_cop": 4.19337911,
    "clp_crc": 0.52387486,
    "clp_gtq": 0.0079375542,
    "clp_mxn": 0.01920498,
    "clp_pen": 0.0036465764,
    "clp_usd": 0.0010351954,
    "cop_clp": 0.23847116,
    "cop_cop": 1,
    "cop_crc": 0.12492905,
    "cop_gtq": 0.0018928778,
    "cop_mxn": 0.0045798339,
    "cop_pen": 0.00086960331,
    "cop_usd": 0.00024686424,
    "crc_clp": 1.9088528,
    "crc_cop": 8.00454348,
    "crc_crc": 1,
    "crc_gtq": 0.015151623,
    "crc_mxn": 0.036659479,
    "crc_pen": 0.0069607775,
    "crc_usd": 0.0019760355,
    "gtq_clp": 125.98339156,
    "gtq_cop": 528.29612291,
    "gtq_crc": 65.99953195,
    "gtq_gtq": 1,
    "gtq_mxn": 2.41950849,
    "gtq_pen": 0.45940806,
    "gtq_usd": 0.13041742,
    "mxn_clp": 52.06982832,
    "mxn_cop": 218.34853055,
    "mxn_crc": 27.27807416,
    "mxn_gtq": 0.41330708,
    "mxn_mxn": 1,
    "mxn_pen": 0.18987661,
    "mxn_usd": 0.053902444,
    "pen_clp": 274.2298257,
    "pen_cop": 1149.94962357,
    "pen_crc": 143.66211227,
    "pen_gtq": 2.17671411,
    "pen_mxn": 5.26657826,
    "pen_pen": 1,
    "pen_usd": 0.28388144,
    "timestamp": "2025-08-09 06:41:13",
    "usd_clp": 970.26963043,
    "usd_cop": 4048.86899938,
    "usd_crc": 506.32575773,
    "usd_gtq": 7.63566017,
    "usd_mxn": 18.62211459,
    "usd_pen": 3.54793677,
    "usd_usd": 1
}