{
    "clp_clp": 1,
    "clp_cop": 4.52101023,
    "clp_crc": 0.52061108,
    "clp_gtq": 0.0079149839,
    "clp_mxn": 0.020700245,
    "clp_pen": 0.0038200804,
    "clp_usd": 0.0010253937,
    "cop_clp": 0.2211895,
    "cop_cop": 1,
    "cop_crc": 0.11515371,
    "cop_gtq": 0.0017507113,
    "cop_mxn": 0.0045786768,
    "cop_pen": 0.00084496168,
    "cop_usd": 0.00022680631,
    "crc_clp": 1.92081965,
    "crc_cop": 8.68404532,
    "crc_crc": 1,
    "crc_gtq": 0.015203257,
    "crc_mxn": 0.039761437,
    "crc_pen": 0.0073376855,
    "crc_usd": 0.0019695963,
    "gtq_clp": 126.34264465,
    "gtq_cop": 571.19638943,
    "gtq_crc": 65.77538102,
    "gtq_gtq": 1,
    "gtq_mxn": 2.61532364,
    "gtq_pen": 0.48263906,
    "gtq_usd": 0.12955095,
    "mxn_clp": 48.308608,
    "mxn_cop": 218.40371116,
    "mxn_crc": 25.14999672,
    "mxn_gtq": 0.38236186,
    "mxn_mxn": 1,
    "mxn_pen": 0.18454277,
    "mxn_usd": 0.04953534,
    "pen_clp": 261.77459429,
    "pen_cop": 1183.48561971,
    "pen_crc": 136.28275495,
    "pen_gtq": 2.0719417,
    "pen_mxn": 5.41879812,
    "pen_pen": 1,
    "pen_usd": 0.26842201,
    "timestamp": "2024-12-07 06:35:12",
    "usd_clp": 970.23601893,
    "usd_cop": 4427.40619694,
    "usd_crc": 507.76608226,
    "usd_gtq": 7.71574126,
    "usd_mxn": 20.22374194,
    "usd_pen": 3.74913763,
    "usd_usd": 1
}