{
    "clp_clp": 1,
    "clp_cop": 4.06711982,
    "clp_crc": 0.52661905,
    "clp_gtq": 0.0079866747,
    "clp_mxn": 0.019258497,
    "clp_pen": 0.0036614992,
    "clp_usd": 0.0010420713,
    "cop_clp": 0.24587424,
    "cop_cop": 1,
    "cop_crc": 0.12948206,
    "cop_gtq": 0.0019637176,
    "cop_mxn": 0.0047351684,
    "cop_pen": 0.00090026833,
    "cop_usd": 0.00025621848,
    "crc_clp": 1.89890585,
    "crc_cop": 7.72307763,
    "crc_crc": 1,
    "crc_gtq": 0.015165943,
    "crc_mxn": 0.036570073,
    "crc_pen": 0.0069528422,
    "crc_usd": 0.0019787952,
    "gtq_clp": 125.20855572,
    "gtq_cop": 509.23819857,
    "gtq_crc": 65.9372109,
    "gtq_gtq": 1,
    "gtq_mxn": 2.4113286,
    "gtq_pen": 0.45845102,
    "gtq_usd": 0.13047624,
    "mxn_clp": 51.92513187,
    "mxn_cop": 211.18573299,
    "mxn_crc": 27.34476372,
    "mxn_gtq": 0.41470914,
    "mxn_mxn": 1,
    "mxn_pen": 0.19012383,
    "mxn_usd": 0.054109687,
    "pen_clp": 273.11217575,
    "pen_cop": 1110.77994302,
    "pen_crc": 143.82607506,
    "pen_gtq": 2.1812581,
    "pen_mxn": 5.25973004,
    "pen_pen": 1,
    "pen_usd": 0.28460235,
    "timestamp": "2025-09-26 19:23:48",
    "usd_clp": 959.62727703,
    "usd_cop": 3902.91911802,
    "usd_crc": 505.35800682,
    "usd_gtq": 7.66423086,
    "usd_mxn": 18.4809791,
    "usd_pen": 3.51367446,
    "usd_usd": 1
}