{
    "clp_clp": 1,
    "clp_cop": 4.28433396,
    "clp_crc": 0.52958277,
    "clp_gtq": 0.0080416148,
    "clp_mxn": 0.021381397,
    "clp_pen": 0.0038646946,
    "clp_usd": 0.001037835,
    "cop_clp": 0.23340851,
    "cop_cop": 1,
    "cop_crc": 0.12360912,
    "cop_gtq": 0.0018769813,
    "cop_mxn": 0.0049905999,
    "cop_pen": 0.00090205261,
    "cop_usd": 0.00024223952,
    "crc_clp": 1.88827896,
    "crc_cop": 8.09001766,
    "crc_crc": 1,
    "crc_gtq": 0.015184812,
    "crc_mxn": 0.040374041,
    "crc_pen": 0.0072976215,
    "crc_usd": 0.001959722,
    "gtq_clp": 124.35313318,
    "gtq_cop": 532.77035098,
    "gtq_crc": 65.85527668,
    "gtq_gtq": 1,
    "gtq_mxn": 2.65884366,
    "gtq_pen": 0.48058689,
    "gtq_usd": 0.12905803,
    "mxn_clp": 46.76962968,
    "mxn_cop": 200.37671256,
    "mxn_crc": 24.76839002,
    "mxn_gtq": 0.37610335,
    "mxn_mxn": 1,
    "mxn_pen": 0.18075034,
    "mxn_usd": 0.048539159,
    "pen_clp": 258.75265647,
    "pen_cop": 1108.58279226,
    "pen_crc": 137.03094845,
    "pen_gtq": 2.0807892,
    "pen_mxn": 5.53249316,
    "pen_pen": 1,
    "pen_usd": 0.26854256,
    "timestamp": "2025-02-10 19:20:49",
    "usd_clp": 963.54429951,
    "usd_cop": 4128.14556028,
    "usd_crc": 510.27645876,
    "usd_gtq": 7.74845213,
    "usd_mxn": 20.60192279,
    "usd_pen": 3.72380447,
    "usd_usd": 1
}