{
    "clp_clp": 1,
    "clp_cop": 4.33502904,
    "clp_crc": 0.53661459,
    "clp_gtq": 0.0081658238,
    "clp_mxn": 0.020368321,
    "clp_pen": 0.0038242172,
    "clp_usd": 0.0010622553,
    "cop_clp": 0.23067896,
    "cop_cop": 1,
    "cop_crc": 0.1237857,
    "cop_gtq": 0.0018836837,
    "cop_mxn": 0.0046985433,
    "cop_pen": 0.00088216645,
    "cop_usd": 0.00024503994,
    "crc_clp": 1.86353486,
    "crc_cop": 8.07847772,
    "crc_crc": 1,
    "crc_gtq": 0.015217297,
    "crc_mxn": 0.037957077,
    "crc_pen": 0.007126562,
    "crc_usd": 0.0019795497,
    "gtq_clp": 122.40840817,
    "gtq_cop": 530.71690826,
    "gtq_crc": 66.10834335,
    "gtq_gtq": 1,
    "gtq_mxn": 2.49387851,
    "gtq_pen": 0.46849273,
    "gtq_usd": 0.13009459,
    "mxn_clp": 49.0958473,
    "mxn_cop": 212.83192401,
    "mxn_crc": 26.34554817,
    "mxn_gtq": 0.40090804,
    "mxn_mxn": 1,
    "mxn_pen": 0.18775318,
    "mxn_usd": 0.052152322,
    "pen_clp": 261.49142368,
    "pen_cop": 1133.57291661,
    "pen_crc": 140.32011419,
    "pen_gtq": 2.13529288,
    "pen_mxn": 5.32614138,
    "pen_pen": 1,
    "pen_usd": 0.27777064,
    "timestamp": "2025-06-22 06:38:13",
    "usd_clp": 940.918523,
    "usd_cop": 4079.46951447,
    "usd_crc": 508.15598141,
    "usd_gtq": 7.6867148,
    "usd_mxn": 19.16973282,
    "usd_pen": 3.60117003,
    "usd_usd": 1
}