{
    "clp_clp": 1,
    "clp_cop": 4.36079585,
    "clp_crc": 0.56005698,
    "clp_gtq": 0.0082817177,
    "clp_mxn": 0.019332581,
    "clp_pen": 0.0040631607,
    "clp_usd": 0.001067608,
    "cop_clp": 0.22931594,
    "cop_cop": 1,
    "cop_crc": 0.12842999,
    "cop_gtq": 0.0018991299,
    "cop_mxn": 0.0044332691,
    "cop_pen": 0.00093174751,
    "cop_usd": 0.00024481953,
    "crc_clp": 1.7855326,
    "crc_cop": 7.78634316,
    "crc_crc": 1,
    "crc_gtq": 0.014787277,
    "crc_mxn": 0.034518954,
    "crc_pen": 0.0072549059,
    "crc_usd": 0.0019062489,
    "gtq_clp": 120.74789815,
    "gtq_cop": 526.55693255,
    "gtq_crc": 67.62570331,
    "gtq_gtq": 1,
    "gtq_mxn": 2.33436857,
    "gtq_pen": 0.49061811,
    "gtq_usd": 0.12891142,
    "mxn_clp": 51.72614968,
    "mxn_cop": 225.56717861,
    "mxn_crc": 28.96959124,
    "mxn_gtq": 0.42838137,
    "mxn_mxn": 1,
    "mxn_pen": 0.21017166,
    "mxn_usd": 0.055223251,
    "pen_clp": 246.11382103,
    "pen_cop": 1073.25212817,
    "pen_crc": 137.83776362,
    "pen_gtq": 2.03824518,
    "pen_mxn": 4.75801548,
    "pen_pen": 1,
    "pen_usd": 0.26275308,
    "timestamp": "2024-07-06 19:16:15",
    "usd_clp": 936.67338893,
    "usd_cop": 4084.64142265,
    "usd_crc": 524.5904705,
    "usd_gtq": 7.75726454,
    "usd_mxn": 18.10831455,
    "usd_pen": 3.80585448,
    "usd_usd": 1
}