{
    "clp_clp": 1,
    "clp_cop": 4.40569106,
    "clp_crc": 0.53776464,
    "clp_gtq": 0.0081981958,
    "clp_mxn": 0.020214477,
    "clp_pen": 0.0038572811,
    "clp_usd": 0.0010664475,
    "cop_clp": 0.22697915,
    "cop_cop": 1,
    "cop_crc": 0.12206136,
    "cop_gtq": 0.0018608195,
    "cop_mxn": 0.0045882649,
    "cop_pen": 0.00087552239,
    "cop_usd": 0.00024206133,
    "crc_clp": 1.85954956,
    "crc_cop": 8.19260089,
    "crc_crc": 1,
    "crc_gtq": 0.015244951,
    "crc_mxn": 0.037589823,
    "crc_pen": 0.0071728055,
    "crc_usd": 0.0019831119,
    "gtq_clp": 121.9780582,
    "gtq_cop": 537.39764042,
    "gtq_crc": 65.59548645,
    "gtq_gtq": 1,
    "gtq_mxn": 2.46572271,
    "gtq_pen": 0.47050366,
    "gtq_usd": 0.13008319,
    "mxn_clp": 49.46949536,
    "mxn_cop": 217.94731339,
    "mxn_crc": 26.60294532,
    "mxn_gtq": 0.40556061,
    "mxn_mxn": 1,
    "mxn_pen": 0.19081775,
    "mxn_usd": 0.052756617,
    "pen_clp": 259.24996442,
    "pen_cop": 1142.17525031,
    "pen_crc": 139.41546357,
    "pen_gtq": 2.12538196,
    "pen_mxn": 5.24060257,
    "pen_pen": 1,
    "pen_usd": 0.27647646,
    "timestamp": "2025-06-14 19:54:37",
    "usd_clp": 937.69271035,
    "usd_cop": 4131.18439016,
    "usd_crc": 504.25798202,
    "usd_gtq": 7.68738841,
    "usd_mxn": 18.95496818,
    "usd_pen": 3.61694441,
    "usd_usd": 1
}