{
    "clp_clp": 1,
    "clp_cop": 3.66155515,
    "clp_crc": 0.49192192,
    "clp_gtq": 0.0082426312,
    "clp_mxn": 0.018941722,
    "clp_pen": 0.0036928666,
    "clp_usd": 0.0010804267,
    "cop_clp": 0.273108,
    "cop_cop": 1,
    "cop_crc": 0.13434781,
    "cop_gtq": 0.0022511285,
    "cop_mxn": 0.0051731358,
    "cop_pen": 0.0010085514,
    "cop_usd": 0.00029507317,
    "crc_clp": 2.03284293,
    "crc_cop": 7.44336651,
    "crc_crc": 1,
    "crc_gtq": 0.016755975,
    "crc_mxn": 0.038505546,
    "crc_pen": 0.0075070177,
    "crc_usd": 0.0021963377,
    "gtq_clp": 121.32048369,
    "gtq_cop": 444.22164188,
    "gtq_crc": 59.68020539,
    "gtq_gtq": 1,
    "gtq_mxn": 2.29801888,
    "gtq_pen": 0.44802036,
    "gtq_usd": 0.13107789,
    "mxn_clp": 52.79351049,
    "mxn_cop": 193.30635023,
    "mxn_crc": 25.97028509,
    "mxn_gtq": 0.43515743,
    "mxn_mxn": 1,
    "mxn_pen": 0.19495939,
    "mxn_usd": 0.057039517,
    "pen_clp": 270.79234634,
    "pen_cop": 991.52111038,
    "pen_crc": 133.2086912,
    "pen_gtq": 2.23204143,
    "pen_mxn": 5.12927335,
    "pen_pen": 1,
    "pen_usd": 0.29257128,
    "timestamp": "2026-07-02 21:24:08",
    "usd_clp": 925.56025804,
    "usd_cop": 3388.98992968,
    "usd_crc": 455.30338012,
    "usd_gtq": 7.62905183,
    "usd_mxn": 17.53170512,
    "usd_pen": 3.41797052,
    "usd_usd": 1
}