{
    "clp_clp": 1,
    "clp_cop": 4.36760101,
    "clp_crc": 0.55668172,
    "clp_gtq": 0.0082033157,
    "clp_mxn": 0.01942216,
    "clp_pen": 0.0040565479,
    "clp_usd": 0.0010560313,
    "cop_clp": 0.22935266,
    "cop_cop": 1,
    "cop_crc": 0.12606045,
    "cop_gtq": 0.0018713049,
    "cop_mxn": 0.0044032314,
    "cop_pen": 0.00092586053,
    "cop_usd": 0.00024093409,
    "crc_clp": 1.7963586,
    "crc_cop": 7.84577765,
    "crc_crc": 1,
    "crc_gtq": 0.014736097,
    "crc_mxn": 0.034889165,
    "crc_pen": 0.0072870147,
    "crc_usd": 0.0018970108,
    "gtq_clp": 122.56295336,
    "gtq_cop": 534.38645953,
    "gtq_crc": 67.36499646,
    "gtq_gtq": 1,
    "gtq_mxn": 2.35302721,
    "gtq_pen": 0.49476733,
    "gtq_usd": 0.12875192,
    "mxn_clp": 51.48757785,
    "mxn_cop": 224.87719719,
    "mxn_crc": 28.6621935,
    "mxn_gtq": 0.42236885,
    "mxn_mxn": 1,
    "mxn_pen": 0.20886182,
    "mxn_usd": 0.054372492,
    "pen_clp": 247.71836439,
    "pen_cop": 1080.07628798,
    "pen_crc": 136.15490066,
    "pen_gtq": 2.02115205,
    "pen_mxn": 4.75582577,
    "pen_pen": 1,
    "pen_usd": 0.2602272,
    "timestamp": "2024-07-02 06:28:44",
    "usd_clp": 951.93109596,
    "usd_cop": 4150.51264799,
    "usd_crc": 523.21548355,
    "usd_gtq": 7.76687465,
    "usd_mxn": 18.27566741,
    "usd_pen": 3.84279582,
    "usd_usd": 1
}