{
    "clp_clp": 1,
    "clp_cop": 4.09703622,
    "clp_crc": 0.53002889,
    "clp_gtq": 0.0080831254,
    "clp_mxn": 0.019430773,
    "clp_pen": 0.0035841287,
    "clp_usd": 0.0010560294,
    "cop_clp": 0.24407888,
    "cop_cop": 1,
    "cop_crc": 0.12936886,
    "cop_gtq": 0.0019729202,
    "cop_mxn": 0.0047426412,
    "cop_pen": 0.0008748101,
    "cop_usd": 0.00025775447,
    "crc_clp": 1.88668961,
    "crc_cop": 7.72983566,
    "crc_crc": 1,
    "crc_gtq": 0.015250349,
    "crc_mxn": 0.036659837,
    "crc_pen": 0.0067621383,
    "crc_usd": 0.0019923997,
    "gtq_clp": 123.71452274,
    "gtq_cop": 506.86288119,
    "gtq_crc": 65.57227128,
    "gtq_gtq": 1,
    "gtq_mxn": 2.40386876,
    "gtq_pen": 0.44340877,
    "gtq_usd": 0.13064618,
    "mxn_clp": 51.46475744,
    "mxn_cop": 210.85297554,
    "mxn_crc": 27.27780831,
    "mxn_gtq": 0.41599609,
    "mxn_mxn": 1,
    "mxn_pen": 0.18445631,
    "mxn_usd": 0.054348298,
    "pen_clp": 279.00784151,
    "pen_cop": 1143.10523359,
    "pen_crc": 147.8822168,
    "pen_gtq": 2.25525537,
    "pen_mxn": 5.42133793,
    "pen_pen": 1,
    "pen_usd": 0.29464049,
    "timestamp": "2025-10-24 06:43:29",
    "usd_clp": 946.94331661,
    "usd_cop": 3879.66107077,
    "usd_crc": 501.90731589,
    "usd_gtq": 7.65426157,
    "usd_mxn": 18.39984027,
    "usd_pen": 3.39396668,
    "usd_usd": 1
}