{
    "clp_clp": 1,
    "clp_cop": 4.1875817,
    "clp_crc": 0.52876945,
    "clp_gtq": 0.0080434976,
    "clp_mxn": 0.019556462,
    "clp_pen": 0.0037163332,
    "clp_usd": 0.0010472739,
    "cop_clp": 0.23880131,
    "cop_cop": 1,
    "cop_crc": 0.12627084,
    "cop_gtq": 0.0019207978,
    "cop_mxn": 0.0046701088,
    "cop_pen": 0.00088746524,
    "cop_usd": 0.00025009038,
    "crc_clp": 1.89118339,
    "crc_cop": 7.91948496,
    "crc_crc": 1,
    "crc_gtq": 0.015211729,
    "crc_mxn": 0.036984857,
    "crc_pen": 0.0070282676,
    "crc_usd": 0.001980587,
    "gtq_clp": 124.32402494,
    "gtq_cop": 520.61701187,
    "gtq_crc": 65.73874622,
    "gtq_gtq": 1,
    "gtq_mxn": 2.43133811,
    "gtq_pen": 0.4620295,
    "gtq_usd": 0.13020131,
    "mxn_clp": 51.13399257,
    "mxn_cop": 214.1277716,
    "mxn_crc": 27.0380931,
    "mxn_gtq": 0.41129615,
    "mxn_mxn": 1,
    "mxn_pen": 0.19003095,
    "mxn_usd": 0.053551297,
    "pen_clp": 269.08243892,
    "pen_cop": 1126.80469733,
    "pen_crc": 142.28257309,
    "pen_gtq": 2.16436396,
    "pen_mxn": 5.26230058,
    "pen_pen": 1,
    "pen_usd": 0.28180302,
    "timestamp": "2025-07-14 06:45:47",
    "usd_clp": 954.86002902,
    "usd_cop": 3998.55438471,
    "usd_crc": 504.90081185,
    "usd_gtq": 7.68041438,
    "usd_mxn": 18.6736842,
    "usd_pen": 3.54857802,
    "usd_usd": 1
}