{
    "clp_clp": 1,
    "clp_cop": 4.29437711,
    "clp_crc": 0.5560243,
    "clp_gtq": 0.00830192,
    "clp_mxn": 0.019943345,
    "clp_pen": 0.0040039575,
    "clp_usd": 0.0010693722,
    "cop_clp": 0.23286264,
    "cop_cop": 1,
    "cop_crc": 0.12947729,
    "cop_gtq": 0.001933207,
    "cop_mxn": 0.0046440599,
    "cop_pen": 0.00093237213,
    "cop_usd": 0.00024901684,
    "crc_clp": 1.78453447,
    "crc_cop": 7.64507456,
    "crc_crc": 1,
    "crc_gtq": 0.014726047,
    "crc_mxn": 0.03539013,
    "crc_pen": 0.0071157147,
    "crc_usd": 0.0018984106,
    "gtq_clp": 121.18218117,
    "gtq_cop": 519.15321632,
    "gtq_crc": 67.90688724,
    "gtq_gtq": 1,
    "gtq_mxn": 2.40323358,
    "gtq_pen": 0.48320604,
    "gtq_usd": 0.12891516,
    "mxn_clp": 50.42463711,
    "mxn_cop": 216.02278722,
    "mxn_crc": 28.25646571,
    "mxn_gtq": 0.41610604,
    "mxn_mxn": 1,
    "mxn_pen": 0.20106495,
    "mxn_usd": 0.053642375,
    "pen_clp": 249.75289787,
    "pen_cop": 1072.53312901,
    "pen_crc": 138.86868094,
    "pen_gtq": 2.07342857,
    "pen_mxn": 4.98090811,
    "pen_pen": 1,
    "pen_usd": 0.26707881,
    "timestamp": "2024-08-17 06:28:22",
    "usd_clp": 935.12807979,
    "usd_cop": 4015.7926254,
    "usd_crc": 519.95393872,
    "usd_gtq": 7.76335849,
    "usd_mxn": 18.64958154,
    "usd_pen": 3.74421313,
    "usd_usd": 1
}