{
    "clp_clp": 1,
    "clp_cop": 4.16411093,
    "clp_crc": 0.52229516,
    "clp_gtq": 0.007958659,
    "clp_mxn": 0.019450179,
    "clp_pen": 0.0037000249,
    "clp_usd": 0.0010372322,
    "cop_clp": 0.23964738,
    "cop_cop": 1,
    "cop_crc": 0.12552318,
    "cop_gtq": 0.001909704,
    "cop_mxn": 0.0046553321,
    "cop_pen": 0.00088660568,
    "cop_usd": 0.00024859854,
    "crc_clp": 1.90918822,
    "crc_cop": 7.9666559,
    "crc_crc": 1,
    "crc_gtq": 0.015213955,
    "crc_mxn": 0.037087429,
    "crc_pen": 0.0070632823,
    "crc_usd": 0.001980499,
    "gtq_clp": 125.4892775,
    "gtq_cop": 523.64134673,
    "gtq_crc": 65.72912818,
    "gtq_gtq": 1,
    "gtq_mxn": 2.43772436,
    "gtq_pen": 0.46426339,
    "gtq_usd": 0.13017647,
    "mxn_clp": 51.4780423,
    "mxn_cop": 214.80744757,
    "mxn_crc": 26.96331438,
    "mxn_gtq": 0.41021865,
    "mxn_mxn": 1,
    "mxn_pen": 0.1904495,
    "mxn_usd": 0.053400818,
    "pen_clp": 270.29759461,
    "pen_cop": 1127.89713419,
    "pen_crc": 141.5772375,
    "pen_gtq": 2.15394972,
    "pen_mxn": 5.2507357,
    "pen_pen": 1,
    "pen_usd": 0.28039358,
    "timestamp": "2025-07-21 19:52:59",
    "usd_clp": 963.99352037,
    "usd_cop": 4022.54977722,
    "usd_crc": 504.92324867,
    "usd_gtq": 7.6818796,
    "usd_mxn": 18.72630499,
    "usd_pen": 3.56641546,
    "usd_usd": 1
}