{
    "clp_clp": 1,
    "clp_cop": 4.30059571,
    "clp_crc": 0.55964475,
    "clp_gtq": 0.0082920065,
    "clp_mxn": 0.020156016,
    "clp_pen": 0.0040016893,
    "clp_usd": 0.0010703967,
    "cop_clp": 0.23252593,
    "cop_cop": 1,
    "cop_crc": 0.13013191,
    "cop_gtq": 0.0019281065,
    "cop_mxn": 0.0046867963,
    "cop_pen": 0.0009304965,
    "cop_usd": 0.000248895,
    "crc_clp": 1.7868478,
    "crc_cop": 7.68451,
    "crc_crc": 1,
    "crc_gtq": 0.014816554,
    "crc_mxn": 0.036015733,
    "crc_pen": 0.0071504097,
    "crc_usd": 0.0019126361,
    "gtq_clp": 120.59807189,
    "gtq_cop": 518.64355074,
    "gtq_crc": 67.49207831,
    "gtq_gtq": 1,
    "gtq_mxn": 2.43077668,
    "gtq_pen": 0.48259601,
    "gtq_usd": 0.12908778,
    "mxn_clp": 49.61297876,
    "mxn_cop": 213.36536367,
    "mxn_crc": 27.76564331,
    "mxn_gtq": 0.41139114,
    "mxn_mxn": 1,
    "mxn_pen": 0.19853572,
    "mxn_usd": 0.053105571,
    "pen_clp": 249.89446507,
    "pen_cop": 1074.69506471,
    "pen_crc": 139.8521265,
    "pen_gtq": 2.07212654,
    "pen_mxn": 5.03687687,
    "pen_pen": 1,
    "pen_usd": 0.26748622,
    "timestamp": "2024-08-15 19:13:01",
    "usd_clp": 934.23303184,
    "usd_cop": 4017.75856995,
    "usd_crc": 522.83861557,
    "usd_gtq": 7.7466664,
    "usd_mxn": 18.83041606,
    "usd_pen": 3.7385103,
    "usd_usd": 1
}