{
    "clp_clp": 1,
    "clp_cop": 4.26416945,
    "clp_crc": 0.53432415,
    "clp_gtq": 0.0086956576,
    "clp_mxn": 0.019602387,
    "clp_pen": 0.003814898,
    "clp_usd": 0.0011328963,
    "cop_clp": 0.23451226,
    "cop_cop": 1,
    "cop_crc": 0.12530556,
    "cop_gtq": 0.0020392383,
    "cop_mxn": 0.0045969999,
    "cop_pen": 0.00089464034,
    "cop_usd": 0.00026567807,
    "crc_clp": 1.87152312,
    "crc_cop": 7.9804917,
    "crc_crc": 1,
    "crc_gtq": 0.016274124,
    "crc_mxn": 0.03668632,
    "crc_pen": 0.0071396698,
    "crc_usd": 0.0021202416,
    "gtq_clp": 114.99992801,
    "gtq_cop": 490.37917985,
    "gtq_crc": 61.44723887,
    "gtq_gtq": 1,
    "gtq_mxn": 2.25427304,
    "gtq_pen": 0.438713,
    "gtq_usd": 0.13028299,
    "mxn_clp": 51.01419653,
    "mxn_cop": 217.53317839,
    "mxn_crc": 27.25811724,
    "mxn_gtq": 0.44360199,
    "mxn_mxn": 1,
    "mxn_pen": 0.19461396,
    "mxn_usd": 0.057793795,
    "pen_clp": 262.13020462,
    "pen_cop": 1117.76761065,
    "pen_crc": 140.06249897,
    "pen_gtq": 2.27939451,
    "pen_mxn": 5.1383776,
    "pen_pen": 1,
    "pen_usd": 0.29696634,
    "timestamp": "2026-03-03 20:09:47",
    "usd_clp": 882.69332159,
    "usd_cop": 3763.95389621,
    "usd_crc": 471.64435943,
    "usd_gtq": 7.67559891,
    "usd_mxn": 17.3028957,
    "usd_pen": 3.36738501,
    "usd_usd": 1
}