{
    "clp_clp": 1,
    "clp_cop": 4.28610615,
    "clp_crc": 0.57617688,
    "clp_gtq": 0.0089596292,
    "clp_mxn": 0.020172823,
    "clp_pen": 0.0039261999,
    "clp_usd": 0.0011685073,
    "cop_clp": 0.233312,
    "cop_cop": 1,
    "cop_crc": 0.13442898,
    "cop_gtq": 0.002090389,
    "cop_mxn": 0.0047065617,
    "cop_pen": 0.00091602956,
    "cop_usd": 0.00027262677,
    "crc_clp": 1.73557814,
    "crc_cop": 7.43887214,
    "crc_crc": 1,
    "crc_gtq": 0.015550136,
    "crc_mxn": 0.035011511,
    "crc_pen": 0.0068142268,
    "crc_usd": 0.0020280356,
    "gtq_clp": 111.61176239,
    "gtq_cop": 478.37986147,
    "gtq_crc": 64.30811724,
    "gtq_gtq": 1,
    "gtq_mxn": 2.25152433,
    "gtq_pen": 0.43821009,
    "gtq_usd": 0.13041915,
    "mxn_clp": 49.57164389,
    "mxn_cop": 212.46932786,
    "mxn_crc": 28.56203521,
    "mxn_gtq": 0.44414355,
    "mxn_mxn": 1,
    "mxn_pen": 0.19462819,
    "mxn_usd": 0.057924826,
    "pen_clp": 254.69920437,
    "pen_cop": 1091.66782692,
    "pen_crc": 146.7517934,
    "pen_gtq": 2.28201042,
    "pen_mxn": 5.13800198,
    "pen_pen": 1,
    "pen_usd": 0.29761787,
    "timestamp": "2026-02-08 20:27:10",
    "usd_clp": 855.79271678,
    "usd_cop": 3668.01842878,
    "usd_crc": 493.08797913,
    "usd_gtq": 7.66758537,
    "usd_mxn": 17.26375504,
    "usd_pen": 3.36001331,
    "usd_usd": 1
}