{
    "clp_clp": 1,
    "clp_cop": 4.06647889,
    "clp_crc": 0.51802273,
    "clp_gtq": 0.0080498254,
    "clp_mxn": 0.017740793,
    "clp_pen": 0.0038620969,
    "clp_usd": 0.0010350897,
    "cop_clp": 0.24591299,
    "cop_cop": 1,
    "cop_crc": 0.12738852,
    "cop_gtq": 0.0019795567,
    "cop_mxn": 0.0043626916,
    "cop_pen": 0.00094973981,
    "cop_usd": 0.00025454202,
    "crc_clp": 1.93041722,
    "crc_cop": 7.85000089,
    "crc_crc": 1,
    "crc_gtq": 0.015539522,
    "crc_mxn": 0.034247133,
    "crc_pen": 0.0074554584,
    "crc_usd": 0.0019981551,
    "gtq_clp": 124.2262976,
    "gtq_cop": 505.16361659,
    "gtq_crc": 64.35204579,
    "gtq_gtq": 1,
    "gtq_mxn": 2.20387305,
    "gtq_pen": 0.479774,
    "gtq_usd": 0.12858537,
    "mxn_clp": 56.36726566,
    "mxn_cop": 229.2162958,
    "mxn_crc": 29.19952483,
    "mxn_gtq": 0.45374664,
    "mxn_mxn": 1,
    "mxn_pen": 0.21769584,
    "mxn_usd": 0.058345179,
    "pen_clp": 258.9266985,
    "pen_cop": 1052.91995313,
    "pen_crc": 134.12991517,
    "pen_gtq": 2.0843147,
    "pen_mxn": 4.593565,
    "pen_pen": 1,
    "pen_usd": 0.26801237,
    "timestamp": "2024-04-19 19:03:27",
    "usd_clp": 966.0998028,
    "usd_cop": 3928.62445224,
    "usd_crc": 500.46165708,
    "usd_gtq": 7.77693469,
    "usd_mxn": 17.13937676,
    "usd_pen": 3.73117105,
    "usd_usd": 1
}