{
    "clp_clp": 1,
    "clp_cop": 4.64289999,
    "clp_crc": 0.57795298,
    "clp_gtq": 0.0085920394,
    "clp_mxn": 0.021918932,
    "clp_pen": 0.004172936,
    "clp_usd": 0.0011121451,
    "cop_clp": 0.21538263,
    "cop_cop": 1,
    "cop_crc": 0.12448103,
    "cop_gtq": 0.001850576,
    "cop_mxn": 0.0047209572,
    "cop_pen": 0.00089877793,
    "cop_usd": 0.00023953674,
    "crc_clp": 1.73643045,
    "crc_cop": 7.98430403,
    "crc_crc": 1,
    "crc_gtq": 0.014806824,
    "crc_mxn": 0.037629376,
    "crc_pen": 0.0071436483,
    "crc_usd": 0.0019166013,
    "gtq_clp": 117.27230754,
    "gtq_cop": 539.23136156,
    "gtq_crc": 67.5364264,
    "gtq_gtq": 1,
    "gtq_mxn": 2.5413536,
    "gtq_pen": 0.48245648,
    "gtq_usd": 0.1294404,
    "mxn_clp": 45.6226608,
    "mxn_cop": 211.82145155,
    "mxn_crc": 26.36775265,
    "mxn_gtq": 0.3919917,
    "mxn_mxn": 1,
    "mxn_pen": 0.19038045,
    "mxn_usd": 0.05073902,
    "pen_clp": 243.0733413,
    "pen_cop": 1117.67877289,
    "pen_crc": 139.98449564,
    "pen_gtq": 2.07272583,
    "pen_mxn": 5.26752926,
    "pen_pen": 1,
    "pen_usd": 0.26829447,
    "timestamp": "2024-09-28 06:32:16",
    "usd_clp": 899.16321517,
    "usd_cop": 4174.72488593,
    "usd_crc": 519.67405743,
    "usd_gtq": 7.72564578,
    "usd_mxn": 19.70869737,
    "usd_pen": 3.75215058,
    "usd_usd": 1
}