{
    "clp_clp": 1,
    "clp_cop": 4.41429678,
    "clp_crc": 0.54731423,
    "clp_gtq": 0.0082554319,
    "clp_mxn": 0.020587988,
    "clp_pen": 0.0038956149,
    "clp_usd": 0.0010745072,
    "cop_clp": 0.22653665,
    "cop_cop": 1,
    "cop_crc": 0.12398673,
    "cop_gtq": 0.0018701579,
    "cop_mxn": 0.0046639338,
    "cop_pen": 0.00088249954,
    "cop_usd": 0.00024341527,
    "crc_clp": 1.82710395,
    "crc_cop": 8.06537908,
    "crc_crc": 1,
    "crc_gtq": 0.015083532,
    "crc_mxn": 0.037616394,
    "crc_pen": 0.0071176933,
    "crc_usd": 0.0019632364,
    "gtq_clp": 121.1323662,
    "gtq_cop": 534.71421442,
    "gtq_crc": 66.29746833,
    "gtq_gtq": 1,
    "gtq_mxn": 2.49387171,
    "gtq_pen": 0.47188505,
    "gtq_usd": 0.1301576,
    "mxn_clp": 48.57201173,
    "mxn_cop": 214.41127513,
    "mxn_crc": 26.58415344,
    "mxn_gtq": 0.40098294,
    "mxn_mxn": 1,
    "mxn_pen": 0.18921785,
    "mxn_usd": 0.052190978,
    "pen_clp": 256.69888732,
    "pen_cop": 1133.14507245,
    "pen_crc": 140.49495511,
    "pen_gtq": 2.11916018,
    "pen_mxn": 5.28491364,
    "pen_pen": 1,
    "pen_usd": 0.27582481,
    "timestamp": "2025-06-06 06:41:17",
    "usd_clp": 938.33188641,
    "usd_cop": 4110.11963402,
    "usd_crc": 508.66421869,
    "usd_gtq": 7.6820411,
    "usd_mxn": 19.19860066,
    "usd_pen": 3.62642379,
    "usd_usd": 1
}