{
    "clp_clp": 1,
    "clp_cop": 4.27677201,
    "clp_crc": 0.50960465,
    "clp_gtq": 0.0078211761,
    "clp_mxn": 0.020635565,
    "clp_pen": 0.003762256,
    "clp_usd": 0.0010125941,
    "cop_clp": 0.23501368,
    "cop_cop": 1,
    "cop_crc": 0.12000394,
    "cop_gtq": 0.0018480016,
    "cop_mxn": 0.0048522586,
    "cop_pen": 0.0008905039,
    "cop_usd": 0.00023936928,
    "crc_clp": 1.9623055,
    "crc_cop": 8.39233321,
    "crc_crc": 1,
    "crc_gtq": 0.015347537,
    "crc_mxn": 0.040493282,
    "crc_pen": 0.0073826956,
    "crc_usd": 0.0019870189,
    "gtq_clp": 127.85800835,
    "gtq_cop": 546.81955093,
    "gtq_crc": 65.15703526,
    "gtq_gtq": 1,
    "gtq_mxn": 2.63842219,
    "gtq_pen": 0.48103456,
    "gtq_usd": 0.12946826,
    "mxn_clp": 48.43387397,
    "mxn_cop": 206.08959179,
    "mxn_crc": 24.73156343,
    "mxn_gtq": 0.38085389,
    "mxn_mxn": 1,
    "mxn_pen": 0.18352359,
    "mxn_usd": 0.049331517,
    "pen_clp": 265.79796807,
    "pen_cop": 1136.75730928,
    "pen_crc": 135.4518798,
    "pen_gtq": 2.07885272,
    "pen_mxn": 5.48489114,
    "pen_pen": 1,
    "pen_usd": 0.26914545,
    "timestamp": "2025-01-25 06:31:01",
    "usd_clp": 987.56256819,
    "usd_cop": 4223.57994643,
    "usd_crc": 503.26647433,
    "usd_gtq": 7.72390076,
    "usd_mxn": 20.37891117,
    "usd_pen": 3.7154632,
    "usd_usd": 1
}