{
    "clp_clp": 1,
    "clp_cop": 4.05521777,
    "clp_crc": 0.51199961,
    "clp_gtq": 0.0083887913,
    "clp_mxn": 0.019668289,
    "clp_pen": 0.0037946603,
    "clp_usd": 0.0010945292,
    "cop_clp": 0.24659588,
    "cop_cop": 1,
    "cop_crc": 0.12625699,
    "cop_gtq": 0.0020686414,
    "cop_mxn": 0.004850119,
    "cop_pen": 0.0009357476,
    "cop_usd": 0.00026990639,
    "crc_clp": 1.95312649,
    "crc_cop": 7.92035324,
    "crc_crc": 1,
    "crc_gtq": 0.016384371,
    "crc_mxn": 0.038414656,
    "crc_pen": 0.0074114516,
    "crc_usd": 0.002137754,
    "gtq_clp": 119.20668409,
    "gtq_cop": 483.40906387,
    "gtq_crc": 61.03377576,
    "gtq_gtq": 1,
    "gtq_mxn": 2.34459148,
    "gtq_pen": 0.45234887,
    "gtq_usd": 0.1304752,
    "mxn_clp": 50.84326423,
    "mxn_cop": 206.1805087,
    "mxn_crc": 26.03173145,
    "mxn_gtq": 0.42651354,
    "mxn_mxn": 1,
    "mxn_pen": 0.19293292,
    "mxn_usd": 0.055649438,
    "pen_clp": 263.52819978,
    "pen_cop": 1068.66423914,
    "pen_crc": 134.92633549,
    "pen_gtq": 2.21068308,
    "pen_mxn": 5.18314872,
    "pen_pen": 1,
    "pen_usd": 0.28843931,
    "timestamp": "2026-03-23 20:20:55",
    "usd_clp": 913.63482373,
    "usd_cop": 3704.9881742,
    "usd_crc": 467.78067336,
    "usd_gtq": 7.6642919,
    "usd_mxn": 17.96963349,
    "usd_pen": 3.4669338,
    "usd_usd": 1
}