{
    "clp_clp": 1,
    "clp_cop": 4.07340273,
    "clp_crc": 0.50210669,
    "clp_gtq": 0.0084553689,
    "clp_mxn": 0.019223676,
    "clp_pen": 0.0037954336,
    "clp_usd": 0.0011094079,
    "cop_clp": 0.245495,
    "cop_cop": 1,
    "cop_crc": 0.12326468,
    "cop_gtq": 0.0020757508,
    "cop_mxn": 0.0047193162,
    "cop_pen": 0.00093175997,
    "cop_usd": 0.00027235409,
    "crc_clp": 1.99160858,
    "crc_cop": 8.11262382,
    "crc_crc": 1,
    "crc_gtq": 0.016839785,
    "crc_mxn": 0.038286037,
    "crc_pen": 0.0075590181,
    "crc_usd": 0.0022095063,
    "gtq_clp": 118.26805165,
    "gtq_cop": 481.75340477,
    "gtq_crc": 59.3831805,
    "gtq_gtq": 1,
    "gtq_mxn": 2.27354667,
    "gtq_pen": 0.44887854,
    "gtq_usd": 0.13120751,
    "mxn_clp": 52.01918803,
    "mxn_cop": 211.89510268,
    "mxn_crc": 26.11918256,
    "mxn_gtq": 0.43984142,
    "mxn_mxn": 1,
    "mxn_pen": 0.19743537,
    "mxn_usd": 0.057710499,
    "pen_clp": 263.47450727,
    "pen_cop": 1073.23777786,
    "pen_crc": 132.29231397,
    "pen_gtq": 2.22777414,
    "pen_mxn": 5.06494848,
    "pen_pen": 1,
    "pen_usd": 0.2923007,
    "timestamp": "2026-05-24 21:59:32",
    "usd_clp": 901.3817126,
    "usd_cop": 3671.69073113,
    "usd_crc": 452.58979232,
    "usd_gtq": 7.62151486,
    "usd_mxn": 17.32786971,
    "usd_pen": 3.42113445,
    "usd_usd": 1
}