{
    "clp_clp": 1,
    "clp_cop": 4.42182378,
    "clp_crc": 0.51362199,
    "clp_gtq": 0.0078608068,
    "clp_mxn": 0.020512915,
    "clp_pen": 0.0037980673,
    "clp_usd": 0.0010190126,
    "cop_clp": 0.22615103,
    "cop_cop": 1,
    "cop_crc": 0.11615614,
    "cop_gtq": 0.0017777296,
    "cop_mxn": 0.0046390168,
    "cop_pen": 0.00085893683,
    "cop_usd": 0.00023045074,
    "crc_clp": 1.94695715,
    "crc_cop": 8.60910141,
    "crc_crc": 1,
    "crc_gtq": 0.015304654,
    "crc_mxn": 0.039937766,
    "crc_pen": 0.0073946743,
    "crc_usd": 0.0019839738,
    "gtq_clp": 127.21340522,
    "gtq_cop": 562.51525981,
    "gtq_crc": 65.33960204,
    "gtq_gtq": 1,
    "gtq_mxn": 2.60951776,
    "gtq_pen": 0.48316507,
    "gtq_usd": 0.12963206,
    "mxn_clp": 48.31107028,
    "mxn_cop": 216.921393,
    "mxn_crc": 25.0007898,
    "mxn_gtq": 0.38099927,
    "mxn_mxn": 1,
    "mxn_pen": 0.1846911,
    "mxn_usd": 0.049443884,
    "pen_clp": 263.29180704,
    "pen_cop": 1164.22997239,
    "pen_crc": 135.23246125,
    "pen_gtq": 2.06968603,
    "pen_mxn": 5.40088245,
    "pen_pen": 1,
    "pen_usd": 0.26829766,
    "timestamp": "2024-12-14 06:35:01",
    "usd_clp": 977.08889893,
    "usd_cop": 4387.22395976,
    "usd_crc": 505.63968126,
    "usd_gtq": 7.70569046,
    "usd_mxn": 20.22494831,
    "usd_pen": 3.73536798,
    "usd_usd": 1
}