{
    "clp_clp": 1,
    "clp_cop": 4.46313193,
    "clp_crc": 0.53826355,
    "clp_gtq": 0.0082989685,
    "clp_mxn": 0.021588724,
    "clp_pen": 0.0039307105,
    "clp_usd": 0.0010771598,
    "cop_clp": 0.22405791,
    "cop_cop": 1,
    "cop_crc": 0.1206022,
    "cop_gtq": 0.0018594495,
    "cop_mxn": 0.0048371244,
    "cop_pen": 0.00088070676,
    "cop_usd": 0.00024134618,
    "crc_clp": 1.85782597,
    "crc_cop": 8.29172242,
    "crc_crc": 1,
    "crc_gtq": 0.015418039,
    "crc_mxn": 0.040108093,
    "crc_pen": 0.007302576,
    "crc_usd": 0.0020011755,
    "gtq_clp": 120.49690229,
    "gtq_cop": 537.79357208,
    "gtq_crc": 64.85909015,
    "gtq_gtq": 1,
    "gtq_mxn": 2.6013744,
    "gtq_pen": 0.47363843,
    "gtq_usd": 0.12979442,
    "mxn_clp": 46.32047672,
    "mxn_cop": 206.73439864,
    "mxn_crc": 24.93262414,
    "mxn_gtq": 0.38441218,
    "mxn_mxn": 1,
    "mxn_pen": 0.18207238,
    "mxn_usd": 0.049894557,
    "pen_clp": 255.48732097,
    "pen_cop": 1141.47236542,
    "pen_crc": 137.33056074,
    "pen_gtq": 2.11912643,
    "pen_mxn": 5.56295167,
    "pen_pen": 1,
    "pen_usd": 0.27501348,
    "timestamp": "2025-03-25 19:27:16",
    "usd_clp": 928.99927444,
    "usd_cop": 4150.60518559,
    "usd_crc": 499.35938427,
    "usd_gtq": 7.70553665,
    "usd_mxn": 20.22792381,
    "usd_pen": 3.63618543,
    "usd_usd": 1
}