{
    "clp_clp": 1,
    "clp_cop": 4.51713356,
    "clp_crc": 0.57437901,
    "clp_gtq": 0.0084791326,
    "clp_mxn": 0.020076445,
    "clp_pen": 0.0041155359,
    "clp_usd": 0.0010890266,
    "cop_clp": 0.22137933,
    "cop_cop": 1,
    "cop_crc": 0.12715564,
    "cop_gtq": 0.0018771047,
    "cop_mxn": 0.00444451,
    "cop_pen": 0.00091109459,
    "cop_usd": 0.00024108798,
    "crc_clp": 1.74101069,
    "crc_cop": 7.8643778,
    "crc_crc": 1,
    "crc_gtq": 0.01476226,
    "crc_mxn": 0.034953306,
    "crc_pen": 0.007165192,
    "crc_usd": 0.0018960069,
    "gtq_clp": 117.93659177,
    "gtq_cop": 532.73533619,
    "gtq_crc": 67.74030315,
    "gtq_gtq": 1,
    "gtq_mxn": 2.36774752,
    "gtq_pen": 0.48537228,
    "gtq_usd": 0.12843608,
    "mxn_clp": 49.80961468,
    "mxn_cop": 224.99668192,
    "mxn_crc": 28.60959731,
    "mxn_gtq": 0.42234233,
    "mxn_mxn": 1,
    "mxn_pen": 0.20499326,
    "mxn_usd": 0.054243995,
    "pen_clp": 242.98172006,
    "pen_cop": 1097.58088122,
    "pen_crc": 139.56360049,
    "pen_gtq": 2.06027422,
    "pen_mxn": 4.87820919,
    "pen_pen": 1,
    "pen_usd": 0.26461355,
    "timestamp": "2024-06-14 06:29:42",
    "usd_clp": 917.00843123,
    "usd_cop": 4026.0629156,
    "usd_crc": 526.44132377,
    "usd_gtq": 7.76140503,
    "usd_mxn": 18.81232943,
    "usd_pen": 3.77366408,
    "usd_usd": 1
}