{
    "clp_clp": 1,
    "clp_cop": 4.02217903,
    "clp_crc": 0.52075337,
    "clp_gtq": 0.0080986827,
    "clp_mxn": 0.017321596,
    "clp_pen": 0.0038372996,
    "clp_usd": 0.0010383666,
    "cop_clp": 0.24862145,
    "cop_cop": 1,
    "cop_crc": 0.12947046,
    "cop_gtq": 0.0020135063,
    "cop_mxn": 0.0043065204,
    "cop_pen": 0.000954035,
    "cop_usd": 0.00025816022,
    "crc_clp": 1.92029483,
    "crc_cop": 7.7237696,
    "crc_crc": 1,
    "crc_gtq": 0.015551859,
    "crc_mxn": 0.033262572,
    "crc_pen": 0.0073687465,
    "crc_usd": 0.0019939701,
    "gtq_clp": 123.47687114,
    "gtq_cop": 496.64608161,
    "gtq_crc": 64.30099643,
    "gtq_gtq": 1,
    "gtq_mxn": 2.1388165,
    "gtq_pen": 0.47381774,
    "gtq_usd": 0.12821426,
    "mxn_clp": 57.73140007,
    "mxn_cop": 232.20602664,
    "mxn_crc": 30.06382098,
    "mxn_gtq": 0.46754829,
    "mxn_mxn": 1,
    "mxn_pen": 0.22153268,
    "mxn_usd": 0.05994636,
    "pen_clp": 260.59993059,
    "pen_cop": 1048.17957566,
    "pen_crc": 135.70829137,
    "pen_gtq": 2.11051615,
    "pen_mxn": 4.51400677,
    "pen_pen": 1,
    "pen_usd": 0.27059827,
    "timestamp": "2024-03-21 06:25:30",
    "usd_clp": 963.05096812,
    "usd_cop": 3873.56340744,
    "usd_crc": 501.51203453,
    "usd_gtq": 7.79944421,
    "usd_mxn": 16.68157999,
    "usd_pen": 3.69551506,
    "usd_usd": 1
}