{
    "clp_clp": 1,
    "clp_cop": 4.08661192,
    "clp_crc": 0.53078279,
    "clp_gtq": 0.0080698047,
    "clp_mxn": 0.019308442,
    "clp_pen": 0.0036683012,
    "clp_usd": 0.0010550231,
    "cop_clp": 0.24470148,
    "cop_cop": 1,
    "cop_crc": 0.12988334,
    "cop_gtq": 0.0019746932,
    "cop_mxn": 0.0047248045,
    "cop_pen": 0.00089763874,
    "cop_usd": 0.00025816571,
    "crc_clp": 1.88400984,
    "crc_cop": 7.69921706,
    "crc_crc": 1,
    "crc_gtq": 0.015203592,
    "crc_mxn": 0.036377295,
    "crc_pen": 0.0069111155,
    "crc_usd": 0.0019876738,
    "gtq_clp": 123.91873546,
    "gtq_cop": 506.40778144,
    "gtq_crc": 65.7739323,
    "gtq_gtq": 1,
    "gtq_mxn": 2.39267776,
    "gtq_pen": 0.45457124,
    "gtq_usd": 0.13073712,
    "mxn_clp": 51.79081682,
    "mxn_cop": 211.64896937,
    "mxn_crc": 27.48967432,
    "mxn_gtq": 0.41794178,
    "mxn_mxn": 1,
    "mxn_pen": 0.18998431,
    "mxn_usd": 0.054640506,
    "pen_clp": 272.60575168,
    "pen_cop": 1114.03391425,
    "pen_crc": 144.69444179,
    "pen_gtq": 2.19987519,
    "pen_mxn": 5.26359244,
    "pen_pen": 1,
    "pen_usd": 0.28760535,
    "timestamp": "2025-09-17 19:25:08",
    "usd_clp": 947.84658774,
    "usd_cop": 3873.48116368,
    "usd_crc": 503.10065754,
    "usd_gtq": 7.6489369,
    "usd_mxn": 18.30144118,
    "usd_pen": 3.47698675,
    "usd_usd": 1
}