{
    "clp_clp": 1,
    "clp_cop": 3.97350419,
    "clp_crc": 0.51136598,
    "clp_gtq": 0.0079406967,
    "clp_mxn": 0.017109986,
    "clp_pen": 0.0037807574,
    "clp_usd": 0.0010207315,
    "cop_clp": 0.25251094,
    "cop_cop": 1,
    "cop_crc": 0.12982959,
    "cop_gtq": 0.0020037429,
    "cop_mxn": 0.0043070899,
    "cop_pen": 0.00094849595,
    "cop_usd": 0.00025680681,
    "crc_clp": 1.9555466,
    "crc_cop": 7.7703726,
    "crc_crc": 1,
    "crc_gtq": 0.015528402,
    "crc_mxn": 0.033459375,
    "crc_pen": 0.0073934473,
    "crc_usd": 0.001996088,
    "gtq_clp": 125.93353485,
    "gtq_cop": 500.39742805,
    "gtq_crc": 64.39812527,
    "gtq_gtq": 1,
    "gtq_mxn": 2.15472105,
    "gtq_pen": 0.47612415,
    "gtq_usd": 0.12854432,
    "mxn_clp": 58.44540063,
    "mxn_cop": 232.23304415,
    "mxn_crc": 29.88698948,
    "mxn_gtq": 0.4640972,
    "mxn_mxn": 1,
    "mxn_pen": 0.22096788,
    "mxn_usd": 0.05965706,
    "pen_clp": 264.49726625,
    "pen_cop": 1050.98099499,
    "pen_crc": 135.25490337,
    "pen_gtq": 2.10029256,
    "pen_mxn": 4.52554458,
    "pen_pen": 1,
    "pen_usd": 0.26998069,
    "timestamp": "2024-03-25 06:25:38",
    "usd_clp": 979.6895864,
    "usd_cop": 3892.80067388,
    "usd_crc": 500.97992398,
    "usd_gtq": 7.77941783,
    "usd_mxn": 16.76247533,
    "usd_pen": 3.70396867,
    "usd_usd": 1
}