{
    "clp_clp": 1,
    "clp_cop": 4.06054543,
    "clp_crc": 0.53223324,
    "clp_gtq": 0.0081137123,
    "clp_mxn": 0.017479639,
    "clp_pen": 0.0038617113,
    "clp_usd": 0.0010402318,
    "cop_clp": 0.24627233,
    "cop_cop": 1,
    "cop_crc": 0.13107432,
    "cop_gtq": 0.0019981829,
    "cop_mxn": 0.0043047514,
    "cop_pen": 0.00095103266,
    "cop_usd": 0.00025618032,
    "crc_clp": 1.87887551,
    "crc_cop": 7.62925936,
    "crc_crc": 1,
    "crc_gtq": 0.015244655,
    "crc_mxn": 0.032842065,
    "crc_pen": 0.0072556748,
    "crc_usd": 0.0019544661,
    "gtq_clp": 123.24814549,
    "gtq_cop": 500.45469403,
    "gtq_crc": 65.59675982,
    "gtq_gtq": 1,
    "gtq_mxn": 2.15433307,
    "gtq_pen": 0.47594876,
    "gtq_usd": 0.12820665,
    "mxn_clp": 57.20942013,
    "mxn_cop": 232.30144951,
    "mxn_crc": 30.44875504,
    "mxn_gtq": 0.46418078,
    "mxn_mxn": 1,
    "mxn_pen": 0.22092626,
    "mxn_usd": 0.05951106,
    "pen_clp": 258.95255279,
    "pen_cop": 1051.48860504,
    "pen_crc": 137.82315622,
    "pen_gtq": 2.10106653,
    "pen_mxn": 4.52639709,
    "pen_pen": 1,
    "pen_usd": 0.26937069,
    "timestamp": "2024-03-10 06:22:59",
    "usd_clp": 961.52376684,
    "usd_cop": 3903.14129805,
    "usd_crc": 510.79664435,
    "usd_gtq": 7.81036676,
    "usd_mxn": 16.80176112,
    "usd_pen": 3.68898203,
    "usd_usd": 1
}