{
    "clp_clp": 1,
    "clp_cop": 3.91978957,
    "clp_crc": 0.50831086,
    "clp_gtq": 0.007907466,
    "clp_mxn": 0.016858304,
    "clp_pen": 0.0037822568,
    "clp_usd": 0.0010147065,
    "cop_clp": 0.25511574,
    "cop_cop": 1,
    "cop_crc": 0.1296781,
    "cop_gtq": 0.002017319,
    "cop_mxn": 0.0043008187,
    "cop_pen": 0.00096491323,
    "cop_usd": 0.00025886759,
    "crc_clp": 1.96730011,
    "crc_cop": 7.71140243,
    "crc_crc": 1,
    "crc_gtq": 0.015556359,
    "crc_mxn": 0.033165344,
    "crc_pen": 0.0074408342,
    "crc_usd": 0.0019962322,
    "gtq_clp": 126.46276357,
    "gtq_cop": 495.70742117,
    "gtq_crc": 64.28239554,
    "gtq_gtq": 1,
    "gtq_mxn": 2.13194774,
    "gtq_pen": 0.47831465,
    "gtq_usd": 0.12832259,
    "mxn_clp": 58.90111042,
    "mxn_cop": 230.22698508,
    "mxn_crc": 30.15620151,
    "mxn_gtq": 0.47010801,
    "mxn_mxn": 1,
    "mxn_pen": 0.22375634,
    "mxn_usd": 0.060346605,
    "pen_clp": 263.23772721,
    "pen_cop": 1028.91826415,
    "pen_crc": 134.7725007,
    "pen_gtq": 2.10098184,
    "pen_mxn": 4.46914711,
    "pen_pen": 1,
    "pen_usd": 0.26969786,
    "timestamp": "2024-04-03 06:26:07",
    "usd_clp": 976.04678979,
    "usd_cop": 3815.07764606,
    "usd_crc": 499.71661756,
    "usd_gtq": 7.79013176,
    "usd_mxn": 16.57094039,
    "usd_pen": 3.70785297,
    "usd_usd": 1
}