{
    "clp_clp": 1,
    "clp_cop": 4.41429189,
    "clp_crc": 0.54654333,
    "clp_gtq": 0.0082317962,
    "clp_mxn": 0.020448367,
    "clp_pen": 0.0039065566,
    "clp_usd": 0.0010709915,
    "cop_clp": 0.2265369,
    "cop_cop": 1,
    "cop_crc": 0.12381223,
    "cop_gtq": 0.0018648056,
    "cop_mxn": 0.0046323096,
    "cop_pen": 0.00088497923,
    "cop_usd": 0.00024261909,
    "crc_clp": 1.82968111,
    "crc_cop": 8.07674649,
    "crc_crc": 1,
    "crc_gtq": 0.015061562,
    "crc_mxn": 0.03741399,
    "crc_pen": 0.0071477529,
    "crc_usd": 0.0019595728,
    "gtq_clp": 121.48016909,
    "gtq_cop": 536.24892479,
    "gtq_crc": 66.39417559,
    "gtq_gtq": 1,
    "gtq_mxn": 2.48407103,
    "gtq_pen": 0.47456916,
    "gtq_usd": 0.13010422,
    "mxn_clp": 48.90366172,
    "mxn_cop": 215.87503713,
    "mxn_crc": 26.7279699,
    "mxn_gtq": 0.40256498,
    "mxn_mxn": 1,
    "mxn_pen": 0.19104492,
    "mxn_usd": 0.052375404,
    "pen_clp": 255.97990705,
    "pen_cop": 1129.97002677,
    "pen_crc": 139.90410964,
    "pen_gtq": 2.10717444,
    "pen_mxn": 5.23437097,
    "pen_pen": 1,
    "pen_usd": 0.27415229,
    "timestamp": "2025-06-10 06:42:48",
    "usd_clp": 933.71426118,
    "usd_cop": 4121.68728736,
    "usd_crc": 510.31529728,
    "usd_gtq": 7.68614555,
    "usd_mxn": 19.09293146,
    "usd_pen": 3.64760763,
    "usd_usd": 1
}