{
    "clp_clp": 1,
    "clp_cop": 4.17279753,
    "clp_crc": 0.52378282,
    "clp_gtq": 0.0079688083,
    "clp_mxn": 0.019425758,
    "clp_pen": 0.003699626,
    "clp_usd": 0.0010373514,
    "cop_clp": 0.23633724,
    "cop_cop": 1,
    "cop_crc": 0.12482079,
    "cop_gtq": 0.0018996485,
    "cop_mxn": 0.0046262383,
    "cop_pen": 0.00088118597,
    "cop_usd": 0.00024767195,
    "crc_clp": 1.89341251,
    "crc_cop": 8.01148623,
    "crc_crc": 1,
    "crc_gtq": 0.015219008,
    "crc_mxn": 0.037063045,
    "crc_pen": 0.0070596093,
    "crc_usd": 0.0019842204,
    "gtq_clp": 124.41103272,
    "gtq_cop": 526.41316602,
    "gtq_crc": 65.70730463,
    "gtq_gtq": 1,
    "gtq_mxn": 2.43531276,
    "gtq_pen": 0.4638679,
    "gtq_usd": 0.13037777,
    "mxn_clp": 51.08626494,
    "mxn_cop": 216.15834123,
    "mxn_crc": 26.98105384,
    "mxn_gtq": 0.41062488,
    "mxn_mxn": 1,
    "mxn_pen": 0.1904757,
    "mxn_usd": 0.053536357,
    "pen_clp": 268.20358343,
    "pen_cop": 1134.83422171,
    "pen_crc": 141.65089842,
    "pen_gtq": 2.15578617,
    "pen_mxn": 5.25001356,
    "pen_pen": 1,
    "pen_usd": 0.2810666,
    "timestamp": "2025-07-22 19:53:55",
    "usd_clp": 954.23498637,
    "usd_cop": 4037.59899188,
    "usd_crc": 503.97627577,
    "usd_gtq": 7.67001901,
    "usd_mxn": 18.67889515,
    "usd_pen": 3.5578756,
    "usd_usd": 1
}