{
    "clp_clp": 1,
    "clp_cop": 4.24880775,
    "clp_crc": 0.51180536,
    "clp_gtq": 0.0078276531,
    "clp_mxn": 0.020990709,
    "clp_pen": 0.0037830887,
    "clp_usd": 0.0010128216,
    "cop_clp": 0.23536014,
    "cop_cop": 1,
    "cop_crc": 0.12045858,
    "cop_gtq": 0.0018423176,
    "cop_mxn": 0.0049403764,
    "cop_pen": 0.0008903883,
    "cop_usd": 0.00023837783,
    "crc_clp": 1.95386776,
    "crc_cop": 8.30160847,
    "crc_crc": 1,
    "crc_gtq": 0.015294199,
    "crc_mxn": 0.04101307,
    "crc_pen": 0.007391655,
    "crc_usd": 0.0019789194,
    "gtq_clp": 127.75221214,
    "gtq_cop": 542.79458925,
    "gtq_crc": 65.38426751,
    "gtq_gtq": 1,
    "gtq_mxn": 2.68160956,
    "gtq_pen": 0.48329795,
    "gtq_usd": 0.12939019,
    "mxn_clp": 47.640124,
    "mxn_cop": 202.41372813,
    "mxn_crc": 24.38247103,
    "mxn_gtq": 0.37291036,
    "mxn_mxn": 1,
    "mxn_pen": 0.18022681,
    "mxn_usd": 0.048250944,
    "pen_clp": 264.33427293,
    "pen_cop": 1123.10550784,
    "pen_crc": 135.28769891,
    "pen_gtq": 2.06911699,
    "pen_mxn": 5.54856392,
    "pen_pen": 1,
    "pen_usd": 0.26772345,
    "timestamp": "2025-01-28 19:19:30",
    "usd_clp": 987.34075937,
    "usd_cop": 4195.0210719,
    "usd_crc": 505.32629726,
    "usd_gtq": 7.72856096,
    "usd_mxn": 20.72498299,
    "usd_pen": 3.73519767,
    "usd_usd": 1
}