{
    "clp_clp": 1,
    "clp_cop": 4.50838955,
    "clp_crc": 0.5186838,
    "clp_gtq": 0.0078474786,
    "clp_mxn": 0.020853417,
    "clp_pen": 0.0038379197,
    "clp_usd": 0.0010142693,
    "cop_clp": 0.21874528,
    "cop_cop": 1,
    "cop_crc": 0.11419718,
    "cop_gtq": 0.0017258045,
    "cop_mxn": 0.0045893655,
    "cop_pen": 0.00084775779,
    "cop_usd": 0.00022322637,
    "crc_clp": 1.91550505,
    "crc_cop": 8.75678339,
    "crc_crc": 1,
    "crc_gtq": 0.015112496,
    "crc_mxn": 0.04018808,
    "crc_pen": 0.0074236313,
    "crc_usd": 0.001954745,
    "gtq_clp": 126.74974412,
    "gtq_cop": 579.43989863,
    "gtq_crc": 66.17040447,
    "gtq_gtq": 1,
    "gtq_mxn": 2.65926148,
    "gtq_pen": 0.49122469,
    "gtq_usd": 0.12934627,
    "mxn_clp": 47.66351305,
    "mxn_cop": 217.89504476,
    "mxn_crc": 24.88300043,
    "mxn_gtq": 0.37604425,
    "mxn_mxn": 1,
    "mxn_pen": 0.18472222,
    "mxn_usd": 0.048639921,
    "pen_clp": 258.02804237,
    "pen_cop": 1179.5822055,
    "pen_crc": 134.70496565,
    "pen_gtq": 2.03572831,
    "pen_mxn": 5.41353387,
    "pen_pen": 1,
    "pen_usd": 0.26331386,
    "timestamp": "2024-11-14 06:36:26",
    "usd_clp": 979.92579313,
    "usd_cop": 4479.7573847,
    "usd_crc": 511.5756764,
    "usd_gtq": 7.73118557,
    "usd_mxn": 20.55924397,
    "usd_pen": 3.79774921,
    "usd_usd": 1
}