{
    "clp_clp": 1,
    "clp_cop": 4.5040098,
    "clp_crc": 0.56222015,
    "clp_gtq": 0.0083759897,
    "clp_mxn": 0.021049353,
    "clp_pen": 0.0040880968,
    "clp_usd": 0.0010835709,
    "cop_clp": 0.22202438,
    "cop_cop": 1,
    "cop_crc": 0.12482658,
    "cop_gtq": 0.001859674,
    "cop_mxn": 0.0046734697,
    "cop_pen": 0.00090765718,
    "cop_usd": 0.00024057917,
    "crc_clp": 1.77866268,
    "crc_cop": 8.01111416,
    "crc_crc": 1,
    "crc_gtq": 0.01489806,
    "crc_mxn": 0.0374397,
    "crc_pen": 0.0072713453,
    "crc_usd": 0.0019273072,
    "gtq_clp": 119.38887598,
    "gtq_cop": 537.7286678,
    "gtq_crc": 67.12283175,
    "gtq_gtq": 1,
    "gtq_mxn": 2.51305865,
    "gtq_pen": 0.48807329,
    "gtq_usd": 0.12936632,
    "mxn_clp": 47.50739737,
    "mxn_cop": 213.97378347,
    "mxn_crc": 26.70961607,
    "mxn_gtq": 0.39792147,
    "mxn_mxn": 1,
    "mxn_pen": 0.19421484,
    "mxn_usd": 0.051477635,
    "pen_clp": 244.61260057,
    "pen_cop": 1101.73755096,
    "pen_crc": 137.52613297,
    "pen_gtq": 2.04887263,
    "pen_mxn": 5.14893709,
    "pen_pen": 1,
    "pen_usd": 0.2650551,
    "timestamp": "2024-09-24 19:22:13",
    "usd_clp": 922.87451756,
    "usd_cop": 4156.63587427,
    "usd_crc": 518.85864964,
    "usd_gtq": 7.72998749,
    "usd_mxn": 19.42591194,
    "usd_pen": 3.7728004,
    "usd_usd": 1
}