{
    "clp_clp": 1,
    "clp_cop": 4.36054537,
    "clp_crc": 0.56146385,
    "clp_gtq": 0.0083782666,
    "clp_mxn": 0.020239597,
    "clp_pen": 0.0040515763,
    "clp_usd": 0.0010827641,
    "cop_clp": 0.22932911,
    "cop_cop": 1,
    "cop_crc": 0.12876001,
    "cop_gtq": 0.0019213804,
    "cop_mxn": 0.0046415289,
    "cop_pen": 0.00092914439,
    "cop_usd": 0.00024830934,
    "crc_clp": 1.78105858,
    "crc_cop": 7.76638674,
    "crc_crc": 1,
    "crc_gtq": 0.014922184,
    "crc_mxn": 0.036047909,
    "crc_pen": 0.0072160947,
    "crc_usd": 0.0019284664,
    "gtq_clp": 119.35643082,
    "gtq_cop": 520.45913188,
    "gtq_crc": 67.01432074,
    "gtq_gtq": 1,
    "gtq_mxn": 2.41572611,
    "gtq_pen": 0.48358168,
    "gtq_usd": 0.12923486,
    "mxn_clp": 49.40809728,
    "mxn_cop": 215.44624987,
    "mxn_crc": 27.74086034,
    "mxn_gtq": 0.41395421,
    "mxn_mxn": 1,
    "mxn_pen": 0.20018067,
    "mxn_usd": 0.053497316,
    "pen_clp": 246.8175182,
    "pen_cop": 1076.2589864,
    "pen_crc": 138.57911313,
    "pen_gtq": 2.06790297,
    "pen_mxn": 4.99548721,
    "pen_pen": 1,
    "pen_usd": 0.26724516,
    "timestamp": "2024-08-20 19:12:55",
    "usd_clp": 939.98587791,
    "usd_cop": 4031.26139242,
    "usd_crc": 519.49606517,
    "usd_gtq": 7.73717123,
    "usd_mxn": 18.62988162,
    "usd_pen": 3.734804,
    "usd_usd": 1
}