{
    "clp_clp": 1,
    "clp_cop": 4.11196361,
    "clp_crc": 0.51940369,
    "clp_gtq": 0.0078732202,
    "clp_mxn": 0.019248303,
    "clp_pen": 0.0036341192,
    "clp_usd": 0.0010270857,
    "cop_clp": 0.24319281,
    "cop_cop": 1,
    "cop_crc": 0.12631524,
    "cop_gtq": 0.0019147106,
    "cop_mxn": 0.0046810491,
    "cop_pen": 0.00088379168,
    "cop_usd": 0.00024977986,
    "crc_clp": 1.92528475,
    "crc_cop": 7.91670085,
    "crc_crc": 1,
    "crc_gtq": 0.015158191,
    "crc_mxn": 0.037058465,
    "crc_pen": 0.0069967143,
    "crc_usd": 0.0019774324,
    "gtq_clp": 127.01283346,
    "gtq_cop": 522.27214949,
    "gtq_crc": 65.97093402,
    "gtq_gtq": 1,
    "gtq_mxn": 2.44478156,
    "gtq_pen": 0.46157978,
    "gtq_usd": 0.13045306,
    "mxn_clp": 51.95263071,
    "mxn_cop": 213.62732703,
    "mxn_crc": 26.98438795,
    "mxn_gtq": 0.4090345,
    "mxn_mxn": 1,
    "mxn_pen": 0.18880205,
    "mxn_usd": 0.053359804,
    "pen_clp": 275.16983935,
    "pen_cop": 1131.4883666,
    "pen_crc": 142.92422916,
    "pen_gtq": 2.16647272,
    "pen_mxn": 5.29655256,
    "pen_pen": 1,
    "pen_usd": 0.28262301,
    "timestamp": "2025-09-03 19:24:49",
    "usd_clp": 973.62859016,
    "usd_cop": 4003.52533463,
    "usd_crc": 505.70627968,
    "usd_gtq": 7.66559224,
    "usd_mxn": 18.74069853,
    "usd_pen": 3.53828237,
    "usd_usd": 1
}