{
    "clp_clp": 1,
    "clp_cop": 4.24427192,
    "clp_crc": 0.55928833,
    "clp_gtq": 0.0088938849,
    "clp_mxn": 0.019897666,
    "clp_pen": 0.00388513,
    "clp_usd": 0.0011589586,
    "cop_clp": 0.23561167,
    "cop_cop": 1,
    "cop_crc": 0.13177486,
    "cop_gtq": 0.0020955031,
    "cop_mxn": 0.0046881225,
    "cop_pen": 0.00091538197,
    "cop_usd": 0.00027306418,
    "crc_clp": 1.78798653,
    "crc_cop": 7.58870103,
    "crc_crc": 1,
    "crc_gtq": 0.015902146,
    "crc_mxn": 0.03557676,
    "crc_pen": 0.0069465601,
    "crc_usd": 0.0020722024,
    "gtq_clp": 112.43680454,
    "gtq_cop": 477.2123727,
    "gtq_crc": 62.88459258,
    "gtq_gtq": 1,
    "gtq_mxn": 2.23723004,
    "gtq_pen": 0.4368316,
    "gtq_usd": 0.1303096,
    "mxn_clp": 50.25714952,
    "mxn_cop": 213.30500866,
    "mxn_crc": 28.1082372,
    "mxn_gtq": 0.4469813,
    "mxn_mxn": 1,
    "mxn_pen": 0.19525556,
    "mxn_usd": 0.058245957,
    "pen_clp": 257.39164609,
    "pen_cop": 1092.44013691,
    "pen_crc": 143.95614376,
    "pen_gtq": 2.28921168,
    "pen_mxn": 5.12149313,
    "pen_pen": 1,
    "pen_usd": 0.29830627,
    "timestamp": "2026-02-17 07:07:22",
    "usd_clp": 862.84356904,
    "usd_cop": 3662.14273471,
    "usd_crc": 482.57833834,
    "usd_gtq": 7.6740314,
    "usd_mxn": 17.16857357,
    "usd_pen": 3.35225942,
    "usd_usd": 1
}