{
    "clp_clp": 1,
    "clp_cop": 4.27270814,
    "clp_crc": 0.52205257,
    "clp_gtq": 0.0079456872,
    "clp_mxn": 0.019506224,
    "clp_pen": 0.0036917304,
    "clp_usd": 0.0010355229,
    "cop_clp": 0.2340436,
    "cop_cop": 1,
    "cop_crc": 0.12218306,
    "cop_gtq": 0.0018596372,
    "cop_mxn": 0.004565307,
    "cop_pen": 0.00086402589,
    "cop_usd": 0.00024235751,
    "crc_clp": 1.9155159,
    "crc_cop": 8.18444038,
    "crc_crc": 1,
    "crc_gtq": 0.01522009,
    "crc_mxn": 0.037364483,
    "crc_pen": 0.0070715684,
    "crc_usd": 0.0019835606,
    "gtq_clp": 125.85443846,
    "gtq_cop": 537.73928382,
    "gtq_crc": 65.70263313,
    "gtq_gtq": 1,
    "gtq_mxn": 2.45494489,
    "gtq_pen": 0.46462066,
    "gtq_usd": 0.13032515,
    "mxn_clp": 51.26568777,
    "mxn_cop": 219.04332149,
    "mxn_crc": 26.76338409,
    "mxn_gtq": 0.40734112,
    "mxn_mxn": 1,
    "mxn_pen": 0.1892591,
    "mxn_usd": 0.053086793,
    "pen_clp": 270.87568129,
    "pen_cop": 1157.37272872,
    "pen_crc": 141.41134576,
    "pen_gtq": 2.15229343,
    "pen_mxn": 5.28376177,
    "pen_pen": 1,
    "pen_usd": 0.28049797,
    "timestamp": "2025-08-04 19:58:05",
    "usd_clp": 965.69569486,
    "usd_cop": 4126.13585745,
    "usd_crc": 504.14392001,
    "usd_gtq": 7.67311592,
    "usd_mxn": 18.83707675,
    "usd_pen": 3.5650882,
    "usd_usd": 1
}