{
    "clp_clp": 1,
    "clp_cop": 4.63906161,
    "clp_crc": 0.53610299,
    "clp_gtq": 0.008085868,
    "clp_mxn": 0.021080946,
    "clp_pen": 0.00394872,
    "clp_usd": 0.0010477793,
    "cop_clp": 0.21556084,
    "cop_cop": 1,
    "cop_crc": 0.11556281,
    "cop_gtq": 0.0017429965,
    "cop_mxn": 0.0045442264,
    "cop_pen": 0.00085118939,
    "cop_usd": 0.00022586018,
    "crc_clp": 1.87391529,
    "crc_cop": 8.64213332,
    "crc_crc": 1,
    "crc_gtq": 0.015048146,
    "crc_mxn": 0.039202779,
    "crc_pen": 0.0073549027,
    "crc_usd": 0.0019498862,
    "gtq_clp": 123.67256082,
    "gtq_cop": 573.7246296,
    "gtq_crc": 66.30122999,
    "gtq_gtq": 1,
    "gtq_mxn": 2.6071346,
    "gtq_pen": 0.48834832,
    "gtq_usd": 0.12958155,
    "mxn_clp": 47.43620095,
    "mxn_cop": 220.05945896,
    "mxn_crc": 25.4306893,
    "mxn_gtq": 0.38356286,
    "mxn_mxn": 1,
    "mxn_pen": 0.18731228,
    "mxn_usd": 0.049702668,
    "pen_clp": 254.78451315,
    "pen_cop": 1175.01668295,
    "pen_crc": 135.96373021,
    "pen_gtq": 2.04600206,
    "pen_mxn": 5.33015605,
    "pen_pen": 1,
    "pen_usd": 0.2651138,
    "timestamp": "2024-11-05 06:33:31",
    "usd_clp": 954.39949056,
    "usd_cop": 4427.51804109,
    "usd_crc": 511.65642331,
    "usd_gtq": 7.71714828,
    "usd_mxn": 20.11964431,
    "usd_pen": 3.76865639,
    "usd_usd": 1
}