{
    "clp_clp": 1,
    "clp_cop": 4.51330982,
    "clp_crc": 0.56024173,
    "clp_gtq": 0.0083407785,
    "clp_mxn": 0.020731322,
    "clp_pen": 0.0040660187,
    "clp_usd": 0.0010790371,
    "cop_clp": 0.22156689,
    "cop_cop": 1,
    "cop_crc": 0.12413101,
    "cop_gtq": 0.0018480403,
    "cop_mxn": 0.0045933744,
    "cop_pen": 0.0009008951,
    "cop_usd": 0.00023907889,
    "crc_clp": 1.78494381,
    "crc_cop": 8.05600442,
    "crc_crc": 1,
    "crc_gtq": 0.014887821,
    "crc_mxn": 0.037004245,
    "crc_pen": 0.0072576149,
    "crc_usd": 0.0019260206,
    "gtq_clp": 119.89288511,
    "gtq_cop": 541.11373621,
    "gtq_crc": 67.16899694,
    "gtq_gtq": 1,
    "gtq_mxn": 2.48553799,
    "gtq_pen": 0.48748672,
    "gtq_usd": 0.12936887,
    "mxn_clp": 48.23619102,
    "mxn_cop": 217.70487478,
    "mxn_crc": 27.02392693,
    "mxn_gtq": 0.40232739,
    "mxn_mxn": 1,
    "mxn_pen": 0.19612926,
    "mxn_usd": 0.05204864,
    "pen_clp": 245.94082546,
    "pen_cop": 1110.00714368,
    "pen_crc": 137.78631264,
    "pen_gtq": 2.05133795,
    "pen_mxn": 5.0986784,
    "pen_pen": 1,
    "pen_usd": 0.26537928,
    "timestamp": "2024-09-15 19:22:18",
    "usd_clp": 926.75219039,
    "usd_cop": 4182.71976535,
    "usd_crc": 519.20524707,
    "usd_gtq": 7.72983476,
    "usd_mxn": 19.21279792,
    "usd_pen": 3.76819175,
    "usd_usd": 1
}