{
    "clp_clp": 1,
    "clp_cop": 4.06829647,
    "clp_crc": 0.50582362,
    "clp_gtq": 0.0085000038,
    "clp_mxn": 0.019418462,
    "clp_pen": 0.0039015605,
    "clp_usd": 0.001112347,
    "cop_clp": 0.24580313,
    "cop_cop": 1,
    "cop_crc": 0.12433303,
    "cop_gtq": 0.0020893275,
    "cop_mxn": 0.0047731187,
    "cop_pen": 0.00095901577,
    "cop_usd": 0.00027341838,
    "crc_clp": 1.9769737,
    "crc_cop": 8.04291514,
    "crc_crc": 1,
    "crc_gtq": 0.016804284,
    "crc_mxn": 0.038389788,
    "crc_pen": 0.0077132824,
    "crc_usd": 0.0021990808,
    "gtq_clp": 117.64700628,
    "gtq_cop": 478.62290081,
    "gtq_crc": 59.50863491,
    "gtq_gtq": 1,
    "gtq_mxn": 2.28452389,
    "gtq_pen": 0.45900691,
    "gtq_usd": 0.1308643,
    "mxn_clp": 51.49738488,
    "mxn_cop": 209.50662934,
    "mxn_crc": 26.04859378,
    "mxn_gtq": 0.43772797,
    "mxn_mxn": 1,
    "mxn_pen": 0.20092016,
    "mxn_usd": 0.057282963,
    "pen_clp": 256.30770271,
    "pen_cop": 1042.73572319,
    "pen_crc": 129.64649071,
    "pen_gtq": 2.17861645,
    "pen_mxn": 4.97710133,
    "pen_pen": 1,
    "pen_usd": 0.28510311,
    "timestamp": "2026-05-02 21:25:54",
    "usd_clp": 899.00002303,
    "usd_cop": 3657.39862384,
    "usd_crc": 454.73544846,
    "usd_gtq": 7.64150361,
    "usd_mxn": 17.45719759,
    "usd_pen": 3.50750295,
    "usd_usd": 1
}