{
    "clp_clp": 1,
    "clp_cop": 3.82143688,
    "clp_crc": 0.50155237,
    "clp_gtq": 0.0084289635,
    "clp_mxn": 0.019196289,
    "clp_pen": 0.0037435346,
    "clp_usd": 0.001106626,
    "cop_clp": 0.26168167,
    "cop_cop": 1,
    "cop_crc": 0.13124706,
    "cop_gtq": 0.0022057053,
    "cop_mxn": 0.0050233169,
    "cop_pen": 0.0009796144,
    "cop_usd": 0.00028958375,
    "crc_clp": 1.99219474,
    "crc_cop": 7.59698107,
    "crc_crc": 1,
    "crc_gtq": 0.016811216,
    "crc_mxn": 0.038181356,
    "crc_pen": 0.0074580857,
    "crc_usd": 0.0022046779,
    "gtq_clp": 118.63854912,
    "gtq_cop": 453.36972697,
    "gtq_crc": 59.50344588,
    "gtq_gtq": 1,
    "gtq_mxn": 2.27741983,
    "gtq_pen": 0.44412751,
    "gtq_usd": 0.1312885,
    "mxn_clp": 52.09340308,
    "mxn_cop": 199.07165171,
    "mxn_crc": 26.12756995,
    "mxn_gtq": 0.43909339,
    "mxn_mxn": 1,
    "mxn_pen": 0.19501346,
    "mxn_usd": 0.057647915,
    "pen_clp": 267.12722176,
    "pen_cop": 1020.80981684,
    "pen_crc": 133.97829205,
    "pen_gtq": 2.2516056,
    "pen_mxn": 5.12785124,
    "pen_pen": 1,
    "pen_usd": 0.29560993,
    "timestamp": "2026-06-21 08:13:19",
    "usd_clp": 903.64765821,
    "usd_cop": 3453.23248745,
    "usd_crc": 453.22662762,
    "usd_gtq": 7.61681313,
    "usd_mxn": 17.34668125,
    "usd_pen": 3.38283628,
    "usd_usd": 1
}