{
    "clp_clp": 1,
    "clp_cop": 4.40001179,
    "clp_crc": 0.54172718,
    "clp_gtq": 0.0081813664,
    "clp_mxn": 0.020595217,
    "clp_pen": 0.0038603435,
    "clp_usd": 0.0010656274,
    "cop_clp": 0.22727212,
    "cop_cop": 1,
    "cop_crc": 0.12311948,
    "cop_gtq": 0.0018593965,
    "cop_mxn": 0.0046807186,
    "cop_pen": 0.00087734844,
    "cop_usd": 0.00024218741,
    "crc_clp": 1.84594762,
    "crc_cop": 8.12219129,
    "crc_crc": 1,
    "crc_gtq": 0.015102374,
    "crc_mxn": 0.038017692,
    "crc_pen": 0.0071259918,
    "crc_usd": 0.0019670924,
    "gtq_clp": 122.22897173,
    "gtq_cop": 537.80891633,
    "gtq_crc": 66.21475627,
    "gtq_gtq": 1,
    "gtq_mxn": 2.51733218,
    "gtq_pen": 0.47184581,
    "gtq_usd": 0.13025055,
    "mxn_clp": 48.55496334,
    "mxn_cop": 213.64241103,
    "mxn_crc": 26.3035434,
    "mxn_gtq": 0.39724594,
    "mxn_mxn": 1,
    "mxn_pen": 0.18743884,
    "mxn_usd": 0.051741502,
    "pen_clp": 259.04430718,
    "pen_cop": 1139.79800496,
    "pen_crc": 140.33134223,
    "pen_gtq": 2.11933639,
    "pen_mxn": 5.33507368,
    "pen_pen": 1,
    "pen_usd": 0.27604472,
    "timestamp": "2025-05-30 06:40:57",
    "usd_clp": 939.78682638,
    "usd_cop": 4125.79665059,
    "usd_crc": 508.76729539,
    "usd_gtq": 7.67595399,
    "usd_mxn": 19.38432434,
    "usd_pen": 3.64098005,
    "usd_usd": 1
}