{
    "clp_clp": 1,
    "clp_cop": 4.08284226,
    "clp_crc": 0.52803004,
    "clp_gtq": 0.0080236237,
    "clp_mxn": 0.019319172,
    "clp_pen": 0.0036587924,
    "clp_usd": 0.0010476775,
    "cop_clp": 0.24488106,
    "cop_cop": 1,
    "cop_crc": 0.12923673,
    "cop_gtq": 0.0019667738,
    "cop_mxn": 0.004732353,
    "cop_pen": 0.00089579488,
    "cop_usd": 0.00025653167,
    "crc_clp": 1.89482551,
    "crc_cop": 7.73773815,
    "crc_crc": 1,
    "crc_gtq": 0.01521838,
    "crc_mxn": 0.036617709,
    "crc_pen": 0.0069314263,
    "crc_usd": 0.0019849749,
    "gtq_clp": 124.50901247,
    "gtq_cop": 508.44688859,
    "gtq_crc": 65.71001479,
    "gtq_gtq": 1,
    "gtq_mxn": 2.40615017,
    "gtq_pen": 0.45546412,
    "gtq_usd": 0.13043273,
    "mxn_clp": 51.74615204,
    "mxn_cop": 211.31136998,
    "mxn_crc": 27.3091911,
    "mxn_gtq": 0.41560166,
    "mxn_mxn": 1,
    "mxn_pen": 0.18929164,
    "mxn_usd": 0.054208058,
    "pen_clp": 273.36733331,
    "pen_cop": 1116.32698151,
    "pen_crc": 144.27045206,
    "pen_gtq": 2.19556262,
    "pen_mxn": 5.28285336,
    "pen_pen": 1,
    "pen_usd": 0.28637322,
    "timestamp": "2025-09-14 06:34:44",
    "usd_clp": 954.49218764,
    "usd_cop": 3897.04103862,
    "usd_crc": 504.00054668,
    "usd_gtq": 7.65848616,
    "usd_mxn": 18.4399985,
    "usd_pen": 3.49228879,
    "usd_usd": 1
}