{
    "clp_clp": 1,
    "clp_cop": 4.51500122,
    "clp_crc": 0.54821856,
    "clp_gtq": 0.0082142648,
    "clp_mxn": 0.021037754,
    "clp_pen": 0.0040136712,
    "clp_usd": 0.001061438,
    "cop_clp": 0.22148388,
    "cop_cop": 1,
    "cop_crc": 0.12142158,
    "cop_gtq": 0.0018193273,
    "cop_mxn": 0.0046595235,
    "cop_pen": 0.00088896347,
    "cop_usd": 0.00023509141,
    "crc_clp": 1.82409,
    "crc_cop": 8.2357686,
    "crc_crc": 1,
    "crc_gtq": 0.014983558,
    "crc_mxn": 0.038374757,
    "crc_pen": 0.0073212974,
    "crc_usd": 0.0019361585,
    "gtq_clp": 121.73943984,
    "gtq_cop": 549.65371991,
    "gtq_crc": 66.73982071,
    "gtq_gtq": 1,
    "gtq_mxn": 2.56112443,
    "gtq_pen": 0.48862208,
    "gtq_usd": 0.12921887,
    "mxn_clp": 47.53359044,
    "mxn_cop": 214.61421905,
    "mxn_crc": 26.05879663,
    "mxn_gtq": 0.3904535,
    "mxn_mxn": 1,
    "mxn_pen": 0.1907842,
    "mxn_usd": 0.05045396,
    "pen_clp": 249.14846344,
    "pen_cop": 1124.90561746,
    "pen_crc": 136.58781249,
    "pen_gtq": 2.04657146,
    "pen_mxn": 5.24152417,
    "pen_pen": 1,
    "pen_usd": 0.26445565,
    "timestamp": "2024-09-12 19:17:51",
    "usd_clp": 942.11813759,
    "usd_cop": 4253.66454466,
    "usd_crc": 516.48665115,
    "usd_gtq": 7.73880789,
    "usd_mxn": 19.82004996,
    "usd_pen": 3.78135239,
    "usd_usd": 1
}