{
    "clp_clp": 1,
    "clp_cop": 4.3097235,
    "clp_crc": 0.57469725,
    "clp_gtq": 0.0087332175,
    "clp_mxn": 0.018706995,
    "clp_pen": 0.0042004939,
    "clp_usd": 0.0011254093,
    "cop_clp": 0.23203345,
    "cop_cop": 1,
    "cop_crc": 0.13334898,
    "cop_gtq": 0.0020263986,
    "cop_mxn": 0.0043406486,
    "cop_pen": 0.00097465507,
    "cop_usd": 0.00026113259,
    "crc_clp": 1.74004662,
    "crc_cop": 7.49911978,
    "crc_crc": 1,
    "crc_gtq": 0.015196206,
    "crc_mxn": 0.032551044,
    "crc_pen": 0.0073090551,
    "crc_usd": 0.0019582646,
    "gtq_clp": 114.50533586,
    "gtq_cop": 493.48633628,
    "gtq_crc": 65.8059013,
    "gtq_gtq": 1,
    "gtq_mxn": 2.14205076,
    "gtq_pen": 0.48097896,
    "gtq_usd": 0.12886536,
    "mxn_clp": 53.45593952,
    "mxn_cop": 230.38031852,
    "mxn_crc": 30.72098129,
    "mxn_gtq": 0.46684235,
    "mxn_mxn": 1,
    "mxn_pen": 0.22454135,
    "mxn_usd": 0.060159809,
    "pen_clp": 238.06724466,
    "pen_cop": 1026.00399774,
    "pen_crc": 136.81659014,
    "pen_gtq": 2.07909302,
    "pen_mxn": 4.45352278,
    "pen_pen": 1,
    "pen_usd": 0.26792308,
    "timestamp": "2024-05-22 06:29:23",
    "usd_clp": 890.36637599,
    "usd_cop": 3819.74217476,
    "usd_crc": 511.71510098,
    "usd_gtq": 7.75843603,
    "usd_mxn": 16.5558958,
    "usd_pen": 3.74603568,
    "usd_usd": 1
}