{
    "clp_clp": 1,
    "clp_cop": 4.17400346,
    "clp_crc": 0.5507273,
    "clp_gtq": 0.0084593721,
    "clp_mxn": 0.019759421,
    "clp_pen": 0.0037090595,
    "clp_usd": 0.0011035396,
    "cop_clp": 0.23957814,
    "cop_cop": 1,
    "cop_crc": 0.13194222,
    "cop_gtq": 0.0020266807,
    "cop_mxn": 0.0047339253,
    "cop_pen": 0.0008886096,
    "cop_usd": 0.00026438396,
    "crc_clp": 1.8157807,
    "crc_cop": 7.57907492,
    "crc_crc": 1,
    "crc_gtq": 0.015360365,
    "crc_mxn": 0.035878775,
    "crc_pen": 0.0067348387,
    "crc_usd": 0.0020037858,
    "gtq_clp": 118.17674577,
    "gtq_cop": 492.49586004,
    "gtq_crc": 64.95094039,
    "gtq_gtq": 1,
    "gtq_mxn": 2.33424084,
    "gtq_pen": 0.43816027,
    "gtq_usd": 0.13040412,
    "mxn_clp": 50.62748623,
    "mxn_cop": 210.987595,
    "mxn_crc": 27.82529523,
    "mxn_gtq": 0.42840481,
    "mxn_mxn": 1,
    "mxn_pen": 0.18770997,
    "mxn_usd": 0.05586575,
    "pen_clp": 269.61012286,
    "pen_cop": 1125.35358488,
    "pen_crc": 148.48165475,
    "pen_gtq": 2.28073234,
    "pen_mxn": 5.32733982,
    "pen_pen": 1,
    "pen_usd": 0.29752544,
    "timestamp": "2026-01-04 20:01:25",
    "usd_clp": 906.17503356,
    "usd_cop": 3782.37772288,
    "usd_crc": 499.05532868,
    "usd_gtq": 7.66567177,
    "usd_mxn": 17.90549364,
    "usd_pen": 3.36105716,
    "usd_usd": 1
}