{
    "clp_clp": 1,
    "clp_cop": 4.42204907,
    "clp_crc": 0.55343304,
    "clp_gtq": 0.0081828862,
    "clp_mxn": 0.021133537,
    "clp_pen": 0.0040214085,
    "clp_usd": 0.0010580518,
    "cop_clp": 0.2227808,
    "cop_cop": 1,
    "cop_crc": 0.12327302,
    "cop_gtq": 0.0018260159,
    "cop_mxn": 0.0046976092,
    "cop_pen": 0.00090076347,
    "cop_usd": 0.00023603281,
    "crc_clp": 1.80690332,
    "crc_cop": 7.99021515,
    "crc_crc": 1,
    "crc_gtq": 0.014785684,
    "crc_mxn": 0.038186258,
    "crc_pen": 0.0072662964,
    "crc_usd": 0.0019117972,
    "gtq_clp": 122.20626999,
    "gtq_cop": 540.40212213,
    "gtq_crc": 67.63298759,
    "gtq_gtq": 1,
    "gtq_mxn": 2.58265071,
    "gtq_pen": 0.49144133,
    "gtq_usd": 0.12930056,
    "mxn_clp": 47.42429459,
    "mxn_cop": 212.87424364,
    "mxn_crc": 26.24165004,
    "mxn_gtq": 0.38871175,
    "mxn_mxn": 1,
    "mxn_pen": 0.19174934,
    "mxn_usd": 0.050245306,
    "pen_clp": 247.3244191,
    "pen_cop": 1110.16935738,
    "pen_crc": 136.85392496,
    "pen_gtq": 2.02718687,
    "pen_mxn": 5.21514176,
    "pen_pen": 1,
    "pen_usd": 0.26203639,
    "timestamp": "2024-09-10 06:35:06",
    "usd_clp": 943.85522518,
    "usd_cop": 4236.69912022,
    "usd_crc": 522.27067846,
    "usd_gtq": 7.73627986,
    "usd_mxn": 19.90235666,
    "usd_pen": 3.81626379,
    "usd_usd": 1
}