{
    "clp_clp": 1,
    "clp_cop": 4.52050667,
    "clp_crc": 0.54393399,
    "clp_gtq": 0.0082022592,
    "clp_mxn": 0.02076063,
    "clp_pen": 0.0039015304,
    "clp_usd": 0.0010676542,
    "cop_clp": 0.22121414,
    "cop_cop": 1,
    "cop_crc": 0.12032589,
    "cop_gtq": 0.0018144557,
    "cop_mxn": 0.0045925449,
    "cop_pen": 0.00086307369,
    "cop_usd": 0.00023618021,
    "crc_clp": 1.83845839,
    "crc_cop": 8.31076342,
    "crc_crc": 1,
    "crc_gtq": 0.015079512,
    "crc_mxn": 0.038167554,
    "crc_pen": 0.0071728013,
    "crc_usd": 0.0019628379,
    "gtq_clp": 121.91763032,
    "gtq_cop": 551.12946069,
    "gtq_crc": 66.31514255,
    "gtq_gtq": 1,
    "gtq_mxn": 2.53108681,
    "gtq_pen": 0.47566534,
    "gtq_usd": 0.13016587,
    "mxn_clp": 48.16809508,
    "mxn_cop": 217.74419495,
    "mxn_crc": 26.20026393,
    "mxn_gtq": 0.3950872,
    "mxn_mxn": 1,
    "mxn_pen": 0.18792929,
    "mxn_usd": 0.05142687,
    "pen_clp": 256.30967883,
    "pen_cop": 1158.64961201,
    "pen_crc": 139.4155451,
    "pen_gtq": 2.10231841,
    "pen_mxn": 5.32115041,
    "pen_pen": 1,
    "pen_usd": 0.27365011,
    "timestamp": "2025-05-11 19:45:19",
    "usd_clp": 936.63283688,
    "usd_cop": 4234.05498385,
    "usd_crc": 509.46643181,
    "usd_gtq": 7.68250527,
    "usd_mxn": 19.44508778,
    "usd_pen": 3.65430147,
    "usd_usd": 1
}