{
    "clp_clp": 1,
    "clp_cop": 4.42904815,
    "clp_crc": 0.57566416,
    "clp_gtq": 0.0084816779,
    "clp_mxn": 0.021130094,
    "clp_pen": 0.0041172783,
    "clp_usd": 0.0011003119,
    "cop_clp": 0.22578215,
    "cop_cop": 1,
    "cop_crc": 0.12997469,
    "cop_gtq": 0.0019150114,
    "cop_mxn": 0.0047707979,
    "cop_pen": 0.00092960793,
    "cop_usd": 0.00024843078,
    "crc_clp": 1.73712395,
    "crc_cop": 7.6938056,
    "crc_crc": 1,
    "crc_gtq": 0.014733726,
    "crc_mxn": 0.036705592,
    "crc_pen": 0.0071522227,
    "crc_usd": 0.0019113781,
    "gtq_clp": 117.90119987,
    "gtq_cop": 522.19009104,
    "gtq_crc": 67.87149534,
    "gtq_gtq": 1,
    "gtq_mxn": 2.49126338,
    "gtq_pen": 0.48543205,
    "gtq_usd": 0.12972809,
    "mxn_clp": 47.32586714,
    "mxn_cop": 209.60854428,
    "mxn_crc": 27.24380562,
    "mxn_gtq": 0.40140276,
    "mxn_mxn": 1,
    "mxn_pen": 0.19485376,
    "mxn_usd": 0.052073214,
    "pen_clp": 242.87889531,
    "pen_cop": 1075.72232174,
    "pen_crc": 139.81667557,
    "pen_gtq": 2.06002056,
    "pen_mxn": 5.13205378,
    "pen_pen": 1,
    "pen_usd": 0.26724254,
    "timestamp": "2024-08-26 19:15:06",
    "usd_clp": 908.83322361,
    "usd_cop": 4025.26610684,
    "usd_crc": 523.18271545,
    "usd_gtq": 7.70843066,
    "usd_mxn": 19.20373103,
    "usd_pen": 3.74191929,
    "usd_usd": 1
}