{
    "clp_clp": 1,
    "clp_cop": 3.97274993,
    "clp_crc": 0.51203437,
    "clp_gtq": 0.0079477716,
    "clp_mxn": 0.017323696,
    "clp_pen": 0.0038290795,
    "clp_usd": 0.0010214802,
    "cop_clp": 0.25171481,
    "cop_cop": 1,
    "cop_crc": 0.12888663,
    "cop_gtq": 0.0020005718,
    "cop_mxn": 0.0043606308,
    "cop_pen": 0.00096383603,
    "cop_usd": 0.0002571217,
    "crc_clp": 1.9529939,
    "crc_cop": 7.75875639,
    "crc_crc": 1,
    "crc_gtq": 0.01552195,
    "crc_mxn": 0.033833072,
    "crc_pen": 0.007478169,
    "crc_usd": 0.0019949447,
    "gtq_clp": 125.821431,
    "gtq_cop": 499.85708123,
    "gtq_crc": 64.42489697,
    "gtq_gtq": 1,
    "gtq_mxn": 2.1796922,
    "gtq_pen": 0.48178027,
    "gtq_usd": 0.1285241,
    "mxn_clp": 56.36726566,
    "mxn_cop": 229.2162958,
    "mxn_crc": 29.19952483,
    "mxn_gtq": 0.45374664,
    "mxn_mxn": 1,
    "mxn_pen": 0.21769584,
    "mxn_usd": 0.058345179,
    "pen_clp": 261.15937061,
    "pen_cop": 1037.52087139,
    "pen_crc": 133.72257343,
    "pen_gtq": 2.07563504,
    "pen_mxn": 4.52424549,
    "pen_pen": 1,
    "pen_usd": 0.26676913,
    "timestamp": "2024-04-19 06:26:29",
    "usd_clp": 966.0998028,
    "usd_cop": 3928.62445224,
    "usd_crc": 500.46165708,
    "usd_gtq": 7.77693469,
    "usd_mxn": 17.13937676,
    "usd_pen": 3.73117105,
    "usd_usd": 1
}