{
    "clp_clp": 1,
    "clp_cop": 4.30787836,
    "clp_crc": 0.50004708,
    "clp_gtq": 0.0076607209,
    "clp_mxn": 0.020644754,
    "clp_pen": 0.0037134023,
    "clp_usd": 0.00099284379,
    "cop_clp": 0.23213283,
    "cop_cop": 1,
    "cop_crc": 0.11607734,
    "cop_gtq": 0.0017783048,
    "cop_mxn": 0.0047923251,
    "cop_pen": 0.00086200259,
    "cop_usd": 0.00023047164,
    "crc_clp": 1.99655225,
    "crc_cop": 8.59480347,
    "crc_crc": 1,
    "crc_gtq": 0.015271217,
    "crc_mxn": 0.041149746,
    "crc_pen": 0.0074281491,
    "crc_usd": 0.0019790799,
    "gtq_clp": 130.73956264,
    "gtq_cop": 562.81063775,
    "gtq_crc": 65.48266519,
    "gtq_gtq": 1,
    "gtq_mxn": 2.69459502,
    "gtq_pen": 0.486415,
    "gtq_usd": 0.12959543,
    "mxn_clp": 48.43845608,
    "mxn_cop": 208.66697662,
    "mxn_crc": 24.22150843,
    "mxn_gtq": 0.37107349,
    "mxn_mxn": 1,
    "mxn_pen": 0.17987147,
    "mxn_usd": 0.04809182,
    "pen_clp": 268.78192833,
    "pen_cop": 1157.05854787,
    "pen_crc": 134.62303733,
    "pen_gtq": 2.05585764,
    "pen_mxn": 5.53970375,
    "pen_pen": 1,
    "pen_usd": 0.26642975,
    "timestamp": "2025-01-19 06:30:58",
    "usd_clp": 1008.82850735,
    "usd_cop": 4342.82786426,
    "usd_crc": 505.2853019,
    "usd_gtq": 7.71632157,
    "usd_mxn": 20.79236169,
    "usd_pen": 3.75333458,
    "usd_usd": 1
}