{
    "clp_clp": 1,
    "clp_cop": 4.22623449,
    "clp_crc": 0.5312022,
    "clp_gtq": 0.008089621,
    "clp_mxn": 0.019637549,
    "clp_pen": 0.0037342824,
    "clp_usd": 0.0010530302,
    "cop_clp": 0.23661725,
    "cop_cop": 1,
    "cop_crc": 0.12569161,
    "cop_gtq": 0.0019141439,
    "cop_mxn": 0.0046465829,
    "cop_pen": 0.00088359565,
    "cop_usd": 0.00024916512,
    "crc_clp": 1.88252233,
    "crc_cop": 7.95598078,
    "crc_crc": 1,
    "crc_gtq": 0.015228892,
    "crc_mxn": 0.036968124,
    "crc_pen": 0.00702987,
    "crc_usd": 0.0019823529,
    "gtq_clp": 123.6151856,
    "gtq_cop": 522.42676085,
    "gtq_crc": 65.66465848,
    "gtq_gtq": 1,
    "gtq_mxn": 2.42749925,
    "gtq_pen": 0.46161401,
    "gtq_usd": 0.13017053,
    "mxn_clp": 50.9228523,
    "mxn_cop": 215.21191471,
    "mxn_crc": 27.05033115,
    "mxn_gtq": 0.41194657,
    "mxn_mxn": 1,
    "mxn_pen": 0.19016031,
    "mxn_usd": 0.053623302,
    "pen_clp": 267.78906729,
    "pen_cop": 1131.73939213,
    "pen_crc": 142.25014153,
    "pen_gtq": 2.16631206,
    "pen_mxn": 5.25872089,
    "pen_pen": 1,
    "pen_usd": 0.28198998,
    "timestamp": "2025-07-11 06:42:12",
    "usd_clp": 949.64036767,
    "usd_cop": 4013.40287467,
    "usd_crc": 504.45105201,
    "usd_gtq": 7.68223065,
    "usd_mxn": 18.64860912,
    "usd_pen": 3.54622531,
    "usd_usd": 1
}