{
    "clp_clp": 1,
    "clp_cop": 4.43231087,
    "clp_crc": 0.5104555,
    "clp_gtq": 0.0077585828,
    "clp_mxn": 0.020982404,
    "clp_pen": 0.0037813409,
    "clp_usd": 0.0010056242,
    "cop_clp": 0.22561594,
    "cop_cop": 1,
    "cop_crc": 0.1151669,
    "cop_gtq": 0.00175046,
    "cop_mxn": 0.004733965,
    "cop_pen": 0.00085313079,
    "cop_usd": 0.00022688485,
    "crc_clp": 1.95903464,
    "crc_cop": 8.68305053,
    "crc_crc": 1,
    "crc_gtq": 0.015199333,
    "crc_mxn": 0.041105257,
    "crc_pen": 0.0074077777,
    "crc_usd": 0.0019700526,
    "gtq_clp": 128.88951788,
    "gtq_cop": 571.27841092,
    "gtq_crc": 65.79236283,
    "gtq_gtq": 1,
    "gtq_mxn": 2.70441198,
    "gtq_pen": 0.4873752,
    "gtq_usd": 0.12961442,
    "mxn_clp": 47.65898049,
    "mxn_cop": 211.2394172,
    "mxn_crc": 24.32778854,
    "mxn_gtq": 0.36976615,
    "mxn_mxn": 1,
    "mxn_pen": 0.18021485,
    "mxn_usd": 0.047927023,
    "pen_clp": 264.45645551,
    "pen_cop": 1172.15322192,
    "pen_crc": 134.99325127,
    "pen_gtq": 2.05180731,
    "pen_mxn": 5.54893228,
    "pen_pen": 1,
    "pen_usd": 0.2659438,
    "timestamp": "2025-01-01 19:20:56",
    "usd_clp": 994.40727967,
    "usd_cop": 4407.52219314,
    "usd_crc": 507.60066157,
    "usd_gtq": 7.71519124,
    "usd_mxn": 20.86505564,
    "usd_pen": 3.76019287,
    "usd_usd": 1
}