{
    "clp_clp": 1,
    "clp_cop": 4.050191,
    "clp_crc": 0.54032186,
    "clp_gtq": 0.008262907,
    "clp_mxn": 0.019755424,
    "clp_pen": 0.0036313585,
    "clp_usd": 0.0010783916,
    "cop_clp": 0.24603169,
    "cop_cop": 1,
    "cop_crc": 0.13325891,
    "cop_gtq": 0.0020389226,
    "cop_mxn": 0.0049110699,
    "cop_pen": 0.00089504227,
    "cop_usd": 0.00026625871,
    "crc_clp": 1.85074875,
    "crc_cop": 7.49588591,
    "crc_crc": 1,
    "crc_gtq": 0.015292565,
    "crc_mxn": 0.036562326,
    "crc_pen": 0.0067207321,
    "crc_usd": 0.0019958319,
    "gtq_clp": 121.02278341,
    "gtq_cop": 490.16538785,
    "gtq_crc": 65.3912551,
    "gtq_gtq": 1,
    "gtq_mxn": 2.3908564,
    "gtq_pen": 0.43947711,
    "gtq_usd": 0.13050996,
    "mxn_clp": 50.09737046,
    "mxn_cop": 203.62161872,
    "mxn_crc": 27.13439588,
    "mxn_gtq": 0.41516872,
    "mxn_mxn": 1,
    "mxn_pen": 0.18224996,
    "mxn_usd": 0.05421603,
    "pen_clp": 274.88275645,
    "pen_cop": 1117.26566319,
    "pen_crc": 148.88560951,
    "pen_gtq": 2.27801821,
    "pen_mxn": 5.48696975,
    "pen_pen": 1,
    "pen_usd": 0.29748172,
    "timestamp": "2025-11-18 06:43:54",
    "usd_clp": 924.03244278,
    "usd_cop": 3755.74566165,
    "usd_crc": 500.48659011,
    "usd_gtq": 7.65767471,
    "usd_mxn": 18.44472942,
    "usd_pen": 3.36155114,
    "usd_usd": 1
}