{
    "clp_clp": 1,
    "clp_cop": 3.8195973,
    "clp_crc": 0.50370427,
    "clp_gtq": 0.0084670009,
    "clp_mxn": 0.019309002,
    "clp_pen": 0.0037558649,
    "clp_usd": 0.0011102083,
    "cop_clp": 0.2618077,
    "cop_cop": 1,
    "cop_crc": 0.13187366,
    "cop_gtq": 0.0022167261,
    "cop_mxn": 0.0050552454,
    "cop_pen": 0.00098331437,
    "cop_usd": 0.00029066109,
    "crc_clp": 1.98529188,
    "crc_cop": 7.58301551,
    "crc_crc": 1,
    "crc_gtq": 0.016809468,
    "crc_mxn": 0.038334004,
    "crc_pen": 0.0074564881,
    "crc_usd": 0.0022040876,
    "gtq_clp": 118.10557406,
    "gtq_cop": 451.11573207,
    "gtq_crc": 59.49028212,
    "gtq_gtq": 1,
    "gtq_mxn": 2.28050072,
    "gtq_pen": 0.44358858,
    "gtq_usd": 0.13112179,
    "mxn_clp": 51.78931665,
    "mxn_cop": 197.81433416,
    "mxn_crc": 26.08650001,
    "mxn_gtq": 0.43850019,
    "mxn_mxn": 1,
    "mxn_pen": 0.19451368,
    "mxn_usd": 0.057496931,
    "pen_clp": 266.25025836,
    "pen_cop": 1016.96876859,
    "pen_crc": 134.11139239,
    "pen_gtq": 2.25434117,
    "pen_mxn": 5.14102667,
    "pen_pen": 1,
    "pen_usd": 0.29559326,
    "timestamp": "2026-06-19 21:51:08",
    "usd_clp": 900.73184478,
    "usd_cop": 3440.43292452,
    "usd_crc": 453.70247757,
    "usd_gtq": 7.62649733,
    "usd_mxn": 17.39223267,
    "usd_pen": 3.38302712,
    "usd_usd": 1
}