{
    "clp_clp": 1,
    "clp_cop": 4.30720675,
    "clp_crc": 0.53343958,
    "clp_gtq": 0.0081052694,
    "clp_mxn": 0.020125021,
    "clp_pen": 0.0037744306,
    "clp_usd": 0.001054457,
    "cop_clp": 0.23216903,
    "cop_cop": 1,
    "cop_crc": 0.12384815,
    "cop_gtq": 0.0018817925,
    "cop_mxn": 0.0046724064,
    "cop_pen": 0.00087630587,
    "cop_usd": 0.00024481226,
    "crc_clp": 1.87462655,
    "crc_cop": 8.07440412,
    "crc_crc": 1,
    "crc_gtq": 0.015194353,
    "crc_mxn": 0.037726898,
    "crc_pen": 0.0070756478,
    "crc_usd": 0.0019767131,
    "gtq_clp": 123.37652859,
    "gtq_cop": 531.40821651,
    "gtq_crc": 65.81392366,
    "gtq_gtq": 1,
    "gtq_mxn": 2.48295517,
    "gtq_pen": 0.46567614,
    "gtq_usd": 0.13009524,
    "mxn_clp": 49.68939036,
    "mxn_cop": 214.02247745,
    "mxn_crc": 26.50628755,
    "mxn_gtq": 0.40274589,
    "mxn_mxn": 1,
    "mxn_pen": 0.18754915,
    "mxn_usd": 0.052395325,
    "pen_clp": 264.94062616,
    "pen_cop": 1141.15405283,
    "pen_crc": 141.32981648,
    "pen_gtq": 2.14741515,
    "pen_mxn": 5.33193554,
    "pen_pen": 1,
    "pen_usd": 0.2793685,
    "timestamp": "2025-06-24 19:46:59",
    "usd_clp": 948.35541041,
    "usd_cop": 4084.76282324,
    "usd_crc": 505.89031229,
    "usd_gtq": 7.68667607,
    "usd_mxn": 19.08567208,
    "usd_pen": 3.57950166,
    "usd_usd": 1
}