{
    "clp_clp": 1,
    "clp_cop": 4.23520808,
    "clp_crc": 0.53105264,
    "clp_gtq": 0.008090008,
    "clp_mxn": 0.019612088,
    "clp_pen": 0.0037334044,
    "clp_usd": 0.0010537746,
    "cop_clp": 0.23611591,
    "cop_cop": 1,
    "cop_crc": 0.12538998,
    "cop_gtq": 0.0019101796,
    "cop_mxn": 0.004630726,
    "cop_pen": 0.00088151617,
    "cop_usd": 0.00024881294,
    "crc_clp": 1.88305249,
    "crc_cop": 7.97511912,
    "crc_crc": 1,
    "crc_gtq": 0.01523391,
    "crc_mxn": 0.036930592,
    "crc_pen": 0.0070301965,
    "crc_usd": 0.0019843128,
    "gtq_clp": 123.60927249,
    "gtq_cop": 523.51098991,
    "gtq_crc": 65.64303076,
    "gtq_gtq": 1,
    "gtq_mxn": 2.42423596,
    "gtq_pen": 0.4614834,
    "gtq_usd": 0.13025631,
    "mxn_clp": 50.98896092,
    "mxn_cop": 215.94885942,
    "mxn_crc": 27.07782242,
    "mxn_gtq": 0.4125011,
    "mxn_mxn": 1,
    "mxn_pen": 0.19036241,
    "mxn_usd": 0.05373087,
    "pen_clp": 267.85204338,
    "pen_cop": 1134.40913904,
    "pen_crc": 142.24353536,
    "pen_gtq": 2.16692517,
    "pen_mxn": 5.25313791,
    "pen_pen": 1,
    "pen_usd": 0.28225567,
    "timestamp": "2025-07-10 19:50:16",
    "usd_clp": 948.96957477,
    "usd_cop": 4019.08361306,
    "usd_crc": 503.95280006,
    "usd_gtq": 7.67717143,
    "usd_mxn": 18.61127502,
    "usd_pen": 3.5428872,
    "usd_usd": 1
}