{
    "clp_clp": 1,
    "clp_cop": 4.29711821,
    "clp_crc": 0.56088565,
    "clp_gtq": 0.0082901683,
    "clp_mxn": 0.019296522,
    "clp_pen": 0.003978381,
    "clp_usd": 0.0010691884,
    "cop_clp": 0.2327141,
    "cop_cop": 1,
    "cop_crc": 0.130526,
    "cop_gtq": 0.0019292391,
    "cop_mxn": 0.0044905729,
    "cop_pen": 0.00092582535,
    "cop_usd": 0.00024881522,
    "crc_clp": 1.7828946,
    "crc_cop": 7.66130883,
    "crc_crc": 1,
    "crc_gtq": 0.014780496,
    "crc_mxn": 0.034403665,
    "crc_pen": 0.0070930339,
    "crc_usd": 0.0019062502,
    "gtq_clp": 120.6248134,
    "gtq_cop": 518.33908206,
    "gtq_crc": 67.65672727,
    "gtq_gtq": 1,
    "gtq_mxn": 2.32763941,
    "gtq_pen": 0.47989146,
    "gtq_usd": 0.12897065,
    "mxn_clp": 51.82280928,
    "mxn_cop": 222.68873735,
    "mxn_crc": 29.06667024,
    "mxn_gtq": 0.42961981,
    "mxn_mxn": 1,
    "mxn_pen": 0.20617088,
    "mxn_usd": 0.055408347,
    "pen_clp": 251.35853241,
    "pen_cop": 1080.11732645,
    "pen_crc": 140.98339466,
    "pen_gtq": 2.08380453,
    "pen_mxn": 4.85034555,
    "pen_pen": 1,
    "pen_usd": 0.26874963,
    "timestamp": "2024-07-20 19:16:57",
    "usd_clp": 935.28885137,
    "usd_cop": 4019.04675337,
    "usd_crc": 524.59009841,
    "usd_gtq": 7.75370195,
    "usd_mxn": 18.04782227,
    "usd_pen": 3.72093536,
    "usd_usd": 1
}