{
    "clp_clp": 1,
    "clp_cop": 4.29777409,
    "clp_crc": 0.58003645,
    "clp_gtq": 0.0089938606,
    "clp_mxn": 0.02011677,
    "clp_pen": 0.0039373872,
    "clp_usd": 0.0011700831,
    "cop_clp": 0.23267859,
    "cop_cop": 1,
    "cop_crc": 0.13496206,
    "cop_gtq": 0.0020926788,
    "cop_mxn": 0.0046807416,
    "cop_pen": 0.00091614569,
    "cop_usd": 0.00027225328,
    "crc_clp": 1.7240296,
    "crc_cop": 7.40948973,
    "crc_crc": 1,
    "crc_gtq": 0.015505682,
    "crc_mxn": 0.034681907,
    "crc_pen": 0.0067881721,
    "crc_usd": 0.0020172579,
    "gtq_clp": 111.18695793,
    "gtq_cop": 477.85642694,
    "gtq_crc": 64.49248792,
    "gtq_gtq": 1,
    "gtq_mxn": 2.23672247,
    "gtq_pen": 0.43778611,
    "gtq_usd": 0.13009798,
    "mxn_clp": 49.70976929,
    "mxn_cop": 213.6413585,
    "mxn_crc": 28.83347791,
    "mxn_gtq": 0.44708274,
    "mxn_mxn": 1,
    "mxn_pen": 0.19572661,
    "mxn_usd": 0.05816456,
    "pen_clp": 253.97552881,
    "pen_cop": 1091.52944726,
    "pen_crc": 147.3150631,
    "pen_gtq": 2.2842205,
    "pen_mxn": 5.10916732,
    "pen_pen": 1,
    "pen_usd": 0.29717247,
    "timestamp": "2026-02-12 20:28:35",
    "usd_clp": 854.64017184,
    "usd_cop": 3673.05038695,
    "usd_crc": 495.72244788,
    "usd_gtq": 7.68651457,
    "usd_mxn": 17.19259984,
    "usd_pen": 3.36504929,
    "usd_usd": 1
}