{
    "clp_clp": 1,
    "clp_cop": 4.24428292,
    "clp_crc": 0.52220175,
    "clp_gtq": 0.0079094147,
    "clp_mxn": 0.019583299,
    "clp_pen": 0.003698512,
    "clp_usd": 0.0010356339,
    "cop_clp": 0.23561106,
    "cop_cop": 1,
    "cop_crc": 0.12303651,
    "cop_gtq": 0.0018635456,
    "cop_mxn": 0.004614042,
    "cop_pen": 0.00087141034,
    "cop_usd": 0.00024400681,
    "crc_clp": 1.91496867,
    "crc_cop": 8.12766884,
    "crc_crc": 1,
    "crc_gtq": 0.015146281,
    "crc_mxn": 0.037501405,
    "crc_pen": 0.0070825347,
    "crc_usd": 0.0019832065,
    "gtq_clp": 126.43160509,
    "gtq_cop": 536.61150207,
    "gtq_crc": 66.02280588,
    "gtq_gtq": 1,
    "gtq_mxn": 2.47594799,
    "gtq_pen": 0.46760881,
    "gtq_usd": 0.13093686,
    "mxn_clp": 51.06391807,
    "mxn_cop": 216.72971529,
    "mxn_crc": 26.66566756,
    "mxn_gtq": 0.40388571,
    "mxn_mxn": 1,
    "mxn_pen": 0.18886052,
    "mxn_usd": 0.052883526,
    "pen_clp": 270.37900375,
    "pen_cop": 1147.56498758,
    "pen_crc": 141.19238987,
    "pen_gtq": 2.13853968,
    "pen_mxn": 5.294913,
    "pen_pen": 1,
    "pen_usd": 0.28001367,
    "timestamp": "2025-08-05 19:56:18",
    "usd_clp": 965.59216187,
    "usd_cop": 4098.24632046,
    "usd_crc": 504.23392011,
    "usd_gtq": 7.63726887,
    "usd_mxn": 18.90948048,
    "usd_pen": 3.57125423,
    "usd_usd": 1
}