{
    "clp_clp": 1,
    "clp_cop": 4.20148851,
    "clp_crc": 0.528946,
    "clp_gtq": 0.0080200439,
    "clp_mxn": 0.019440397,
    "clp_pen": 0.0036856653,
    "clp_usd": 0.0010454836,
    "cop_clp": 0.23677154,
    "cop_cop": 1,
    "cop_crc": 0.12571232,
    "cop_gtq": 0.0019059987,
    "cop_mxn": 0.0046297871,
    "cop_pen": 0.00087984414,
    "cop_usd": 0.00024845096,
    "crc_clp": 1.88343946,
    "crc_cop": 7.95467009,
    "crc_crc": 1,
    "crc_gtq": 0.015161591,
    "crc_mxn": 0.036828429,
    "crc_pen": 0.0069988699,
    "crc_usd": 0.0019763455,
    "gtq_clp": 124.22439636,
    "gtq_cop": 524.65933271,
    "gtq_crc": 65.95613978,
    "gtq_gtq": 1,
    "gtq_mxn": 2.42906103,
    "gtq_pen": 0.46161844,
    "gtq_usd": 0.13035212,
    "mxn_clp": 51.140912,
    "mxn_cop": 215.99265162,
    "mxn_crc": 27.15293646,
    "mxn_gtq": 0.41168171,
    "mxn_mxn": 1,
    "mxn_pen": 0.19003987,
    "mxn_usd": 0.053663583,
    "pen_clp": 271.32143918,
    "pen_cop": 1139.95390809,
    "pen_crc": 143.51438972,
    "pen_gtq": 2.17600985,
    "pen_mxn": 5.27459658,
    "pen_pen": 1,
    "pen_usd": 0.28366211,
    "timestamp": "2025-08-14 19:48:13",
    "usd_clp": 956.49517045,
    "usd_cop": 4018.70346446,
    "usd_crc": 505.93429355,
    "usd_gtq": 7.67113324,
    "usd_mxn": 18.59464613,
    "usd_pen": 3.52532101,
    "usd_usd": 1
}