{
    "clp_clp": 1,
    "clp_cop": 4.29226246,
    "clp_crc": 0.56846993,
    "clp_gtq": 0.0083061774,
    "clp_mxn": 0.019149702,
    "clp_pen": 0.0040516398,
    "clp_usd": 0.0010702008,
    "cop_clp": 0.23221948,
    "cop_cop": 1,
    "cop_crc": 0.13065702,
    "cop_gtq": 0.0019168766,
    "cop_mxn": 0.0044464514,
    "cop_pen": 0.00093643932,
    "cop_usd": 0.00024703754,
    "crc_clp": 1.75910799,
    "crc_cop": 7.55055321,
    "crc_crc": 1,
    "crc_gtq": 0.014611463,
    "crc_mxn": 0.033686394,
    "crc_pen": 0.007127272,
    "crc_usd": 0.0018825988,
    "gtq_clp": 120.39232403,
    "gtq_cop": 516.75545269,
    "gtq_crc": 68.4394161,
    "gtq_gtq": 1,
    "gtq_mxn": 2.30547713,
    "gtq_pen": 0.48778634,
    "gtq_usd": 0.12884397,
    "mxn_clp": 52.22013364,
    "mxn_cop": 224.14251917,
    "mxn_crc": 29.68557575,
    "mxn_gtq": 0.43374969,
    "mxn_mxn": 1,
    "mxn_pen": 0.21157717,
    "mxn_usd": 0.055886031,
    "pen_clp": 247.9813427,
    "pen_cop": 1067.87484815,
    "pen_crc": 139.52534775,
    "pen_gtq": 2.04698433,
    "pen_mxn": 4.74825362,
    "pen_pen": 1,
    "pen_usd": 0.26380517,
    "timestamp": "2024-07-10 06:30:54",
    "usd_clp": 940.01699101,
    "usd_cop": 4047.96784548,
    "usd_crc": 528.89542468,
    "usd_gtq": 7.75945491,
    "usd_mxn": 17.99909233,
    "usd_pen": 3.79067627,
    "usd_usd": 1
}