{
    "clp_clp": 1,
    "clp_cop": 4.26207172,
    "clp_crc": 0.57074131,
    "clp_gtq": 0.0086413266,
    "clp_mxn": 0.018540899,
    "clp_pen": 0.0041607061,
    "clp_usd": 0.0011126179,
    "cop_clp": 0.23203345,
    "cop_cop": 1,
    "cop_crc": 0.13334898,
    "cop_gtq": 0.0020263986,
    "cop_mxn": 0.0043406486,
    "cop_pen": 0.00097465507,
    "cop_usd": 0.00026113259,
    "crc_clp": 1.75210727,
    "crc_cop": 7.46760683,
    "crc_crc": 1,
    "crc_gtq": 0.015140531,
    "crc_mxn": 0.032485643,
    "crc_pen": 0.0072900033,
    "crc_usd": 0.0019494259,
    "gtq_clp": 115.72297289,
    "gtq_cop": 493.21961009,
    "gtq_crc": 66.0478814,
    "gtq_gtq": 1,
    "gtq_mxn": 2.14560792,
    "gtq_pen": 0.48148928,
    "gtq_usd": 0.12875545,
    "mxn_clp": 53.45593952,
    "mxn_cop": 230.38031852,
    "mxn_crc": 30.72098129,
    "mxn_gtq": 0.46684235,
    "mxn_mxn": 1,
    "mxn_pen": 0.22454135,
    "mxn_usd": 0.060159809,
    "pen_clp": 240.343822,
    "pen_cop": 1024.36260681,
    "pen_crc": 137.17414835,
    "pen_gtq": 2.07688945,
    "pen_mxn": 4.45619045,
    "pen_pen": 1,
    "pen_usd": 0.26741084,
    "timestamp": "2024-05-23 06:28:15",
    "usd_clp": 888.56564442,
    "usd_cop": 3829.47223474,
    "usd_crc": 510.65622974,
    "usd_gtq": 7.76003701,
    "usd_mxn": 16.62239318,
    "usd_pen": 3.73241454,
    "usd_usd": 1
}