{
    "clp_clp": 1,
    "clp_cop": 4.45498281,
    "clp_crc": 0.52233577,
    "clp_gtq": 0.0079321923,
    "clp_mxn": 0.02090206,
    "clp_pen": 0.0038368662,
    "clp_usd": 0.0010290422,
    "cop_clp": 0.22446776,
    "cop_cop": 1,
    "cop_crc": 0.11724754,
    "cop_gtq": 0.0017805214,
    "cop_mxn": 0.0046918386,
    "cop_pen": 0.00086125275,
    "cop_usd": 0.00023098678,
    "crc_clp": 1.91447736,
    "crc_cop": 8.52896372,
    "crc_crc": 1,
    "crc_gtq": 0.015186002,
    "crc_mxn": 0.040016521,
    "crc_pen": 0.0073455935,
    "crc_usd": 0.0019700779,
    "gtq_clp": 126.06855301,
    "gtq_cop": 561.63323692,
    "gtq_crc": 65.85011443,
    "gtq_gtq": 1,
    "gtq_mxn": 2.63509249,
    "gtq_pen": 0.48370817,
    "gtq_usd": 0.12972985,
    "mxn_clp": 47.84217378,
    "mxn_cop": 213.13606195,
    "mxn_crc": 24.98967857,
    "mxn_gtq": 0.37949332,
    "mxn_mxn": 1,
    "mxn_pen": 0.18356402,
    "mxn_usd": 0.049231613,
    "pen_clp": 260.6293647,
    "pen_cop": 1161.0993403,
    "pen_crc": 136.13603931,
    "pen_gtq": 2.06736223,
    "pen_mxn": 5.44769069,
    "pen_pen": 1,
    "pen_usd": 0.2681986,
    "timestamp": "2025-04-14 06:39:47",
    "usd_clp": 972.41891097,
    "usd_cop": 4281.18250607,
    "usd_crc": 513.04887855,
    "usd_gtq": 7.7067356,
    "usd_mxn": 20.2677111,
    "usd_pen": 3.73084018,
    "usd_usd": 1
}