{
    "clp_clp": 1,
    "clp_cop": 4.33541166,
    "clp_crc": 0.56603392,
    "clp_gtq": 0.0082932315,
    "clp_mxn": 0.020371397,
    "clp_pen": 0.0040107153,
    "clp_usd": 0.0010707,
    "cop_clp": 0.2306586,
    "cop_cop": 1,
    "cop_crc": 0.13056059,
    "cop_gtq": 0.0019129052,
    "cop_mxn": 0.004698838,
    "cop_pen": 0.000925106,
    "cop_usd": 0.00024696617,
    "crc_clp": 1.76667858,
    "crc_cop": 7.65927891,
    "crc_crc": 1,
    "crc_gtq": 0.014651474,
    "crc_mxn": 0.035989711,
    "crc_pen": 0.0070856448,
    "crc_usd": 0.0018915828,
    "gtq_clp": 120.58025944,
    "gtq_cop": 522.7650629,
    "gtq_crc": 68.25251682,
    "gtq_gtq": 1,
    "gtq_mxn": 2.45638833,
    "gtq_pen": 0.48361309,
    "gtq_usd": 0.12910528,
    "mxn_clp": 49.08843525,
    "mxn_cop": 212.8185746,
    "mxn_crc": 27.78571939,
    "mxn_gtq": 0.40710176,
    "mxn_mxn": 1,
    "mxn_pen": 0.19687974,
    "mxn_usd": 0.052558988,
    "pen_clp": 249.33208155,
    "pen_cop": 1080.95721389,
    "pen_crc": 141.13041529,
    "pen_gtq": 2.06776866,
    "pen_mxn": 5.07924281,
    "pen_pen": 1,
    "pen_usd": 0.26695986,
    "timestamp": "2024-08-13 19:13:51",
    "usd_clp": 933.96843244,
    "usd_cop": 4049.13763327,
    "usd_crc": 528.65781219,
    "usd_gtq": 7.74561638,
    "usd_mxn": 19.02624167,
    "usd_pen": 3.7458815,
    "usd_usd": 1
}