{
    "clp_clp": 1,
    "clp_cop": 3.97757217,
    "clp_crc": 0.50194204,
    "clp_gtq": 0.0082721593,
    "clp_mxn": 0.019584869,
    "clp_pen": 0.0037389516,
    "clp_usd": 0.0010807772,
    "cop_clp": 0.25140964,
    "cop_cop": 1,
    "cop_crc": 0.12619307,
    "cop_gtq": 0.0020797006,
    "cop_mxn": 0.004923825,
    "cop_pen": 0.0009400085,
    "cop_usd": 0.00027171781,
    "crc_clp": 1.99226189,
    "crc_cop": 7.92436544,
    "crc_crc": 1,
    "crc_gtq": 0.016480308,
    "crc_mxn": 0.039018188,
    "crc_pen": 0.0074489708,
    "crc_usd": 0.0021531912,
    "gtq_clp": 120.88742041,
    "gtq_cop": 480.83843895,
    "gtq_crc": 60.67847864,
    "gtq_gtq": 1,
    "gtq_mxn": 2.36756431,
    "gtq_pen": 0.45199222,
    "gtq_usd": 0.13065237,
    "mxn_clp": 51.86184952,
    "mxn_cop": 205.9554515,
    "mxn_crc": 25.90407054,
    "mxn_gtq": 0.42719927,
    "mxn_mxn": 1,
    "mxn_pen": 0.19403934,
    "mxn_usd": 0.055858129,
    "pen_clp": 267.45464994,
    "pen_cop": 1063.820172,
    "pen_crc": 134.24673312,
    "pen_gtq": 2.21242747,
    "pen_mxn": 5.23806433,
    "pen_pen": 1,
    "pen_usd": 0.28905889,
    "timestamp": "2026-03-28 06:58:46",
    "usd_clp": 925.26008838,
    "usd_cop": 3680.28877633,
    "usd_crc": 464.42693808,
    "usd_gtq": 7.65389885,
    "usd_mxn": 18.12109777,
    "usd_pen": 3.45950272,
    "usd_usd": 1
}