{
    "clp_clp": 1,
    "clp_cop": 4.59691173,
    "clp_crc": 0.53722569,
    "clp_gtq": 0.0080789969,
    "clp_mxn": 0.020963294,
    "clp_pen": 0.003933155,
    "clp_usd": 0.0010456157,
    "cop_clp": 0.21753735,
    "cop_cop": 1,
    "cop_crc": 0.11686665,
    "cop_gtq": 0.0017574836,
    "cop_mxn": 0.0045602995,
    "cop_pen": 0.00085560812,
    "cop_usd": 0.00022746047,
    "crc_clp": 1.86141507,
    "crc_cop": 8.55676076,
    "crc_crc": 1,
    "crc_gtq": 0.015038367,
    "crc_mxn": 0.039021392,
    "crc_pen": 0.007321234,
    "crc_usd": 0.0019463248,
    "gtq_clp": 123.77774292,
    "gtq_cop": 568.99535881,
    "gtq_crc": 66.49658382,
    "gtq_gtq": 1,
    "gtq_mxn": 2.59478926,
    "gtq_pen": 0.48683705,
    "gtq_usd": 0.12942395,
    "mxn_clp": 47.70242603,
    "mxn_cop": 219.28384194,
    "mxn_crc": 25.62696892,
    "mxn_gtq": 0.38538775,
    "mxn_mxn": 1,
    "mxn_pen": 0.18762104,
    "mxn_usd": 0.049878406,
    "pen_clp": 254.24881524,
    "pen_cop": 1168.75936207,
    "pen_crc": 136.58899618,
    "pen_gtq": 2.05407539,
    "pen_mxn": 5.32989276,
    "pen_pen": 1,
    "pen_usd": 0.26584656,
    "timestamp": "2024-10-30 19:23:04",
    "usd_clp": 956.37430783,
    "usd_cop": 4396.3682775,
    "usd_crc": 513.78885109,
    "usd_gtq": 7.72654506,
    "usd_mxn": 20.04875616,
    "usd_pen": 3.76156839,
    "usd_usd": 1
}