{
    "clp_clp": 1,
    "clp_cop": 4.35429148,
    "clp_crc": 0.57808358,
    "clp_gtq": 0.0085661196,
    "clp_mxn": 0.019455833,
    "clp_pen": 0.0041226134,
    "clp_usd": 0.0011041982,
    "cop_clp": 0.22965849,
    "cop_cop": 1,
    "cop_crc": 0.1327618,
    "cop_gtq": 0.0019672821,
    "cop_mxn": 0.0044681972,
    "cop_pen": 0.00094679316,
    "cop_usd": 0.0002535885,
    "crc_clp": 1.72985366,
    "crc_cop": 7.53228705,
    "crc_crc": 1,
    "crc_gtq": 0.014818133,
    "crc_mxn": 0.033655744,
    "crc_pen": 0.0071315179,
    "crc_usd": 0.0019101014,
    "gtq_clp": 116.73897229,
    "gtq_cop": 508.31551275,
    "gtq_crc": 67.48488333,
    "gtq_gtq": 1,
    "gtq_mxn": 2.27125393,
    "gtq_pen": 0.48126965,
    "gtq_usd": 0.12890297,
    "mxn_clp": 51.39846787,
    "mxn_cop": 223.80391089,
    "mxn_crc": 29.71261045,
    "mxn_gtq": 0.44028542,
    "mxn_mxn": 1,
    "mxn_pen": 0.21189601,
    "mxn_usd": 0.056754097,
    "pen_clp": 242.56458352,
    "pen_cop": 1056.19690003,
    "pen_crc": 140.22260345,
    "pen_gtq": 2.07783724,
    "pen_mxn": 4.71929599,
    "pen_pen": 1,
    "pen_usd": 0.26783938,
    "timestamp": "2024-07-14 19:13:33",
    "usd_clp": 905.63448612,
    "usd_cop": 3943.39652938,
    "usd_crc": 523.53242826,
    "usd_gtq": 7.75777333,
    "usd_mxn": 17.61987319,
    "usd_pen": 3.73358086,
    "usd_usd": 1
}