{
    "clp_clp": 1,
    "clp_cop": 4.1361379,
    "clp_crc": 0.53956821,
    "clp_gtq": 0.008288609,
    "clp_mxn": 0.017744333,
    "clp_pen": 0.0039148574,
    "clp_usd": 0.0010618055,
    "cop_clp": 0.24177144,
    "cop_cop": 1,
    "cop_crc": 0.13045218,
    "cop_gtq": 0.0020039489,
    "cop_mxn": 0.004290073,
    "cop_pen": 0.00094650069,
    "cop_usd": 0.00025671423,
    "crc_clp": 1.85333379,
    "crc_cop": 7.66564413,
    "crc_crc": 1,
    "crc_gtq": 0.015361559,
    "crc_mxn": 0.032886173,
    "crc_pen": 0.0072555375,
    "crc_usd": 0.0019678799,
    "gtq_clp": 120.64750521,
    "gtq_cop": 499.01471828,
    "gtq_crc": 65.09755868,
    "gtq_gtq": 1,
    "gtq_mxn": 2.14080956,
    "gtq_pen": 0.47231778,
    "gtq_usd": 0.12810418,
    "mxn_clp": 56.35601956,
    "mxn_cop": 233.09626813,
    "mxn_crc": 30.40791671,
    "mxn_gtq": 0.46711301,
    "mxn_mxn": 1,
    "mxn_pen": 0.22062578,
    "mxn_usd": 0.059839129,
    "pen_clp": 255.43714641,
    "pen_cop": 1056.52326117,
    "pen_crc": 137.82576439,
    "pen_gtq": 2.11721864,
    "pen_mxn": 4.53256189,
    "pen_pen": 1,
    "pen_usd": 0.27122456,
    "timestamp": "2024-03-15 19:00:22",
    "usd_clp": 941.79210391,
    "usd_cop": 3895.38201059,
    "usd_crc": 508.16108167,
    "usd_gtq": 7.80614653,
    "usd_mxn": 16.71147308,
    "usd_pen": 3.68698178,
    "usd_usd": 1
}