{
    "clp_clp": 1,
    "clp_cop": 4.15618443,
    "clp_crc": 0.5106147,
    "clp_gtq": 0.0085153028,
    "clp_mxn": 0.019226138,
    "clp_pen": 0.0038614252,
    "clp_usd": 0.0011152127,
    "cop_clp": 0.2406053,
    "cop_cop": 1,
    "cop_crc": 0.1228566,
    "cop_gtq": 0.002048827,
    "cop_mxn": 0.0046259107,
    "cop_pen": 0.00092907937,
    "cop_usd": 0.00026832609,
    "crc_clp": 1.95842382,
    "crc_cop": 8.13957059,
    "crc_crc": 1,
    "crc_gtq": 0.016676572,
    "crc_mxn": 0.037652926,
    "crc_pen": 0.0075623071,
    "crc_usd": 0.0021840591,
    "gtq_clp": 117.43563631,
    "gtq_cop": 488.0841635,
    "gtq_crc": 59.96436273,
    "gtq_gtq": 1,
    "gtq_mxn": 2.25783373,
    "gtq_pen": 0.45346893,
    "gtq_usd": 0.13096571,
    "mxn_clp": 52.01252624,
    "mxn_cop": 216.17365186,
    "mxn_crc": 26.55836071,
    "mxn_gtq": 0.44290241,
    "mxn_mxn": 1,
    "mxn_pen": 0.20084248,
    "mxn_usd": 0.05800503,
    "pen_clp": 258.97173862,
    "pen_cop": 1076.3343086,
    "pen_crc": 132.23477779,
    "pen_gtq": 2.20522277,
    "pen_mxn": 4.97902635,
    "pen_pen": 1,
    "pen_usd": 0.28880857,
    "timestamp": "2026-05-07 21:19:40",
    "usd_clp": 896.68992308,
    "usd_cop": 3726.80869938,
    "usd_crc": 457.86306009,
    "usd_gtq": 7.63558619,
    "usd_mxn": 17.23988408,
    "usd_pen": 3.46250107,
    "usd_usd": 1
}