{
    "clp_clp": 1,
    "clp_cop": 4.342271,
    "clp_crc": 0.52646508,
    "clp_gtq": 0.0079785931,
    "clp_mxn": 0.019523088,
    "clp_pen": 0.0037298487,
    "clp_usd": 0.001039891,
    "cop_clp": 0.23029424,
    "cop_cop": 1,
    "cop_crc": 0.12124188,
    "cop_gtq": 0.001837424,
    "cop_mxn": 0.0044960547,
    "cop_pen": 0.00085896268,
    "cop_usd": 0.00023948092,
    "crc_clp": 1.89946122,
    "crc_cop": 8.24797538,
    "crc_crc": 1,
    "crc_gtq": 0.015155028,
    "crc_mxn": 0.037083349,
    "crc_pen": 0.007084703,
    "crc_usd": 0.0019752327,
    "gtq_clp": 125.33537978,
    "gtq_cop": 544.24018525,
    "gtq_crc": 65.98470051,
    "gtq_gtq": 1,
    "gtq_mxn": 2.44693365,
    "gtq_pen": 0.46748201,
    "gtq_usd": 0.13033514,
    "mxn_clp": 51.22140518,
    "mxn_cop": 222.41722244,
    "mxn_crc": 26.96628108,
    "mxn_gtq": 0.40867475,
    "mxn_mxn": 1,
    "mxn_pen": 0.19104809,
    "mxn_usd": 0.053264681,
    "pen_clp": 268.10738822,
    "pen_cop": 1164.1949375,
    "pen_crc": 141.14917709,
    "pen_gtq": 2.13911977,
    "pen_mxn": 5.23428413,
    "pen_pen": 1,
    "pen_usd": 0.27880247,
    "timestamp": "2025-07-29 19:55:39",
    "usd_clp": 961.63920414,
    "usd_cop": 4175.69803132,
    "usd_crc": 506.26945875,
    "usd_gtq": 7.67252795,
    "usd_mxn": 18.77416679,
    "usd_pen": 3.58676876,
    "usd_usd": 1
}