{
    "clp_clp": 1,
    "clp_cop": 4.45113394,
    "clp_crc": 0.5222029,
    "clp_gtq": 0.0080078942,
    "clp_mxn": 0.020474229,
    "clp_pen": 0.0038536468,
    "clp_usd": 0.001039871,
    "cop_clp": 0.22466185,
    "cop_cop": 1,
    "cop_crc": 0.11731907,
    "cop_gtq": 0.0017990683,
    "cop_mxn": 0.0045997781,
    "cop_pen": 0.00086576744,
    "cop_usd": 0.00023361936,
    "crc_clp": 1.91496449,
    "crc_cop": 8.52376343,
    "crc_crc": 1,
    "crc_gtq": 0.015334833,
    "crc_mxn": 0.039207421,
    "crc_pen": 0.0073795969,
    "crc_usd": 0.0019913161,
    "gtq_clp": 124.87677521,
    "gtq_cop": 555.84325307,
    "gtq_crc": 65.21101358,
    "gtq_gtq": 1,
    "gtq_mxn": 2.55675563,
    "gtq_pen": 0.48123099,
    "gtq_usd": 0.12985574,
    "mxn_clp": 48.84188918,
    "mxn_cop": 217.40179086,
    "mxn_crc": 25.50537595,
    "mxn_gtq": 0.39112068,
    "mxn_mxn": 1,
    "mxn_pen": 0.18821939,
    "mxn_usd": 0.050789266,
    "pen_clp": 259.49445829,
    "pen_cop": 1155.04459178,
    "pen_crc": 135.50875746,
    "pen_gtq": 2.07800416,
    "pen_mxn": 5.31294884,
    "pen_pen": 1,
    "pen_usd": 0.26984077,
    "timestamp": "2025-04-22 19:38:59",
    "usd_clp": 961.65770451,
    "usd_cop": 4280.46725185,
    "usd_crc": 502.18043768,
    "usd_gtq": 7.70085312,
    "usd_mxn": 19.68919959,
    "usd_pen": 3.70588918,
    "usd_usd": 1
}