{
    "clp_clp": 1,
    "clp_cop": 4.10546871,
    "clp_crc": 0.52476647,
    "clp_gtq": 0.0081482745,
    "clp_mxn": 0.017964136,
    "clp_pen": 0.0038831456,
    "clp_usd": 0.0010496094,
    "cop_clp": 0.24357755,
    "cop_cop": 1,
    "cop_crc": 0.12782133,
    "cop_gtq": 0.0019847367,
    "cop_mxn": 0.0043756603,
    "cop_pen": 0.00094584708,
    "cop_usd": 0.00025566129,
    "crc_clp": 1.90560954,
    "crc_cop": 7.82342034,
    "crc_crc": 1,
    "crc_gtq": 0.01552743,
    "crc_mxn": 0.03423263,
    "crc_pen": 0.0073997593,
    "crc_usd": 0.0020001457,
    "gtq_clp": 122.72536953,
    "gtq_cop": 503.84516412,
    "gtq_crc": 64.40215943,
    "gtq_gtq": 1,
    "gtq_mxn": 2.20465526,
    "gtq_pen": 0.47656048,
    "gtq_usd": 0.1288137,
    "mxn_clp": 55.666467,
    "mxn_cop": 228.53693827,
    "mxn_crc": 29.2118956,
    "mxn_gtq": 0.45358565,
    "mxn_mxn": 1,
    "mxn_pen": 0.216161,
    "mxn_usd": 0.058428049,
    "pen_clp": 257.52317946,
    "pen_cop": 1057.2533545,
    "pen_crc": 135.13953084,
    "pen_gtq": 2.09836956,
    "pen_mxn": 4.62618149,
    "pen_pen": 1,
    "pen_usd": 0.27029876,
    "timestamp": "2024-04-23 19:04:46",
    "usd_clp": 952.73534522,
    "usd_cop": 3911.42514555,
    "usd_crc": 499.96356772,
    "usd_gtq": 7.76314913,
    "usd_mxn": 17.11506759,
    "usd_pen": 3.69961006,
    "usd_usd": 1
}