{
    "clp_clp": 1,
    "clp_cop": 4.03215427,
    "clp_crc": 0.53931396,
    "clp_gtq": 0.0082426282,
    "clp_mxn": 0.019691828,
    "clp_pen": 0.0036247623,
    "clp_usd": 0.0010755328,
    "cop_clp": 0.24800638,
    "cop_cop": 1,
    "cop_crc": 0.1337533,
    "cop_gtq": 0.0020442244,
    "cop_mxn": 0.004883699,
    "cop_pen": 0.0008989642,
    "cop_usd": 0.00026673901,
    "crc_clp": 1.85064779,
    "crc_cop": 7.37769346,
    "crc_crc": 1,
    "crc_gtq": 0.015252939,
    "crc_mxn": 0.036426061,
    "crc_pen": 0.0067141296,
    "crc_usd": 0.0019900591,
    "gtq_clp": 121.33056795,
    "gtq_cop": 483.68994934,
    "gtq_crc": 65.56113393,
    "gtq_gtq": 1,
    "gtq_mxn": 2.38813385,
    "gtq_pen": 0.44018595,
    "gtq_usd": 0.13047053,
    "mxn_clp": 50.78248713,
    "mxn_cop": 204.76282231,
    "mxn_crc": 27.38770416,
    "mxn_gtq": 0.41858116,
    "mxn_mxn": 1,
    "mxn_pen": 0.18407445,
    "mxn_usd": 0.054618232,
    "pen_clp": 275.88015576,
    "pen_cop": 1112.39134806,
    "pen_crc": 148.7860189,
    "pen_gtq": 2.27397755,
    "pen_mxn": 5.43258457,
    "pen_pen": 1,
    "pen_usd": 0.29671816,
    "timestamp": "2025-11-14 06:42:46",
    "usd_clp": 929.77171507,
    "usd_cop": 3748.98299103,
    "usd_crc": 501.43886425,
    "usd_gtq": 7.66376256,
    "usd_mxn": 18.30890466,
    "usd_pen": 3.3702015,
    "usd_usd": 1
}