{
    "clp_clp": 1,
    "clp_cop": 4.38268525,
    "clp_crc": 0.55227071,
    "clp_gtq": 0.0082029365,
    "clp_mxn": 0.019340811,
    "clp_pen": 0.0040271865,
    "clp_usd": 0.0010560864,
    "cop_clp": 0.22817062,
    "cop_cop": 1,
    "cop_crc": 0.12601195,
    "cop_gtq": 0.0018716691,
    "cop_mxn": 0.0044130047,
    "cop_pen": 0.00091888564,
    "cop_usd": 0.00024096789,
    "crc_clp": 1.81070621,
    "crc_cop": 7.93575541,
    "crc_crc": 1,
    "crc_gtq": 0.014853108,
    "crc_mxn": 0.035020526,
    "crc_pen": 0.0072920516,
    "crc_usd": 0.0019122623,
    "gtq_clp": 121.90756365,
    "gtq_cop": 534.28248094,
    "gtq_crc": 67.32597634,
    "gtq_gtq": 1,
    "gtq_mxn": 2.35779109,
    "gtq_pen": 0.4909445,
    "gtq_usd": 0.12874492,
    "mxn_clp": 51.70414132,
    "mxn_cop": 226.60297746,
    "mxn_crc": 28.55468267,
    "mxn_gtq": 0.42412579,
    "mxn_mxn": 1,
    "mxn_pen": 0.20822222,
    "mxn_usd": 0.054604042,
    "pen_clp": 248.31231319,
    "pen_cop": 1088.27471213,
    "pen_crc": 137.13561671,
    "pen_gtq": 2.03689013,
    "pen_mxn": 4.8025614,
    "pen_pen": 1,
    "pen_usd": 0.26223926,
    "timestamp": "2024-06-29 19:15:31",
    "usd_clp": 946.89219523,
    "usd_cop": 4149.93045631,
    "usd_crc": 522.9408219,
    "usd_gtq": 7.76729652,
    "usd_mxn": 18.31366252,
    "usd_pen": 3.81331148,
    "usd_usd": 1
}