{
    "clp_clp": 1,
    "clp_cop": 4.58396095,
    "clp_crc": 0.56643921,
    "clp_gtq": 0.0084803595,
    "clp_mxn": 0.021340347,
    "clp_pen": 0.0040846058,
    "clp_usd": 0.0010967559,
    "cop_clp": 0.21431352,
    "cop_cop": 1,
    "cop_crc": 0.12256966,
    "cop_gtq": 0.0018319913,
    "cop_mxn": 0.0046468397,
    "cop_pen": 0.00088112344,
    "cop_usd": 0.00023700206,
    "crc_clp": 1.74850388,
    "crc_cop": 8.15862611,
    "crc_crc": 1,
    "crc_gtq": 0.014946532,
    "crc_mxn": 0.037911828,
    "crc_pen": 0.0071887567,
    "crc_usd": 0.0019336112,
    "gtq_clp": 117.91952855,
    "gtq_cop": 540.53851452,
    "gtq_crc": 66.79424473,
    "gtq_gtq": 1,
    "gtq_mxn": 2.51644371,
    "gtq_pen": 0.4816548,
    "gtq_usd": 0.12932893,
    "mxn_clp": 46.12027403,
    "mxn_cop": 215.20002113,
    "mxn_crc": 26.37699266,
    "mxn_gtq": 0.39424457,
    "mxn_mxn": 1,
    "mxn_pen": 0.18961778,
    "mxn_usd": 0.051002848,
    "pen_clp": 243.22757661,
    "pen_cop": 1134.91475775,
    "pen_crc": 139.10611198,
    "pen_gtq": 2.07915399,
    "pen_mxn": 5.27376694,
    "pen_pen": 1,
    "pen_usd": 0.26897713,
    "timestamp": "2024-10-03 06:35:18",
    "usd_clp": 904.26860894,
    "usd_cop": 4219.37266964,
    "usd_crc": 517.16705862,
    "usd_gtq": 7.72985413,
    "usd_mxn": 19.6067484,
    "usd_pen": 3.71778818,
    "usd_usd": 1
}