{
    "clp_clp": 1,
    "clp_cop": 4.34996702,
    "clp_crc": 0.55600037,
    "clp_gtq": 0.0082421043,
    "clp_mxn": 0.019276476,
    "clp_pen": 0.0040547613,
    "clp_usd": 0.0010625467,
    "cop_clp": 0.23121084,
    "cop_cop": 1,
    "cop_crc": 0.12794334,
    "cop_gtq": 0.0018959257,
    "cop_mxn": 0.0043880607,
    "cop_pen": 0.0009320465,
    "cop_usd": 0.00024456301,
    "crc_clp": 1.79855995,
    "crc_cop": 7.82367648,
    "crc_crc": 1,
    "crc_gtq": 0.014823919,
    "crc_mxn": 0.034669899,
    "crc_pen": 0.0072927314,
    "crc_usd": 0.0019110539,
    "gtq_clp": 121.9514241,
    "gtq_cop": 527.44682122,
    "gtq_crc": 67.48330546,
    "gtq_gtq": 1,
    "gtq_mxn": 2.31446866,
    "gtq_pen": 0.49160496,
    "gtq_usd": 0.12899398,
    "mxn_clp": 51.87670078,
    "mxn_cop": 225.66193773,
    "mxn_crc": 28.84346488,
    "mxn_gtq": 0.42757318,
    "mxn_mxn": 1,
    "mxn_pen": 0.21034764,
    "mxn_usd": 0.055121416,
    "pen_clp": 246.62363961,
    "pen_cop": 1072.80469985,
    "pen_crc": 137.12283513,
    "pen_gtq": 2.03269776,
    "pen_mxn": 4.75403478,
    "pen_pen": 1,
    "pen_usd": 0.26204913,
    "timestamp": "2024-06-26 06:31:34",
    "usd_clp": 945.40397267,
    "usd_cop": 4088.92576555,
    "usd_crc": 523.1507999,
    "usd_gtq": 7.75229957,
    "usd_mxn": 17.94245437,
    "usd_pen": 3.81106893,
    "usd_usd": 1
}