{
    "clp_clp": 1,
    "clp_cop": 4.09295761,
    "clp_crc": 0.50738674,
    "clp_gtq": 0.0085455868,
    "clp_mxn": 0.019433391,
    "clp_pen": 0.0038123786,
    "clp_usd": 0.001121794,
    "cop_clp": 0.2443221,
    "cop_cop": 1,
    "cop_crc": 0.12396579,
    "cop_gtq": 0.0020878757,
    "cop_mxn": 0.0047480069,
    "cop_pen": 0.00093144835,
    "cop_usd": 0.00027407907,
    "crc_clp": 1.9708832,
    "crc_cop": 8.0667414,
    "crc_crc": 1,
    "crc_gtq": 0.016842353,
    "crc_mxn": 0.038300944,
    "crc_pen": 0.007513753,
    "crc_usd": 0.002210925,
    "gtq_clp": 117.01946523,
    "gtq_cop": 478.95571116,
    "gtq_crc": 59.37412489,
    "gtq_gtq": 1,
    "gtq_mxn": 2.27408502,
    "gtq_pen": 0.44612251,
    "gtq_usd": 0.13127174,
    "mxn_clp": 51.45782343,
    "mxn_cop": 210.6146902,
    "mxn_crc": 26.10901724,
    "mxn_gtq": 0.4397373,
    "mxn_mxn": 1,
    "mxn_pen": 0.19617671,
    "mxn_usd": 0.057725079,
    "pen_clp": 262.30343304,
    "pen_cop": 1073.59683336,
    "pen_crc": 133.08928357,
    "pen_gtq": 2.24153676,
    "pen_mxn": 5.09744516,
    "pen_pen": 1,
    "pen_usd": 0.29425043,
    "timestamp": "2026-05-29 21:34:15",
    "usd_clp": 891.42923532,
    "usd_cop": 3648.58207576,
    "usd_crc": 452.29937294,
    "usd_gtq": 7.61778593,
    "usd_mxn": 17.32349283,
    "usd_pen": 3.39846576,
    "usd_usd": 1
}