{
    "clp_clp": 1,
    "clp_cop": 4.35640302,
    "clp_crc": 0.55779062,
    "clp_gtq": 0.0082320786,
    "clp_mxn": 0.019295156,
    "clp_pen": 0.0040385926,
    "clp_usd": 0.0010616942,
    "cop_clp": 0.22954717,
    "cop_cop": 1,
    "cop_crc": 0.12803926,
    "cop_gtq": 0.0018896504,
    "cop_mxn": 0.0044291486,
    "cop_pen": 0.00092704751,
    "cop_usd": 0.00024370889,
    "crc_clp": 1.79278741,
    "crc_cop": 7.81010446,
    "crc_crc": 1,
    "crc_gtq": 0.014758367,
    "crc_mxn": 0.034592113,
    "crc_pen": 0.0072403379,
    "crc_usd": 0.0019033919,
    "gtq_clp": 121.47600259,
    "gtq_cop": 529.19842428,
    "gtq_crc": 67.75817491,
    "gtq_gtq": 1,
    "gtq_mxn": 2.34389844,
    "gtq_pen": 0.49059208,
    "gtq_usd": 0.12897036,
    "mxn_clp": 51.8264788,
    "mxn_cop": 225.77702865,
    "mxn_crc": 28.90832379,
    "mxn_gtq": 0.42663965,
    "mxn_mxn": 1,
    "mxn_pen": 0.20930603,
    "mxn_usd": 0.05502387,
    "pen_clp": 247.61101338,
    "pen_cop": 1078.693366,
    "pen_crc": 138.11510091,
    "pen_gtq": 2.03835332,
    "pen_mxn": 4.77769316,
    "pen_pen": 1,
    "pen_usd": 0.26288717,
    "timestamp": "2024-07-04 19:10:09",
    "usd_clp": 941.89084117,
    "usd_cop": 4103.25610316,
    "usd_crc": 525.37787717,
    "usd_gtq": 7.75371943,
    "usd_mxn": 18.17393084,
    "usd_pen": 3.80391336,
    "usd_usd": 1
}