{
    "clp_clp": 1,
    "clp_cop": 4.28407222,
    "clp_crc": 0.56037023,
    "clp_gtq": 0.0082520383,
    "clp_mxn": 0.019831576,
    "clp_pen": 0.0039874347,
    "clp_usd": 0.0010638128,
    "cop_clp": 0.23342277,
    "cop_cop": 1,
    "cop_crc": 0.13080317,
    "cop_gtq": 0.0019262136,
    "cop_mxn": 0.0046291413,
    "cop_pen": 0.00093075805,
    "cop_usd": 0.00024831813,
    "crc_clp": 1.80006506,
    "crc_cop": 7.72726947,
    "crc_crc": 1,
    "crc_gtq": 0.014842277,
    "crc_mxn": 0.035773665,
    "crc_pen": 0.0071876167,
    "crc_usd": 0.0019187394,
    "gtq_clp": 121.27957986,
    "gtq_cop": 520.62562375,
    "gtq_crc": 67.37510909,
    "gtq_gtq": 1,
    "gtq_mxn": 2.41025456,
    "gtq_pen": 0.48426646,
    "gtq_usd": 0.12927528,
    "mxn_clp": 50.31816222,
    "mxn_cop": 216.00441409,
    "mxn_crc": 27.95352418,
    "mxn_gtq": 0.41489394,
    "mxn_mxn": 1,
    "mxn_pen": 0.20091922,
    "mxn_usd": 0.053635528,
    "pen_clp": 250.78780418,
    "pen_cop": 1074.39306585,
    "pen_crc": 140.53402056,
    "pen_gtq": 2.06951056,
    "pen_mxn": 4.97351728,
    "pen_pen": 1,
    "pen_usd": 0.26679128,
    "timestamp": "2024-08-18 06:31:15",
    "usd_clp": 940.01499601,
    "usd_cop": 4027.09213397,
    "usd_crc": 526.75642347,
    "usd_gtq": 7.75703975,
    "usd_mxn": 18.6419784,
    "usd_pen": 3.74824844,
    "usd_usd": 1
}