{
    "clp_clp": 1,
    "clp_cop": 4.34419528,
    "clp_crc": 0.54747026,
    "clp_gtq": 0.0088650993,
    "clp_mxn": 0.019862785,
    "clp_pen": 0.0038772565,
    "clp_usd": 0.0011551282,
    "cop_clp": 0.23019223,
    "cop_cop": 1,
    "cop_crc": 0.1260234,
    "cop_gtq": 0.002040677,
    "cop_mxn": 0.0045722587,
    "cop_pen": 0.00089251433,
    "cop_usd": 0.00026590153,
    "crc_clp": 1.82658325,
    "crc_cop": 7.93503431,
    "crc_crc": 1,
    "crc_gtq": 0.016192842,
    "crc_mxn": 0.036281029,
    "crc_pen": 0.0070821318,
    "crc_usd": 0.0021099378,
    "gtq_clp": 111.90750899,
    "gtq_cop": 483.42371917,
    "gtq_crc": 61.77346123,
    "gtq_gtq": 1,
    "gtq_mxn": 2.24418181,
    "gtq_pen": 0.43786559,
    "gtq_usd": 0.13068074,
    "mxn_clp": 50.34540843,
    "mxn_cop": 218.71028542,
    "mxn_crc": 27.56261372,
    "mxn_gtq": 0.44631705,
    "mxn_mxn": 1,
    "mxn_pen": 0.19520206,
    "mxn_usd": 0.0581554,
    "pen_clp": 257.91432527,
    "pen_cop": 1120.43019329,
    "pen_crc": 141.20042209,
    "pen_gtq": 2.28643611,
    "pen_mxn": 5.12289667,
    "pen_pen": 1,
    "pen_usd": 0.2979241,
    "timestamp": "2026-02-27 07:02:41",
    "usd_clp": 865.70479769,
    "usd_cop": 3760.79069193,
    "usd_crc": 473.94762857,
    "usd_gtq": 7.67455901,
    "usd_mxn": 17.19530787,
    "usd_pen": 3.35655957,
    "usd_usd": 1
}