{
    "clp_clp": 1,
    "clp_cop": 4.35586523,
    "clp_crc": 0.53674732,
    "clp_gtq": 0.0081847356,
    "clp_mxn": 0.021654468,
    "clp_pen": 0.0038991473,
    "clp_usd": 0.0010610771,
    "cop_clp": 0.22957551,
    "cop_cop": 1,
    "cop_crc": 0.12322404,
    "cop_gtq": 0.0018790149,
    "cop_mxn": 0.0049713355,
    "cop_pen": 0.00089514875,
    "cop_usd": 0.00024359731,
    "crc_clp": 1.88238127,
    "crc_cop": 8.16289166,
    "crc_crc": 1,
    "crc_gtq": 0.015238339,
    "crc_mxn": 0.040454214,
    "crc_pen": 0.0072718741,
    "crc_usd": 0.0019755565,
    "gtq_clp": 122.17865717,
    "gtq_cop": 532.19376425,
    "gtq_crc": 65.57906663,
    "gtq_gtq": 1,
    "gtq_mxn": 2.64571377,
    "gtq_pen": 0.47639258,
    "gtq_usd": 0.12964097,
    "mxn_clp": 46.17984702,
    "mxn_cop": 201.15318985,
    "mxn_crc": 24.78690906,
    "mxn_gtq": 0.37796984,
    "mxn_mxn": 1,
    "mxn_pen": 0.18006203,
    "mxn_usd": 0.049000377,
    "pen_clp": 258.85779081,
    "pen_cop": 1122.5292845,
    "pen_crc": 137.51613166,
    "pen_gtq": 2.09551743,
    "pen_mxn": 5.56310704,
    "pen_pen": 1,
    "pen_usd": 0.27167088,
    "timestamp": "2025-02-28 06:35:58",
    "usd_clp": 942.43861589,
    "usd_cop": 4105.13559567,
    "usd_crc": 505.85140003,
    "usd_gtq": 7.71361085,
    "usd_mxn": 20.40800645,
    "usd_pen": 3.67470698,
    "usd_usd": 1
}