{
    "clp_clp": 1,
    "clp_cop": 4.46313193,
    "clp_crc": 0.53826355,
    "clp_gtq": 0.0082989685,
    "clp_mxn": 0.021588724,
    "clp_pen": 0.0039307105,
    "clp_usd": 0.0010771598,
    "cop_clp": 0.22382261,
    "cop_cop": 1,
    "cop_crc": 0.12031002,
    "cop_gtq": 0.0018564851,
    "cop_mxn": 0.0048734878,
    "cop_pen": 0.00087606151,
    "cop_usd": 0.00024092872,
    "crc_clp": 1.85782597,
    "crc_cop": 8.29172242,
    "crc_crc": 1,
    "crc_gtq": 0.015418039,
    "crc_mxn": 0.040108093,
    "crc_pen": 0.007302576,
    "crc_usd": 0.0020011755,
    "gtq_clp": 120.49690229,
    "gtq_cop": 537.79357208,
    "gtq_crc": 64.85909015,
    "gtq_gtq": 1,
    "gtq_mxn": 2.6013744,
    "gtq_pen": 0.47363843,
    "gtq_usd": 0.12979442,
    "mxn_clp": 46.32047672,
    "mxn_cop": 206.73439864,
    "mxn_crc": 24.93262414,
    "mxn_gtq": 0.38441218,
    "mxn_mxn": 1,
    "mxn_pen": 0.18207238,
    "mxn_usd": 0.049894557,
    "pen_clp": 254.40693453,
    "pen_cop": 1135.45171265,
    "pen_crc": 136.93797921,
    "pen_gtq": 2.11131514,
    "pen_mxn": 5.49232116,
    "pen_pen": 1,
    "pen_usd": 0.27403693,
    "timestamp": "2025-03-25 06:38:20",
    "usd_clp": 928.36733144,
    "usd_cop": 4143.42587958,
    "usd_crc": 499.70629366,
    "usd_gtq": 7.70449127,
    "usd_mxn": 20.04226634,
    "usd_pen": 3.64914319,
    "usd_usd": 1
}