{
    "clp_clp": 1,
    "clp_cop": 4.4490301,
    "clp_crc": 0.51879217,
    "clp_gtq": 0.007947082,
    "clp_mxn": 0.020584039,
    "clp_pen": 0.0038503709,
    "clp_usd": 0.0010319914,
    "cop_clp": 0.22476809,
    "cop_cop": 1,
    "cop_crc": 0.11660792,
    "cop_gtq": 0.0017862504,
    "cop_mxn": 0.004626635,
    "cop_pen": 0.00086544052,
    "cop_usd": 0.00023195875,
    "crc_clp": 1.92755416,
    "crc_cop": 8.57574649,
    "crc_crc": 1,
    "crc_gtq": 0.015318431,
    "crc_mxn": 0.039676849,
    "crc_pen": 0.0074217985,
    "crc_usd": 0.0019892194,
    "gtq_clp": 125.8323501,
    "gtq_cop": 559.83191366,
    "gtq_crc": 65.2808376,
    "gtq_gtq": 1,
    "gtq_mxn": 2.59013795,
    "gtq_pen": 0.48450122,
    "gtq_usd": 0.12985791,
    "mxn_clp": 48.58133137,
    "mxn_cop": 216.13980574,
    "mxn_crc": 25.20361418,
    "mxn_gtq": 0.38607982,
    "mxn_mxn": 1,
    "mxn_pen": 0.18705615,
    "mxn_usd": 0.050135518,
    "pen_clp": 259.71523835,
    "pen_cop": 1155.48091387,
    "pen_crc": 134.73823133,
    "pen_gtq": 2.06397829,
    "pen_mxn": 5.34598849,
    "pen_pen": 1,
    "pen_usd": 0.2680239,
    "timestamp": "2025-04-18 06:37:33",
    "usd_clp": 967.99356779,
    "usd_cop": 4310.87612245,
    "usd_crc": 502.17371203,
    "usd_gtq": 7.70074855,
    "usd_mxn": 19.70219796,
    "usd_pen": 3.74322867,
    "usd_usd": 1
}