{
    "clp_clp": 1,
    "clp_cop": 4.52036726,
    "clp_crc": 0.55892511,
    "clp_gtq": 0.0083523861,
    "clp_mxn": 0.020786521,
    "clp_pen": 0.0040842095,
    "clp_usd": 0.0010818125,
    "cop_clp": 0.22122096,
    "cop_cop": 1,
    "cop_crc": 0.12364595,
    "cop_gtq": 0.0018477229,
    "cop_mxn": 0.0045984142,
    "cop_pen": 0.00090351276,
    "cop_usd": 0.00023931959,
    "crc_clp": 1.78914847,
    "crc_cop": 8.08760817,
    "crc_crc": 1,
    "crc_gtq": 0.014943659,
    "crc_mxn": 0.037190173,
    "crc_pen": 0.0073072572,
    "crc_usd": 0.0019355231,
    "gtq_clp": 119.7262666,
    "gtq_cop": 541.20669581,
    "gtq_crc": 66.91801632,
    "gtq_gtq": 1,
    "gtq_mxn": 2.48869257,
    "gtq_pen": 0.48898716,
    "gtq_usd": 0.12952137,
    "mxn_clp": 48.10809813,
    "mxn_cop": 217.46627178,
    "mxn_crc": 26.88882388,
    "mxn_gtq": 0.40181741,
    "mxn_mxn": 1,
    "mxn_pen": 0.19648355,
    "mxn_usd": 0.05204394,
    "pen_clp": 244.84542125,
    "pen_cop": 1106.79122618,
    "pen_crc": 136.85025317,
    "pen_gtq": 2.04504348,
    "pen_mxn": 5.08948453,
    "pen_pen": 1,
    "pen_usd": 0.26487683,
    "timestamp": "2024-09-14 19:25:39",
    "usd_clp": 924.37464424,
    "usd_cop": 4178.5128785,
    "usd_crc": 516.65619656,
    "usd_gtq": 7.72073389,
    "usd_mxn": 19.21453311,
    "usd_pen": 3.77533972,
    "usd_usd": 1
}