{
    "clp_clp": 1,
    "clp_cop": 4.30482271,
    "clp_crc": 0.50086343,
    "clp_gtq": 0.0076487941,
    "clp_mxn": 0.020610403,
    "clp_pen": 0.0037204882,
    "clp_usd": 0.00099124875,
    "cop_clp": 0.2322976,
    "cop_cop": 1,
    "cop_crc": 0.11634937,
    "cop_gtq": 0.0017767966,
    "cop_mxn": 0.0047877471,
    "cop_pen": 0.0008642605,
    "cop_usd": 0.00023026471,
    "crc_clp": 1.99655225,
    "crc_cop": 8.59480347,
    "crc_crc": 1,
    "crc_gtq": 0.015271217,
    "crc_mxn": 0.041149746,
    "crc_pen": 0.0074281491,
    "crc_usd": 0.0019790799,
    "gtq_clp": 131.30164224,
    "gtq_cop": 562.63682941,
    "gtq_crc": 65.20340291,
    "gtq_gtq": 1,
    "gtq_mxn": 2.70207244,
    "gtq_pen": 0.48733406,
    "gtq_usd": 0.1295578,
    "mxn_clp": 48.59293941,
    "mxn_cop": 208.22418438,
    "mxn_crc": 24.13088635,
    "mxn_gtq": 0.3700863,
    "mxn_mxn": 1,
    "mxn_pen": 0.18035566,
    "mxn_usd": 0.047947566,
    "pen_clp": 269.42841383,
    "pen_cop": 1154.51982108,
    "pen_crc": 133.79611345,
    "pen_gtq": 2.05198053,
    "pen_mxn": 5.54460004,
    "pen_pen": 1,
    "pen_usd": 0.26585008,
    "timestamp": "2025-01-18 06:31:15",
    "usd_clp": 1013.45997252,
    "usd_cop": 4342.74770624,
    "usd_crc": 503.27656068,
    "usd_gtq": 7.71856281,
    "usd_mxn": 20.85611582,
    "usd_pen": 3.76151854,
    "usd_usd": 1
}