{
    "clp_clp": 1,
    "clp_cop": 4.47254309,
    "clp_crc": 0.54030522,
    "clp_gtq": 0.0083446559,
    "clp_mxn": 0.021884752,
    "clp_pen": 0.0039828592,
    "clp_usd": 0.0010822693,
    "cop_clp": 0.22358644,
    "cop_cop": 1,
    "cop_crc": 0.12080492,
    "cop_gtq": 0.0018657519,
    "cop_mxn": 0.0048931339,
    "cop_pen": 0.00089051331,
    "cop_usd": 0.00024198075,
    "crc_clp": 1.85080574,
    "crc_cop": 8.27780843,
    "crc_crc": 1,
    "crc_gtq": 0.015444337,
    "crc_mxn": 0.040504425,
    "crc_pen": 0.0073714986,
    "crc_usd": 0.0020030703,
    "gtq_clp": 119.83717582,
    "gtq_cop": 535.97693214,
    "gtq_crc": 64.74865135,
    "gtq_gtq": 1,
    "gtq_mxn": 2.62260689,
    "gtq_pen": 0.47729459,
    "gtq_usd": 0.1296961,
    "mxn_clp": 45.69391474,
    "mxn_cop": 204.36800241,
    "mxn_crc": 24.68866054,
    "mxn_gtq": 0.3813,
    "mxn_mxn": 1,
    "mxn_pen": 0.18199243,
    "mxn_usd": 0.049453122,
    "pen_clp": 251.07591251,
    "pen_cop": 1122.94783648,
    "pen_crc": 135.65762552,
    "pen_gtq": 2.0951421,
    "pen_mxn": 5.49473412,
    "pen_pen": 1,
    "pen_usd": 0.27173176,
    "timestamp": "2025-03-27 19:27:08",
    "usd_clp": 923.98442329,
    "usd_cop": 4132.56014368,
    "usd_crc": 499.2336048,
    "usd_gtq": 7.7103321,
    "usd_mxn": 20.22117012,
    "usd_pen": 3.68009983,
    "usd_usd": 1
}