{
    "clp_clp": 1,
    "clp_cop": 4.15964105,
    "clp_crc": 0.54636389,
    "clp_gtq": 0.0083732558,
    "clp_mxn": 0.019726885,
    "clp_pen": 0.0036827525,
    "clp_usd": 0.0010938504,
    "cop_clp": 0.24040536,
    "cop_cop": 1,
    "cop_crc": 0.13134881,
    "cop_gtq": 0.0020129756,
    "cop_mxn": 0.0047424489,
    "cop_pen": 0.00088535344,
    "cop_usd": 0.0002629675,
    "crc_clp": 1.83028203,
    "crc_cop": 7.61331625,
    "crc_crc": 1,
    "crc_gtq": 0.01532542,
    "crc_mxn": 0.036105764,
    "crc_pen": 0.0067404757,
    "crc_usd": 0.0020020547,
    "gtq_clp": 119.42785729,
    "gtq_cop": 496.77701791,
    "gtq_crc": 65.2510682,
    "gtq_gtq": 1,
    "gtq_mxn": 2.35593964,
    "gtq_pen": 0.43982324,
    "gtq_usd": 0.13063621,
    "mxn_clp": 50.69223984,
    "mxn_cop": 210.86152187,
    "mxn_crc": 27.69640915,
    "mxn_gtq": 0.42445909,
    "mxn_mxn": 1,
    "mxn_pen": 0.18668697,
    "mxn_usd": 0.055449727,
    "pen_clp": 271.5360315,
    "pen_cop": 1129.49242369,
    "pen_crc": 148.35748135,
    "pen_gtq": 2.27364065,
    "pen_mxn": 5.35656014,
    "pen_pen": 1,
    "pen_usd": 0.2970198,
    "timestamp": "2025-12-12 19:42:32",
    "usd_clp": 914.20179056,
    "usd_cop": 3802.75129772,
    "usd_crc": 499.48684285,
    "usd_gtq": 7.65484545,
    "usd_mxn": 18.03435385,
    "usd_pen": 3.36677893,
    "usd_usd": 1
}