{
    "clp_clp": 1,
    "clp_cop": 4.03159615,
    "clp_crc": 0.50845688,
    "clp_gtq": 0.0083505942,
    "clp_mxn": 0.019384487,
    "clp_pen": 0.0037684151,
    "clp_usd": 0.0010897458,
    "cop_clp": 0.24804072,
    "cop_cop": 1,
    "cop_crc": 0.12611801,
    "cop_gtq": 0.0020712874,
    "cop_mxn": 0.0048081421,
    "cop_pen": 0.00093472039,
    "cop_usd": 0.00027030132,
    "crc_clp": 1.96673512,
    "crc_cop": 7.92908174,
    "crc_crc": 1,
    "crc_gtq": 0.016423407,
    "crc_mxn": 0.038124152,
    "crc_pen": 0.0074114744,
    "crc_usd": 0.0021432413,
    "gtq_clp": 119.75195687,
    "gtq_cop": 482.79152871,
    "gtq_crc": 60.88870622,
    "gtq_gtq": 1,
    "gtq_mxn": 2.32133027,
    "gtq_pen": 0.45127509,
    "gtq_usd": 0.13049919,
    "mxn_clp": 51.58764292,
    "mxn_cop": 207.98054277,
    "mxn_crc": 26.2300919,
    "mxn_gtq": 0.43078747,
    "mxn_mxn": 1,
    "mxn_pen": 0.19440365,
    "mxn_usd": 0.056217415,
    "pen_clp": 265.36354533,
    "pen_cop": 1069.83864871,
    "pen_crc": 134.92592,
    "pen_gtq": 2.21594329,
    "pen_mxn": 5.14393623,
    "pen_pen": 1,
    "pen_usd": 0.2891788,
    "timestamp": "2026-03-26 20:33:44",
    "usd_clp": 917.64523315,
    "usd_cop": 3699.57499249,
    "usd_crc": 466.58303108,
    "usd_gtq": 7.66288299,
    "usd_mxn": 17.78808221,
    "usd_pen": 3.45806818,
    "usd_usd": 1
}