{
    "clp_clp": 1,
    "clp_cop": 4.07987618,
    "clp_crc": 0.5422651,
    "clp_gtq": 0.0083759458,
    "clp_mxn": 0.019649661,
    "clp_pen": 0.0036792468,
    "clp_usd": 0.0010931141,
    "cop_clp": 0.24510548,
    "cop_cop": 1,
    "cop_crc": 0.13291215,
    "cop_gtq": 0.0020529902,
    "cop_mxn": 0.0048162395,
    "cop_pen": 0.00090180353,
    "cop_usd": 0.00026792825,
    "crc_clp": 1.84411647,
    "crc_cop": 7.52376687,
    "crc_crc": 1,
    "crc_gtq": 0.01544622,
    "crc_mxn": 0.036236263,
    "crc_pen": 0.0067849596,
    "crc_usd": 0.0020158297,
    "gtq_clp": 119.38950243,
    "gtq_cop": 487.09438742,
    "gtq_crc": 64.74076033,
    "gtq_gtq": 1,
    "gtq_mxn": 2.34596322,
    "gtq_pen": 0.43926344,
    "gtq_usd": 0.13050635,
    "mxn_clp": 50.89146396,
    "mxn_cop": 207.63087172,
    "mxn_crc": 27.59666473,
    "mxn_gtq": 0.42626414,
    "mxn_mxn": 1,
    "mxn_pen": 0.18724225,
    "mxn_usd": 0.055630175,
    "pen_clp": 271.7947626,
    "pen_cop": 1108.88897854,
    "pen_crc": 147.3848138,
    "pen_gtq": 2.2765382,
    "pen_mxn": 5.34067487,
    "pen_pen": 1,
    "pen_usd": 0.29710268,
    "timestamp": "2025-12-30 19:50:16",
    "usd_clp": 914.81760622,
    "usd_cop": 3732.34256318,
    "usd_crc": 496.07365962,
    "usd_gtq": 7.66246268,
    "usd_mxn": 17.97585558,
    "usd_pen": 3.36583971,
    "usd_usd": 1
}