{
    "clp_clp": 1,
    "clp_cop": 4.20131757,
    "clp_crc": 0.51359972,
    "clp_gtq": 0.0085302382,
    "clp_mxn": 0.019286822,
    "clp_pen": 0.0038628242,
    "clp_usd": 0.0011202227,
    "cop_clp": 0.23802057,
    "cop_cop": 1,
    "cop_crc": 0.1222473,
    "cop_gtq": 0.0020303722,
    "cop_mxn": 0.0045906603,
    "cop_pen": 0.00091943162,
    "cop_usd": 0.00026663603,
    "crc_clp": 1.94704158,
    "crc_cop": 8.18013999,
    "crc_crc": 1,
    "crc_gtq": 0.016608728,
    "crc_mxn": 0.037552244,
    "crc_pen": 0.0075210794,
    "crc_usd": 0.0021811201,
    "gtq_clp": 117.23002059,
    "gtq_cop": 492.52054502,
    "gtq_crc": 60.20930517,
    "gtq_gtq": 1,
    "gtq_mxn": 2.26099453,
    "gtq_pen": 0.45283896,
    "gtq_usd": 0.13132372,
    "mxn_clp": 51.848874,
    "mxn_cop": 217.83358522,
    "mxn_crc": 26.62956691,
    "mxn_gtq": 0.44228325,
    "mxn_mxn": 1,
    "mxn_pen": 0.20028309,
    "mxn_usd": 0.058082283,
    "pen_clp": 258.87794636,
    "pen_cop": 1087.62846405,
    "pen_crc": 132.95963949,
    "pen_gtq": 2.20829055,
    "pen_mxn": 4.99293285,
    "pen_pen": 1,
    "pen_usd": 0.29000094,
    "timestamp": "2026-05-11 21:27:33",
    "usd_clp": 892.6796808,
    "usd_cop": 3750.43082566,
    "usd_crc": 458.4800297,
    "usd_gtq": 7.61477031,
    "usd_mxn": 17.21695404,
    "usd_pen": 3.44826469,
    "usd_usd": 1
}