{
    "clp_clp": 1,
    "clp_cop": 4.61180575,
    "clp_crc": 0.53364205,
    "clp_gtq": 0.0080303235,
    "clp_mxn": 0.020920251,
    "clp_pen": 0.0039248853,
    "clp_usd": 0.0010405413,
    "cop_clp": 0.2168348,
    "cop_cop": 1,
    "cop_crc": 0.11571217,
    "cop_gtq": 0.0017412536,
    "cop_mxn": 0.0045362386,
    "cop_pen": 0.00085105175,
    "cop_usd": 0.00022562556,
    "crc_clp": 1.87391529,
    "crc_cop": 8.64213332,
    "crc_crc": 1,
    "crc_gtq": 0.015048146,
    "crc_mxn": 0.039202779,
    "crc_pen": 0.0073549027,
    "crc_usd": 0.0019498862,
    "gtq_clp": 124.52798442,
    "gtq_cop": 574.29887469,
    "gtq_crc": 66.45336904,
    "gtq_gtq": 1,
    "gtq_mxn": 2.60515673,
    "gtq_pen": 0.48875806,
    "gtq_usd": 0.12957651,
    "mxn_clp": 47.80057295,
    "mxn_cop": 220.44695723,
    "mxn_crc": 25.5083958,
    "mxn_gtq": 0.38385406,
    "mxn_mxn": 1,
    "mxn_pen": 0.18761177,
    "mxn_usd": 0.049738468,
    "pen_clp": 254.78451315,
    "pen_cop": 1175.01668295,
    "pen_crc": 135.96373021,
    "pen_gtq": 2.04600206,
    "pen_mxn": 5.33015605,
    "pen_pen": 1,
    "pen_usd": 0.2651138,
    "timestamp": "2024-11-04 06:36:33",
    "usd_clp": 961.03830171,
    "usd_cop": 4432.12196653,
    "usd_crc": 512.8504506,
    "usd_gtq": 7.71744846,
    "usd_mxn": 20.10516281,
    "usd_pen": 3.77196514,
    "usd_usd": 1
}