{
    "clp_clp": 1,
    "clp_cop": 4.45648627,
    "clp_crc": 0.5279924,
    "clp_gtq": 0.0079689026,
    "clp_mxn": 0.020794771,
    "clp_pen": 0.0038643849,
    "clp_usd": 0.0010341801,
    "cop_clp": 0.22439203,
    "cop_cop": 1,
    "cop_crc": 0.11847729,
    "cop_gtq": 0.0017881582,
    "cop_mxn": 0.0046661809,
    "cop_pen": 0.00086713717,
    "cop_usd": 0.00023206176,
    "crc_clp": 1.89396665,
    "crc_cop": 8.44043637,
    "crc_crc": 1,
    "crc_gtq": 0.015092836,
    "crc_mxn": 0.039384603,
    "crc_pen": 0.0073190161,
    "crc_usd": 0.0019587025,
    "gtq_clp": 125.48779282,
    "gtq_cop": 559.23462568,
    "gtq_crc": 66.25660107,
    "gtq_gtq": 1,
    "gtq_mxn": 2.60948995,
    "gtq_pen": 0.48493313,
    "gtq_usd": 0.12977697,
    "mxn_clp": 48.0890117,
    "mxn_cop": 214.30802034,
    "mxn_crc": 25.39063276,
    "mxn_gtq": 0.38321665,
    "mxn_mxn": 1,
    "mxn_pen": 0.18583445,
    "mxn_usd": 0.049732697,
    "pen_clp": 258.77339659,
    "pen_cop": 1153.22008877,
    "pen_crc": 136.63038707,
    "pen_gtq": 2.06214,
    "pen_mxn": 5.3811336,
    "pen_pen": 1,
    "pen_usd": 0.26761829,
    "timestamp": "2025-04-15 19:39:12",
    "usd_clp": 966.94960999,
    "usd_cop": 4309.1976601,
    "usd_crc": 510.54204655,
    "usd_gtq": 7.70552727,
    "usd_mxn": 20.10749599,
    "usd_pen": 3.73666545,
    "usd_usd": 1
}