{
    "clp_clp": 1,
    "clp_cop": 4.10244834,
    "clp_crc": 0.50631611,
    "clp_gtq": 0.008526532,
    "clp_mxn": 0.019340207,
    "clp_pen": 0.0038092259,
    "clp_usd": 0.0011182199,
    "cop_clp": 0.24604479,
    "cop_cop": 1,
    "cop_crc": 0.12472398,
    "cop_gtq": 0.0020960222,
    "cop_mxn": 0.0047929252,
    "cop_pen": 0.00093805979,
    "cop_usd": 0.00027496592,
    "crc_clp": 1.97505073,
    "crc_cop": 8.10254358,
    "crc_crc": 1,
    "crc_gtq": 0.016840333,
    "crc_mxn": 0.038197889,
    "crc_pen": 0.0075234144,
    "crc_usd": 0.0022085411,
    "gtq_clp": 117.28097702,
    "gtq_cop": 481.13914975,
    "gtq_crc": 59.38124804,
    "gtq_gtq": 1,
    "gtq_mxn": 2.26823833,
    "gtq_pen": 0.44674973,
    "gtq_usd": 0.13114593,
    "mxn_clp": 51.70575565,
    "mxn_cop": 212.12019153,
    "mxn_crc": 26.17945705,
    "mxn_gtq": 0.44087078,
    "mxn_mxn": 1,
    "mxn_pen": 0.1969589,
    "mxn_usd": 0.057818406,
    "pen_clp": 262.2911594,
    "pen_cop": 1066.03012983,
    "pen_crc": 132.95952382,
    "pen_gtq": 2.2344228,
    "pen_mxn": 5.10940263,
    "pen_pen": 1,
    "pen_usd": 0.29312195,
    "timestamp": "2026-05-28 10:00:11",
    "usd_clp": 894.27846242,
    "usd_cop": 3668.7311955,
    "usd_crc": 452.78759213,
    "usd_gtq": 7.6250939,
    "usd_mxn": 17.29553028,
    "usd_pen": 3.40650867,
    "usd_usd": 1
}