{
    "clp_clp": 1,
    "clp_cop": 4.20602323,
    "clp_crc": 0.55429652,
    "clp_gtq": 0.0083991617,
    "clp_mxn": 0.018177373,
    "clp_pen": 0.0040309403,
    "clp_usd": 0.0010816096,
    "cop_clp": 0.23775427,
    "cop_cop": 1,
    "cop_crc": 0.13178637,
    "cop_gtq": 0.0019969366,
    "cop_mxn": 0.0043217482,
    "cop_pen": 0.00095837329,
    "cop_usd": 0.0002571573,
    "crc_clp": 1.80828061,
    "crc_cop": 7.59274808,
    "crc_crc": 1,
    "crc_gtq": 0.015164476,
    "crc_mxn": 0.032752249,
    "crc_pen": 0.0072519805,
    "crc_usd": 0.0019520235,
    "gtq_clp": 119.24451442,
    "gtq_cop": 500.69306425,
    "gtq_crc": 65.94358973,
    "gtq_gtq": 1,
    "gtq_mxn": 2.15980084,
    "gtq_pen": 0.47822162,
    "gtq_usd": 0.12872344,
    "mxn_clp": 55.21088428,
    "mxn_cop": 231.82371924,
    "mxn_crc": 30.53225483,
    "mxn_gtq": 0.46300565,
    "mxn_mxn": 1,
    "mxn_pen": 0.22141932,
    "mxn_usd": 0.059599679,
    "pen_clp": 249.34990072,
    "pen_cop": 1046.98959506,
    "pen_crc": 137.89336669,
    "pen_gtq": 2.09108068,
    "pen_mxn": 4.51631782,
    "pen_pen": 1,
    "pen_usd": 0.26917109,
    "timestamp": "2024-05-14 06:29:14",
    "usd_clp": 924.54801988,
    "usd_cop": 3888.6704444,
    "usd_crc": 512.47375003,
    "usd_gtq": 7.76542836,
    "usd_mxn": 16.80585438,
    "usd_pen": 3.72679788,
    "usd_usd": 1
}