{
    "clp_clp": 1,
    "clp_cop": 4.48685412,
    "clp_crc": 0.55636506,
    "clp_gtq": 0.008310396,
    "clp_mxn": 0.020741465,
    "clp_pen": 0.0040339988,
    "clp_usd": 0.0010745117,
    "cop_clp": 0.22118081,
    "cop_cop": 1,
    "cop_crc": 0.12308811,
    "cop_gtq": 0.0018397952,
    "cop_mxn": 0.0045495435,
    "cop_pen": 0.00089367424,
    "cop_usd": 0.00023786077,
    "crc_clp": 1.79738102,
    "crc_cop": 8.06458645,
    "crc_crc": 1,
    "crc_gtq": 0.014936948,
    "crc_mxn": 0.037280316,
    "crc_pen": 0.0072506329,
    "crc_usd": 0.001931307,
    "gtq_clp": 120.22034402,
    "gtq_cop": 543.53875893,
    "gtq_crc": 66.90315905,
    "gtq_gtq": 1,
    "gtq_mxn": 2.47285324,
    "gtq_pen": 0.48574659,
    "gtq_usd": 0.12928655,
    "mxn_clp": 48.21260142,
    "mxn_cop": 216.32290921,
    "mxn_crc": 26.82380684,
    "mxn_gtq": 0.40066581,
    "mxn_mxn": 1,
    "mxn_pen": 0.19448958,
    "mxn_usd": 0.051805006,
    "pen_clp": 247.89298441,
    "pen_cop": 1112.25965788,
    "pen_crc": 137.91899493,
    "pen_gtq": 2.06008887,
    "pen_mxn": 5.14166374,
    "pen_pen": 1,
    "pen_usd": 0.26636392,
    "timestamp": "2024-09-19 06:34:24",
    "usd_clp": 930.65525856,
    "usd_cop": 4175.71437916,
    "usd_crc": 517.78406794,
    "usd_gtq": 7.73411374,
    "usd_mxn": 19.30315376,
    "usd_pen": 3.75426219,
    "usd_usd": 1
}