{
    "clp_clp": 1,
    "clp_cop": 4.25910927,
    "clp_crc": 0.54951013,
    "clp_gtq": 0.0088462341,
    "clp_mxn": 0.019903256,
    "clp_pen": 0.0038732628,
    "clp_usd": 0.00115367,
    "cop_clp": 0.23479088,
    "cop_cop": 1,
    "cop_crc": 0.12901997,
    "cop_gtq": 0.0020770151,
    "cop_mxn": 0.0046731028,
    "cop_pen": 0.00090940678,
    "cop_usd": 0.00027087118,
    "crc_clp": 1.81980266,
    "crc_cop": 7.75073836,
    "crc_crc": 1,
    "crc_gtq": 0.0160984,
    "crc_mxn": 0.036219997,
    "crc_pen": 0.007048574,
    "crc_usd": 0.0020994517,
    "gtq_clp": 113.04245225,
    "gtq_cop": 481.46015578,
    "gtq_crc": 62.11797297,
    "gtq_gtq": 1,
    "gtq_mxn": 2.24991282,
    "gtq_pen": 0.43784313,
    "gtq_usd": 0.13041368,
    "mxn_clp": 50.24303668,
    "mxn_cop": 213.99058308,
    "mxn_crc": 27.60905777,
    "mxn_gtq": 0.44446167,
    "mxn_mxn": 1,
    "mxn_pen": 0.19460449,
    "mxn_usd": 0.057963882,
    "pen_clp": 258.18025806,
    "pen_cop": 1099.61792934,
    "pen_crc": 141.87266795,
    "pen_gtq": 2.28392301,
    "pen_mxn": 5.13862766,
    "pen_pen": 1,
    "pen_usd": 0.29785481,
    "timestamp": "2026-02-24 20:23:26",
    "usd_clp": 866.79902655,
    "usd_cop": 3691.79176549,
    "usd_crc": 476.31484837,
    "usd_gtq": 7.66790714,
    "usd_mxn": 17.25212256,
    "usd_pen": 3.35734046,
    "usd_usd": 1
}