{
    "clp_clp": 1,
    "clp_cop": 4.16952107,
    "clp_crc": 0.49781704,
    "clp_gtq": 0.0083799404,
    "clp_mxn": 0.019057398,
    "clp_pen": 0.0037745427,
    "clp_usd": 0.0010991596,
    "cop_clp": 0.2398357,
    "cop_cop": 1,
    "cop_crc": 0.1193943,
    "cop_gtq": 0.0020098089,
    "cop_mxn": 0.0045706443,
    "cop_pen": 0.00090527009,
    "cop_usd": 0.00026361772,
    "crc_clp": 2.00877012,
    "crc_cop": 8.37560934,
    "crc_crc": 1,
    "crc_gtq": 0.016833374,
    "crc_mxn": 0.038281931,
    "crc_pen": 0.0075821886,
    "crc_usd": 0.002207959,
    "gtq_clp": 119.33259156,
    "gtq_cop": 497.55975479,
    "gtq_crc": 59.40579776,
    "gtq_gtq": 1,
    "gtq_mxn": 2.27416867,
    "gtq_pen": 0.45042596,
    "gtq_usd": 0.13116557,
    "mxn_clp": 52.47306099,
    "mxn_cop": 218.78753337,
    "mxn_crc": 26.12198401,
    "mxn_gtq": 0.43972112,
    "mxn_mxn": 1,
    "mxn_pen": 0.19806181,
    "mxn_usd": 0.05767627,
    "pen_clp": 264.93275578,
    "pen_cop": 1104.64270725,
    "pen_crc": 131.88804086,
    "pen_gtq": 2.22012069,
    "pen_mxn": 5.04892893,
    "pen_pen": 1,
    "pen_usd": 0.29120339,
    "timestamp": "2026-05-17 21:51:24",
    "usd_clp": 909.78595881,
    "usd_cop": 3793.37172404,
    "usd_crc": 452.90695502,
    "usd_gtq": 7.62395207,
    "usd_mxn": 17.33815298,
    "usd_pen": 3.43402595,
    "usd_usd": 1
}