{
    "clp_clp": 1,
    "clp_cop": 4.3173787,
    "clp_crc": 0.53548778,
    "clp_gtq": 0.0081475206,
    "clp_mxn": 0.020218116,
    "clp_pen": 0.0038097372,
    "clp_usd": 0.001060582,
    "cop_clp": 0.23162203,
    "cop_cop": 1,
    "cop_crc": 0.12403076,
    "cop_gtq": 0.0018871452,
    "cop_mxn": 0.004682961,
    "cop_pen": 0.00088241904,
    "cop_usd": 0.00024565416,
    "crc_clp": 1.86745624,
    "crc_cop": 8.06251578,
    "crc_crc": 1,
    "crc_gtq": 0.015215138,
    "crc_mxn": 0.037756447,
    "crc_pen": 0.0071145175,
    "crc_usd": 0.0019805905,
    "gtq_clp": 122.73672555,
    "gtq_cop": 529.90092486,
    "gtq_crc": 65.72401707,
    "gtq_gtq": 1,
    "gtq_mxn": 2.48150537,
    "gtq_pen": 0.46759467,
    "gtq_usd": 0.13017237,
    "mxn_clp": 49.46059228,
    "mxn_cop": 213.54010772,
    "mxn_crc": 26.48554291,
    "mxn_gtq": 0.40298119,
    "mxn_mxn": 1,
    "mxn_pen": 0.18843186,
    "mxn_usd": 0.052457015,
    "pen_clp": 262.24428251,
    "pen_cop": 1136.35146653,
    "pen_crc": 140.63839893,
    "pen_gtq": 2.13878382,
    "pen_mxn": 5.3005835,
    "pen_pen": 1,
    "pen_usd": 0.27836987,
    "timestamp": "2025-06-20 06:42:07",
    "usd_clp": 942.87850389,
    "usd_cop": 4070.76357154,
    "usd_crc": 504.89991979,
    "usd_gtq": 7.68212204,
    "usd_mxn": 19.06322711,
    "usd_pen": 3.5921193,
    "usd_usd": 1
}