{
    "clp_clp": 1,
    "clp_cop": 4.52150407,
    "clp_crc": 0.55945502,
    "clp_gtq": 0.0083591278,
    "clp_mxn": 0.020749324,
    "clp_pen": 0.0040831708,
    "clp_usd": 0.001080855,
    "cop_clp": 0.22116534,
    "cop_cop": 1,
    "cop_crc": 0.12373206,
    "cop_gtq": 0.0018487494,
    "cop_mxn": 0.0045890314,
    "cop_pen": 0.00090305588,
    "cop_usd": 0.00023904767,
    "crc_clp": 1.78494381,
    "crc_cop": 8.05600442,
    "crc_crc": 1,
    "crc_gtq": 0.014887821,
    "crc_mxn": 0.037004245,
    "crc_pen": 0.0072576149,
    "crc_usd": 0.0019260206,
    "gtq_clp": 119.89288511,
    "gtq_cop": 541.11373621,
    "gtq_crc": 67.16899694,
    "gtq_gtq": 1,
    "gtq_mxn": 2.48553799,
    "gtq_pen": 0.48748672,
    "gtq_usd": 0.12936887,
    "mxn_clp": 48.19434093,
    "mxn_cop": 217.9109088,
    "mxn_crc": 26.96256594,
    "mxn_gtq": 0.40286265,
    "mxn_mxn": 1,
    "mxn_pen": 0.19678573,
    "mxn_usd": 0.052091095,
    "pen_clp": 244.90770625,
    "pen_cop": 1107.35119138,
    "pen_crc": 137.01484556,
    "pen_gtq": 2.04721481,
    "pen_mxn": 5.08166937,
    "pen_pen": 1,
    "pen_usd": 0.26470972,
    "timestamp": "2024-09-16 06:35:29",
    "usd_clp": 925.19347254,
    "usd_cop": 4183.26605456,
    "usd_crc": 517.60413215,
    "usd_gtq": 7.73381044,
    "usd_mxn": 19.19713922,
    "usd_pen": 3.77772299,
    "usd_usd": 1
}