{
    "clp_clp": 1,
    "clp_cop": 4.17905287,
    "clp_crc": 0.52786504,
    "clp_gtq": 0.0080307854,
    "clp_mxn": 0.019484359,
    "clp_pen": 0.0037173233,
    "clp_usd": 0.0010456756,
    "cop_clp": 0.23928867,
    "cop_cop": 1,
    "cop_crc": 0.12631212,
    "cop_gtq": 0.0019216759,
    "cop_mxn": 0.0046623864,
    "cop_pen": 0.00088951335,
    "cop_usd": 0.00025021832,
    "crc_clp": 1.89442363,
    "crc_cop": 7.91689651,
    "crc_crc": 1,
    "crc_gtq": 0.01521371,
    "crc_mxn": 0.036911631,
    "crc_pen": 0.0070421851,
    "crc_usd": 0.0019809525,
    "gtq_clp": 124.52082243,
    "gtq_cop": 520.37910073,
    "gtq_crc": 65.73018864,
    "gtq_gtq": 1,
    "gtq_mxn": 2.42620844,
    "gtq_pen": 0.46288416,
    "gtq_usd": 0.13020838,
    "mxn_clp": 51.32321702,
    "mxn_cop": 214.48243757,
    "mxn_crc": 27.0917319,
    "mxn_gtq": 0.41216574,
    "mxn_mxn": 1,
    "mxn_pen": 0.19078499,
    "mxn_usd": 0.053667435,
    "pen_clp": 269.01076694,
    "pen_cop": 1124.21021848,
    "pen_crc": 142.00137866,
    "pen_gtq": 2.16036773,
    "pen_mxn": 5.24150243,
    "pen_pen": 1,
    "pen_usd": 0.28129799,
    "timestamp": "2025-07-12 19:59:35",
    "usd_clp": 956.31954189,
    "usd_cop": 3996.50992925,
    "usd_crc": 504.80765115,
    "usd_gtq": 7.67999699,
    "usd_mxn": 18.63327354,
    "usd_pen": 3.55494894,
    "usd_usd": 1
}