{
    "clp_clp": 1,
    "clp_cop": 4.29940942,
    "clp_crc": 0.51898755,
    "clp_gtq": 0.0078827076,
    "clp_mxn": 0.01939358,
    "clp_pen": 0.0036785898,
    "clp_usd": 0.0010270933,
    "cop_clp": 0.23259008,
    "cop_cop": 1,
    "cop_crc": 0.12071136,
    "cop_gtq": 0.0018334396,
    "cop_mxn": 0.0045107543,
    "cop_pen": 0.00085560352,
    "cop_usd": 0.00023889171,
    "crc_clp": 1.92682848,
    "crc_cop": 8.28422453,
    "crc_crc": 1,
    "crc_gtq": 0.015188626,
    "crc_mxn": 0.037368101,
    "crc_pen": 0.0070880116,
    "crc_usd": 0.0019790326,
    "gtq_clp": 126.8599633,
    "gtq_cop": 545.42292164,
    "gtq_crc": 65.83874198,
    "gtq_gtq": 1,
    "gtq_mxn": 2.46026879,
    "gtq_pen": 0.46666577,
    "gtq_usd": 0.13029702,
    "mxn_clp": 51.5634567,
    "mxn_cop": 221.69241162,
    "mxn_crc": 26.76079224,
    "mxn_gtq": 0.40645965,
    "mxn_mxn": 1,
    "mxn_pen": 0.18968081,
    "mxn_usd": 0.05296048,
    "pen_clp": 271.8433011,
    "pen_cop": 1168.76565037,
    "pen_crc": 141.08328976,
    "pen_gtq": 2.14286126,
    "pen_mxn": 5.27201469,
    "pen_pen": 1,
    "pen_usd": 0.27920843,
    "timestamp": "2025-08-01 19:49:42",
    "usd_clp": 973.6213953,
    "usd_cop": 4185.99700159,
    "usd_crc": 505.29738594,
    "usd_gtq": 7.6747728,
    "usd_mxn": 18.88200399,
    "usd_pen": 3.58155375,
    "usd_usd": 1
}