{
    "clp_clp": 1,
    "clp_cop": 4.53964539,
    "clp_crc": 0.54905541,
    "clp_gtq": 0.0082464951,
    "clp_mxn": 0.021220677,
    "clp_pen": 0.0040188583,
    "clp_usd": 0.0010666185,
    "cop_clp": 0.22028152,
    "cop_cop": 1,
    "cop_crc": 0.12094676,
    "cop_gtq": 0.0018165505,
    "cop_mxn": 0.0046745231,
    "cop_pen": 0.00088528024,
    "cop_usd": 0.00023495634,
    "crc_clp": 1.8213098,
    "crc_cop": 8.26810064,
    "crc_crc": 1,
    "crc_gtq": 0.015019422,
    "crc_mxn": 0.038649428,
    "crc_pen": 0.0073195861,
    "crc_usd": 0.0019426427,
    "gtq_clp": 121.26363836,
    "gtq_cop": 550.49391723,
    "gtq_crc": 66.58045679,
    "gtq_gtq": 1,
    "gtq_mxn": 2.57329655,
    "gtq_pen": 0.48734139,
    "gtq_usd": 0.12934204,
    "mxn_clp": 47.1238492,
    "mxn_cop": 213.92556492,
    "mxn_crc": 25.87360439,
    "mxn_gtq": 0.38860659,
    "mxn_mxn": 1,
    "mxn_pen": 0.18938407,
    "mxn_usd": 0.050263167,
    "pen_clp": 248.82688392,
    "pen_cop": 1129.58581725,
    "pen_crc": 136.619747,
    "pen_gtq": 2.05194968,
    "pen_mxn": 5.28027502,
    "pen_pen": 1,
    "pen_usd": 0.26540335,
    "timestamp": "2024-10-17 19:21:45",
    "usd_clp": 937.54237085,
    "usd_cop": 4256.10990468,
    "usd_crc": 514.76271171,
    "usd_gtq": 7.73143857,
    "usd_mxn": 19.89528417,
    "usd_pen": 3.76784999,
    "usd_usd": 1
}