{
    "clp_clp": 1,
    "clp_cop": 4.42497253,
    "clp_crc": 0.53690795,
    "clp_gtq": 0.0081356355,
    "clp_mxn": 0.020443929,
    "clp_pen": 0.0039069181,
    "clp_usd": 0.0010609188,
    "cop_clp": 0.2259901,
    "cop_cop": 1,
    "cop_crc": 0.12133588,
    "cop_gtq": 0.0018385731,
    "cop_mxn": 0.0046201256,
    "cop_pen": 0.00088292482,
    "cop_usd": 0.00023975715,
    "crc_clp": 1.85570112,
    "crc_cop": 8.23511764,
    "crc_crc": 1,
    "crc_gtq": 0.015169044,
    "crc_mxn": 0.038141316,
    "crc_pen": 0.0072939615,
    "crc_usd": 0.0019737233,
    "gtq_clp": 122.33474757,
    "gtq_cop": 542.88970821,
    "gtq_crc": 65.92373441,
    "gtq_gtq": 1,
    "gtq_mxn": 2.514418,
    "gtq_pen": 0.48084518,
    "gtq_usd": 0.13011521,
    "mxn_clp": 48.91427659,
    "mxn_cop": 216.44433017,
    "mxn_crc": 26.26246394,
    "mxn_gtq": 0.39794872,
    "mxn_mxn": 1,
    "mxn_pen": 0.19110407,
    "mxn_usd": 0.051894076,
    "pen_clp": 255.95622396,
    "pen_cop": 1132.59925966,
    "pen_crc": 137.42493134,
    "pen_gtq": 2.08236654,
    "pen_mxn": 5.23275088,
    "pen_pen": 1,
    "pen_usd": 0.27154877,
    "timestamp": "2025-05-21 06:41:46",
    "usd_clp": 940.20327317,
    "usd_cop": 4172.37694736,
    "usd_crc": 506.65662944,
    "usd_gtq": 7.68549649,
    "usd_mxn": 19.32455071,
    "usd_pen": 3.69553394,
    "usd_usd": 1
}