{
    "clp_clp": 1,
    "clp_cop": 4.36009777,
    "clp_crc": 0.54963588,
    "clp_gtq": 0.0081590723,
    "clp_mxn": 0.019198519,
    "clp_pen": 0.0040368424,
    "clp_usd": 0.0010504962,
    "cop_clp": 0.22935266,
    "cop_cop": 1,
    "cop_crc": 0.12606045,
    "cop_gtq": 0.0018713049,
    "cop_mxn": 0.0044032314,
    "cop_pen": 0.00092586053,
    "cop_usd": 0.00024093409,
    "crc_clp": 1.81938633,
    "crc_cop": 7.93270226,
    "crc_crc": 1,
    "crc_gtq": 0.014844505,
    "crc_mxn": 0.034929523,
    "crc_pen": 0.0073445759,
    "crc_usd": 0.0019112584,
    "gtq_clp": 122.56295336,
    "gtq_cop": 534.38645953,
    "gtq_crc": 67.36499646,
    "gtq_gtq": 1,
    "gtq_mxn": 2.35302721,
    "gtq_pen": 0.49476733,
    "gtq_usd": 0.12875192,
    "mxn_clp": 52.08735061,
    "mxn_cop": 227.10594118,
    "mxn_crc": 28.62907667,
    "mxn_gtq": 0.42498446,
    "mxn_mxn": 1,
    "mxn_pen": 0.21026843,
    "mxn_usd": 0.054717564,
    "pen_clp": 247.71836439,
    "pen_cop": 1080.07628798,
    "pen_crc": 136.15490066,
    "pen_gtq": 2.02115205,
    "pen_mxn": 4.75582577,
    "pen_pen": 1,
    "pen_usd": 0.2602272,
    "timestamp": "2024-07-01 19:10:21",
    "usd_clp": 951.93109596,
    "usd_cop": 4150.51264799,
    "usd_crc": 523.21548355,
    "usd_gtq": 7.76687465,
    "usd_mxn": 18.27566741,
    "usd_pen": 3.84279582,
    "usd_usd": 1
}