{
    "clp_clp": 1,
    "clp_cop": 4.48413734,
    "clp_crc": 0.51891552,
    "clp_gtq": 0.0078320604,
    "clp_mxn": 0.020725573,
    "clp_pen": 0.0038537497,
    "clp_usd": 0.0010148431,
    "cop_clp": 0.22257781,
    "cop_cop": 1,
    "cop_crc": 0.1155653,
    "cop_gtq": 0.0017498685,
    "cop_mxn": 0.0046139085,
    "cop_pen": 0.00086063781,
    "cop_usd": 0.00022663389,
    "crc_clp": 1.92709595,
    "crc_cop": 8.64136293,
    "crc_crc": 1,
    "crc_gtq": 0.015093132,
    "crc_mxn": 0.039940168,
    "crc_pen": 0.0074265454,
    "crc_usd": 0.0019557001,
    "gtq_clp": 127.19687803,
    "gtq_cop": 571.47151433,
    "gtq_crc": 66.04227669,
    "gtq_gtq": 1,
    "gtq_mxn": 2.63671729,
    "gtq_pen": 0.49182999,
    "gtq_usd": 0.12951481,
    "mxn_clp": 48.24957014,
    "mxn_cop": 216.35769921,
    "mxn_crc": 25.0374508,
    "mxn_gtq": 0.37789355,
    "mxn_mxn": 1,
    "mxn_pen": 0.18594176,
    "mxn_usd": 0.048965745,
    "pen_clp": 259.4875357,
    "pen_cop": 1163.57774862,
    "pen_crc": 134.65210965,
    "pen_gtq": 2.03232206,
    "pen_mxn": 5.37802793,
    "pen_pen": 1,
    "pen_usd": 0.26333914,
    "timestamp": "2024-11-25 06:38:08",
    "usd_clp": 985.3739585,
    "usd_cop": 4418.55216314,
    "usd_crc": 511.32584054,
    "usd_gtq": 7.7175084,
    "usd_mxn": 20.42244015,
    "usd_pen": 3.79738455,
    "usd_usd": 1
}