{
    "clp_clp": 1,
    "clp_cop": 4.52315015,
    "clp_crc": 0.54244559,
    "clp_gtq": 0.0082094353,
    "clp_mxn": 0.020748286,
    "clp_pen": 0.0039067171,
    "clp_usd": 0.0010674389,
    "cop_clp": 0.22108486,
    "cop_cop": 1,
    "cop_crc": 0.11992651,
    "cop_gtq": 0.0018149818,
    "cop_mxn": 0.0045871319,
    "cop_pen": 0.00086371598,
    "cop_usd": 0.00023599459,
    "crc_clp": 1.84350286,
    "crc_cop": 8.33844025,
    "crc_crc": 1,
    "crc_gtq": 0.015134117,
    "crc_mxn": 0.038249525,
    "crc_pen": 0.0072020441,
    "crc_usd": 0.0019678268,
    "gtq_clp": 121.81105812,
    "gtq_cop": 550.96970542,
    "gtq_crc": 66.07587134,
    "gtq_gtq": 1,
    "gtq_mxn": 2.5273707,
    "gtq_pen": 0.47588134,
    "gtq_usd": 0.13002587,
    "mxn_clp": 48.19675165,
    "mxn_cop": 218.00114428,
    "mxn_crc": 26.1441154,
    "mxn_gtq": 0.39566811,
    "mxn_mxn": 1,
    "mxn_pen": 0.18829107,
    "mxn_usd": 0.05144709,
    "pen_clp": 256.30967883,
    "pen_cop": 1158.64961201,
    "pen_crc": 139.4155451,
    "pen_gtq": 2.10231841,
    "pen_mxn": 5.32115041,
    "pen_pen": 1,
    "pen_usd": 0.27365011,
    "timestamp": "2025-05-11 06:36:33",
    "usd_clp": 936.63283688,
    "usd_cop": 4234.05498385,
    "usd_crc": 509.46643181,
    "usd_gtq": 7.68250527,
    "usd_mxn": 19.44508778,
    "usd_pen": 3.65430147,
    "usd_usd": 1
}