{
    "clp_clp": 1,
    "clp_cop": 3.50606653,
    "clp_crc": 0.4863216,
    "clp_gtq": 0.0081729045,
    "clp_mxn": 0.018805705,
    "clp_pen": 0.0036342769,
    "clp_usd": 0.0010718875,
    "cop_clp": 0.28521992,
    "cop_cop": 1,
    "cop_crc": 0.13870861,
    "cop_gtq": 0.0023310751,
    "cop_mxn": 0.0053637615,
    "cop_pen": 0.0010365682,
    "cop_usd": 0.00030572365,
    "crc_clp": 2.0562525,
    "crc_cop": 7.20935805,
    "crc_crc": 1,
    "crc_gtq": 0.016805555,
    "crc_mxn": 0.038669277,
    "crc_pen": 0.007472991,
    "crc_usd": 0.0022040712,
    "gtq_clp": 122.35552205,
    "gtq_cop": 428.9866004,
    "gtq_crc": 59.50413303,
    "gtq_gtq": 1,
    "gtq_mxn": 2.30098182,
    "gtq_pen": 0.44467385,
    "gtq_usd": 0.13115135,
    "mxn_clp": 53.17535373,
    "mxn_cop": 186.43632784,
    "mxn_crc": 25.86032301,
    "mxn_gtq": 0.43459709,
    "mxn_mxn": 1,
    "mxn_pen": 0.19325396,
    "mxn_usd": 0.056997994,
    "pen_clp": 275.15789743,
    "pen_cop": 964.72189417,
    "pen_crc": 133.81522844,
    "pen_gtq": 2.24883923,
    "pen_mxn": 5.17453817,
    "pen_pen": 1,
    "pen_usd": 0.2949383,
    "timestamp": "2026-07-18 20:49:57",
    "usd_clp": 932.93376887,
    "usd_cop": 3270.92786014,
    "usd_crc": 453.70584151,
    "usd_gtq": 7.62477862,
    "usd_mxn": 17.54447697,
    "usd_pen": 3.39053968,
    "usd_usd": 1
}