{
    "clp_clp": 1,
    "clp_cop": 3.96403596,
    "clp_crc": 0.50673136,
    "clp_gtq": 0.0085124398,
    "clp_mxn": 0.019384261,
    "clp_pen": 0.0038606158,
    "clp_usd": 0.0011153136,
    "cop_clp": 0.25226815,
    "cop_cop": 1,
    "cop_crc": 0.12783218,
    "cop_gtq": 0.0021474174,
    "cop_mxn": 0.0048900315,
    "cop_pen": 0.00097391039,
    "cop_usd": 0.00028135809,
    "crc_clp": 1.97343222,
    "crc_cop": 7.82275629,
    "crc_crc": 1,
    "crc_gtq": 0.016798723,
    "crc_mxn": 0.038253525,
    "crc_pen": 0.0076186636,
    "crc_usd": 0.0022009958,
    "gtq_clp": 117.47513287,
    "gtq_cop": 465.67565133,
    "gtq_crc": 59.52833425,
    "gtq_gtq": 1,
    "gtq_mxn": 2.27716861,
    "gtq_pen": 0.45352636,
    "gtq_usd": 0.13102161,
    "mxn_clp": 51.5882454,
    "mxn_cop": 204.49765999,
    "mxn_crc": 26.14138193,
    "mxn_gtq": 0.43914183,
    "mxn_mxn": 1,
    "mxn_pen": 0.1991624,
    "mxn_usd": 0.057537071,
    "pen_clp": 259.0260331,
    "pen_cop": 1026.78851031,
    "pen_crc": 131.25661492,
    "pen_gtq": 2.20494352,
    "pen_mxn": 5.02102816,
    "pen_pen": 1,
    "pen_usd": 0.28889525,
    "timestamp": "2026-04-26 20:55:52",
    "usd_clp": 896.60882572,
    "usd_cop": 3554.18962908,
    "usd_crc": 454.33981274,
    "usd_gtq": 7.63232868,
    "usd_mxn": 17.38009926,
    "usd_pen": 3.46146221,
    "usd_usd": 1
}