{
    "clp_clp": 1,
    "clp_cop": 4.04056951,
    "clp_crc": 0.51204686,
    "clp_gtq": 0.0083864655,
    "clp_mxn": 0.019440694,
    "clp_pen": 0.0037671473,
    "clp_usd": 0.0010953373,
    "cop_clp": 0.24748986,
    "cop_cop": 1,
    "cop_crc": 0.12672641,
    "cop_gtq": 0.0020755652,
    "cop_mxn": 0.0048113747,
    "cop_pen": 0.00093233076,
    "cop_usd": 0.00027108489,
    "crc_clp": 1.95294625,
    "crc_cop": 7.89101508,
    "crc_crc": 1,
    "crc_gtq": 0.016378316,
    "crc_mxn": 0.037966631,
    "crc_pen": 0.0073570361,
    "crc_usd": 0.0021391349,
    "gtq_clp": 119.2397447,
    "gtq_cop": 481.79647639,
    "gtq_crc": 61.05633708,
    "gtq_gtq": 1,
    "gtq_mxn": 2.31810339,
    "gtq_pen": 0.44919368,
    "gtq_usd": 0.13060774,
    "mxn_clp": 51.43849284,
    "mxn_cop": 207.8408056,
    "mxn_crc": 26.33891883,
    "mxn_gtq": 0.43138714,
    "mxn_mxn": 1,
    "mxn_pen": 0.19377638,
    "mxn_usd": 0.056342501,
    "pen_clp": 265.45285667,
    "pen_cop": 1072.58071799,
    "pen_crc": 135.92430223,
    "pen_gtq": 2.22621121,
    "pen_mxn": 5.16058776,
    "pen_pen": 1,
    "pen_usd": 0.29076042,
    "timestamp": "2026-03-20 20:07:30",
    "usd_clp": 912.96076222,
    "usd_cop": 3688.88141621,
    "usd_crc": 467.47869329,
    "usd_gtq": 7.6565139,
    "usd_mxn": 17.74859083,
    "usd_pen": 3.43925763,
    "usd_usd": 1
}