{
    "clp_clp": 1,
    "clp_cop": 4.48331809,
    "clp_crc": 0.52887205,
    "clp_gtq": 0.0079463814,
    "clp_mxn": 0.020764795,
    "clp_pen": 0.0038802038,
    "clp_usd": 0.0010289225,
    "cop_clp": 0.22304909,
    "cop_cop": 1,
    "cop_crc": 0.11796443,
    "cop_gtq": 0.0017724331,
    "cop_mxn": 0.0046315686,
    "cop_pen": 0.0008654759,
    "cop_usd": 0.00022950023,
    "crc_clp": 1.89007969,
    "crc_cop": 8.49558582,
    "crc_crc": 1,
    "crc_gtq": 0.015076673,
    "crc_mxn": 0.039228385,
    "crc_pen": 0.0073394074,
    "crc_usd": 0.0019479165,
    "gtq_clp": 125.36450463,
    "gtq_cop": 563.49206468,
    "gtq_crc": 66.32762905,
    "gtq_gtq": 1,
    "gtq_mxn": 2.60192575,
    "gtq_pen": 0.48680549,
    "gtq_usd": 0.12920069,
    "mxn_clp": 48.18143045,
    "mxn_cop": 216.5673115,
    "mxn_crc": 25.49174549,
    "mxn_gtq": 0.38433072,
    "mxn_mxn": 1,
    "mxn_pen": 0.1870943,
    "mxn_usd": 0.049655793,
    "pen_clp": 257.71842317,
    "pen_cop": 1155.43366969,
    "pen_crc": 136.30006975,
    "pen_gtq": 2.04792889,
    "pen_mxn": 5.35147028,
    "pen_pen": 1,
    "pen_usd": 0.2651723,
    "timestamp": "2024-11-11 06:35:18",
    "usd_clp": 971.8904532,
    "usd_cop": 4357.29405401,
    "usd_crc": 514.00569245,
    "usd_gtq": 7.72301225,
    "usd_mxn": 20.18110621,
    "usd_pen": 3.77113301,
    "usd_usd": 1
}