{
    "clp_clp": 1,
    "clp_cop": 4.34547019,
    "clp_crc": 0.53452277,
    "clp_gtq": 0.0081120263,
    "clp_mxn": 0.021429362,
    "clp_pen": 0.0038981934,
    "clp_usd": 0.0010494865,
    "cop_clp": 0.23012469,
    "cop_cop": 1,
    "cop_crc": 0.12300689,
    "cop_gtq": 0.0018667776,
    "cop_mxn": 0.0049314255,
    "cop_pen": 0.00089707057,
    "cop_usd": 0.00024151275,
    "crc_clp": 1.87082769,
    "crc_cop": 8.12962595,
    "crc_crc": 1,
    "crc_gtq": 0.015176203,
    "crc_mxn": 0.040090645,
    "crc_pen": 0.0072928481,
    "crc_usd": 0.0019634084,
    "gtq_clp": 123.27376276,
    "gtq_cop": 535.68246175,
    "gtq_crc": 65.89263334,
    "gtq_gtq": 1,
    "gtq_mxn": 2.64167814,
    "gtq_pen": 0.48054497,
    "gtq_usd": 0.12937415,
    "mxn_clp": 46.66494406,
    "mxn_cop": 202.7811235,
    "mxn_crc": 24.94347524,
    "mxn_gtq": 0.37854725,
    "mxn_mxn": 1,
    "mxn_pen": 0.18190898,
    "mxn_usd": 0.048974228,
    "pen_clp": 256.52908835,
    "pen_cop": 1114.73950729,
    "pen_crc": 137.12063931,
    "pen_gtq": 2.0809707,
    "pen_mxn": 5.49725481,
    "pen_pen": 1,
    "pen_usd": 0.26922381,
    "timestamp": "2025-02-14 19:20:30",
    "usd_clp": 952.8469623,
    "usd_cop": 4140.56807396,
    "usd_crc": 509.31839925,
    "usd_gtq": 7.72951957,
    "usd_mxn": 20.41890292,
    "usd_pen": 3.71438174,
    "usd_usd": 1
}