{
    "clp_clp": 1,
    "clp_cop": 3.93702422,
    "clp_crc": 0.51466701,
    "clp_gtq": 0.0079555661,
    "clp_mxn": 0.016892849,
    "clp_pen": 0.0037975024,
    "clp_usd": 0.0010208857,
    "cop_clp": 0.25399895,
    "cop_cop": 1,
    "cop_crc": 0.13072488,
    "cop_gtq": 0.0020207054,
    "cop_mxn": 0.0042907658,
    "cop_pen": 0.0009645616,
    "cop_usd": 0.0002593039,
    "crc_clp": 1.94300389,
    "crc_cop": 7.64965338,
    "crc_crc": 1,
    "crc_gtq": 0.015457696,
    "crc_mxn": 0.032822871,
    "crc_pen": 0.0073785619,
    "crc_usd": 0.0019835849,
    "gtq_clp": 125.69815763,
    "gtq_cop": 494.87669069,
    "gtq_crc": 64.6926947,
    "gtq_gtq": 1,
    "gtq_mxn": 2.12339996,
    "gtq_pen": 0.47733905,
    "gtq_usd": 0.12832345,
    "mxn_clp": 59.16484828,
    "mxn_cop": 233.74976714,
    "mxn_crc": 30.47375709,
    "mxn_gtq": 0.47115256,
    "mxn_mxn": 1,
    "mxn_pen": 0.2242328,
    "mxn_usd": 0.060386448,
    "pen_clp": 263.85456197,
    "pen_cop": 1042.44233211,
    "pen_crc": 135.90231466,
    "pen_gtq": 2.10117587,
    "pen_mxn": 4.45965078,
    "pen_pen": 1,
    "pen_usd": 0.26930247,
    "timestamp": "2024-03-31 06:24:21",
    "usd_clp": 979.54157345,
    "usd_cop": 3856.4788968,
    "usd_crc": 504.13773082,
    "usd_gtq": 7.79280772,
    "usd_mxn": 16.54724761,
    "usd_pen": 3.71981146,
    "usd_usd": 1
}