{
    "clp_clp": 1,
    "clp_cop": 4.29186557,
    "clp_crc": 0.51392173,
    "clp_gtq": 0.0078754803,
    "clp_mxn": 0.020839228,
    "clp_pen": 0.0037866393,
    "clp_usd": 0.0010194288,
    "cop_clp": 0.23299891,
    "cop_cop": 1,
    "cop_crc": 0.1197432,
    "cop_gtq": 0.0018349783,
    "cop_mxn": 0.0048555173,
    "cop_pen": 0.00088228283,
    "cop_usd": 0.0002375258,
    "crc_clp": 1.94582161,
    "crc_cop": 8.35120478,
    "crc_crc": 1,
    "crc_gtq": 0.01532428,
    "crc_mxn": 0.04054942,
    "crc_pen": 0.0073681246,
    "crc_usd": 0.0019836266,
    "gtq_clp": 126.97638312,
    "gtq_cop": 544.96556726,
    "gtq_crc": 65.25592198,
    "gtq_gtq": 1,
    "gtq_mxn": 2.64608976,
    "gtq_pen": 0.48081376,
    "gtq_usd": 0.12944338,
    "mxn_clp": 47.98642323,
    "mxn_cop": 205.95127783,
    "mxn_crc": 24.66126546,
    "mxn_gtq": 0.37791613,
    "mxn_mxn": 1,
    "mxn_pen": 0.18170728,
    "mxn_usd": 0.048918742,
    "pen_clp": 264.0864165,
    "pen_cop": 1133.42339915,
    "pen_crc": 135.71974699,
    "pen_gtq": 2.07980736,
    "pen_mxn": 5.50335696,
    "pen_pen": 1,
    "pen_usd": 0.2692173,
    "timestamp": "2025-01-27 19:19:25",
    "usd_clp": 980.94148925,
    "usd_cop": 4210.06900639,
    "usd_crc": 504.12714331,
    "usd_gtq": 7.72538534,
    "usd_mxn": 20.44206305,
    "usd_pen": 3.71447158,
    "usd_usd": 1
}