{
    "clp_clp": 1,
    "clp_cop": 4.28280458,
    "clp_crc": 0.56139407,
    "clp_gtq": 0.0084434253,
    "clp_mxn": 0.019998214,
    "clp_pen": 0.0040822846,
    "clp_usd": 0.0010870373,
    "cop_clp": 0.23349186,
    "cop_cop": 1,
    "cop_crc": 0.13108094,
    "cop_gtq": 0.0019714711,
    "cop_mxn": 0.0046694201,
    "cop_pen": 0.00095318021,
    "cop_usd": 0.00025381436,
    "crc_clp": 1.78127996,
    "crc_cop": 7.62887396,
    "crc_crc": 1,
    "crc_gtq": 0.015040104,
    "crc_mxn": 0.035622418,
    "crc_pen": 0.0072716917,
    "crc_usd": 0.0019363178,
    "gtq_clp": 118.43534659,
    "gtq_cop": 507.2354449,
    "gtq_crc": 66.48890089,
    "gtq_gtq": 1,
    "gtq_mxn": 2.3684954,
    "gtq_pen": 0.48348679,
    "gtq_usd": 0.12874364,
    "mxn_clp": 50.00446556,
    "mxn_cop": 214.15935414,
    "mxn_crc": 28.07221028,
    "mxn_gtq": 0.42220897,
    "mxn_mxn": 1,
    "mxn_pen": 0.20413246,
    "mxn_usd": 0.05435672,
    "pen_clp": 244.96087421,
    "pen_cop": 1049.11955415,
    "pen_crc": 137.51958142,
    "pen_gtq": 2.06830884,
    "pen_mxn": 4.89877997,
    "pen_pen": 1,
    "pen_usd": 0.26628161,
    "timestamp": "2024-06-09 19:11:00",
    "usd_clp": 914.76255719,
    "usd_cop": 3939.60719924,
    "usd_crc": 526.59987841,
    "usd_gtq": 7.75989838,
    "usd_mxn": 18.40109834,
    "usd_pen": 3.73846296,
    "usd_usd": 1
}