{
    "clp_clp": 1,
    "clp_cop": 4.46791935,
    "clp_crc": 0.53520094,
    "clp_gtq": 0.0082636801,
    "clp_mxn": 0.021774457,
    "clp_pen": 0.0039036101,
    "clp_usd": 0.0010715428,
    "cop_clp": 0.22381783,
    "cop_cop": 1,
    "cop_crc": 0.11978751,
    "cop_gtq": 0.0018495589,
    "cop_mxn": 0.0048735116,
    "cop_pen": 0.00087369753,
    "cop_usd": 0.00023983038,
    "crc_clp": 1.8684571,
    "crc_cop": 8.34811562,
    "crc_crc": 1,
    "crc_gtq": 0.015440332,
    "crc_mxn": 0.040684639,
    "crc_pen": 0.007293728,
    "crc_usd": 0.0020021317,
    "gtq_clp": 121.01146122,
    "gtq_cop": 540.669449,
    "gtq_crc": 64.76544813,
    "gtq_gtq": 1,
    "gtq_mxn": 2.63495885,
    "gtq_pen": 0.47238156,
    "gtq_usd": 0.12966896,
    "mxn_clp": 45.92537038,
    "mxn_cop": 205.19085092,
    "mxn_crc": 24.57930153,
    "mxn_gtq": 0.37951257,
    "mxn_mxn": 1,
    "mxn_pen": 0.17927474,
    "mxn_usd": 0.049210999,
    "pen_clp": 251.07591251,
    "pen_cop": 1122.94783648,
    "pen_crc": 135.65762552,
    "pen_gtq": 2.0951421,
    "pen_mxn": 5.49473412,
    "pen_pen": 1,
    "pen_usd": 0.27173176,
    "timestamp": "2025-03-28 19:26:41",
    "usd_clp": 923.98442329,
    "usd_cop": 4132.56014368,
    "usd_crc": 499.2336048,
    "usd_gtq": 7.7103321,
    "usd_mxn": 20.22117012,
    "usd_pen": 3.68009983,
    "usd_usd": 1
}