{
    "clp_clp": 1,
    "clp_cop": 4.31985059,
    "clp_crc": 0.55200461,
    "clp_gtq": 0.0089359508,
    "clp_mxn": 0.020053898,
    "clp_pen": 0.0039127454,
    "clp_usd": 0.0011677567,
    "cop_clp": 0.23148949,
    "cop_cop": 1,
    "cop_crc": 0.12778327,
    "cop_gtq": 0.0020685787,
    "cop_mxn": 0.0046422667,
    "cop_pen": 0.00090575942,
    "cop_usd": 0.00027032339,
    "crc_clp": 1.81157906,
    "crc_cop": 7.82575089,
    "crc_crc": 1,
    "crc_gtq": 0.016188181,
    "crc_mxn": 0.036329222,
    "crc_pen": 0.0070882476,
    "crc_usd": 0.0021154835,
    "gtq_clp": 111.90750899,
    "gtq_cop": 483.42371917,
    "gtq_crc": 61.77346123,
    "gtq_gtq": 1,
    "gtq_mxn": 2.24418181,
    "gtq_pen": 0.43786559,
    "gtq_usd": 0.13068074,
    "mxn_clp": 49.86561617,
    "mxn_cop": 215.41201161,
    "mxn_crc": 27.52605017,
    "mxn_gtq": 0.4455967,
    "mxn_mxn": 1,
    "mxn_pen": 0.19511146,
    "mxn_usd": 0.058230906,
    "pen_clp": 255.57502547,
    "pen_cop": 1104.04592552,
    "pen_crc": 141.07859311,
    "pen_gtq": 2.28380587,
    "pen_mxn": 5.12527559,
    "pen_pen": 1,
    "pen_usd": 0.29844944,
    "timestamp": "2026-02-26 07:10:12",
    "usd_clp": 856.34278181,
    "usd_cop": 3699.27287444,
    "usd_crc": 472.70516616,
    "usd_gtq": 7.65223701,
    "usd_mxn": 17.17301114,
    "usd_pen": 3.35065126,
    "usd_usd": 1
}