{
    "clp_clp": 1,
    "clp_cop": 4.02540311,
    "clp_crc": 0.52741794,
    "clp_gtq": 0.0080067958,
    "clp_mxn": 0.019189365,
    "clp_pen": 0.003656454,
    "clp_usd": 0.0010455193,
    "cop_clp": 0.24560551,
    "cop_cop": 1,
    "cop_crc": 0.1305803,
    "cop_gtq": 0.0019831334,
    "cop_mxn": 0.004752631,
    "cop_pen": 0.00090658938,
    "cop_usd": 0.00025890608,
    "crc_clp": 1.88087711,
    "crc_cop": 7.65812273,
    "crc_crc": 1,
    "crc_gtq": 0.015187079,
    "crc_mxn": 0.036396232,
    "crc_pen": 0.0069427727,
    "crc_usd": 0.0019827346,
    "gtq_clp": 123.84719231,
    "gtq_cop": 504.25250777,
    "gtq_crc": 65.84544613,
    "gtq_gtq": 1,
    "gtq_mxn": 2.39652612,
    "gtq_pen": 0.45714997,
    "gtq_usd": 0.13055404,
    "mxn_clp": 52.11219983,
    "mxn_cop": 209.77261125,
    "mxn_crc": 27.48490895,
    "mxn_gtq": 0.41725174,
    "mxn_mxn": 1,
    "mxn_pen": 0.19054586,
    "mxn_usd": 0.05448431,
    "pen_clp": 270.91151983,
    "pen_cop": 1103.03520585,
    "pen_crc": 144.03467331,
    "pen_gtq": 2.18746598,
    "pen_mxn": 5.24231936,
    "pen_pen": 1,
    "pen_usd": 0.28558253,
    "timestamp": "2025-09-24 19:27:28",
    "usd_clp": 956.46251196,
    "usd_cop": 3850.14716988,
    "usd_crc": 504.45548524,
    "usd_gtq": 7.65820003,
    "usd_mxn": 18.35390782,
    "usd_pen": 3.49726121,
    "usd_usd": 1
}