{
    "clp_clp": 1,
    "clp_cop": 3.43842825,
    "clp_crc": 0.48449431,
    "clp_gtq": 0.0081474463,
    "clp_mxn": 0.018573601,
    "clp_pen": 0.0036300076,
    "clp_usd": 0.0010683413,
    "cop_clp": 0.29083056,
    "cop_cop": 1,
    "cop_crc": 0.14090575,
    "cop_gtq": 0.0023695263,
    "cop_mxn": 0.0054017706,
    "cop_pen": 0.0010557171,
    "cop_usd": 0.00031070629,
    "crc_clp": 2.06400774,
    "crc_cop": 7.09694251,
    "crc_crc": 1,
    "crc_gtq": 0.016816392,
    "crc_mxn": 0.038336055,
    "crc_pen": 0.0074923638,
    "crc_usd": 0.0022050647,
    "gtq_clp": 122.73784476,
    "gtq_cop": 422.02527216,
    "gtq_crc": 59.46578709,
    "gtq_gtq": 1,
    "gtq_mxn": 2.2796837,
    "gtq_pen": 0.44553931,
    "gtq_usd": 0.13112591,
    "mxn_clp": 53.83985711,
    "mxn_cop": 185.12448542,
    "mxn_crc": 26.08510428,
    "mxn_gtq": 0.43865735,
    "mxn_mxn": 1,
    "mxn_pen": 0.19543909,
    "mxn_usd": 0.057519342,
    "pen_clp": 275.48151594,
    "pen_cop": 947.22342543,
    "pen_crc": 133.46922628,
    "pen_gtq": 2.24447086,
    "pen_mxn": 5.11668364,
    "pen_pen": 1,
    "pen_usd": 0.29430828,
    "timestamp": "2026-07-23 20:45:37",
    "usd_clp": 936.03047694,
    "usd_cop": 3218.47363022,
    "usd_crc": 453.50143766,
    "usd_gtq": 7.62625805,
    "usd_mxn": 17.38545619,
    "usd_pen": 3.39779776,
    "usd_usd": 1
}