{
    "clp_clp": 1,
    "clp_cop": 3.94520928,
    "clp_crc": 0.49947261,
    "clp_gtq": 0.0082203461,
    "clp_mxn": 0.01941196,
    "clp_pen": 0.0037507269,
    "clp_usd": 0.0010738336,
    "cop_clp": 0.25347198,
    "cop_cop": 1,
    "cop_crc": 0.12660231,
    "cop_gtq": 0.0020836274,
    "cop_mxn": 0.0049203878,
    "cop_pen": 0.00095070417,
    "cop_usd": 0.00027218673,
    "crc_clp": 2.00211178,
    "crc_cop": 7.89874998,
    "crc_crc": 1,
    "crc_gtq": 0.016458052,
    "crc_mxn": 0.038864913,
    "crc_pen": 0.0075093746,
    "crc_usd": 0.0021499349,
    "gtq_clp": 121.64937892,
    "gtq_cop": 479.93225845,
    "gtq_crc": 60.76053294,
    "gtq_gtq": 1,
    "gtq_mxn": 2.36145283,
    "gtq_pen": 0.4562736,
    "gtq_usd": 0.13063119,
    "mxn_clp": 51.03170917,
    "mxn_cop": 203.4485318,
    "mxn_crc": 25.70783692,
    "mxn_gtq": 0.42319407,
    "mxn_mxn": 1,
    "mxn_pen": 0.19266161,
    "mxn_usd": 0.055271376,
    "pen_clp": 266.6149847,
    "pen_cop": 1051.85191142,
    "pen_crc": 133.16688259,
    "pen_gtq": 2.19166745,
    "pen_mxn": 5.17551932,
    "pen_pen": 1,
    "pen_usd": 0.28630013,
    "timestamp": "2026-03-31 07:22:55",
    "usd_clp": 931.24297567,
    "usd_cop": 3673.94842818,
    "usd_crc": 465.1303607,
    "usd_gtq": 7.65513958,
    "usd_mxn": 18.07725103,
    "usd_pen": 3.4928381,
    "usd_usd": 1
}