{
    "clp_clp": 1,
    "clp_cop": 4.05686008,
    "clp_crc": 0.53081858,
    "clp_gtq": 0.0081030286,
    "clp_mxn": 0.01744856,
    "clp_pen": 0.0038386222,
    "clp_usd": 0.0010391262,
    "cop_clp": 0.24649605,
    "cop_cop": 1,
    "cop_crc": 0.13084469,
    "cop_gtq": 0.0019973646,
    "cop_mxn": 0.0043010012,
    "cop_pen": 0.00094620523,
    "cop_usd": 0.0002561405,
    "crc_clp": 1.88388281,
    "crc_cop": 7.64264894,
    "crc_crc": 1,
    "crc_gtq": 0.015265156,
    "crc_mxn": 0.032871042,
    "crc_pen": 0.0072315144,
    "crc_usd": 0.0019575919,
    "gtq_clp": 123.41064671,
    "gtq_cop": 500.65972563,
    "gtq_crc": 65.50866452,
    "gtq_gtq": 1,
    "gtq_mxn": 2.15333808,
    "gtq_pen": 0.47372685,
    "gtq_usd": 0.12823923,
    "mxn_clp": 57.31131953,
    "mxn_cop": 232.5040041,
    "mxn_crc": 30.42191338,
    "mxn_gtq": 0.46439526,
    "mxn_mxn": 1,
    "mxn_pen": 0.2199965,
    "mxn_usd": 0.059553692,
    "pen_clp": 260.51013794,
    "pen_cop": 1056.85317805,
    "pen_crc": 138.28362209,
    "pen_gtq": 2.1109211,
    "pen_mxn": 4.54552678,
    "pen_pen": 1,
    "pen_usd": 0.2707029,
    "timestamp": "2024-03-11 06:26:28",
    "usd_clp": 962.34705321,
    "usd_cop": 3904.10733958,
    "usd_crc": 510.83169842,
    "usd_gtq": 7.7979257,
    "usd_mxn": 16.79157034,
    "usd_pen": 3.69408677,
    "usd_usd": 1
}