{
    "clp_clp": 1,
    "clp_cop": 4.47016387,
    "clp_crc": 0.54331895,
    "clp_gtq": 0.0082628743,
    "clp_mxn": 0.020423929,
    "clp_pen": 0.0038972211,
    "clp_usd": 0.0010745726,
    "cop_clp": 0.22370545,
    "cop_cop": 1,
    "cop_crc": 0.12154341,
    "cop_gtq": 0.00184845,
    "cop_mxn": 0.0045689441,
    "cop_pen": 0.00087182957,
    "cop_usd": 0.00024038774,
    "crc_clp": 1.8430348,
    "crc_cop": 8.24652937,
    "crc_crc": 1,
    "crc_gtq": 0.015160108,
    "crc_mxn": 0.037321673,
    "crc_pen": 0.0071670336,
    "crc_usd": 0.0019724807,
    "gtq_clp": 121.02326149,
    "gtq_cop": 540.99381038,
    "gtq_crc": 65.75423173,
    "gtq_gtq": 1,
    "gtq_mxn": 2.47177049,
    "gtq_pen": 0.4716544,
    "gtq_usd": 0.13004828,
    "mxn_clp": 48.96217594,
    "mxn_cop": 218.86894965,
    "mxn_crc": 26.60207817,
    "mxn_gtq": 0.40456831,
    "mxn_mxn": 1,
    "mxn_pen": 0.19081642,
    "mxn_usd": 0.052613413,
    "pen_clp": 256.59309134,
    "pen_cop": 1147.013165,
    "pen_crc": 139.41188976,
    "pen_gtq": 2.12019647,
    "pen_mxn": 5.24063905,
    "pen_pen": 1,
    "pen_usd": 0.27572791,
    "timestamp": "2025-06-13 19:41:52",
    "usd_clp": 930.60254741,
    "usd_cop": 4159.94588046,
    "usd_crc": 505.61400181,
    "usd_gtq": 7.6894519,
    "usd_mxn": 19.00656026,
    "usd_pen": 3.62676385,
    "usd_usd": 1
}