{
    "clp_clp": 1,
    "clp_cop": 4.02540311,
    "clp_crc": 0.52741794,
    "clp_gtq": 0.0080067958,
    "clp_mxn": 0.019189365,
    "clp_pen": 0.003656454,
    "clp_usd": 0.0010455193,
    "cop_clp": 0.24842233,
    "cop_cop": 1,
    "cop_crc": 0.13102239,
    "cop_gtq": 0.0019890668,
    "cop_mxn": 0.0047670666,
    "cop_pen": 0.00090834481,
    "cop_usd": 0.00025973033,
    "crc_clp": 1.89602956,
    "crc_cop": 7.63228329,
    "crc_crc": 1,
    "crc_gtq": 0.015181122,
    "crc_mxn": 0.036383602,
    "crc_pen": 0.0069327449,
    "crc_usd": 0.0019823355,
    "gtq_clp": 124.89390567,
    "gtq_cop": 502.74831625,
    "gtq_crc": 65.87128612,
    "gtq_gtq": 1,
    "gtq_mxn": 2.39663469,
    "gtq_pen": 0.45666883,
    "gtq_usd": 0.13057899,
    "mxn_clp": 52.11219983,
    "mxn_cop": 209.77261125,
    "mxn_crc": 27.48490895,
    "mxn_gtq": 0.41725174,
    "mxn_mxn": 1,
    "mxn_pen": 0.19054586,
    "mxn_usd": 0.05448431,
    "pen_clp": 273.48901137,
    "pen_cop": 1100.90351683,
    "pen_crc": 144.24301027,
    "pen_gtq": 2.18977067,
    "pen_mxn": 5.24808034,
    "pen_pen": 1,
    "pen_usd": 0.28593804,
    "timestamp": "2025-09-23 19:26:31",
    "usd_clp": 956.46251196,
    "usd_cop": 3850.14716988,
    "usd_crc": 504.45548524,
    "usd_gtq": 7.65820003,
    "usd_mxn": 18.35390782,
    "usd_pen": 3.49726121,
    "usd_usd": 1
}