{
    "clp_clp": 1,
    "clp_cop": 4.03122773,
    "clp_crc": 0.51246433,
    "clp_gtq": 0.0085713773,
    "clp_mxn": 0.019430679,
    "clp_pen": 0.0038268111,
    "clp_usd": 0.001124067,
    "cop_clp": 0.24806339,
    "cop_cop": 1,
    "cop_crc": 0.12712364,
    "cop_gtq": 0.0021262449,
    "cop_mxn": 0.00482004,
    "cop_pen": 0.00094929173,
    "cop_usd": 0.00027883986,
    "crc_clp": 1.95135533,
    "crc_cop": 7.8663577,
    "crc_crc": 1,
    "crc_gtq": 0.016725803,
    "crc_mxn": 0.037916159,
    "crc_pen": 0.0074674683,
    "crc_usd": 0.002193454,
    "gtq_clp": 116.66736444,
    "gtq_cop": 470.31271467,
    "gtq_crc": 59.78786277,
    "gtq_gtq": 1,
    "gtq_mxn": 2.26692611,
    "gtq_pen": 0.44646397,
    "gtq_usd": 0.13114193,
    "mxn_clp": 51.46500534,
    "mxn_cop": 207.46715664,
    "mxn_crc": 26.37397949,
    "mxn_gtq": 0.44112598,
    "mxn_mxn": 1,
    "mxn_pen": 0.19694686,
    "mxn_usd": 0.057850112,
    "pen_clp": 261.31417569,
    "pen_cop": 1053.41695122,
    "pen_crc": 133.91419402,
    "pen_gtq": 2.2398224,
    "pen_mxn": 5.07751187,
    "pen_pen": 1,
    "pen_usd": 0.29373463,
    "timestamp": "2026-06-03 10:51:20",
    "usd_clp": 889.6267179,
    "usd_cop": 3586.28789426,
    "usd_crc": 455.90196013,
    "usd_gtq": 7.62532626,
    "usd_mxn": 17.28605121,
    "usd_pen": 3.40443344,
    "usd_usd": 1
}