{
    "clp_clp": 1,
    "clp_cop": 4.56627253,
    "clp_crc": 0.54463926,
    "clp_gtq": 0.0081749113,
    "clp_mxn": 0.020976156,
    "clp_pen": 0.003974092,
    "clp_usd": 0.0010577435,
    "cop_clp": 0.22037075,
    "cop_cop": 1,
    "cop_crc": 0.11989221,
    "cop_gtq": 0.0017994771,
    "cop_mxn": 0.0046135421,
    "cop_pen": 0.00087312494,
    "cop_usd": 0.00023272404,
    "crc_clp": 1.83607769,
    "crc_cop": 8.38403111,
    "crc_crc": 1,
    "crc_gtq": 0.015009772,
    "crc_mxn": 0.038513851,
    "crc_pen": 0.0072967416,
    "crc_usd": 0.0019420993,
    "gtq_clp": 122.3254856,
    "gtq_cop": 558.5715043,
    "gtq_crc": 66.62326233,
    "gtq_gtq": 1,
    "gtq_mxn": 2.56591841,
    "gtq_pen": 0.48613273,
    "gtq_usd": 0.12938899,
    "mxn_clp": 47.76606371,
    "mxn_cop": 216.75319504,
    "mxn_crc": 25.9870199,
    "mxn_gtq": 0.39004242,
    "mxn_mxn": 1,
    "mxn_pen": 0.18925262,
    "mxn_usd": 0.05044368,
    "pen_clp": 251.62980704,
    "pen_cop": 1149.01027495,
    "pen_crc": 137.04747267,
    "pen_gtq": 2.05705136,
    "pen_mxn": 5.27822597,
    "pen_pen": 1,
    "pen_usd": 0.26615979,
    "timestamp": "2024-10-25 06:35:25",
    "usd_clp": 945.40877996,
    "usd_cop": 4316.99413912,
    "usd_crc": 514.90674121,
    "usd_gtq": 7.72863296,
    "usd_mxn": 19.8310416,
    "usd_pen": 3.75714146,
    "usd_usd": 1
}