{
    "clp_clp": 1,
    "clp_cop": 4.09809943,
    "clp_crc": 0.52974544,
    "clp_gtq": 0.0081819484,
    "clp_mxn": 0.018052787,
    "clp_pen": 0.0039497178,
    "clp_usd": 0.0010521444,
    "cop_clp": 0.24401555,
    "cop_cop": 1,
    "cop_crc": 0.12926613,
    "cop_gtq": 0.0019965227,
    "cop_mxn": 0.0044051608,
    "cop_pen": 0.00096379257,
    "cop_usd": 0.0002567396,
    "crc_clp": 1.88769912,
    "crc_cop": 7.7359787,
    "crc_crc": 1,
    "crc_gtq": 0.015445057,
    "crc_mxn": 0.03407823,
    "crc_pen": 0.0074558788,
    "crc_usd": 0.0019861321,
    "gtq_clp": 122.22027703,
    "gtq_cop": 500.87084767,
    "gtq_crc": 64.74563424,
    "gtq_gtq": 1,
    "gtq_mxn": 2.2064166,
    "gtq_pen": 0.4827356,
    "gtq_usd": 0.12859338,
    "mxn_clp": 55.39310983,
    "mxn_cop": 227.00647185,
    "mxn_crc": 29.34424725,
    "mxn_gtq": 0.45322357,
    "mxn_mxn": 1,
    "mxn_pen": 0.21878715,
    "mxn_usd": 0.058281551,
    "pen_clp": 253.18264642,
    "pen_cop": 1037.56765909,
    "pen_crc": 134.12235203,
    "pen_gtq": 2.07152735,
    "pen_mxn": 4.57065233,
    "pen_pen": 1,
    "pen_usd": 0.26638471,
    "timestamp": "2024-04-28 19:05:22",
    "usd_clp": 950.43986406,
    "usd_cop": 3894.99706552,
    "usd_crc": 503.4911825,
    "usd_gtq": 7.77644992,
    "usd_mxn": 17.1580882,
    "usd_pen": 3.75396923,
    "usd_usd": 1
}