{
    "clp_clp": 1,
    "clp_cop": 4.28685963,
    "clp_crc": 0.53156777,
    "clp_gtq": 0.008073766,
    "clp_mxn": 0.019523871,
    "clp_pen": 0.0037333138,
    "clp_usd": 0.0010522883,
    "cop_clp": 0.23454073,
    "cop_cop": 1,
    "cop_crc": 0.12289396,
    "cop_gtq": 0.001868605,
    "cop_mxn": 0.0045151713,
    "cop_pen": 0.00086157766,
    "cop_usd": 0.00024337955,
    "crc_clp": 1.90848059,
    "crc_cop": 8.13709669,
    "crc_crc": 1,
    "crc_gtq": 0.01520502,
    "crc_mxn": 0.036740386,
    "crc_pen": 0.0070107407,
    "crc_usd": 0.001980403,
    "gtq_clp": 125.51648327,
    "gtq_cop": 535.15857994,
    "gtq_crc": 65.76775477,
    "gtq_gtq": 1,
    "gtq_mxn": 2.41633268,
    "gtq_pen": 0.46108068,
    "gtq_usd": 0.13024666,
    "mxn_clp": 51.94503403,
    "mxn_cop": 221.47553791,
    "mxn_crc": 27.21800493,
    "mxn_gtq": 0.4138503,
    "mxn_mxn": 1,
    "mxn_pen": 0.19081838,
    "mxn_usd": 0.053902617,
    "pen_clp": 272.22238908,
    "pen_cop": 1160.66147945,
    "pen_crc": 142.63828035,
    "pen_gtq": 2.16881785,
    "pen_mxn": 5.24058544,
    "pen_pen": 1,
    "pen_usd": 0.28248127,
    "timestamp": "2025-07-26 06:41:22",
    "usd_clp": 963.68296405,
    "usd_cop": 4108.80860523,
    "usd_crc": 504.94774238,
    "usd_gtq": 7.67774032,
    "usd_mxn": 18.55197483,
    "usd_pen": 3.5400577,
    "usd_usd": 1
}