{
    "clp_clp": 1,
    "clp_cop": 3.62016844,
    "clp_crc": 0.49120779,
    "clp_gtq": 0.0082259929,
    "clp_mxn": 0.018764943,
    "clp_pen": 0.003667748,
    "clp_usd": 0.0010787945,
    "cop_clp": 0.27623024,
    "cop_cop": 1,
    "cop_crc": 0.13568645,
    "cop_gtq": 0.002272268,
    "cop_mxn": 0.0051834446,
    "cop_pen": 0.0010131429,
    "cop_usd": 0.00029799565,
    "crc_clp": 2.03579833,
    "crc_cop": 7.36993288,
    "crc_crc": 1,
    "crc_gtq": 0.016746463,
    "crc_mxn": 0.038201639,
    "crc_pen": 0.0074667953,
    "crc_usd": 0.002196208,
    "gtq_clp": 121.56587235,
    "gtq_cop": 440.08893463,
    "gtq_crc": 59.71410351,
    "gtq_gtq": 1,
    "gtq_mxn": 2.28117662,
    "gtq_pen": 0.44587299,
    "gtq_usd": 0.13114459,
    "mxn_clp": 53.29086367,
    "mxn_cop": 192.92190289,
    "mxn_crc": 26.17688738,
    "mxn_gtq": 0.43837026,
    "mxn_mxn": 1,
    "mxn_pen": 0.19545746,
    "mxn_usd": 0.057489889,
    "pen_clp": 272.64686401,
    "pen_cop": 987.02757274,
    "pen_crc": 133.92626355,
    "pen_gtq": 2.24279116,
    "pen_mxn": 5.11620276,
    "pen_pen": 1,
    "pen_usd": 0.29412993,
    "timestamp": "2026-07-07 20:48:10",
    "usd_clp": 926.96063439,
    "usd_cop": 3355.75363501,
    "usd_crc": 455.33028472,
    "usd_gtq": 7.62517158,
    "usd_mxn": 17.39436313,
    "usd_pen": 3.39985805,
    "usd_usd": 1
}