{
    "clp_clp": 1,
    "clp_cop": 4.15828214,
    "clp_crc": 0.54523814,
    "clp_gtq": 0.0083818987,
    "clp_mxn": 0.019721315,
    "clp_pen": 0.0036869255,
    "clp_usd": 0.0010947769,
    "cop_clp": 0.24048392,
    "cop_cop": 1,
    "cop_crc": 0.13112101,
    "cop_gtq": 0.0020157119,
    "cop_mxn": 0.0047426593,
    "cop_pen": 0.0008866463,
    "cop_usd": 0.00026327625,
    "crc_clp": 1.834061,
    "crc_cop": 7.6265431,
    "crc_crc": 1,
    "crc_gtq": 0.015372913,
    "crc_mxn": 0.036170095,
    "crc_pen": 0.0067620462,
    "crc_usd": 0.0020078876,
    "gtq_clp": 119.30471107,
    "gtq_cop": 496.10264889,
    "gtq_crc": 65.0494782,
    "gtq_gtq": 1,
    "gtq_mxn": 2.35284583,
    "gtq_pen": 0.43986758,
    "gtq_usd": 0.13061204,
    "mxn_clp": 50.70655704,
    "mxn_cop": 210.85217035,
    "mxn_crc": 27.64714861,
    "mxn_gtq": 0.42501722,
    "mxn_mxn": 1,
    "mxn_pen": 0.1869513,
    "mxn_usd": 0.055512368,
    "pen_clp": 271.22869986,
    "pen_cop": 1127.84545764,
    "pen_crc": 147.88423056,
    "pen_gtq": 2.27341148,
    "pen_mxn": 5.34898671,
    "pen_pen": 1,
    "pen_usd": 0.29693492,
    "timestamp": "2025-12-14 19:51:59",
    "usd_clp": 913.42810066,
    "usd_cop": 3798.29175434,
    "usd_crc": 498.03583436,
    "usd_gtq": 7.65626179,
    "usd_mxn": 18.01400359,
    "usd_pen": 3.36774132,
    "usd_usd": 1
}