{
    "clp_clp": 1,
    "clp_cop": 4.10120397,
    "clp_crc": 0.53267946,
    "clp_gtq": 0.0081312866,
    "clp_mxn": 0.019598088,
    "clp_pen": 0.0035930164,
    "clp_usd": 0.001061657,
    "cop_clp": 0.24383084,
    "cop_cop": 1,
    "cop_crc": 0.12988368,
    "cop_gtq": 0.0019826584,
    "cop_mxn": 0.0047786181,
    "cop_pen": 0.00087608819,
    "cop_usd": 0.00025886472,
    "crc_clp": 1.8773016,
    "crc_cop": 7.69919676,
    "crc_crc": 1,
    "crc_gtq": 0.015264877,
    "crc_mxn": 0.036791521,
    "crc_pen": 0.0067451754,
    "crc_usd": 0.0019930504,
    "gtq_clp": 122.98176711,
    "gtq_cop": 504.37331159,
    "gtq_crc": 65.50986126,
    "gtq_gtq": 1,
    "gtq_mxn": 2.41020744,
    "gtq_pen": 0.4418755,
    "gtq_usd": 0.13056445,
    "mxn_clp": 51.02538687,
    "mxn_cop": 209.26551924,
    "mxn_crc": 27.18017551,
    "mxn_gtq": 0.41490205,
    "mxn_mxn": 1,
    "mxn_pen": 0.18333505,
    "mxn_usd": 0.054171459,
    "pen_clp": 278.31768577,
    "pen_cop": 1141.43759798,
    "pen_crc": 148.2541145,
    "pen_gtq": 2.26308088,
    "pen_mxn": 5.45449438,
    "pen_pen": 1,
    "pen_usd": 0.29547792,
    "timestamp": "2025-10-25 06:36:48",
    "usd_clp": 941.92380554,
    "usd_cop": 3863.02165131,
    "usd_crc": 501.74346387,
    "usd_gtq": 7.65905246,
    "usd_mxn": 18.45990522,
    "usd_pen": 3.38434765,
    "usd_usd": 1
}