{
    "clp_clp": 1,
    "clp_cop": 4.10540454,
    "clp_crc": 0.53203149,
    "clp_gtq": 0.0081230825,
    "clp_mxn": 0.019545981,
    "clp_pen": 0.003594875,
    "clp_usd": 0.0010611907,
    "cop_clp": 0.24358135,
    "cop_cop": 1,
    "cop_crc": 0.12959295,
    "cop_gtq": 0.0019786314,
    "cop_mxn": 0.0047610365,
    "cop_pen": 0.00087564451,
    "cop_usd": 0.00025848626,
    "crc_clp": 1.879588,
    "crc_cop": 7.71646912,
    "crc_crc": 1,
    "crc_gtq": 0.015268048,
    "crc_mxn": 0.036738391,
    "crc_pen": 0.0067568838,
    "crc_usd": 0.0019946012,
    "gtq_clp": 123.10597679,
    "gtq_cop": 505.39983606,
    "gtq_crc": 65.49625589,
    "gtq_gtq": 1,
    "gtq_mxn": 2.40622706,
    "gtq_pen": 0.44255059,
    "gtq_usd": 0.13063891,
    "mxn_clp": 51.03670526,
    "mxn_cop": 209.14760824,
    "mxn_crc": 27.19981018,
    "mxn_gtq": 0.4149383,
    "mxn_mxn": 1,
    "mxn_pen": 0.18372169,
    "mxn_usd": 0.054187837,
    "pen_clp": 278.17379256,
    "pen_cop": 1142.01595095,
    "pen_crc": 147.99721649,
    "pen_gtq": 2.25962865,
    "pen_mxn": 5.43717961,
    "pen_pen": 1,
    "pen_usd": 0.29519543,
    "timestamp": "2025-10-27 19:37:53",
    "usd_clp": 941.84797973,
    "usd_cop": 3859.67807452,
    "usd_crc": 501.954155,
    "usd_gtq": 7.65740655,
    "usd_mxn": 18.45432566,
    "usd_pen": 3.39045985,
    "usd_usd": 1
}