{
    "clp_clp": 1,
    "clp_cop": 4.2554597,
    "clp_crc": 0.53208437,
    "clp_gtq": 0.0080828111,
    "clp_mxn": 0.019550183,
    "clp_pen": 0.0037466505,
    "clp_usd": 0.0010542277,
    "cop_clp": 0.23499224,
    "cop_cop": 1,
    "cop_crc": 0.1250357,
    "cop_gtq": 0.0018993979,
    "cop_mxn": 0.0045941412,
    "cop_pen": 0.00088043378,
    "cop_usd": 0.00024773533,
    "crc_clp": 1.8794012,
    "crc_cop": 7.99771605,
    "crc_crc": 1,
    "crc_gtq": 0.015190845,
    "crc_mxn": 0.036742637,
    "crc_pen": 0.0070414594,
    "crc_usd": 0.0019813168,
    "gtq_clp": 123.71933285,
    "gtq_cop": 526.48263491,
    "gtq_crc": 65.82912315,
    "gtq_gtq": 1,
    "gtq_mxn": 2.41873557,
    "gtq_pen": 0.46353309,
    "gtq_usd": 0.13042835,
    "mxn_clp": 51.15041691,
    "mxn_cop": 217.66853772,
    "mxn_crc": 27.2163373,
    "mxn_gtq": 0.41343916,
    "mxn_mxn": 1,
    "mxn_pen": 0.19164273,
    "mxn_usd": 0.053924187,
    "pen_clp": 266.90506936,
    "pen_cop": 1135.80376607,
    "pen_crc": 142.01601541,
    "pen_gtq": 2.15734326,
    "pen_mxn": 5.21804289,
    "pen_pen": 1,
    "pen_usd": 0.28137872,
    "timestamp": "2025-07-25 06:45:41",
    "usd_clp": 950.30992971,
    "usd_cop": 4073.84527287,
    "usd_crc": 505.15412702,
    "usd_gtq": 7.67257999,
    "usd_mxn": 18.55372822,
    "usd_pen": 3.54780514,
    "usd_usd": 1
}