{
    "clp_clp": 1,
    "clp_cop": 4.56387197,
    "clp_crc": 0.54359588,
    "clp_gtq": 0.0081549576,
    "clp_mxn": 0.021067567,
    "clp_pen": 0.003967374,
    "clp_usd": 0.0010543449,
    "cop_clp": 0.21911219,
    "cop_cop": 1,
    "cop_crc": 0.11910849,
    "cop_gtq": 0.0017868506,
    "cop_mxn": 0.0046161609,
    "cop_pen": 0.00086930002,
    "cop_usd": 0.00023101983,
    "crc_clp": 1.83960186,
    "crc_cop": 8.39570738,
    "crc_crc": 1,
    "crc_gtq": 0.015001875,
    "crc_mxn": 0.038755936,
    "crc_pen": 0.0072983886,
    "crc_usd": 0.0019395749,
    "gtq_clp": 122.62479491,
    "gtq_cop": 559.64386473,
    "gtq_crc": 66.65833375,
    "gtq_gtq": 1,
    "gtq_mxn": 2.58340614,
    "gtq_pen": 0.48649842,
    "gtq_usd": 0.12928883,
    "mxn_clp": 47.46632487,
    "mxn_cop": 216.63022974,
    "mxn_crc": 25.80249881,
    "mxn_gtq": 0.38708587,
    "mxn_mxn": 1,
    "mxn_pen": 0.18831666,
    "mxn_usd": 0.050045879,
    "pen_clp": 252.05589372,
    "pen_cop": 1150.35082907,
    "pen_crc": 137.01654628,
    "pen_gtq": 2.05550512,
    "pen_mxn": 5.31020454,
    "pen_pen": 1,
    "pen_usd": 0.26575385,
    "timestamp": "2024-10-28 19:23:19",
    "usd_clp": 948.45621748,
    "usd_cop": 4328.63274899,
    "usd_crc": 515.57689566,
    "usd_gtq": 7.73462021,
    "usd_mxn": 19.98166532,
    "usd_pen": 3.76288054,
    "usd_usd": 1
}