{
    "clp_clp": 1,
    "clp_cop": 4.0116686,
    "clp_crc": 0.52067635,
    "clp_gtq": 0.0079402224,
    "clp_mxn": 0.019056822,
    "clp_pen": 0.0035865176,
    "clp_usd": 0.0010358182,
    "cop_clp": 0.24927283,
    "cop_cop": 1,
    "cop_crc": 0.12979047,
    "cop_gtq": 0.0019792817,
    "cop_mxn": 0.0047503481,
    "cop_pen": 0.00089402142,
    "cop_usd": 0.00025820133,
    "crc_clp": 1.92057887,
    "crc_cop": 7.70472592,
    "crc_crc": 1,
    "crc_gtq": 0.015249823,
    "crc_mxn": 0.03660013,
    "crc_pen": 0.00688819,
    "crc_usd": 0.0019893705,
    "gtq_clp": 125.94105619,
    "gtq_cop": 505.23378007,
    "gtq_crc": 65.57452986,
    "gtq_gtq": 1,
    "gtq_mxn": 2.40003634,
    "gtq_pen": 0.45168982,
    "gtq_usd": 0.13045203,
    "mxn_clp": 52.4746455,
    "mxn_cop": 210.51088745,
    "mxn_crc": 27.32230706,
    "mxn_gtq": 0.41666036,
    "mxn_mxn": 1,
    "mxn_pen": 0.18820124,
    "mxn_usd": 0.05435419,
    "pen_clp": 278.82199335,
    "pen_cop": 1118.5414346,
    "pen_crc": 145.17601869,
    "pen_gtq": 2.21390865,
    "pen_mxn": 5.31346121,
    "pen_pen": 1,
    "pen_usd": 0.28880888,
    "timestamp": "2025-10-04 19:41:56",
    "usd_clp": 965.42042361,
    "usd_cop": 3872.94679532,
    "usd_crc": 502.67158547,
    "usd_gtq": 7.66565291,
    "usd_mxn": 18.39784556,
    "usd_pen": 3.46249739,
    "usd_usd": 1
}