{
    "clp_clp": 1,
    "clp_cop": 4.34052327,
    "clp_crc": 0.53697868,
    "clp_gtq": 0.0081724511,
    "clp_mxn": 0.020440732,
    "clp_pen": 0.0038258645,
    "clp_usd": 0.0010622132,
    "cop_clp": 0.23038697,
    "cop_cop": 1,
    "cop_crc": 0.12371289,
    "cop_gtq": 0.0018828262,
    "cop_mxn": 0.0047092784,
    "cop_pen": 0.00088142934,
    "cop_usd": 0.00024472009,
    "crc_clp": 1.86227134,
    "crc_cop": 8.08323211,
    "crc_crc": 1,
    "crc_gtq": 0.015219321,
    "crc_mxn": 0.03806619,
    "crc_pen": 0.0071247979,
    "crc_usd": 0.0019781293,
    "gtq_clp": 122.3623111,
    "gtq_cop": 531.11645923,
    "gtq_crc": 65.7059518,
    "gtq_gtq": 1,
    "gtq_mxn": 2.50117526,
    "gtq_pen": 0.46814163,
    "gtq_usd": 0.12997487,
    "mxn_clp": 48.92192612,
    "mxn_cop": 212.34675894,
    "mxn_crc": 26.27003111,
    "mxn_gtq": 0.39981205,
    "mxn_mxn": 1,
    "mxn_pen": 0.18716866,
    "mxn_usd": 0.051965517,
    "pen_clp": 261.37883028,
    "pen_cop": 1134.52089623,
    "pen_crc": 140.35485821,
    "pen_gtq": 2.1361057,
    "pen_mxn": 5.34277472,
    "pen_pen": 1,
    "pen_usd": 0.27764005,
    "timestamp": "2025-06-23 19:46:38",
    "usd_clp": 941.43055778,
    "usd_cop": 4086.30124716,
    "usd_crc": 505.52813443,
    "usd_gtq": 7.69379517,
    "usd_mxn": 19.2435301,
    "usd_pen": 3.60178579,
    "usd_usd": 1
}