{
    "clp_clp": 1,
    "clp_cop": 4.29843778,
    "clp_crc": 0.52933211,
    "clp_gtq": 0.0080340172,
    "clp_mxn": 0.021243636,
    "clp_pen": 0.0038584527,
    "clp_usd": 0.0010387944,
    "cop_clp": 0.23264266,
    "cop_cop": 1,
    "cop_crc": 0.12314523,
    "cop_gtq": 0.0018690551,
    "cop_mxn": 0.004942176,
    "cop_pen": 0.00089764071,
    "cop_usd": 0.00024166789,
    "crc_clp": 1.88917314,
    "crc_cop": 8.12049318,
    "crc_crc": 1,
    "crc_gtq": 0.01517765,
    "crc_mxn": 0.040132907,
    "crc_pen": 0.0072892853,
    "crc_usd": 0.0019624624,
    "gtq_clp": 124.47073114,
    "gtq_cop": 535.02969295,
    "gtq_crc": 65.88635455,
    "gtq_gtq": 1,
    "gtq_mxn": 2.64421093,
    "gtq_pen": 0.48026443,
    "gtq_usd": 0.1292995,
    "mxn_clp": 47.14987958,
    "mxn_cop": 202.86431468,
    "mxn_crc": 24.71415723,
    "mxn_gtq": 0.37560074,
    "mxn_mxn": 1,
    "mxn_pen": 0.18047721,
    "mxn_usd": 0.048573054,
    "pen_clp": 259.17124448,
    "pen_cop": 1114.03146817,
    "pen_crc": 137.18766127,
    "pen_gtq": 2.08218625,
    "pen_mxn": 5.50573963,
    "pen_pen": 1,
    "pen_usd": 0.26922563,
    "timestamp": "2025-02-07 06:34:40",
    "usd_clp": 962.65442483,
    "usd_cop": 4137.91014655,
    "usd_crc": 509.56389634,
    "usd_gtq": 7.73398225,
    "usd_mxn": 20.45028037,
    "usd_pen": 3.71435661,
    "usd_usd": 1
}