{
    "clp_clp": 1,
    "clp_cop": 4.23915396,
    "clp_crc": 0.51066741,
    "clp_gtq": 0.00853569,
    "clp_mxn": 0.019314665,
    "clp_pen": 0.0038558242,
    "clp_usd": 0.0011185927,
    "cop_clp": 0.23589613,
    "cop_cop": 1,
    "cop_crc": 0.12046446,
    "cop_gtq": 0.0020135362,
    "cop_mxn": 0.0045562547,
    "cop_pen": 0.00090957399,
    "cop_usd": 0.00026387169,
    "crc_clp": 1.95822169,
    "crc_cop": 8.30120325,
    "crc_crc": 1,
    "crc_gtq": 0.016714773,
    "crc_mxn": 0.037822397,
    "crc_pen": 0.0075505586,
    "crc_usd": 0.0021904525,
    "gtq_clp": 117.15514527,
    "gtq_cop": 496.63869832,
    "gtq_crc": 59.82731457,
    "gtq_gtq": 1,
    "gtq_mxn": 2.26281242,
    "gtq_pen": 0.45172964,
    "gtq_usd": 0.13104889,
    "mxn_clp": 51.77413033,
    "mxn_cop": 219.47850977,
    "mxn_crc": 26.43936103,
    "mxn_gtq": 0.44192793,
    "mxn_mxn": 1,
    "mxn_pen": 0.19963194,
    "mxn_usd": 0.057914166,
    "pen_clp": 259.34792402,
    "pen_cop": 1099.41577983,
    "pen_crc": 132.44053258,
    "pen_gtq": 2.21371348,
    "pen_mxn": 5.00921836,
    "pen_pen": 1,
    "pen_usd": 0.2901047,
    "timestamp": "2026-05-15 21:22:23",
    "usd_clp": 893.98042206,
    "usd_cop": 3789.72064875,
    "usd_crc": 456.52666649,
    "usd_gtq": 7.63073973,
    "usd_mxn": 17.26693266,
    "usd_pen": 3.44703134,
    "usd_usd": 1
}