{
    "clp_clp": 1,
    "clp_cop": 4.29201134,
    "clp_crc": 0.55707322,
    "clp_gtq": 0.0082180326,
    "clp_mxn": 0.019798592,
    "clp_pen": 0.0039619988,
    "clp_usd": 0.0010600501,
    "cop_clp": 0.2319137,
    "cop_cop": 1,
    "cop_crc": 0.12774842,
    "cop_gtq": 0.0018948578,
    "cop_mxn": 0.0046245218,
    "cop_pen": 0.00091499694,
    "cop_usd": 0.00024449448,
    "crc_clp": 1.81539388,
    "crc_cop": 7.82788551,
    "crc_crc": 1,
    "crc_gtq": 0.01483273,
    "crc_mxn": 0.036200228,
    "crc_pen": 0.0071624913,
    "crc_usd": 0.0019138748,
    "gtq_clp": 122.39108396,
    "gtq_cop": 527.74409224,
    "gtq_crc": 67.41847351,
    "gtq_gtq": 1,
    "gtq_mxn": 2.44056408,
    "gtq_pen": 0.48288423,
    "gtq_usd": 0.12903052,
    "mxn_clp": 50.14868693,
    "mxn_cop": 216.23857233,
    "mxn_crc": 27.62413578,
    "mxn_gtq": 0.40974134,
    "mxn_mxn": 1,
    "mxn_pen": 0.19785763,
    "mxn_usd": 0.052869137,
    "pen_clp": 253.45843964,
    "pen_cop": 1092.89982425,
    "pen_crc": 139.61622486,
    "pen_gtq": 2.07088974,
    "pen_mxn": 5.0541391,
    "pen_pen": 1,
    "pen_usd": 0.26720797,
    "timestamp": "2024-08-02 19:11:17",
    "usd_clp": 948.54370816,
    "usd_cop": 4090.07194009,
    "usd_crc": 522.50022466,
    "usd_gtq": 7.75010464,
    "usd_mxn": 18.91462701,
    "usd_pen": 3.74240333,
    "usd_usd": 1
}