{
    "clp_clp": 1,
    "clp_cop": 4.13223065,
    "clp_crc": 0.53252172,
    "clp_gtq": 0.008134285,
    "clp_mxn": 0.019580215,
    "clp_pen": 0.0035989623,
    "clp_usd": 0.001061964,
    "cop_clp": 0.24200004,
    "cop_cop": 1,
    "cop_crc": 0.12887028,
    "cop_gtq": 0.0019684973,
    "cop_mxn": 0.0047384128,
    "cop_pen": 0.00087094904,
    "cop_usd": 0.00025699534,
    "crc_clp": 1.87785768,
    "crc_cop": 7.75974108,
    "crc_crc": 1,
    "crc_gtq": 0.01527503,
    "crc_mxn": 0.036768857,
    "crc_pen": 0.0067583391,
    "crc_usd": 0.0019942173,
    "gtq_clp": 122.93643511,
    "gtq_cop": 508.00170499,
    "gtq_crc": 65.46632163,
    "gtq_gtq": 1,
    "gtq_mxn": 2.40712179,
    "gtq_pen": 0.4424436,
    "gtq_usd": 0.13055407,
    "mxn_clp": 51.07196299,
    "mxn_cop": 211.04113073,
    "mxn_crc": 27.19692947,
    "mxn_gtq": 0.4154339,
    "mxn_mxn": 1,
    "mxn_pen": 0.18380607,
    "mxn_usd": 0.054236587,
    "pen_clp": 277.85786853,
    "pen_cop": 1148.17280032,
    "pen_crc": 147.96534951,
    "pen_gtq": 2.26017509,
    "pen_mxn": 5.44051672,
    "pen_pen": 1,
    "pen_usd": 0.29507506,
    "timestamp": "2025-10-29 19:43:26",
    "usd_clp": 940.36913723,
    "usd_cop": 3845.75163442,
    "usd_crc": 501.42594137,
    "usd_gtq": 7.65922412,
    "usd_mxn": 18.39970657,
    "usd_pen": 3.38622075,
    "usd_usd": 1
}