{
    "clp_clp": 1,
    "clp_cop": 4.35459319,
    "clp_crc": 0.54921448,
    "clp_gtq": 0.0081250887,
    "clp_mxn": 0.020185083,
    "clp_pen": 0.0039081909,
    "clp_usd": 0.0010485306,
    "cop_clp": 0.22964258,
    "cop_cop": 1,
    "cop_crc": 0.12612303,
    "cop_gtq": 0.0018658663,
    "cop_mxn": 0.0046353545,
    "cop_pen": 0.00089748703,
    "cop_usd": 0.00024078728,
    "crc_clp": 1.82078228,
    "crc_cop": 7.92876612,
    "crc_crc": 1,
    "crc_gtq": 0.014794018,
    "crc_mxn": 0.036752641,
    "crc_pen": 0.0071159647,
    "crc_usd": 0.001909146,
    "gtq_clp": 123.07557928,
    "gtq_cop": 535.94407996,
    "gtq_crc": 67.59489079,
    "gtq_gtq": 1,
    "gtq_mxn": 2.48429078,
    "gtq_pen": 0.48100286,
    "gtq_usd": 0.12904852,
    "mxn_clp": 49.54153521,
    "mxn_cop": 215.73323206,
    "mxn_crc": 27.2089287,
    "mxn_gtq": 0.40252937,
    "mxn_mxn": 1,
    "mxn_pen": 0.19361778,
    "mxn_usd": 0.051945818,
    "pen_clp": 255.87286424,
    "pen_cop": 1114.22223329,
    "pen_crc": 140.52908315,
    "pen_gtq": 2.07898972,
    "pen_mxn": 5.164815,
    "pen_pen": 1,
    "pen_usd": 0.26829054,
    "timestamp": "2024-08-06 19:13:24",
    "usd_clp": 953.71557341,
    "usd_cop": 4153.04334556,
    "usd_crc": 523.79440671,
    "usd_gtq": 7.74902364,
    "usd_mxn": 19.25082801,
    "usd_pen": 3.72730253,
    "usd_usd": 1
}