{
    "clp_clp": 1,
    "clp_cop": 4.49165342,
    "clp_crc": 0.52753045,
    "clp_gtq": 0.0079659769,
    "clp_mxn": 0.020769382,
    "clp_pen": 0.0038828398,
    "clp_usd": 0.0010302864,
    "cop_clp": 0.22263517,
    "cop_cop": 1,
    "cop_crc": 0.11744683,
    "cop_gtq": 0.0017735066,
    "cop_mxn": 0.0046239948,
    "cop_pen": 0.00086445668,
    "cop_usd": 0.00022937799,
    "crc_clp": 1.89562518,
    "crc_cop": 8.51449133,
    "crc_crc": 1,
    "crc_gtq": 0.015100506,
    "crc_mxn": 0.039370964,
    "crc_pen": 0.0073604089,
    "crc_usd": 0.0019530369,
    "gtq_clp": 125.53388196,
    "gtq_cop": 563.85468971,
    "gtq_crc": 66.22294488,
    "gtq_gtq": 1,
    "gtq_mxn": 2.60726115,
    "gtq_pen": 0.48742796,
    "gtq_usd": 0.12933585,
    "mxn_clp": 48.1477976,
    "mxn_cop": 216.26321956,
    "mxn_crc": 25.39942919,
    "mxn_gtq": 0.38354424,
    "mxn_mxn": 1,
    "mxn_pen": 0.18695019,
    "mxn_usd": 0.049606022,
    "pen_clp": 257.54345981,
    "pen_cop": 1156.79596102,
    "pen_crc": 135.8620165,
    "pen_gtq": 2.05158524,
    "pen_mxn": 5.34901849,
    "pen_pen": 1,
    "pen_usd": 0.26534353,
    "timestamp": "2024-11-09 19:25:01",
    "usd_clp": 970.60389043,
    "usd_cop": 4359.61627998,
    "usd_crc": 512.02310428,
    "usd_gtq": 7.73180814,
    "usd_mxn": 20.15884295,
    "usd_pen": 3.76869943,
    "usd_usd": 1
}