{
    "clp_clp": 1,
    "clp_cop": 4.30424218,
    "clp_crc": 0.5260336,
    "clp_gtq": 0.0079842256,
    "clp_mxn": 0.019494042,
    "clp_pen": 0.0036955348,
    "clp_usd": 0.0010403591,
    "cop_clp": 0.23232893,
    "cop_cop": 1,
    "cop_crc": 0.12221283,
    "cop_gtq": 0.0018549666,
    "cop_mxn": 0.00452903,
    "cop_pen": 0.00085857967,
    "cop_usd": 0.00024170553,
    "crc_clp": 1.90101926,
    "crc_cop": 8.1824473,
    "crc_crc": 1,
    "crc_gtq": 0.015178167,
    "crc_mxn": 0.03705855,
    "crc_pen": 0.0070252829,
    "crc_usd": 0.0019777427,
    "gtq_clp": 125.33537978,
    "gtq_cop": 544.24018525,
    "gtq_crc": 65.98470051,
    "gtq_gtq": 1,
    "gtq_mxn": 2.44693365,
    "gtq_pen": 0.46748201,
    "gtq_usd": 0.13033514,
    "mxn_clp": 51.29772448,
    "mxn_cop": 220.7978294,
    "mxn_crc": 26.98432649,
    "mxn_gtq": 0.40957261,
    "mxn_mxn": 1,
    "mxn_pen": 0.18957253,
    "mxn_usd": 0.053368055,
    "pen_clp": 270.5968273,
    "pen_cop": 1164.71427763,
    "pen_crc": 142.3430222,
    "pen_gtq": 2.16050612,
    "pen_mxn": 5.27502594,
    "pen_pen": 1,
    "pen_usd": 0.28151788,
    "timestamp": "2025-07-30 19:55:26",
    "usd_clp": 961.20655033,
    "usd_cop": 4137.26577684,
    "usd_crc": 505.62693841,
    "usd_gtq": 7.67448996,
    "usd_mxn": 18.73780095,
    "usd_pen": 3.55217228,
    "usd_usd": 1
}