{
    "clp_clp": 1,
    "clp_cop": 4.26207172,
    "clp_crc": 0.57074131,
    "clp_gtq": 0.0086413266,
    "clp_mxn": 0.018540899,
    "clp_pen": 0.0041607061,
    "clp_usd": 0.0011126179,
    "cop_clp": 0.23462768,
    "cop_cop": 1,
    "cop_crc": 0.13391171,
    "cop_gtq": 0.0020274944,
    "cop_mxn": 0.004350208,
    "cop_pen": 0.00097621681,
    "cop_usd": 0.00026105096,
    "crc_clp": 1.75210727,
    "crc_cop": 7.46760683,
    "crc_crc": 1,
    "crc_gtq": 0.015140531,
    "crc_mxn": 0.032485643,
    "crc_pen": 0.0072900033,
    "crc_usd": 0.0019494259,
    "gtq_clp": 115.72297289,
    "gtq_cop": 493.21961009,
    "gtq_crc": 66.0478814,
    "gtq_gtq": 1,
    "gtq_mxn": 2.14560792,
    "gtq_pen": 0.48148928,
    "gtq_usd": 0.12875545,
    "mxn_clp": 53.93481823,
    "mxn_cop": 229.87406348,
    "mxn_crc": 30.78282893,
    "mxn_gtq": 0.46606838,
    "mxn_mxn": 1,
    "mxn_pen": 0.22440693,
    "mxn_usd": 0.060008845,
    "pen_clp": 240.343822,
    "pen_cop": 1024.36260681,
    "pen_crc": 137.17414835,
    "pen_gtq": 2.07688945,
    "pen_mxn": 4.45619045,
    "pen_pen": 1,
    "pen_usd": 0.26741084,
    "timestamp": "2024-05-23 19:06:55",
    "usd_clp": 898.7811446,
    "usd_cop": 3830.66969876,
    "usd_crc": 512.97152985,
    "usd_gtq": 7.76666138,
    "usd_mxn": 16.66421014,
    "usd_pen": 3.73956417,
    "usd_usd": 1
}