{
    "clp_clp": 1,
    "clp_cop": 4.11504578,
    "clp_crc": 0.54110393,
    "clp_gtq": 0.008279818,
    "clp_mxn": 0.017719954,
    "clp_pen": 0.0039142475,
    "clp_usd": 0.0010600884,
    "cop_clp": 0.24301066,
    "cop_cop": 1,
    "cop_crc": 0.13149402,
    "cop_gtq": 0.0020120841,
    "cop_mxn": 0.0043061377,
    "cop_pen": 0.00095120388,
    "cop_usd": 0.00025761278,
    "crc_clp": 1.8480738,
    "crc_cop": 7.6049083,
    "crc_crc": 1,
    "crc_gtq": 0.015301715,
    "crc_mxn": 0.032747782,
    "crc_pen": 0.0072338183,
    "crc_usd": 0.0019591216,
    "gtq_clp": 120.77560088,
    "gtq_cop": 496.99712675,
    "gtq_crc": 65.35215245,
    "gtq_gtq": 1,
    "gtq_mxn": 2.14013805,
    "gtq_pen": 0.47274559,
    "gtq_usd": 0.12803281,
    "mxn_clp": 56.43355624,
    "mxn_cop": 232.22666748,
    "mxn_crc": 30.53641914,
    "mxn_gtq": 0.46725958,
    "mxn_mxn": 1,
    "mxn_pen": 0.22089491,
    "mxn_usd": 0.059824557,
    "pen_clp": 255.47694618,
    "pen_cop": 1051.29932931,
    "pen_crc": 138.23957995,
    "pen_gtq": 2.11530263,
    "pen_mxn": 4.52703964,
    "pen_pen": 1,
    "pen_usd": 0.27082814,
    "timestamp": "2024-03-16 06:26:03",
    "usd_clp": 943.31757296,
    "usd_cop": 3881.79499802,
    "usd_crc": 510.43284726,
    "usd_gtq": 7.81049787,
    "usd_mxn": 16.71554365,
    "usd_pen": 3.69237846,
    "usd_usd": 1
}