{
    "clp_clp": 1,
    "clp_cop": 4.13334405,
    "clp_crc": 0.52187424,
    "clp_gtq": 0.0079164903,
    "clp_mxn": 0.019328639,
    "clp_pen": 0.0036476335,
    "clp_usd": 0.0010327684,
    "cop_clp": 0.24319281,
    "cop_cop": 1,
    "cop_crc": 0.12631524,
    "cop_gtq": 0.0019147106,
    "cop_mxn": 0.0046810491,
    "cop_pen": 0.00088379168,
    "cop_usd": 0.00024977986,
    "crc_clp": 1.91617045,
    "crc_cop": 7.92019175,
    "crc_crc": 1,
    "crc_gtq": 0.015169345,
    "crc_mxn": 0.037036968,
    "crc_pen": 0.0069894875,
    "crc_usd": 0.0019789603,
    "gtq_clp": 127.01283346,
    "gtq_cop": 522.27214949,
    "gtq_crc": 65.97093402,
    "gtq_gtq": 1,
    "gtq_mxn": 2.44478156,
    "gtq_pen": 0.46157978,
    "gtq_usd": 0.13045306,
    "mxn_clp": 51.73669937,
    "mxn_cop": 213.84557866,
    "mxn_crc": 27.00005069,
    "mxn_gtq": 0.40957308,
    "mxn_mxn": 1,
    "mxn_pen": 0.18871652,
    "mxn_usd": 0.053432029,
    "pen_clp": 274.15034969,
    "pen_cop": 1133.15771745,
    "pen_crc": 143.0720055,
    "pen_gtq": 2.17030858,
    "pen_mxn": 5.29895322,
    "pen_pen": 1,
    "pen_usd": 0.28313382,
    "timestamp": "2025-09-04 19:27:17",
    "usd_clp": 968.27129318,
    "usd_cop": 4002.19839121,
    "usd_crc": 505.31584563,
    "usd_gtq": 7.66531027,
    "usd_mxn": 18.71536656,
    "usd_pen": 3.53189881,
    "usd_usd": 1
}