{
    "clp_clp": 1,
    "clp_cop": 4.06473975,
    "clp_crc": 0.50540213,
    "clp_gtq": 0.0084929209,
    "clp_mxn": 0.019384826,
    "clp_pen": 0.0038983059,
    "clp_usd": 0.0011114197,
    "cop_clp": 0.24601821,
    "cop_cop": 1,
    "cop_crc": 0.12433813,
    "cop_gtq": 0.0020894132,
    "cop_mxn": 0.0047690202,
    "cop_pen": 0.00095905425,
    "cop_usd": 0.00027342948,
    "crc_clp": 1.97862244,
    "crc_cop": 8.04258527,
    "crc_crc": 1,
    "crc_gtq": 0.016804284,
    "crc_mxn": 0.038355251,
    "crc_pen": 0.0077132756,
    "crc_usd": 0.0021990799,
    "gtq_clp": 117.74512133,
    "gtq_cop": 478.60327553,
    "gtq_crc": 59.50863551,
    "gtq_gtq": 1,
    "gtq_mxn": 2.28246867,
    "gtq_pen": 0.4590065,
    "gtq_usd": 0.13086424,
    "mxn_clp": 51.58674162,
    "mxn_cop": 209.68667943,
    "mxn_crc": 26.07204926,
    "mxn_gtq": 0.43812212,
    "mxn_mxn": 1,
    "mxn_pen": 0.2011009,
    "mxn_usd": 0.057334519,
    "pen_clp": 256.52168349,
    "pen_cop": 1042.69388469,
    "pen_crc": 129.64660608,
    "pen_gtq": 2.17861836,
    "pen_mxn": 4.97262815,
    "pen_pen": 1,
    "pen_usd": 0.28510324,
    "timestamp": "2026-05-04 20:51:58",
    "usd_clp": 899.75014285,
    "usd_cop": 3657.2501744,
    "usd_crc": 454.73564166,
    "usd_gtq": 7.64150678,
    "usd_mxn": 17.44149979,
    "usd_pen": 3.50750132,
    "usd_usd": 1
}