{
    "clp_clp": 1,
    "clp_cop": 4.01162749,
    "clp_crc": 0.53378591,
    "clp_gtq": 0.008274266,
    "clp_mxn": 0.017607309,
    "clp_pen": 0.003916632,
    "clp_usd": 0.0010624433,
    "cop_clp": 0.24927539,
    "cop_cop": 1,
    "cop_crc": 0.13305969,
    "cop_gtq": 0.0020625709,
    "cop_mxn": 0.0043890688,
    "cop_pen": 0.00097631996,
    "cop_usd": 0.00026484097,
    "crc_clp": 1.87341026,
    "crc_cop": 7.5154241,
    "crc_crc": 1,
    "crc_gtq": 0.015501095,
    "crc_mxn": 0.032985714,
    "crc_pen": 0.0073374586,
    "crc_usd": 0.0019903922,
    "gtq_clp": 120.85664211,
    "gtq_cop": 484.83182821,
    "gtq_crc": 64.51157271,
    "gtq_gtq": 1,
    "gtq_mxn": 2.12796027,
    "gtq_pen": 0.47335099,
    "gtq_usd": 0.12840333,
    "mxn_clp": 56.79459532,
    "mxn_cop": 227.83876004,
    "mxn_crc": 30.31615475,
    "mxn_gtq": 0.46993359,
    "mxn_mxn": 1,
    "mxn_pen": 0.22244353,
    "mxn_usd": 0.060341039,
    "pen_clp": 255.32140924,
    "pen_cop": 1024.25438489,
    "pen_crc": 136.28697082,
    "pen_gtq": 2.11259725,
    "pen_mxn": 4.49552299,
    "pen_pen": 1,
    "pen_usd": 0.27126453,
    "timestamp": "2024-04-05 06:25:22",
    "usd_clp": 941.22667367,
    "usd_cop": 3775.85080132,
    "usd_crc": 502.41353668,
    "usd_gtq": 7.78795983,
    "usd_mxn": 16.57246906,
    "usd_pen": 3.6864385,
    "usd_usd": 1
}