{
    "clp_clp": 1,
    "clp_cop": 4.15986068,
    "clp_crc": 0.52242713,
    "clp_gtq": 0.0079130697,
    "clp_mxn": 0.019259429,
    "clp_pen": 0.0036440978,
    "clp_usd": 0.0010313214,
    "cop_clp": 0.24039267,
    "cop_cop": 1,
    "cop_crc": 0.12558765,
    "cop_gtq": 0.0019022439,
    "cop_mxn": 0.0046298254,
    "cop_pen": 0.00087601439,
    "cop_usd": 0.0002479221,
    "crc_clp": 1.91414254,
    "crc_cop": 7.96256629,
    "crc_crc": 1,
    "crc_gtq": 0.015146743,
    "crc_mxn": 0.036865292,
    "crc_pen": 0.0069753227,
    "crc_usd": 0.0019740961,
    "gtq_clp": 126.37320733,
    "gtq_cop": 525.6949359,
    "gtq_crc": 66.02079237,
    "gtq_gtq": 1,
    "gtq_mxn": 2.43387576,
    "gtq_pen": 0.46051633,
    "gtq_usd": 0.13033139,
    "mxn_clp": 51.92262052,
    "mxn_cop": 215.99086739,
    "mxn_crc": 27.12578577,
    "mxn_gtq": 0.41086732,
    "mxn_mxn": 1,
    "mxn_pen": 0.18921111,
    "mxn_usd": 0.053548909,
    "pen_clp": 274.41634398,
    "pen_cop": 1141.53375869,
    "pen_crc": 143.36254378,
    "pen_gtq": 2.17147566,
    "pen_mxn": 5.28510197,
    "pen_pen": 1,
    "pen_usd": 0.28301144,
    "timestamp": "2025-08-12 19:47:06",
    "usd_clp": 969.62985137,
    "usd_cop": 4033.52509079,
    "usd_crc": 506.56094314,
    "usd_gtq": 7.67274861,
    "usd_mxn": 18.67451684,
    "usd_pen": 3.53342602,
    "usd_usd": 1
}