{
    "clp_clp": 1,
    "clp_cop": 4.45647806,
    "clp_crc": 0.51965637,
    "clp_gtq": 0.0079646111,
    "clp_mxn": 0.020380918,
    "clp_pen": 0.0038613464,
    "clp_usd": 0.0010344127,
    "cop_clp": 0.22439244,
    "cop_cop": 1,
    "cop_crc": 0.11660696,
    "cop_gtq": 0.0017871985,
    "cop_mxn": 0.0045733241,
    "cop_pen": 0.00086645696,
    "cop_usd": 0.0002321144,
    "crc_clp": 1.92434858,
    "crc_cop": 8.5758172,
    "crc_crc": 1,
    "crc_gtq": 0.015326688,
    "crc_mxn": 0.039219991,
    "crc_pen": 0.0074305765,
    "crc_usd": 0.0019905706,
    "gtq_clp": 125.55540858,
    "gtq_cop": 559.53492342,
    "gtq_crc": 65.24566815,
    "gtq_gtq": 1,
    "gtq_mxn": 2.55893452,
    "gtq_pen": 0.48481293,
    "gtq_usd": 0.12987611,
    "mxn_clp": 49.06550261,
    "mxn_cop": 218.6593358,
    "mxn_crc": 25.49720109,
    "mxn_gtq": 0.39078765,
    "mxn_mxn": 1,
    "mxn_pen": 0.1894589,
    "mxn_usd": 0.05075398,
    "pen_clp": 258.97702188,
    "pen_cop": 1154.1254156,
    "pen_crc": 134.5790597,
    "pen_gtq": 2.06265126,
    "pen_mxn": 5.27818952,
    "pen_pen": 1,
    "pen_usd": 0.26788913,
    "timestamp": "2025-04-21 19:38:31",
    "usd_clp": 966.73211656,
    "usd_cop": 4308.22046565,
    "usd_crc": 502.36850469,
    "usd_gtq": 7.69964534,
    "usd_mxn": 19.70288828,
    "usd_pen": 3.73288761,
    "usd_usd": 1
}