{
    "clp_clp": 1,
    "clp_cop": 4.24833797,
    "clp_crc": 0.55110635,
    "clp_gtq": 0.0081020469,
    "clp_mxn": 0.0195066,
    "clp_pen": 0.0039164305,
    "clp_usd": 0.0010452574,
    "cop_clp": 0.23538617,
    "cop_cop": 1,
    "cop_crc": 0.12972281,
    "cop_gtq": 0.0019071098,
    "cop_mxn": 0.0045915839,
    "cop_pen": 0.00092187357,
    "cop_usd": 0.00024603913,
    "crc_clp": 1.81453179,
    "crc_cop": 7.7087443,
    "crc_crc": 1,
    "crc_gtq": 0.014701422,
    "crc_mxn": 0.035395346,
    "crc_pen": 0.0071064876,
    "crc_usd": 0.0018966528,
    "gtq_clp": 123.42560068,
    "gtq_cop": 524.35366599,
    "gtq_crc": 68.02063287,
    "gtq_gtq": 1,
    "gtq_mxn": 2.40761385,
    "gtq_pen": 0.48338779,
    "gtq_usd": 0.12901152,
    "mxn_clp": 51.26469951,
    "mxn_cop": 217.7897695,
    "mxn_crc": 28.25230167,
    "mxn_gtq": 0.415349,
    "mxn_mxn": 1,
    "mxn_pen": 0.20077463,
    "mxn_usd": 0.053584806,
    "pen_clp": 255.33454531,
    "pen_cop": 1084.74744424,
    "pen_crc": 140.71649051,
    "pen_gtq": 2.06873245,
    "pen_mxn": 4.9807089,
    "pen_pen": 1,
    "pen_usd": 0.26689032,
    "timestamp": "2024-07-30 19:00:14",
    "usd_clp": 956.70215479,
    "usd_cop": 4064.39409142,
    "usd_crc": 527.24463711,
    "usd_gtq": 7.75124569,
    "usd_mxn": 18.66200649,
    "usd_pen": 3.74685749,
    "usd_usd": 1
}