{
    "clp_clp": 1,
    "clp_cop": 4.20148851,
    "clp_crc": 0.528946,
    "clp_gtq": 0.0080200439,
    "clp_mxn": 0.019440397,
    "clp_pen": 0.0036856653,
    "clp_usd": 0.0010454836,
    "cop_clp": 0.23801089,
    "cop_cop": 1,
    "cop_crc": 0.12589491,
    "cop_gtq": 0.0019088577,
    "cop_mxn": 0.0046270262,
    "cop_pen": 0.00087722845,
    "cop_usd": 0.00024883647,
    "crc_clp": 1.89055216,
    "crc_cop": 7.94313316,
    "crc_crc": 1,
    "crc_gtq": 0.015162311,
    "crc_mxn": 0.036753085,
    "crc_pen": 0.0069679424,
    "crc_usd": 0.0019765412,
    "gtq_clp": 124.68759708,
    "gtq_cop": 523.87350595,
    "gtq_crc": 65.95300561,
    "gtq_gtq": 1,
    "gtq_mxn": 2.42397643,
    "gtq_pen": 0.45955674,
    "gtq_usd": 0.13035884,
    "mxn_clp": 51.43927793,
    "mxn_cop": 216.12153496,
    "mxn_crc": 27.20860026,
    "mxn_gtq": 0.41254527,
    "mxn_mxn": 1,
    "mxn_pen": 0.18958796,
    "mxn_usd": 0.053778921,
    "pen_clp": 274.41634398,
    "pen_cop": 1141.53375869,
    "pen_crc": 143.36254378,
    "pen_gtq": 2.17147566,
    "pen_mxn": 5.28510197,
    "pen_pen": 1,
    "pen_usd": 0.28301144,
    "timestamp": "2025-08-13 06:45:15",
    "usd_clp": 969.62985137,
    "usd_cop": 4033.52509079,
    "usd_crc": 506.56094314,
    "usd_gtq": 7.67274861,
    "usd_mxn": 18.67451684,
    "usd_pen": 3.53342602,
    "usd_usd": 1
}