{
    "clp_clp": 1,
    "clp_cop": 4.47696591,
    "clp_crc": 0.52656321,
    "clp_gtq": 0.0079428708,
    "clp_mxn": 0.020912718,
    "clp_pen": 0.0038709181,
    "clp_usd": 0.0010263021,
    "cop_clp": 0.22336556,
    "cop_cop": 1,
    "cop_crc": 0.11761609,
    "cop_gtq": 0.0017741638,
    "cop_mxn": 0.004671181,
    "cop_pen": 0.00086462978,
    "cop_usd": 0.00022924055,
    "crc_clp": 1.89910725,
    "crc_cop": 8.50223841,
    "crc_crc": 1,
    "crc_gtq": 0.015084363,
    "crc_mxn": 0.039715495,
    "crc_pen": 0.0073512885,
    "crc_usd": 0.0019490578,
    "gtq_clp": 125.8990642,
    "gtq_cop": 563.64581886,
    "gtq_crc": 66.29381487,
    "gtq_gtq": 1,
    "gtq_mxn": 2.63289166,
    "gtq_pen": 0.48734496,
    "gtq_usd": 0.12921048,
    "mxn_clp": 47.81779147,
    "mxn_cop": 214.07862243,
    "mxn_crc": 25.17908958,
    "mxn_gtq": 0.37981054,
    "mxn_mxn": 1,
    "mxn_pen": 0.18509875,
    "mxn_usd": 0.049075501,
    "pen_clp": 258.33664875,
    "pen_cop": 1156.56437047,
    "pen_crc": 136.03057398,
    "pen_gtq": 2.05193462,
    "pen_mxn": 5.40252155,
    "pen_pen": 1,
    "pen_usd": 0.26513145,
    "timestamp": "2024-11-12 06:35:49",
    "usd_clp": 974.37194131,
    "usd_cop": 4362.22996764,
    "usd_crc": 513.06841323,
    "usd_gtq": 7.73931044,
    "usd_mxn": 20.37676587,
    "usd_pen": 3.77171395,
    "usd_usd": 1
}