{
    "clp_clp": 1,
    "clp_cop": 4.33700164,
    "clp_crc": 0.56626054,
    "clp_gtq": 0.0083144206,
    "clp_mxn": 0.020389576,
    "clp_pen": 0.004022851,
    "clp_usd": 0.0010735243,
    "cop_clp": 0.23057404,
    "cop_cop": 1,
    "cop_crc": 0.13056498,
    "cop_gtq": 0.0019170896,
    "cop_mxn": 0.0047013069,
    "cop_pen": 0.00092756501,
    "cop_usd": 0.00024752683,
    "crc_clp": 1.76597155,
    "crc_cop": 7.65902152,
    "crc_crc": 1,
    "crc_gtq": 0.01468303,
    "crc_mxn": 0.036007411,
    "crc_pen": 0.0071042404,
    "crc_usd": 0.0018958133,
    "gtq_clp": 120.27296287,
    "gtq_cop": 521.62403684,
    "gtq_crc": 68.10583255,
    "gtq_gtq": 1,
    "gtq_mxn": 2.4523147,
    "gtq_pen": 0.4838402,
    "gtq_usd": 0.12911595,
    "mxn_clp": 49.04466906,
    "mxn_cop": 212.70680999,
    "mxn_crc": 27.77206064,
    "mxn_gtq": 0.40777801,
    "mxn_mxn": 1,
    "mxn_pen": 0.19729939,
    "mxn_usd": 0.052650643,
    "pen_clp": 248.57992754,
    "pen_cop": 1078.09155258,
    "pen_crc": 140.76100326,
    "pen_gtq": 2.06679807,
    "pen_mxn": 5.06843929,
    "pen_pen": 1,
    "pen_usd": 0.26685659,
    "timestamp": "2024-08-14 19:10:10",
    "usd_clp": 931.5113022,
    "usd_cop": 4039.96604223,
    "usd_crc": 527.47809022,
    "usd_gtq": 7.74497676,
    "usd_mxn": 18.99312035,
    "usd_pen": 3.74733114,
    "usd_usd": 1
}