{
    "clp_clp": 1,
    "clp_cop": 4.52553454,
    "clp_crc": 0.52401044,
    "clp_gtq": 0.0079513422,
    "clp_mxn": 0.020717447,
    "clp_pen": 0.0039114547,
    "clp_usd": 0.0010296522,
    "cop_clp": 0.22096837,
    "cop_cop": 1,
    "cop_crc": 0.11578973,
    "cop_gtq": 0.0017569951,
    "cop_mxn": 0.0045779006,
    "cop_pen": 0.00086430777,
    "cop_usd": 0.00022752057,
    "crc_clp": 1.90835893,
    "crc_cop": 8.63634426,
    "crc_crc": 1,
    "crc_gtq": 0.015174015,
    "crc_mxn": 0.039536326,
    "crc_pen": 0.0074644595,
    "crc_usd": 0.001964946,
    "gtq_clp": 125.92385406,
    "gtq_cop": 568.78028658,
    "gtq_crc": 65.93982901,
    "gtq_gtq": 1,
    "gtq_mxn": 2.61542493,
    "gtq_pen": 0.49150182,
    "gtq_usd": 0.12940418,
    "mxn_clp": 48.14661386,
    "mxn_cop": 217.47146349,
    "mxn_crc": 25.21189896,
    "mxn_gtq": 0.38234705,
    "mxn_mxn": 1,
    "mxn_pen": 0.18792427,
    "mxn_usd": 0.049477305,
    "pen_clp": 256.20221251,
    "pen_cop": 1157.22925527,
    "pen_crc": 134.15988743,
    "pen_gtq": 2.03458046,
    "pen_mxn": 5.32129244,
    "pen_pen": 1,
    "pen_usd": 0.26328321,
    "timestamp": "2024-11-20 06:37:01",
    "usd_clp": 973.10501105,
    "usd_cop": 4395.37807349,
    "usd_crc": 509.5649154,
    "usd_gtq": 7.72772576,
    "usd_mxn": 20.21128659,
    "usd_pen": 3.79819129,
    "usd_usd": 1
}