{
    "clp_clp": 1,
    "clp_cop": 4.2426142,
    "clp_crc": 0.55872916,
    "clp_gtq": 0.0081953491,
    "clp_mxn": 0.01921357,
    "clp_pen": 0.0039690996,
    "clp_usd": 0.0010563532,
    "cop_clp": 0.23570373,
    "cop_cop": 1,
    "cop_crc": 0.13169455,
    "cop_gtq": 0.0019316744,
    "cop_mxn": 0.0045287101,
    "cop_pen": 0.00093553158,
    "cop_usd": 0.00024898638,
    "crc_clp": 1.78977592,
    "crc_cop": 7.59332872,
    "crc_crc": 1,
    "crc_gtq": 0.014667838,
    "crc_mxn": 0.034387985,
    "crc_pen": 0.0071037989,
    "crc_usd": 0.0018906354,
    "gtq_clp": 122.02042761,
    "gtq_cop": 517.68559895,
    "gtq_crc": 68.1763714,
    "gtq_gtq": 1,
    "gtq_mxn": 2.34444802,
    "gtq_pen": 0.48431123,
    "gtq_usd": 0.12889666,
    "mxn_clp": 52.04654858,
    "mxn_cop": 220.8134261,
    "mxn_crc": 29.07992453,
    "mxn_gtq": 0.42653963,
    "mxn_mxn": 1,
    "mxn_pen": 0.20657793,
    "mxn_usd": 0.054979536,
    "pen_clp": 251.94631124,
    "pen_cop": 1068.91099789,
    "pen_crc": 140.76975162,
    "pen_gtq": 2.06478797,
    "pen_mxn": 4.84078807,
    "pen_pen": 1,
    "pen_usd": 0.26614428,
    "timestamp": "2024-07-24 19:11:56",
    "usd_clp": 946.65310619,
    "usd_cop": 4016.28391146,
    "usd_crc": 528.92269774,
    "usd_gtq": 7.75815267,
    "usd_mxn": 18.18858564,
    "usd_pen": 3.75736045,
    "usd_usd": 1
}