{
    "clp_clp": 1,
    "clp_cop": 4.11090764,
    "clp_crc": 0.52537922,
    "clp_gtq": 0.0081446357,
    "clp_mxn": 0.01794068,
    "clp_pen": 0.0038690657,
    "clp_usd": 0.0010470483,
    "cop_clp": 0.24325528,
    "cop_cop": 1,
    "cop_crc": 0.12780127,
    "cop_gtq": 0.0019812257,
    "cop_mxn": 0.0043641652,
    "cop_pen": 0.00094117068,
    "cop_usd": 0.00025470002,
    "crc_clp": 1.90338704,
    "crc_cop": 7.82464833,
    "crc_crc": 1,
    "crc_gtq": 0.015502394,
    "crc_mxn": 0.034148058,
    "crc_pen": 0.0073643296,
    "crc_usd": 0.0019929381,
    "gtq_clp": 122.78020018,
    "gtq_cop": 504.73806252,
    "gtq_crc": 64.50616583,
    "gtq_gtq": 1,
    "gtq_mxn": 2.20276027,
    "gtq_pen": 0.47504467,
    "gtq_usd": 0.12855679,
    "mxn_clp": 55.73924769,
    "mxn_cop": 229.13889899,
    "mxn_crc": 29.28424249,
    "mxn_gtq": 0.45397587,
    "mxn_mxn": 1,
    "mxn_pen": 0.21565881,
    "mxn_usd": 0.058361682,
    "pen_clp": 258.46032839,
    "pen_cop": 1062.50653773,
    "pen_crc": 135.78968579,
    "pen_gtq": 2.10506521,
    "pen_mxn": 4.63695402,
    "pen_pen": 1,
    "pen_usd": 0.27062044,
    "timestamp": "2024-04-21 19:05:38",
    "usd_clp": 955.06581682,
    "usd_cop": 3926.18735974,
    "usd_crc": 501.77173409,
    "usd_gtq": 7.77866313,
    "usd_mxn": 17.13453009,
    "usd_pen": 3.69521242,
    "usd_usd": 1
}