{
    "clp_clp": 1,
    "clp_cop": 4.5292002,
    "clp_crc": 0.55647346,
    "clp_gtq": 0.0083036442,
    "clp_mxn": 0.020734668,
    "clp_pen": 0.0039924232,
    "clp_usd": 0.0010711307,
    "cop_clp": 0.22078953,
    "cop_cop": 1,
    "cop_crc": 0.12286352,
    "cop_gtq": 0.0018333577,
    "cop_mxn": 0.0045779977,
    "cop_pen": 0.00088148526,
    "cop_usd": 0.00023649445,
    "crc_clp": 1.7970309,
    "crc_cop": 8.13911272,
    "crc_crc": 1,
    "crc_gtq": 0.014921905,
    "crc_mxn": 0.03726084,
    "crc_pen": 0.0071745079,
    "crc_usd": 0.001924855,
    "gtq_clp": 120.4290516,
    "gtq_cop": 545.4472847,
    "gtq_crc": 67.01557079,
    "gtq_gtq": 1,
    "gtq_mxn": 2.49705643,
    "gtq_pen": 0.48080374,
    "gtq_usd": 0.12899526,
    "mxn_clp": 48.22840617,
    "mxn_cop": 218.43610691,
    "mxn_crc": 26.83782796,
    "mxn_gtq": 0.40047153,
    "mxn_mxn": 1,
    "mxn_pen": 0.19254821,
    "mxn_usd": 0.051658928,
    "pen_clp": 250.47444667,
    "pen_cop": 1134.44891416,
    "pen_crc": 139.38238148,
    "pen_gtq": 2.07985069,
    "pen_mxn": 5.19350455,
    "pen_pen": 1,
    "pen_usd": 0.26829088,
    "timestamp": "2024-10-09 19:20:43",
    "usd_clp": 933.59286053,
    "usd_cop": 4228.42897134,
    "usd_crc": 519.51964745,
    "usd_gtq": 7.75222297,
    "usd_mxn": 19.3577382,
    "usd_pen": 3.72729783,
    "usd_usd": 1
}