{
    "clp_clp": 1,
    "clp_cop": 4.3066874,
    "clp_crc": 0.52957746,
    "clp_gtq": 0.0080463727,
    "clp_mxn": 0.021397956,
    "clp_pen": 0.0038617795,
    "clp_usd": 0.0010399808,
    "cop_clp": 0.23219702,
    "cop_cop": 1,
    "cop_crc": 0.12296631,
    "cop_gtq": 0.0018683438,
    "cop_mxn": 0.0049685418,
    "cop_pen": 0.00089669371,
    "cop_usd": 0.00024148046,
    "crc_clp": 1.88829788,
    "crc_cop": 8.13230869,
    "crc_crc": 1,
    "crc_gtq": 0.015193948,
    "crc_mxn": 0.040405716,
    "crc_pen": 0.0072921901,
    "crc_usd": 0.0019637936,
    "gtq_clp": 124.27960297,
    "gtq_cop": 535.23339972,
    "gtq_crc": 65.81567668,
    "gtq_gtq": 1,
    "gtq_mxn": 2.65932951,
    "gtq_pen": 0.47994042,
    "gtq_usd": 0.1292484,
    "mxn_clp": 46.73343505,
    "mxn_cop": 201.2662957,
    "mxn_crc": 24.74897391,
    "mxn_gtq": 0.37603463,
    "mxn_mxn": 1,
    "mxn_pen": 0.18047422,
    "mxn_usd": 0.048601877,
    "pen_clp": 257.58235171,
    "pen_cop": 1122.30000619,
    "pen_crc": 137.15374845,
    "pen_gtq": 2.08416605,
    "pen_mxn": 5.53278458,
    "pen_pen": 1,
    "pen_usd": 0.26930025,
    "timestamp": "2025-02-13 06:35:42",
    "usd_clp": 961.55618339,
    "usd_cop": 4141.12189588,
    "usd_crc": 509.2184829,
    "usd_gtq": 7.73703939,
    "usd_mxn": 20.57533717,
    "usd_pen": 3.71331796,
    "usd_usd": 1
}