{
    "clp_clp": 1,
    "clp_cop": 4.05854946,
    "clp_crc": 0.50471801,
    "clp_gtq": 0.0084814246,
    "clp_mxn": 0.019385773,
    "clp_pen": 0.0038932506,
    "clp_usd": 0.0011099155,
    "cop_clp": 0.24639345,
    "cop_cop": 1,
    "cop_crc": 0.12435921,
    "cop_gtq": 0.0020897675,
    "cop_mxn": 0.0047765274,
    "cop_pen": 0.00095927145,
    "cop_usd": 0.00027347591,
    "crc_clp": 1.98130439,
    "crc_cop": 8.04122185,
    "crc_crc": 1,
    "crc_gtq": 0.016804284,
    "crc_mxn": 0.038409117,
    "crc_pen": 0.0077137145,
    "crc_usd": 0.0021990804,
    "gtq_clp": 118.41343949,
    "gtq_cop": 475.71180336,
    "gtq_crc": 59.52406339,
    "gtq_gtq": 1,
    "gtq_mxn": 2.29641269,
    "gtq_pen": 0.4611147,
    "gtq_usd": 0.13084789,
    "mxn_clp": 51.58422158,
    "mxn_cop": 209.35711469,
    "mxn_crc": 26.03548548,
    "mxn_gtq": 0.43750769,
    "mxn_mxn": 1,
    "mxn_pen": 0.2008303,
    "mxn_usd": 0.057254127,
    "pen_clp": 256.79823354,
    "pen_cop": 1031.65613045,
    "pen_crc": 129.08732656,
    "pen_gtq": 2.16865784,
    "pen_mxn": 4.98013337,
    "pen_pen": 1,
    "pen_usd": 0.28376431,
    "timestamp": "2026-05-01 07:21:50",
    "usd_clp": 900.96949634,
    "usd_cop": 3656.62926388,
    "usd_crc": 454.73552815,
    "usd_gtq": 7.64150488,
    "usd_mxn": 17.46598996,
    "usd_pen": 3.50770006,
    "usd_usd": 1
}