{
    "clp_clp": 1,
    "clp_cop": 4.29698122,
    "clp_crc": 0.57334446,
    "clp_gtq": 0.0086109599,
    "clp_mxn": 0.018500707,
    "clp_pen": 0.0041412667,
    "clp_usd": 0.0011080731,
    "cop_clp": 0.23272152,
    "cop_cop": 1,
    "cop_crc": 0.13342959,
    "cop_gtq": 0.0020039557,
    "cop_mxn": 0.0043055128,
    "cop_pen": 0.00096376189,
    "cop_usd": 0.00025787245,
    "crc_clp": 1.74415219,
    "crc_cop": 7.49458922,
    "crc_crc": 1,
    "crc_gtq": 0.015018825,
    "crc_mxn": 0.032268049,
    "crc_pen": 0.0072229994,
    "crc_usd": 0.0019326481,
    "gtq_clp": 116.13107182,
    "gtq_cop": 499.01303484,
    "gtq_crc": 66.58310688,
    "gtq_gtq": 1,
    "gtq_mxn": 2.14850699,
    "gtq_pen": 0.48092974,
    "gtq_usd": 0.12868171,
    "mxn_clp": 54.05198701,
    "mxn_cop": 232.26037319,
    "mxn_crc": 30.99040741,
    "mxn_gtq": 0.46543949,
    "mxn_mxn": 1,
    "mxn_pen": 0.2238437,
    "mxn_usd": 0.059893551,
    "pen_clp": 241.47200992,
    "pen_cop": 1037.60069215,
    "pen_crc": 138.44663958,
    "pen_gtq": 2.07930579,
    "pen_mxn": 4.46740302,
    "pen_pen": 1,
    "pen_usd": 0.26756863,
    "timestamp": "2024-05-26 06:26:34",
    "usd_clp": 902.46755985,
    "usd_cop": 3877.88615778,
    "usd_crc": 517.42477744,
    "usd_gtq": 7.77111195,
    "usd_mxn": 16.69628833,
    "usd_pen": 3.73735888,
    "usd_usd": 1
}