{
    "clp_clp": 1,
    "clp_cop": 4.33081428,
    "clp_crc": 0.53822784,
    "clp_gtq": 0.0082021092,
    "clp_mxn": 0.020172057,
    "clp_pen": 0.0038123252,
    "clp_usd": 0.0010668508,
    "cop_clp": 0.23090346,
    "cop_cop": 1,
    "cop_crc": 0.12427867,
    "cop_gtq": 0.0018938954,
    "cop_mxn": 0.0046577978,
    "cop_pen": 0.00088027908,
    "cop_usd": 0.00024633953,
    "crc_clp": 1.85794922,
    "crc_cop": 8.04643299,
    "crc_crc": 1,
    "crc_gtq": 0.015239102,
    "crc_mxn": 0.037478658,
    "crc_pen": 0.0070831066,
    "crc_usd": 0.0019821545,
    "gtq_clp": 121.91986004,
    "gtq_cop": 528.01227043,
    "gtq_crc": 65.62066336,
    "gtq_gtq": 1,
    "gtq_mxn": 2.45937439,
    "gtq_pen": 0.46479816,
    "gtq_usd": 0.1300703,
    "mxn_clp": 49.57352591,
    "mxn_cop": 214.69373373,
    "mxn_crc": 26.68185195,
    "mxn_gtq": 0.40660747,
    "mxn_mxn": 1,
    "mxn_pen": 0.1889904,
    "mxn_usd": 0.052887554,
    "pen_clp": 262.30710763,
    "pen_cop": 1136.00336654,
    "pen_crc": 141.18098891,
    "pen_gtq": 2.15147153,
    "pen_mxn": 5.29127398,
    "pen_pen": 1,
    "pen_usd": 0.27984254,
    "timestamp": "2025-06-26 19:47:01",
    "usd_clp": 937.33822373,
    "usd_cop": 4059.43776114,
    "usd_crc": 504.5015309,
    "usd_gtq": 7.68815042,
    "usd_mxn": 18.90804026,
    "usd_pen": 3.57343814,
    "usd_usd": 1
}