{
    "clp_clp": 1,
    "clp_cop": 4.36485865,
    "clp_crc": 0.56155934,
    "clp_gtq": 0.0082751048,
    "clp_mxn": 0.019294401,
    "clp_pen": 0.0040469323,
    "clp_usd": 0.0010667883,
    "cop_clp": 0.22910249,
    "cop_cop": 1,
    "cop_crc": 0.12865465,
    "cop_gtq": 0.0018958471,
    "cop_mxn": 0.0044203953,
    "cop_pen": 0.00092716228,
    "cop_usd": 0.00024440386,
    "crc_clp": 1.7807557,
    "crc_cop": 7.77274692,
    "crc_crc": 1,
    "crc_gtq": 0.01473594,
    "crc_mxn": 0.034358614,
    "crc_pen": 0.0072065978,
    "crc_usd": 0.0018996893,
    "gtq_clp": 120.84439152,
    "gtq_cop": 527.46868794,
    "gtq_crc": 67.86129705,
    "gtq_gtq": 1,
    "gtq_mxn": 2.33162011,
    "gtq_pen": 0.48904907,
    "gtq_usd": 0.12891538,
    "mxn_clp": 51.8285079,
    "mxn_cop": 226.22411117,
    "mxn_crc": 29.10478282,
    "mxn_gtq": 0.42888633,
    "mxn_mxn": 1,
    "mxn_pen": 0.20974646,
    "mxn_usd": 0.055290046,
    "pen_clp": 247.10074712,
    "pen_cop": 1078.55983413,
    "pen_crc": 138.76173309,
    "pen_gtq": 2.04478457,
    "pen_mxn": 4.76766083,
    "pen_pen": 1,
    "pen_usd": 0.26360419,
    "timestamp": "2024-07-05 19:08:31",
    "usd_clp": 937.39310793,
    "usd_cop": 4091.58841799,
    "usd_crc": 526.40185737,
    "usd_gtq": 7.75702617,
    "usd_mxn": 18.08643825,
    "usd_pen": 3.79356647,
    "usd_usd": 1
}