{
    "clp_clp": 1,
    "clp_cop": 4.26643373,
    "clp_crc": 0.55746086,
    "clp_gtq": 0.0081814072,
    "clp_mxn": 0.019455888,
    "clp_pen": 0.0039669303,
    "clp_usd": 0.001055397,
    "cop_clp": 0.2343878,
    "cop_cop": 1,
    "cop_crc": 0.13066202,
    "cop_gtq": 0.001917622,
    "cop_mxn": 0.0045602228,
    "cop_pen": 0.00092980005,
    "cop_usd": 0.00024737218,
    "crc_clp": 1.79384791,
    "crc_cop": 7.65333321,
    "crc_crc": 1,
    "crc_gtq": 0.0146762,
    "crc_mxn": 0.034900905,
    "crc_pen": 0.0071160696,
    "crc_usd": 0.0018932217,
    "gtq_clp": 122.2283625,
    "gtq_cop": 521.47920801,
    "gtq_crc": 68.13752825,
    "gtq_gtq": 1,
    "gtq_mxn": 2.37806137,
    "gtq_pen": 0.48487139,
    "gtq_usd": 0.12899945,
    "mxn_clp": 51.39832139,
    "mxn_cop": 219.2875318,
    "mxn_crc": 28.65255251,
    "mxn_gtq": 0.42051059,
    "mxn_mxn": 1,
    "mxn_pen": 0.20389356,
    "mxn_usd": 0.054245635,
    "pen_clp": 252.08408744,
    "pen_cop": 1075.50005235,
    "pen_crc": 140.52701253,
    "pen_gtq": 2.06240256,
    "pen_mxn": 4.90451985,
    "pen_pen": 1,
    "pen_usd": 0.26604879,
    "timestamp": "2024-07-26 19:10:55",
    "usd_clp": 947.51073029,
    "usd_cop": 4042.49173507,
    "usd_crc": 528.20014788,
    "usd_gtq": 7.75197107,
    "usd_mxn": 18.43466294,
    "usd_pen": 3.75870901,
    "usd_usd": 1
}