{
    "clp_clp": 1,
    "clp_cop": 4.19329697,
    "clp_crc": 0.52337205,
    "clp_gtq": 0.0079335886,
    "clp_mxn": 0.019195955,
    "clp_pen": 0.0036516775,
    "clp_usd": 0.0010351308,
    "cop_clp": 0.23847584,
    "cop_cop": 1,
    "cop_crc": 0.12481159,
    "cop_gtq": 0.0018919692,
    "cop_mxn": 0.0045777713,
    "cop_pen": 0.00087083685,
    "cop_usd": 0.00024685368,
    "crc_clp": 1.91068667,
    "crc_cop": 8.0120766,
    "crc_crc": 1,
    "crc_gtq": 0.015158602,
    "crc_mxn": 0.036677455,
    "crc_pen": 0.0069772115,
    "crc_usd": 0.0019778106,
    "gtq_clp": 126.0463638,
    "gtq_cop": 528.54983485,
    "gtq_crc": 65.96914398,
    "gtq_gtq": 1,
    "gtq_mxn": 2.41958028,
    "gtq_pen": 0.46028067,
    "gtq_usd": 0.13047447,
    "mxn_clp": 52.09430936,
    "mxn_cop": 218.44690938,
    "mxn_crc": 27.26470555,
    "mxn_gtq": 0.41329482,
    "mxn_mxn": 1,
    "mxn_pen": 0.19023162,
    "mxn_usd": 0.053924424,
    "pen_clp": 273.84674519,
    "pen_cop": 1148.32072567,
    "pen_crc": 143.32373277,
    "pen_gtq": 2.17258743,
    "pen_mxn": 5.2567497,
    "pen_pen": 1,
    "pen_usd": 0.2834672,
    "timestamp": "2025-08-11 06:47:51",
    "usd_clp": 966.0614869,
    "usd_cop": 4050.9827017,
    "usd_crc": 505.60958209,
    "usd_gtq": 7.66433444,
    "usd_mxn": 18.54447249,
    "usd_pen": 3.527745,
    "usd_usd": 1
}