{
    "clp_clp": 1,
    "clp_cop": 4.48298438,
    "clp_crc": 0.52445134,
    "clp_gtq": 0.0079370188,
    "clp_mxn": 0.020739423,
    "clp_pen": 0.0038556328,
    "clp_usd": 0.0010305168,
    "cop_clp": 0.22439203,
    "cop_cop": 1,
    "cop_crc": 0.11847729,
    "cop_gtq": 0.0017881582,
    "cop_mxn": 0.0046661809,
    "cop_pen": 0.00086713717,
    "cop_usd": 0.00023206176,
    "crc_clp": 1.90675458,
    "crc_cop": 8.54795099,
    "crc_crc": 1,
    "crc_gtq": 0.015133947,
    "crc_mxn": 0.03954499,
    "crc_pen": 0.0073517455,
    "crc_usd": 0.0019649426,
    "gtq_clp": 125.99189081,
    "gtq_cop": 564.81967814,
    "gtq_crc": 66.07661632,
    "gtq_gtq": 1,
    "gtq_mxn": 2.61299913,
    "gtq_pen": 0.48577847,
    "gtq_usd": 0.12983676,
    "mxn_clp": 48.21734892,
    "mxn_cop": 216.15762192,
    "mxn_crc": 25.28765339,
    "mxn_gtq": 0.382702,
    "mxn_mxn": 1,
    "mxn_pen": 0.18590839,
    "mxn_usd": 0.049688787,
    "pen_clp": 259.36079805,
    "pen_cop": 1162.71040566,
    "pen_crc": 136.02211881,
    "pen_gtq": 2.05855152,
    "pen_mxn": 5.37899333,
    "pen_pen": 1,
    "pen_usd": 0.26727565,
    "timestamp": "2025-04-16 06:39:43",
    "usd_clp": 970.38692262,
    "usd_cop": 4350.22941377,
    "usd_crc": 508.92072462,
    "usd_gtq": 7.7019792,
    "usd_mxn": 20.12526496,
    "usd_pen": 3.74145565,
    "usd_usd": 1
}