{
    "clp_clp": 1,
    "clp_cop": 4.00417309,
    "clp_crc": 0.52446154,
    "clp_gtq": 0.0081430994,
    "clp_mxn": 0.017209166,
    "clp_pen": 0.0038648312,
    "clp_usd": 0.0010465453,
    "cop_clp": 0.24973945,
    "cop_cop": 1,
    "cop_crc": 0.13097874,
    "cop_gtq": 0.0020336532,
    "cop_mxn": 0.0042978078,
    "cop_pen": 0.00096520083,
    "cop_usd": 0.00026136365,
    "crc_clp": 1.90671751,
    "crc_cop": 7.63482696,
    "crc_crc": 1,
    "crc_gtq": 0.01552659,
    "crc_mxn": 0.032813019,
    "crc_pen": 0.0073691413,
    "crc_usd": 0.0019954662,
    "gtq_clp": 122.80336338,
    "gtq_cop": 491.72592315,
    "gtq_crc": 64.40564083,
    "gtq_gtq": 1,
    "gtq_mxn": 2.11334349,
    "gtq_pen": 0.47461427,
    "gtq_usd": 0.12851928,
    "mxn_clp": 58.10856783,
    "mxn_cop": 232.67676368,
    "mxn_crc": 30.47570886,
    "mxn_gtq": 0.47318385,
    "mxn_mxn": 1,
    "mxn_pen": 0.2245798,
    "mxn_usd": 0.060813248,
    "pen_clp": 258.74351429,
    "pen_cop": 1036.05381742,
    "pen_crc": 135.70102146,
    "pen_gtq": 2.10697417,
    "pen_mxn": 4.45276013,
    "pen_pen": 1,
    "pen_usd": 0.2707868,
    "timestamp": "2024-04-12 18:52:46",
    "usd_clp": 955.52482669,
    "usd_cop": 3826.08679895,
    "usd_crc": 501.13602024,
    "usd_gtq": 7.78093368,
    "usd_mxn": 16.44378553,
    "usd_pen": 3.69294214,
    "usd_usd": 1
}