{
    "clp_clp": 1,
    "clp_cop": 4.09258666,
    "clp_crc": 0.53306385,
    "clp_gtq": 0.0081307754,
    "clp_mxn": 0.019663223,
    "clp_pen": 0.0035889421,
    "clp_usd": 0.0010609722,
    "cop_clp": 0.24434425,
    "cop_cop": 1,
    "cop_crc": 0.13025108,
    "cop_gtq": 0.0019867082,
    "cop_mxn": 0.0048045953,
    "cop_pen": 0.00087693736,
    "cop_usd": 0.00025924245,
    "crc_clp": 1.87594787,
    "crc_cop": 7.67747924,
    "crc_crc": 1,
    "crc_gtq": 0.015252911,
    "crc_mxn": 0.036887181,
    "crc_pen": 0.0067326683,
    "crc_usd": 0.0019903286,
    "gtq_clp": 122.98949982,
    "gtq_cop": 503.345186,
    "gtq_crc": 65.56125657,
    "gtq_gtq": 1,
    "gtq_mxn": 2.41836993,
    "gtq_pen": 0.4414022,
    "gtq_usd": 0.13048844,
    "mxn_clp": 50.85636339,
    "mxn_cop": 208.13407426,
    "mxn_crc": 27.10968898,
    "mxn_gtq": 0.41350167,
    "mxn_mxn": 1,
    "mxn_pen": 0.18252054,
    "mxn_usd": 0.053957188,
    "pen_clp": 278.63363773,
    "pen_cop": 1140.33230814,
    "pen_crc": 148.52952031,
    "pen_gtq": 2.26550753,
    "pen_mxn": 5.47883528,
    "pen_pen": 1,
    "pen_usd": 0.29562255,
    "timestamp": "2025-10-31 19:43:49",
    "usd_clp": 942.53175962,
    "usd_cop": 3857.39290377,
    "usd_crc": 502.42961071,
    "usd_gtq": 7.66351405,
    "usd_mxn": 18.53321191,
    "usd_pen": 3.38269194,
    "usd_usd": 1
}