{
    "clp_clp": 1,
    "clp_cop": 4.12563965,
    "clp_crc": 0.56128196,
    "clp_gtq": 0.0086567825,
    "clp_mxn": 0.020112409,
    "clp_pen": 0.0037942904,
    "clp_usd": 0.0011284798,
    "cop_clp": 0.24238666,
    "cop_cop": 1,
    "cop_crc": 0.13604726,
    "cop_gtq": 0.0020982886,
    "cop_mxn": 0.0048749796,
    "cop_pen": 0.00091968536,
    "cop_usd": 0.00027352846,
    "crc_clp": 1.78163572,
    "crc_cop": 7.35038699,
    "crc_crc": 1,
    "crc_gtq": 0.015423233,
    "crc_mxn": 0.035832986,
    "crc_pen": 0.0067600433,
    "crc_usd": 0.00201054,
    "gtq_clp": 115.27118296,
    "gtq_cop": 484.53502107,
    "gtq_crc": 64.85545634,
    "gtq_gtq": 1,
    "gtq_mxn": 2.33764186,
    "gtq_pen": 0.43848974,
    "gtq_usd": 0.13039595,
    "mxn_clp": 49.31088245,
    "mxn_cop": 207.2751303,
    "mxn_crc": 27.74396603,
    "mxn_gtq": 0.42778153,
    "mxn_mxn": 1,
    "mxn_pen": 0.18757781,
    "mxn_usd": 0.055780977,
    "pen_clp": 262.88227919,
    "pen_cop": 1105.00879244,
    "pen_crc": 147.90643891,
    "pen_gtq": 2.28055506,
    "pen_mxn": 5.33112096,
    "pen_pen": 1,
    "pen_usd": 0.29737514,
    "timestamp": "2026-01-14 06:50:59",
    "usd_clp": 884.00894357,
    "usd_cop": 3715.8748708,
    "usd_crc": 497.3732547,
    "usd_gtq": 7.66895004,
    "usd_mxn": 17.92725864,
    "usd_pen": 3.36275593,
    "usd_usd": 1
}