{
    "clp_clp": 1,
    "clp_cop": 4.01253474,
    "clp_crc": 0.51224692,
    "clp_gtq": 0.0083299135,
    "clp_mxn": 0.0193934,
    "clp_pen": 0.0037535755,
    "clp_usd": 0.0010862232,
    "cop_clp": 0.24921903,
    "cop_cop": 1,
    "cop_crc": 0.12766168,
    "cop_gtq": 0.0020759729,
    "cop_mxn": 0.0048332044,
    "cop_pen": 0.00093546242,
    "cop_usd": 0.00027070749,
    "crc_clp": 1.95218354,
    "crc_cop": 7.83320426,
    "crc_crc": 1,
    "crc_gtq": 0.01626152,
    "crc_mxn": 0.037859477,
    "crc_pen": 0.0073276682,
    "crc_usd": 0.002120507,
    "gtq_clp": 120.04926517,
    "gtq_cop": 481.701847,
    "gtq_crc": 61.49486612,
    "gtq_gtq": 1,
    "gtq_mxn": 2.32816347,
    "gtq_pen": 0.45061398,
    "gtq_usd": 0.1304003,
    "mxn_clp": 51.56393295,
    "mxn_cop": 206.90207227,
    "mxn_crc": 26.41346574,
    "mxn_gtq": 0.4295231,
    "mxn_mxn": 1,
    "mxn_pen": 0.19354911,
    "mxn_usd": 0.05600994,
    "pen_clp": 266.41265268,
    "pen_cop": 1068.99002402,
    "pen_crc": 136.46906032,
    "pen_gtq": 2.21919436,
    "pen_mxn": 5.16664726,
    "pen_pen": 1,
    "pen_usd": 0.2893836,
    "timestamp": "2026-03-16 07:16:43",
    "usd_clp": 920.62110618,
    "usd_cop": 3694.02417075,
    "usd_crc": 471.58532452,
    "usd_gtq": 7.66869422,
    "usd_mxn": 17.85397377,
    "usd_pen": 3.45562081,
    "usd_usd": 1
}