{
    "clp_clp": 1,
    "clp_cop": 4.5268785,
    "clp_crc": 0.55661046,
    "clp_gtq": 0.0083207408,
    "clp_mxn": 0.020776913,
    "clp_pen": 0.0040269302,
    "clp_usd": 0.0010764626,
    "cop_clp": 0.22090277,
    "cop_cop": 1,
    "cop_crc": 0.12295679,
    "cop_gtq": 0.0018380747,
    "cop_mxn": 0.0045896776,
    "cop_pen": 0.00088956003,
    "cop_usd": 0.00023779357,
    "crc_clp": 1.79658858,
    "crc_cop": 8.1329382,
    "crc_crc": 1,
    "crc_gtq": 0.014948948,
    "crc_mxn": 0.037327564,
    "crc_pen": 0.0072347368,
    "crc_usd": 0.0019339604,
    "gtq_clp": 120.18160658,
    "gtq_cop": 544.04753075,
    "gtq_crc": 66.89433969,
    "gtq_gtq": 1,
    "gtq_mxn": 2.49700274,
    "gtq_pen": 0.48396294,
    "gtq_usd": 0.12937101,
    "mxn_clp": 48.13034628,
    "mxn_cop": 217.8802297,
    "mxn_crc": 26.78985433,
    "mxn_gtq": 0.40048014,
    "mxn_mxn": 1,
    "mxn_pen": 0.19381754,
    "mxn_usd": 0.051810518,
    "pen_clp": 248.32811968,
    "pen_cop": 1124.15122562,
    "pen_crc": 138.2220297,
    "pen_gtq": 2.06627392,
    "pen_mxn": 5.15949165,
    "pen_pen": 1,
    "pen_usd": 0.26731594,
    "timestamp": "2024-10-14 19:22:14",
    "usd_clp": 928.9686365,
    "usd_cop": 4205.32814649,
    "usd_crc": 517.07366298,
    "usd_gtq": 7.72970726,
    "usd_mxn": 19.30110021,
    "usd_pen": 3.74089184,
    "usd_usd": 1
}