{
    "clp_clp": 1,
    "clp_cop": 4.05932899,
    "clp_crc": 0.53123663,
    "clp_gtq": 0.0081229056,
    "clp_mxn": 0.017474099,
    "clp_pen": 0.0038365999,
    "clp_usd": 0.0010400159,
    "cop_clp": 0.24634613,
    "cop_cop": 1,
    "cop_crc": 0.13086809,
    "cop_gtq": 0.0020010464,
    "cop_mxn": 0.0043046766,
    "cop_pen": 0.00094513156,
    "cop_usd": 0.00025620389,
    "crc_clp": 1.88240032,
    "crc_cop": 7.64128218,
    "crc_crc": 1,
    "crc_gtq": 0.01529056,
    "crc_mxn": 0.032893249,
    "crc_pen": 0.007222017,
    "crc_usd": 0.0019577263,
    "gtq_clp": 123.1086575,
    "gtq_cop": 499.73854189,
    "gtq_crc": 65.39982818,
    "gtq_gtq": 1,
    "gtq_mxn": 2.15121282,
    "gtq_pen": 0.47231867,
    "gtq_usd": 0.12803496,
    "mxn_clp": 57.22755846,
    "mxn_cop": 232.3054869,
    "mxn_crc": 30.40137523,
    "mxn_gtq": 0.46485405,
    "mxn_mxn": 1,
    "mxn_pen": 0.21955925,
    "mxn_usd": 0.05951757,
    "pen_clp": 260.6474522,
    "pen_cop": 1058.05375798,
    "pen_crc": 138.46547379,
    "pen_gtq": 2.11721464,
    "pen_mxn": 4.55457928,
    "pen_pen": 1,
    "pen_usd": 0.27107749,
    "timestamp": "2024-03-10 19:02:29",
    "usd_clp": 961.52376684,
    "usd_cop": 3903.14129805,
    "usd_crc": 510.79664435,
    "usd_gtq": 7.81036676,
    "usd_mxn": 16.80176112,
    "usd_pen": 3.68898203,
    "usd_usd": 1
}