{
    "clp_clp": 1,
    "clp_cop": 3.88395799,
    "clp_crc": 0.50083556,
    "clp_gtq": 0.0083236118,
    "clp_mxn": 0.018989798,
    "clp_pen": 0.0037146717,
    "clp_usd": 0.0010919088,
    "cop_clp": 0.25746931,
    "cop_cop": 1,
    "cop_crc": 0.12894979,
    "cop_gtq": 0.0021430746,
    "cop_mxn": 0.0048892903,
    "cop_pen": 0.00095641397,
    "cop_usd": 0.00028113301,
    "crc_clp": 1.99666335,
    "crc_cop": 7.75495657,
    "crc_crc": 1,
    "crc_gtq": 0.016619451,
    "crc_mxn": 0.037916234,
    "crc_pen": 0.0074169488,
    "crc_usd": 0.0021801743,
    "gtq_clp": 120.14015429,
    "gtq_cop": 466.61931237,
    "gtq_crc": 60.17046104,
    "gtq_gtq": 1,
    "gtq_mxn": 2.28143728,
    "gtq_pen": 0.44628123,
    "gtq_usd": 0.13118209,
    "mxn_clp": 52.65985408,
    "mxn_cop": 204.52866109,
    "mxn_crc": 26.37392733,
    "mxn_gtq": 0.43832018,
    "mxn_mxn": 1,
    "mxn_pen": 0.19561407,
    "mxn_usd": 0.057499758,
    "pen_clp": 269.20279472,
    "pen_cop": 1045.57234596,
    "pen_crc": 134.82633153,
    "pen_gtq": 2.24073955,
    "pen_mxn": 5.11210674,
    "pen_pen": 1,
    "pen_usd": 0.2939449,
    "timestamp": "2026-06-11 22:08:18",
    "usd_clp": 915.82740391,
    "usd_cop": 3557.03516447,
    "usd_crc": 458.67892758,
    "usd_gtq": 7.62299174,
    "usd_mxn": 17.39137755,
    "usd_pen": 3.40199813,
    "usd_usd": 1
}