{
    "clp_clp": 1,
    "clp_cop": 4.2998734,
    "clp_crc": 0.54114933,
    "clp_gtq": 0.008776491,
    "clp_mxn": 0.019733956,
    "clp_pen": 0.0038395391,
    "clp_usd": 0.001144264,
    "cop_clp": 0.23256499,
    "cop_cop": 1,
    "cop_crc": 0.12585239,
    "cop_gtq": 0.0020411045,
    "cop_mxn": 0.0045894272,
    "cop_pen": 0.00089294235,
    "cop_usd": 0.00026611575,
    "crc_clp": 1.84791876,
    "crc_cop": 7.94581673,
    "crc_crc": 1,
    "crc_gtq": 0.016218242,
    "crc_mxn": 0.036466747,
    "crc_pen": 0.0070951563,
    "crc_usd": 0.002114507,
    "gtq_clp": 113.9769559,
    "gtq_cop": 490.09730118,
    "gtq_crc": 61.43133847,
    "gtq_gtq": 1,
    "gtq_mxn": 2.2482898,
    "gtq_pen": 0.43765378,
    "gtq_usd": 0.13045903,
    "mxn_clp": 50.67407683,
    "mxn_cop": 217.89211519,
    "mxn_crc": 27.42224273,
    "mxn_gtq": 0.44474058,
    "mxn_mxn": 1,
    "mxn_pen": 0.1945651,
    "mxn_usd": 0.057984524,
    "pen_clp": 260.44792925,
    "pen_cop": 1119.89312398,
    "pen_crc": 140.94122245,
    "pen_gtq": 2.28581891,
    "pen_mxn": 5.13966796,
    "pen_pen": 1,
    "pen_usd": 0.2980212,
    "timestamp": "2026-03-02 07:02:26",
    "usd_clp": 873.92416629,
    "usd_cop": 3757.7632793,
    "usd_crc": 472.9234772,
    "usd_gtq": 7.6699876,
    "usd_mxn": 17.245981,
    "usd_pen": 3.35546598,
    "usd_usd": 1
}