{
    "clp_clp": 1,
    "clp_cop": 4.34408078,
    "clp_crc": 0.54243265,
    "clp_gtq": 0.0082582327,
    "clp_mxn": 0.020267327,
    "clp_pen": 0.0038245046,
    "clp_usd": 0.0010738431,
    "cop_clp": 0.2301983,
    "cop_cop": 1,
    "cop_crc": 0.12486707,
    "cop_gtq": 0.0019010311,
    "cop_mxn": 0.0046655042,
    "cop_pen": 0.00088039445,
    "cop_usd": 0.00024719684,
    "crc_clp": 1.84354686,
    "crc_cop": 8.00851647,
    "crc_crc": 1,
    "crc_gtq": 0.015224439,
    "crc_mxn": 0.037363767,
    "crc_pen": 0.0070506535,
    "crc_usd": 0.00197968,
    "gtq_clp": 121.09128404,
    "gtq_cop": 526.03031909,
    "gtq_crc": 65.68386553,
    "gtq_gtq": 1,
    "gtq_mxn": 2.45419667,
    "gtq_pen": 0.46311417,
    "gtq_usd": 0.13003303,
    "mxn_clp": 49.34049716,
    "mxn_cop": 214.33910516,
    "mxn_crc": 26.7638964,
    "mxn_gtq": 0.40746531,
    "mxn_mxn": 1,
    "mxn_pen": 0.18870296,
    "mxn_usd": 0.05298395,
    "pen_clp": 261.47177274,
    "pen_cop": 1135.85450133,
    "pen_crc": 141.83082537,
    "pen_gtq": 2.15929474,
    "pen_mxn": 5.29933397,
    "pen_pen": 1,
    "pen_usd": 0.28077965,
    "timestamp": "2025-06-27 19:42:50",
    "usd_clp": 931.23478106,
    "usd_cop": 4045.35910996,
    "usd_crc": 505.13214573,
    "usd_gtq": 7.69035351,
    "usd_mxn": 18.87364001,
    "usd_pen": 3.56151171,
    "usd_usd": 1
}