{
    "clp_clp": 1,
    "clp_cop": 4.43695592,
    "clp_crc": 0.53576601,
    "clp_gtq": 0.0081846853,
    "clp_mxn": 0.021619353,
    "clp_pen": 0.0038886723,
    "clp_usd": 0.0010612353,
    "cop_clp": 0.22537975,
    "cop_cop": 1,
    "cop_crc": 0.12075081,
    "cop_gtq": 0.0018446623,
    "cop_mxn": 0.0048725644,
    "cop_pen": 0.00087642798,
    "cop_usd": 0.00023918093,
    "crc_clp": 1.86648645,
    "crc_cop": 8.28151812,
    "crc_crc": 1,
    "crc_gtq": 0.015276604,
    "crc_mxn": 0.04035223,
    "crc_pen": 0.0072581542,
    "crc_usd": 0.0019807812,
    "gtq_clp": 122.17940766,
    "gtq_cop": 542.10464591,
    "gtq_crc": 65.45957376,
    "gtq_gtq": 1,
    "gtq_mxn": 2.64143978,
    "gtq_pen": 0.47511568,
    "gtq_usd": 0.1296611,
    "mxn_clp": 46.25485252,
    "mxn_cop": 205.23074166,
    "mxn_crc": 24.78177779,
    "mxn_gtq": 0.37858141,
    "mxn_mxn": 1,
    "mxn_pen": 0.17986996,
    "mxn_usd": 0.04908728,
    "pen_clp": 257.15717776,
    "pen_cop": 1140.99506185,
    "pen_crc": 137.77607511,
    "pen_gtq": 2.10475057,
    "pen_mxn": 5.55957189,
    "pen_pen": 1,
    "pen_usd": 0.27290426,
    "timestamp": "2025-03-11 19:24:43",
    "usd_clp": 942.29813024,
    "usd_cop": 4180.93526592,
    "usd_crc": 504.85130959,
    "usd_gtq": 7.71241364,
    "usd_mxn": 20.37187622,
    "usd_pen": 3.66428866,
    "usd_usd": 1
}