{
    "clp_clp": 1,
    "clp_cop": 4.32505668,
    "clp_crc": 0.55336218,
    "clp_gtq": 0.0081999862,
    "clp_mxn": 0.018978611,
    "clp_pen": 0.0040311539,
    "clp_usd": 0.0010577489,
    "cop_clp": 0.22443091,
    "cop_cop": 1,
    "cop_crc": 0.12506227,
    "cop_gtq": 0.0018689407,
    "cop_mxn": 0.0043671996,
    "cop_pen": 0.00091728696,
    "cop_usd": 0.00024104071,
    "crc_clp": 1.80713472,
    "crc_cop": 7.81596008,
    "crc_crc": 1,
    "crc_gtq": 0.01481848,
    "crc_mxn": 0.034296907,
    "crc_pen": 0.0072848382,
    "crc_usd": 0.0019114947,
    "gtq_clp": 120.08455091,
    "gtq_cop": 535.06244129,
    "gtq_crc": 66.91612534,
    "gtq_gtq": 1,
    "gtq_mxn": 2.33672446,
    "gtq_pen": 0.4908058,
    "gtq_usd": 0.12897183,
    "mxn_clp": 52.69089465,
    "mxn_cop": 227.89110576,
    "mxn_crc": 29.15714814,
    "mxn_gtq": 0.43206461,
    "mxn_mxn": 1,
    "mxn_pen": 0.21240511,
    "mxn_usd": 0.055733735,
    "pen_clp": 248.06792786,
    "pen_cop": 1072.90784803,
    "pen_crc": 137.27140846,
    "pen_gtq": 2.0341536,
    "pen_mxn": 4.70798474,
    "pen_pen": 1,
    "pen_usd": 0.26239357,
    "timestamp": "2024-06-25 06:30:03",
    "usd_clp": 931.09131068,
    "usd_cop": 4148.67679455,
    "usd_crc": 518.84295165,
    "usd_gtq": 7.75363112,
    "usd_mxn": 18.11809947,
    "usd_pen": 3.80552714,
    "usd_usd": 1
}