{
    "clp_clp": 1,
    "clp_cop": 4.14778155,
    "clp_crc": 0.55520216,
    "clp_gtq": 0.0085607736,
    "clp_mxn": 0.020037354,
    "clp_pen": 0.0037527288,
    "clp_usd": 0.0011167361,
    "cop_clp": 0.24109274,
    "cop_cop": 1,
    "cop_crc": 0.13385521,
    "cop_gtq": 0.0020639403,
    "cop_mxn": 0.0048308606,
    "cop_pen": 0.00090475565,
    "cop_usd": 0.00026923696,
    "crc_clp": 1.80114573,
    "crc_cop": 7.47075905,
    "crc_crc": 1,
    "crc_gtq": 0.015419201,
    "crc_mxn": 0.036090195,
    "crc_pen": 0.0067592114,
    "crc_usd": 0.0020114044,
    "gtq_clp": 116.81187268,
    "gtq_cop": 484.51013058,
    "gtq_crc": 64.85420392,
    "gtq_gtq": 1,
    "gtq_mxn": 2.34060088,
    "gtq_pen": 0.43836328,
    "gtq_usd": 0.13044803,
    "mxn_clp": 49.90678841,
    "mxn_cop": 207.00245627,
    "mxn_crc": 27.70835668,
    "mxn_gtq": 0.42724072,
    "mxn_mxn": 1,
    "mxn_pen": 0.18728664,
    "mxn_usd": 0.055732711,
    "pen_clp": 266.47276057,
    "pen_cop": 1105.27080041,
    "pen_crc": 147.94625201,
    "pen_gtq": 2.28121298,
    "pen_mxn": 5.33940911,
    "pen_pen": 1,
    "pen_usd": 0.29757975,
    "timestamp": "2026-01-12 19:49:18",
    "usd_clp": 895.46672625,
    "usd_cop": 3714.20036767,
    "usd_crc": 497.16505983,
    "usd_gtq": 7.66588794,
    "usd_mxn": 17.94278404,
    "usd_pen": 3.36044376,
    "usd_usd": 1
}