{
    "clp_clp": 1,
    "clp_cop": 3.63428842,
    "clp_crc": 0.4923682,
    "clp_gtq": 0.0082763661,
    "clp_mxn": 0.018970343,
    "clp_pen": 0.0036947248,
    "clp_usd": 0.0010859136,
    "cop_clp": 0.27515703,
    "cop_cop": 1,
    "cop_crc": 0.13547857,
    "cop_gtq": 0.0022773003,
    "cop_mxn": 0.0052198232,
    "cop_pen": 0.0010166295,
    "cop_usd": 0.00029879676,
    "crc_clp": 2.03100039,
    "crc_cop": 7.3812412,
    "crc_crc": 1,
    "crc_gtq": 0.016809303,
    "crc_mxn": 0.038528774,
    "crc_pen": 0.0075039875,
    "crc_usd": 0.002205491,
    "gtq_clp": 120.6074997,
    "gtq_cop": 438.89500904,
    "gtq_crc": 59.70018402,
    "gtq_gtq": 1,
    "gtq_mxn": 2.28820625,
    "gtq_pen": 0.44552706,
    "gtq_usd": 0.13097429,
    "mxn_clp": 52.7138594,
    "mxn_cop": 191.57736889,
    "mxn_crc": 25.95462792,
    "mxn_gtq": 0.4362792,
    "mxn_mxn": 1,
    "mxn_pen": 0.1947632,
    "mxn_usd": 0.057242697,
    "pen_clp": 270.70746333,
    "pen_cop": 985.11415014,
    "pen_crc": 133.9990085,
    "pen_gtq": 2.24453259,
    "pen_mxn": 5.13595349,
    "pen_pen": 1,
    "pen_usd": 0.29397606,
    "timestamp": "2026-07-05 07:41:50",
    "usd_clp": 920.84866789,
    "usd_cop": 3351.00126801,
    "usd_crc": 455.81605679,
    "usd_gtq": 7.63508629,
    "usd_mxn": 17.47065216,
    "usd_pen": 3.40163753,
    "usd_usd": 1
}