{
    "clp_clp": 1,
    "clp_cop": 4.15301008,
    "clp_crc": 0.51919033,
    "clp_gtq": 0.0078242482,
    "clp_mxn": 0.019091387,
    "clp_pen": 0.0036425176,
    "clp_usd": 0.0010262301,
    "cop_clp": 0.24078921,
    "cop_cop": 1,
    "cop_crc": 0.12501543,
    "cop_gtq": 0.0018839945,
    "cop_mxn": 0.0045969998,
    "cop_pen": 0.00087707893,
    "cop_usd": 0.00024710512,
    "crc_clp": 1.92607594,
    "crc_cop": 7.99901279,
    "crc_crc": 1,
    "crc_gtq": 0.015070096,
    "crc_mxn": 0.03677146,
    "crc_pen": 0.0070157656,
    "crc_usd": 0.001976597,
    "gtq_clp": 127.80780626,
    "gtq_cop": 530.78710788,
    "gtq_crc": 66.35657694,
    "gtq_gtq": 1,
    "gtq_mxn": 2.44002824,
    "gtq_pen": 0.46554219,
    "gtq_usd": 0.13116021,
    "mxn_clp": 52.37964231,
    "mxn_cop": 217.53318256,
    "mxn_crc": 27.19500371,
    "mxn_gtq": 0.40983132,
    "mxn_mxn": 1,
    "mxn_pen": 0.19079377,
    "mxn_usd": 0.053753564,
    "pen_clp": 274.53539077,
    "pen_cop": 1140.14824563,
    "pen_crc": 142.53611978,
    "pen_gtq": 2.14803304,
    "pen_mxn": 5.24126127,
    "pen_pen": 1,
    "pen_usd": 0.28173647,
    "timestamp": "2025-08-07 19:56:10",
    "usd_clp": 974.44036212,
    "usd_cop": 4046.86064775,
    "usd_crc": 505.9200119,
    "usd_gtq": 7.62426326,
    "usd_mxn": 18.60341765,
    "usd_pen": 3.54941619,
    "usd_usd": 1
}