{
    "clp_clp": 1,
    "clp_cop": 4.17020036,
    "clp_crc": 0.52256806,
    "clp_gtq": 0.0079545032,
    "clp_mxn": 0.019460534,
    "clp_pen": 0.0036941685,
    "clp_usd": 0.0010378678,
    "cop_clp": 0.23979663,
    "cop_cop": 1,
    "cop_crc": 0.12531006,
    "cop_gtq": 0.0019074631,
    "cop_mxn": 0.0046665706,
    "cop_pen": 0.00088584916,
    "cop_usd": 0.00024887719,
    "crc_clp": 1.91362632,
    "crc_cop": 7.98020515,
    "crc_crc": 1,
    "crc_gtq": 0.015221947,
    "crc_mxn": 0.037240191,
    "crc_pen": 0.007069258,
    "crc_usd": 0.0019860911,
    "gtq_clp": 125.71495351,
    "gtq_cop": 524.25654397,
    "gtq_crc": 65.69461986,
    "gtq_gtq": 1,
    "gtq_mxn": 2.44648018,
    "gtq_pen": 0.46441222,
    "gtq_usd": 0.1304755,
    "mxn_clp": 51.38605017,
    "mxn_cop": 214.29012475,
    "mxn_crc": 26.85270875,
    "mxn_gtq": 0.4087505,
    "mxn_mxn": 1,
    "mxn_pen": 0.18982873,
    "mxn_usd": 0.053331925,
    "pen_clp": 270.69691166,
    "pen_cop": 1128.8603576,
    "pen_crc": 141.45756104,
    "pen_gtq": 2.15325945,
    "pen_mxn": 5.26790658,
    "pen_pen": 1,
    "pen_usd": 0.2809476,
    "timestamp": "2025-08-18 06:46:53",
    "usd_clp": 963.51388775,
    "usd_cop": 4018.04595847,
    "usd_crc": 503.50158689,
    "usd_gtq": 7.6642743,
    "usd_mxn": 18.75049521,
    "usd_pen": 3.55938264,
    "usd_usd": 1
}