{
    "clp_clp": 1,
    "clp_cop": 4.4416207,
    "clp_crc": 0.50962595,
    "clp_gtq": 0.0077527796,
    "clp_mxn": 0.020782862,
    "clp_pen": 0.0037680441,
    "clp_usd": 0.0010058988,
    "cop_clp": 0.22514304,
    "cop_cop": 1,
    "cop_crc": 0.11473874,
    "cop_gtq": 0.0017454844,
    "cop_mxn": 0.0046791168,
    "cop_pen": 0.00084834892,
    "cop_usd": 0.00022647111,
    "crc_clp": 1.96222347,
    "crc_cop": 8.71545237,
    "crc_crc": 1,
    "crc_gtq": 0.015212686,
    "crc_mxn": 0.040780619,
    "crc_pen": 0.0073937446,
    "crc_usd": 0.0019737981,
    "gtq_clp": 128.98599578,
    "gtq_cop": 572.90686879,
    "gtq_crc": 65.73461073,
    "gtq_gtq": 1,
    "gtq_mxn": 2.68069814,
    "gtq_pen": 0.48602493,
    "gtq_usd": 0.12974685,
    "mxn_clp": 48.11656858,
    "mxn_cop": 213.71554697,
    "mxn_crc": 24.52145201,
    "mxn_gtq": 0.37303715,
    "mxn_mxn": 1,
    "mxn_pen": 0.18130535,
    "mxn_usd": 0.048400397,
    "pen_clp": 265.38967236,
    "pen_cop": 1178.76026219,
    "pen_crc": 135.24946409,
    "pen_gtq": 2.05750764,
    "pen_mxn": 5.51555691,
    "pen_pen": 1,
    "pen_usd": 0.26695514,
    "timestamp": "2024-12-31 19:35:28",
    "usd_clp": 994.13583259,
    "usd_cop": 4415.57429216,
    "usd_crc": 506.63741886,
    "usd_gtq": 7.70731603,
    "usd_mxn": 20.66098772,
    "usd_pen": 3.7459477,
    "usd_usd": 1
}