{
    "clp_clp": 1,
    "clp_cop": 4.363444,
    "clp_crc": 0.53917664,
    "clp_gtq": 0.0081964799,
    "clp_mxn": 0.021583762,
    "clp_pen": 0.0039333934,
    "clp_usd": 0.0010629283,
    "cop_clp": 0.22917677,
    "cop_cop": 1,
    "cop_crc": 0.12356676,
    "cop_gtq": 0.0018784428,
    "cop_mxn": 0.0049464969,
    "cop_pen": 0.00090144239,
    "cop_usd": 0.00024359847,
    "crc_clp": 1.85467975,
    "crc_cop": 8.09279122,
    "crc_crc": 1,
    "crc_gtq": 0.015201845,
    "crc_mxn": 0.040030966,
    "crc_pen": 0.0072951851,
    "crc_usd": 0.0019713915,
    "gtq_clp": 122.00359333,
    "gtq_cop": 532.35584768,
    "gtq_crc": 65.78148791,
    "gtq_gtq": 1,
    "gtq_mxn": 2.63329654,
    "gtq_pen": 0.47988813,
    "gtq_usd": 0.12968107,
    "mxn_clp": 46.33112585,
    "mxn_cop": 202.16327325,
    "mxn_crc": 24.98066091,
    "mxn_gtq": 0.37975214,
    "mxn_mxn": 1,
    "mxn_pen": 0.18223854,
    "mxn_usd": 0.049246663,
    "pen_clp": 254.23340559,
    "pen_cop": 1109.33322899,
    "pen_crc": 137.07671421,
    "pen_gtq": 2.083819,
    "pen_mxn": 5.48731335,
    "pen_pen": 1,
    "pen_usd": 0.27023187,
    "timestamp": "2025-02-16 19:24:08",
    "usd_clp": 940.79725875,
    "usd_cop": 4105.1161568,
    "usd_crc": 507.2559079,
    "usd_gtq": 7.71122582,
    "usd_mxn": 20.30594425,
    "usd_pen": 3.70052573,
    "usd_usd": 1
}