{
    "clp_clp": 1,
    "clp_cop": 4.29556937,
    "clp_crc": 0.53076632,
    "clp_gtq": 0.0080512166,
    "clp_mxn": 0.021448467,
    "clp_pen": 0.0038680955,
    "clp_usd": 0.0010397935,
    "cop_clp": 0.23279801,
    "cop_cop": 1,
    "cop_crc": 0.12356134,
    "cop_gtq": 0.0018743072,
    "cop_mxn": 0.0049931605,
    "cop_pen": 0.00090048493,
    "cop_usd": 0.00024206186,
    "crc_clp": 1.88406831,
    "crc_cop": 8.09314615,
    "crc_crc": 1,
    "crc_gtq": 0.015169042,
    "crc_mxn": 0.040410378,
    "crc_pen": 0.0072877562,
    "crc_usd": 0.001959042,
    "gtq_clp": 124.20483136,
    "gtq_cop": 533.53046971,
    "gtq_crc": 65.92374089,
    "gtq_gtq": 1,
    "gtq_mxn": 2.66400326,
    "gtq_pen": 0.48043615,
    "gtq_usd": 0.12914738,
    "mxn_clp": 46.62337818,
    "mxn_cop": 200.27395545,
    "mxn_crc": 24.74611872,
    "mxn_gtq": 0.37537492,
    "mxn_mxn": 1,
    "mxn_pen": 0.18034368,
    "mxn_usd": 0.048478686,
    "pen_clp": 258.9479793,
    "pen_cop": 1115.20799877,
    "pen_crc": 137.1330136,
    "pen_gtq": 2.08359194,
    "pen_mxn": 5.54095754,
    "pen_pen": 1,
    "pen_usd": 0.26930094,
    "timestamp": "2025-02-12 06:35:31",
    "usd_clp": 961.55618339,
    "usd_cop": 4141.12189588,
    "usd_crc": 509.2184829,
    "usd_gtq": 7.73703939,
    "usd_mxn": 20.57533717,
    "usd_pen": 3.71331796,
    "usd_usd": 1
}