{
    "clp_clp": 1,
    "clp_cop": 4.33071656,
    "clp_crc": 0.53629026,
    "clp_gtq": 0.0081849584,
    "clp_mxn": 0.021587497,
    "clp_pen": 0.0039088502,
    "clp_usd": 0.0010606388,
    "cop_clp": 0.22913557,
    "cop_cop": 1,
    "cop_crc": 0.12286008,
    "cop_gtq": 0.0018723201,
    "cop_mxn": 0.0049677014,
    "cop_pen": 0.00089400418,
    "cop_usd": 0.0002427455,
    "crc_clp": 1.86466187,
    "crc_cop": 8.07532202,
    "crc_crc": 1,
    "crc_gtq": 0.01526218,
    "crc_mxn": 0.040253383,
    "crc_pen": 0.007288684,
    "crc_usd": 0.0019777327,
    "gtq_clp": 122.38055293,
    "gtq_cop": 534.09671157,
    "gtq_crc": 65.61916243,
    "gtq_gtq": 1,
    "gtq_mxn": 2.65323299,
    "gtq_pen": 0.47748469,
    "gtq_usd": 0.12964957,
    "mxn_clp": 46.12506828,
    "mxn_cop": 201.30034307,
    "mxn_crc": 24.73177539,
    "mxn_gtq": 0.37689868,
    "mxn_mxn": 1,
    "mxn_pen": 0.17996335,
    "mxn_usd": 0.048864752,
    "pen_clp": 256.30256914,
    "pen_cop": 1118.56300755,
    "pen_crc": 137.42673581,
    "pen_gtq": 2.09430798,
    "pen_mxn": 5.55668704,
    "pen_pen": 1,
    "pen_usd": 0.27152613,
    "timestamp": "2025-02-25 06:36:52",
    "usd_clp": 943.93333279,
    "usd_cop": 4119.54086599,
    "usd_crc": 506.12710274,
    "usd_gtq": 7.7130991,
    "usd_mxn": 20.46464901,
    "usd_pen": 3.68288674,
    "usd_usd": 1
}