{
    "clp_clp": 1,
    "clp_cop": 3.99235237,
    "clp_crc": 0.51889041,
    "clp_gtq": 0.0080438766,
    "clp_mxn": 0.017212778,
    "clp_pen": 0.0038311791,
    "clp_usd": 0.0010339559,
    "cop_clp": 0.25047889,
    "cop_cop": 1,
    "cop_crc": 0.12997109,
    "cop_gtq": 0.0020148213,
    "cop_mxn": 0.0043114375,
    "cop_pen": 0.0009596295,
    "cop_usd": 0.00025898413,
    "crc_clp": 1.91122042,
    "crc_cop": 7.70905166,
    "crc_crc": 1,
    "crc_gtq": 0.015544823,
    "crc_mxn": 0.033151204,
    "crc_pen": 0.0073741316,
    "crc_usd": 0.0019971499,
    "gtq_clp": 122.94899931,
    "gtq_cop": 495.92405886,
    "gtq_crc": 64.3300993,
    "gtq_gtq": 1,
    "gtq_mxn": 2.13262022,
    "gtq_pen": 0.47437862,
    "gtq_usd": 0.12847685,
    "mxn_clp": 57.65161475,
    "mxn_cop": 232.54213491,
    "mxn_crc": 30.1648173,
    "mxn_gtq": 0.46890674,
    "mxn_mxn": 1,
    "mxn_pen": 0.22243933,
    "mxn_usd": 0.060243661,
    "pen_clp": 259.17905048,
    "pen_cop": 1045.41824174,
    "pen_crc": 135.60918875,
    "pen_gtq": 2.10802082,
    "pen_mxn": 4.49560783,
    "pen_pen": 1,
    "pen_usd": 0.27083188,
    "timestamp": "2024-04-15 06:26:39",
    "usd_clp": 956.97395294,
    "usd_cop": 3860.02659324,
    "usd_crc": 500.71354597,
    "usd_gtq": 7.78350339,
    "usd_mxn": 16.59925671,
    "usd_pen": 3.69232757,
    "usd_usd": 1
}