{
    "clp_clp": 1,
    "clp_cop": 4.49667339,
    "clp_crc": 0.56660501,
    "clp_gtq": 0.0084507668,
    "clp_mxn": 0.021695402,
    "clp_pen": 0.0040967417,
    "clp_usd": 0.0010926999,
    "cop_clp": 0.22238662,
    "cop_cop": 1,
    "cop_crc": 0.12600537,
    "cop_gtq": 0.0018793375,
    "cop_mxn": 0.0048247672,
    "cop_pen": 0.00091106054,
    "cop_usd": 0.00024300185,
    "crc_clp": 1.7648979,
    "crc_cop": 7.93616941,
    "crc_crc": 1,
    "crc_gtq": 0.01491474,
    "crc_mxn": 0.03829017,
    "crc_pen": 0.0072303308,
    "crc_usd": 0.0019285038,
    "gtq_clp": 118.33245782,
    "gtq_cop": 532.10241381,
    "gtq_crc": 67.047764,
    "gtq_gtq": 1,
    "gtq_mxn": 2.56727027,
    "gtq_pen": 0.48477751,
    "gtq_usd": 0.12930187,
    "mxn_clp": 46.09271531,
    "mxn_cop": 207.26388626,
    "mxn_crc": 26.11636364,
    "mxn_gtq": 0.38951879,
    "mxn_mxn": 1,
    "mxn_pen": 0.18882995,
    "mxn_usd": 0.050365507,
    "pen_clp": 244.09642432,
    "pen_cop": 1097.62189493,
    "pen_crc": 138.30625809,
    "pen_gtq": 2.06280195,
    "pen_mxn": 5.29577012,
    "pen_pen": 1,
    "pen_usd": 0.26672415,
    "timestamp": "2024-08-30 19:16:08",
    "usd_clp": 915.16432601,
    "usd_cop": 4115.1950689,
    "usd_crc": 518.5366964,
    "usd_gtq": 7.73384026,
    "usd_mxn": 19.85485819,
    "usd_pen": 3.74919186,
    "usd_usd": 1
}