{
    "clp_clp": 1,
    "clp_cop": 4.06883496,
    "clp_crc": 0.51571127,
    "clp_gtq": 0.0084139217,
    "clp_mxn": 0.019435958,
    "clp_pen": 0.0037713267,
    "clp_usd": 0.001098756,
    "cop_clp": 0.2457706,
    "cop_cop": 1,
    "cop_crc": 0.12674667,
    "cop_gtq": 0.0020678946,
    "cop_mxn": 0.0047767869,
    "cop_pen": 0.00092688121,
    "cop_usd": 0.00027004192,
    "crc_clp": 1.93906952,
    "crc_cop": 7.88975385,
    "crc_crc": 1,
    "crc_gtq": 0.016315179,
    "crc_mxn": 0.037687673,
    "crc_pen": 0.0073128646,
    "crc_usd": 0.0021305643,
    "gtq_clp": 118.8506423,
    "gtq_cop": 483.58364834,
    "gtq_crc": 61.29261539,
    "gtq_gtq": 1,
    "gtq_mxn": 2.30997604,
    "gtq_pen": 0.4482246,
    "gtq_usd": 0.13058786,
    "mxn_clp": 51.45102808,
    "mxn_cop": 209.34574173,
    "mxn_crc": 26.5338749,
    "mxn_gtq": 0.43290492,
    "mxn_mxn": 1,
    "mxn_pen": 0.19403863,
    "mxn_usd": 0.056532126,
    "pen_clp": 265.15867927,
    "pen_cop": 1078.88690398,
    "pen_crc": 136.74531857,
    "pen_gtq": 2.23102437,
    "pen_mxn": 5.15361285,
    "pen_pen": 1,
    "pen_usd": 0.29134469,
    "timestamp": "2026-03-17 20:26:38",
    "usd_clp": 910.12016228,
    "usd_cop": 3703.12873341,
    "usd_crc": 469.35922246,
    "usd_gtq": 7.6576798,
    "usd_mxn": 17.68905688,
    "usd_pen": 3.43236044,
    "usd_usd": 1
}