{
    "clp_clp": 1,
    "clp_cop": 4.4184712,
    "clp_crc": 0.54073826,
    "clp_gtq": 0.0081712965,
    "clp_mxn": 0.020486331,
    "clp_pen": 0.0039080155,
    "clp_usd": 0.0010649382,
    "cop_clp": 0.22632262,
    "cop_cop": 1,
    "cop_crc": 0.1223813,
    "cop_gtq": 0.0018493493,
    "cop_mxn": 0.0046365203,
    "cop_pen": 0.00088447232,
    "cop_usd": 0.00024101962,
    "crc_clp": 1.84932356,
    "crc_cop": 8.1711829,
    "crc_crc": 1,
    "crc_gtq": 0.015111371,
    "crc_mxn": 0.037885855,
    "crc_pen": 0.0072271851,
    "crc_usd": 0.0019694154,
    "gtq_clp": 122.37960058,
    "gtq_cop": 540.73074093,
    "gtq_crc": 66.17533196,
    "gtq_gtq": 1,
    "gtq_mxn": 2.50710905,
    "gtq_pen": 0.47826137,
    "gtq_usd": 0.13032672,
    "mxn_clp": 48.81303457,
    "mxn_cop": 215.67898755,
    "mxn_crc": 26.39507525,
    "mxn_gtq": 0.39886578,
    "mxn_mxn": 1,
    "mxn_pen": 0.19076209,
    "mxn_usd": 0.051982867,
    "pen_clp": 256.93872937,
    "pen_cop": 1137.72465323,
    "pen_crc": 139.16560412,
    "pen_gtq": 2.09556989,
    "pen_mxn": 5.26002835,
    "pen_pen": 1,
    "pen_usd": 0.27335048,
    "timestamp": "2025-05-25 06:37:26",
    "usd_clp": 939.02159325,
    "usd_cop": 4149.0398683,
    "usd_crc": 507.7649,
    "usd_gtq": 7.67302384,
    "usd_mxn": 19.2371075,
    "usd_pen": 3.66971091,
    "usd_usd": 1
}