{
    "clp_clp": 1,
    "clp_cop": 4.08731053,
    "clp_crc": 0.53064259,
    "clp_gtq": 0.0081226545,
    "clp_mxn": 0.017893003,
    "clp_pen": 0.0039342033,
    "clp_usd": 0.0010439448,
    "cop_clp": 0.24530605,
    "cop_cop": 1,
    "cop_crc": 0.12948187,
    "cop_gtq": 0.0019880156,
    "cop_mxn": 0.0043314877,
    "cop_pen": 0.00095940585,
    "cop_usd": 0.0002554263,
    "crc_clp": 1.89452044,
    "crc_cop": 7.72308904,
    "crc_crc": 1,
    "crc_gtq": 0.015353621,
    "crc_mxn": 0.033452465,
    "crc_pen": 0.0074095768,
    "crc_usd": 0.0019726801,
    "gtq_clp": 123.11246332,
    "gtq_cop": 503.19886816,
    "gtq_crc": 65.32871607,
    "gtq_gtq": 1,
    "gtq_mxn": 2.20285174,
    "gtq_pen": 0.48434946,
    "gtq_usd": 0.12852261,
    "mxn_clp": 55.88776644,
    "mxn_cop": 228.43065645,
    "mxn_crc": 29.65642898,
    "mxn_gtq": 0.45395702,
    "mxn_mxn": 1,
    "mxn_pen": 0.21987383,
    "mxn_usd": 0.058343743,
    "pen_clp": 254.18107079,
    "pen_cop": 1038.91696807,
    "pen_crc": 134.87930105,
    "pen_gtq": 2.06462501,
    "pen_mxn": 4.54806279,
    "pen_pen": 1,
    "pen_usd": 0.265351,
    "timestamp": "2024-05-02 06:28:04",
    "usd_clp": 960.37895119,
    "usd_cop": 3915.02355979,
    "usd_crc": 506.92456578,
    "usd_gtq": 7.78312784,
    "usd_mxn": 16.9578764,
    "usd_pen": 3.75609649,
    "usd_usd": 1
}