{
    "clp_clp": 1,
    "clp_cop": 4.20127021,
    "clp_crc": 0.5455081,
    "clp_gtq": 0.0083779515,
    "clp_mxn": 0.019646092,
    "clp_pen": 0.003686018,
    "clp_usd": 0.0010937558,
    "cop_clp": 0.23802325,
    "cop_cop": 1,
    "cop_crc": 0.12984361,
    "cop_gtq": 0.0019941473,
    "cop_mxn": 0.0046762267,
    "cop_pen": 0.00087735798,
    "cop_usd": 0.00026033931,
    "crc_clp": 1.83315335,
    "crc_cop": 7.70157258,
    "crc_crc": 1,
    "crc_gtq": 0.01535807,
    "crc_mxn": 0.0360143,
    "crc_pen": 0.0067570362,
    "crc_usd": 0.0020050221,
    "gtq_clp": 119.36091961,
    "gtq_cop": 501.46747601,
    "gtq_crc": 65.1123483,
    "gtq_gtq": 1,
    "gtq_mxn": 2.34497562,
    "gtq_pen": 0.43996649,
    "gtq_usd": 0.1305517,
    "mxn_clp": 50.90070814,
    "mxn_cop": 213.84762888,
    "mxn_crc": 27.76674852,
    "mxn_gtq": 0.42644367,
    "mxn_mxn": 1,
    "mxn_pen": 0.18762092,
    "mxn_usd": 0.055672944,
    "pen_clp": 271.29547662,
    "pen_cop": 1139.78560448,
    "pen_crc": 147.9938796,
    "pen_gtq": 2.27290036,
    "pen_mxn": 5.32989592,
    "pen_pen": 1,
    "pen_usd": 0.296731,
    "timestamp": "2025-12-17 19:45:05",
    "usd_clp": 914.28087688,
    "usd_cop": 3841.14101315,
    "usd_crc": 498.7476227,
    "usd_gtq": 7.65980088,
    "usd_mxn": 17.96204631,
    "usd_pen": 3.37005574,
    "usd_usd": 1
}