{
    "clp_clp": 1,
    "clp_cop": 4.42497253,
    "clp_crc": 0.53690795,
    "clp_gtq": 0.0081356355,
    "clp_mxn": 0.020443929,
    "clp_pen": 0.0039069181,
    "clp_usd": 0.0010609188,
    "cop_clp": 0.22533996,
    "cop_cop": 1,
    "cop_crc": 0.12143117,
    "cop_gtq": 0.0018419948,
    "cop_mxn": 0.0046315448,
    "cop_pen": 0.0008857143,
    "cop_usd": 0.00023967154,
    "crc_clp": 1.85570112,
    "crc_cop": 8.23511764,
    "crc_crc": 1,
    "crc_gtq": 0.015169044,
    "crc_mxn": 0.038141316,
    "crc_pen": 0.0072939615,
    "crc_usd": 0.0019737233,
    "gtq_clp": 122.91602825,
    "gtq_cop": 543.90004838,
    "gtq_crc": 65.99459268,
    "gtq_gtq": 1,
    "gtq_mxn": 2.51288656,
    "gtq_pen": 0.48022285,
    "gtq_usd": 0.13040393,
    "mxn_clp": 48.91427659,
    "mxn_cop": 216.44433017,
    "mxn_crc": 26.26246394,
    "mxn_gtq": 0.39794872,
    "mxn_mxn": 1,
    "mxn_pen": 0.19110407,
    "mxn_usd": 0.051894076,
    "pen_clp": 254.41608403,
    "pen_cop": 1129.03223624,
    "pen_crc": 137.09970948,
    "pen_gtq": 2.07967147,
    "pen_mxn": 5.22916337,
    "pen_pen": 1,
    "pen_usd": 0.27059689,
    "timestamp": "2025-05-21 19:42:20",
    "usd_clp": 942.57920593,
    "usd_cop": 4170.88709272,
    "usd_crc": 506.07826861,
    "usd_gtq": 7.66848083,
    "usd_mxn": 19.27002241,
    "usd_pen": 3.68257974,
    "usd_usd": 1
}