{
    "clp_clp": 1,
    "clp_cop": 4.39890315,
    "clp_crc": 0.53723479,
    "clp_gtq": 0.0081874411,
    "clp_mxn": 0.020220492,
    "clp_pen": 0.0038524597,
    "clp_usd": 0.0010666879,
    "cop_clp": 0.2273294,
    "cop_cop": 1,
    "cop_crc": 0.12212926,
    "cop_gtq": 0.0018612461,
    "cop_mxn": 0.0045967122,
    "cop_pen": 0.00087577734,
    "cop_usd": 0.00024248951,
    "crc_clp": 1.86138355,
    "crc_cop": 8.18804598,
    "crc_crc": 1,
    "crc_gtq": 0.015239968,
    "crc_mxn": 0.037638091,
    "crc_pen": 0.0071709051,
    "crc_usd": 0.0019855153,
    "gtq_clp": 122.1382829,
    "gtq_cop": 537.27447781,
    "gtq_crc": 65.61693463,
    "gtq_gtq": 1,
    "gtq_mxn": 2.46969615,
    "gtq_pen": 0.47053281,
    "gtq_usd": 0.13028342,
    "mxn_clp": 49.45478118,
    "mxn_cop": 217.54679288,
    "mxn_crc": 26.56882893,
    "mxn_gtq": 0.40490811,
    "mxn_mxn": 1,
    "mxn_pen": 0.19052255,
    "mxn_usd": 0.052752815,
    "pen_clp": 259.57442261,
    "pen_cop": 1141.84274618,
    "pen_crc": 139.45241013,
    "pen_gtq": 2.1252503,
    "pen_mxn": 5.2487225,
    "pen_pen": 1,
    "pen_usd": 0.27688489,
    "timestamp": "2025-06-16 19:45:58",
    "usd_clp": 937.48136426,
    "usd_cop": 4123.88972949,
    "usd_crc": 503.64760281,
    "usd_gtq": 7.67557347,
    "usd_mxn": 18.95633429,
    "usd_pen": 3.61160917,
    "usd_usd": 1
}