{
    "clp_clp": 1,
    "clp_cop": 4.17349354,
    "clp_crc": 0.55989969,
    "clp_gtq": 0.0086863164,
    "clp_mxn": 0.019993568,
    "clp_pen": 0.0038085707,
    "clp_usd": 0.0011324463,
    "cop_clp": 0.24024838,
    "cop_cop": 1,
    "cop_crc": 0.13228984,
    "cop_gtq": 0.0020767568,
    "cop_mxn": 0.0047741866,
    "cop_pen": 0.00091228109,
    "cop_usd": 0.00027090691,
    "crc_clp": 1.78603422,
    "crc_cop": 7.45400227,
    "crc_crc": 1,
    "crc_gtq": 0.015514058,
    "crc_mxn": 0.035709197,
    "crc_pen": 0.0068022376,
    "crc_usd": 0.0020225879,
    "gtq_clp": 115.12359891,
    "gtq_cop": 480.46759631,
    "gtq_crc": 64.45766705,
    "gtq_gtq": 1,
    "gtq_mxn": 2.30173156,
    "gtq_pen": 0.43845637,
    "gtq_usd": 0.1303713,
    "mxn_clp": 50.01608401,
    "mxn_cop": 208.74180351,
    "mxn_crc": 28.00398981,
    "mxn_gtq": 0.43445553,
    "mxn_mxn": 1,
    "mxn_pen": 0.19048979,
    "mxn_usd": 0.056640531,
    "pen_clp": 262.56569197,
    "pen_cop": 1095.81621921,
    "pen_crc": 147.01044888,
    "pen_gtq": 2.28072866,
    "pen_mxn": 5.24962514,
    "pen_pen": 1,
    "pen_usd": 0.29734156,
    "timestamp": "2026-01-17 06:42:21",
    "usd_clp": 883.04404711,
    "usd_cop": 3685.378626,
    "usd_crc": 494.41608601,
    "usd_gtq": 7.67039995,
    "usd_mxn": 17.65520161,
    "usd_pen": 3.36313568,
    "usd_usd": 1
}