{
    "clp_clp": 1,
    "clp_cop": 4.29813254,
    "clp_crc": 0.54262167,
    "clp_gtq": 0.0082594428,
    "clp_mxn": 0.02002803,
    "clp_pen": 0.0038158323,
    "clp_usd": 0.0010745015,
    "cop_clp": 0.23265918,
    "cop_cop": 1,
    "cop_crc": 0.12624591,
    "cop_gtq": 0.0019216352,
    "cop_mxn": 0.004659705,
    "cop_pen": 0.00088778843,
    "cop_usd": 0.00024999264,
    "crc_clp": 1.84290464,
    "crc_cop": 7.92104838,
    "crc_crc": 1,
    "crc_gtq": 0.015221365,
    "crc_mxn": 0.036909749,
    "crc_pen": 0.0070322151,
    "crc_usd": 0.0019802038,
    "gtq_clp": 121.07354308,
    "gtq_cop": 520.3901347,
    "gtq_crc": 65.69712869,
    "gtq_gtq": 1,
    "gtq_mxn": 2.42486453,
    "gtq_pen": 0.46199634,
    "gtq_usd": 0.1300937,
    "mxn_clp": 49.93002362,
    "mxn_cop": 214.60585903,
    "mxn_crc": 27.09311303,
    "mxn_gtq": 0.41239417,
    "mxn_mxn": 1,
    "mxn_pen": 0.1905246,
    "mxn_usd": 0.053649885,
    "pen_clp": 262.06602242,
    "pen_cop": 1126.39449743,
    "pen_crc": 142.20270394,
    "pen_gtq": 2.16451931,
    "pen_mxn": 5.2486661,
    "pen_pen": 1,
    "pen_usd": 0.28159033,
    "timestamp": "2025-07-05 19:54:27",
    "usd_clp": 930.66412489,
    "usd_cop": 4000.11775491,
    "usd_crc": 504.99852593,
    "usd_gtq": 7.68676708,
    "usd_mxn": 18.63936881,
    "usd_pen": 3.55125825,
    "usd_usd": 1
}