{
    "clp_clp": 1,
    "clp_cop": 4.10540454,
    "clp_crc": 0.53203149,
    "clp_gtq": 0.0081230825,
    "clp_mxn": 0.019545981,
    "clp_pen": 0.003594875,
    "clp_usd": 0.0010611907,
    "cop_clp": 0.24358135,
    "cop_cop": 1,
    "cop_crc": 0.12959295,
    "cop_gtq": 0.0019786314,
    "cop_mxn": 0.0047610365,
    "cop_pen": 0.00087564451,
    "cop_usd": 0.00025848626,
    "crc_clp": 1.879588,
    "crc_cop": 7.71646912,
    "crc_crc": 1,
    "crc_gtq": 0.015268048,
    "crc_mxn": 0.036738391,
    "crc_pen": 0.0067568838,
    "crc_usd": 0.0019946012,
    "gtq_clp": 122.77603094,
    "gtq_cop": 502.10720763,
    "gtq_crc": 65.46693681,
    "gtq_gtq": 1,
    "gtq_mxn": 2.40229379,
    "gtq_pen": 0.44211015,
    "gtq_usd": 0.13056153,
    "mxn_clp": 51.16141316,
    "mxn_cop": 210.03829788,
    "mxn_crc": 27.21948272,
    "mxn_gtq": 0.41558838,
    "mxn_mxn": 1,
    "mxn_pen": 0.18391888,
    "mxn_usd": 0.054292013,
    "pen_clp": 278.17379256,
    "pen_cop": 1142.01595095,
    "pen_crc": 147.99721649,
    "pen_gtq": 2.25962865,
    "pen_mxn": 5.43717961,
    "pen_pen": 1,
    "pen_usd": 0.29519543,
    "timestamp": "2025-10-28 06:42:00",
    "usd_clp": 942.33774074,
    "usd_cop": 3868.67763928,
    "usd_crc": 501.35334942,
    "usd_gtq": 7.65468717,
    "usd_mxn": 18.4189154,
    "usd_pen": 3.38758634,
    "usd_usd": 1
}