{
    "clp_clp": 1,
    "clp_cop": 3.91961338,
    "clp_crc": 0.51205724,
    "clp_gtq": 0.0085623431,
    "clp_mxn": 0.019345942,
    "clp_pen": 0.0038256241,
    "clp_usd": 0.0011230333,
    "cop_clp": 0.2551272,
    "cop_cop": 1,
    "cop_crc": 0.13063973,
    "cop_gtq": 0.0021844866,
    "cop_mxn": 0.004935676,
    "cop_pen": 0.00097602079,
    "cop_usd": 0.00028651634,
    "crc_clp": 1.95290667,
    "crc_cop": 7.6546391,
    "crc_crc": 1,
    "crc_gtq": 0.016721457,
    "crc_mxn": 0.037780818,
    "crc_pen": 0.0074710869,
    "crc_usd": 0.0021931792,
    "gtq_clp": 116.79046193,
    "gtq_cop": 457.77345686,
    "gtq_crc": 59.8034017,
    "gtq_gtq": 1,
    "gtq_mxn": 2.25942146,
    "gtq_pen": 0.44679641,
    "gtq_usd": 0.13115958,
    "mxn_clp": 51.69042773,
    "mxn_cop": 202.60649198,
    "mxn_crc": 26.46845781,
    "mxn_gtq": 0.44259117,
    "mxn_mxn": 1,
    "mxn_pen": 0.19774815,
    "mxn_usd": 0.058050071,
    "pen_clp": 261.39525628,
    "pen_cop": 1024.56834316,
    "pen_crc": 133.84933373,
    "pen_gtq": 2.23815586,
    "pen_mxn": 5.05693738,
    "pen_pen": 1,
    "pen_usd": 0.29355558,
    "timestamp": "2026-06-16 22:16:11",
    "usd_clp": 890.44555079,
    "usd_cop": 3490.20229222,
    "usd_crc": 455.95909196,
    "usd_gtq": 7.62430027,
    "usd_mxn": 17.22650769,
    "usd_pen": 3.40650999,
    "usd_usd": 1
}