{
    "clp_clp": 1,
    "clp_cop": 4.1677939,
    "clp_crc": 0.53767168,
    "clp_gtq": 0.0082939172,
    "clp_mxn": 0.019766597,
    "clp_pen": 0.0036486982,
    "clp_usd": 0.001085339,
    "cop_clp": 0.23993509,
    "cop_cop": 1,
    "cop_crc": 0.1290063,
    "cop_gtq": 0.0019900018,
    "cop_mxn": 0.0047427001,
    "cop_pen": 0.00087545073,
    "cop_usd": 0.00026041092,
    "crc_clp": 1.85987107,
    "crc_cop": 7.75155929,
    "crc_crc": 1,
    "crc_gtq": 0.015425617,
    "crc_mxn": 0.036763321,
    "crc_pen": 0.0067861082,
    "crc_usd": 0.0020185907,
    "gtq_clp": 120.57029014,
    "gtq_cop": 502.51211941,
    "gtq_crc": 64.82723035,
    "gtq_gtq": 1,
    "gtq_mxn": 2.38326429,
    "gtq_pen": 0.4399246,
    "gtq_usd": 0.13085964,
    "mxn_clp": 50.59039855,
    "mxn_cop": 210.85035434,
    "mxn_crc": 27.20102454,
    "mxn_gtq": 0.41959258,
    "mxn_mxn": 1,
    "mxn_pen": 0.1845891,
    "mxn_usd": 0.054907735,
    "pen_clp": 274.0703522,
    "pen_cop": 1142.26874127,
    "pen_crc": 147.35986646,
    "pen_gtq": 2.2731168,
    "pen_mxn": 5.41743809,
    "pen_pen": 1,
    "pen_usd": 0.29745925,
    "timestamp": "2025-12-11 19:48:12",
    "usd_clp": 921.37107736,
    "usd_cop": 3840.08475319,
    "usd_crc": 495.39513426,
    "usd_gtq": 7.6417754,
    "usd_mxn": 18.2123704,
    "usd_pen": 3.36180499,
    "usd_usd": 1
}