{
    "clp_clp": 1,
    "clp_cop": 4.25396438,
    "clp_crc": 0.5214143,
    "clp_gtq": 0.0079153648,
    "clp_mxn": 0.019453676,
    "clp_pen": 0.0036961757,
    "clp_usd": 0.001031631,
    "cop_clp": 0.23507484,
    "cop_cop": 1,
    "cop_crc": 0.12257138,
    "cop_gtq": 0.0018607031,
    "cop_mxn": 0.0045730699,
    "cop_pen": 0.00086887791,
    "cop_usd": 0.0002425105,
    "crc_clp": 1.91786071,
    "crc_cop": 8.15851116,
    "crc_crc": 1,
    "crc_gtq": 0.015180567,
    "crc_mxn": 0.037309442,
    "crc_pen": 0.0070887501,
    "crc_usd": 0.0019785246,
    "gtq_clp": 126.33656463,
    "gtq_cop": 537.43124565,
    "gtq_crc": 65.87369127,
    "gtq_gtq": 1,
    "gtq_mxn": 2.45771063,
    "gtq_pen": 0.46696214,
    "gtq_usd": 0.13033272,
    "mxn_clp": 51.40416567,
    "mxn_cop": 218.67148967,
    "mxn_crc": 26.802867,
    "mxn_gtq": 0.40688272,
    "mxn_mxn": 1,
    "mxn_pen": 0.18999883,
    "mxn_usd": 0.053030133,
    "pen_clp": 270.54991034,
    "pen_cop": 1150.90968126,
    "pen_crc": 141.06859181,
    "pen_gtq": 2.14150124,
    "pen_mxn": 5.26319038,
    "pen_pen": 1,
    "pen_usd": 0.27910768,
    "timestamp": "2025-08-02 20:03:22",
    "usd_clp": 969.33880713,
    "usd_cop": 4123.53275645,
    "usd_crc": 505.42711449,
    "usd_gtq": 7.6726703,
    "usd_mxn": 18.85720339,
    "usd_pen": 3.58284653,
    "usd_usd": 1
}