{
    "clp_clp": 1,
    "clp_cop": 4.47948923,
    "clp_crc": 0.53992007,
    "clp_gtq": 0.0081716502,
    "clp_mxn": 0.02064973,
    "clp_pen": 0.0038957115,
    "clp_usd": 0.001063355,
    "cop_clp": 0.22323974,
    "cop_cop": 1,
    "cop_crc": 0.12053161,
    "cop_gtq": 0.001824237,
    "cop_mxn": 0.0046098403,
    "cop_pen": 0.00086967762,
    "cop_usd": 0.00023738308,
    "crc_clp": 1.85212601,
    "crc_cop": 8.29657851,
    "crc_crc": 1,
    "crc_gtq": 0.015134926,
    "crc_mxn": 0.038245902,
    "crc_pen": 0.0072153486,
    "crc_usd": 0.0019694674,
    "gtq_clp": 122.47604542,
    "gtq_cop": 546.47145391,
    "gtq_crc": 66.02318817,
    "gtq_gtq": 1,
    "gtq_mxn": 2.52258386,
    "gtq_pen": 0.47812616,
    "gtq_usd": 0.13014848,
    "mxn_clp": 48.4267831,
    "mxn_cop": 216.92725357,
    "mxn_crc": 26.14659203,
    "mxn_gtq": 0.39572673,
    "mxn_mxn": 1,
    "mxn_pen": 0.18865678,
    "mxn_usd": 0.05149486,
    "pen_clp": 256.15842853,
    "pen_cop": 1142.94406211,
    "pen_crc": 138.0873792,
    "pen_gtq": 2.0914982,
    "pen_mxn": 5.27597959,
    "pen_pen": 1,
    "pen_usd": 0.27220531,
    "timestamp": "2025-05-15 19:42:49",
    "usd_clp": 940.41973772,
    "usd_cop": 4212.60009137,
    "usd_crc": 507.75148878,
    "usd_gtq": 7.68478114,
    "usd_mxn": 19.41941375,
    "usd_pen": 3.66360401,
    "usd_usd": 1
}