{
    "clp_clp": 1,
    "clp_cop": 4.21645839,
    "clp_crc": 0.50244512,
    "clp_gtq": 0.0084607749,
    "clp_mxn": 0.019205603,
    "clp_pen": 0.003798145,
    "clp_usd": 0.0011098456,
    "cop_clp": 0.23716586,
    "cop_cop": 1,
    "cop_crc": 0.11916283,
    "cop_gtq": 0.002006607,
    "cop_mxn": 0.0045549134,
    "cop_pen": 0.00090079034,
    "cop_usd": 0.00026321749,
    "crc_clp": 1.99026711,
    "crc_cop": 8.39187844,
    "crc_crc": 1,
    "crc_gtq": 0.016839202,
    "crc_mxn": 0.038224279,
    "crc_pen": 0.007559323,
    "crc_usd": 0.0022088892,
    "gtq_clp": 118.19248352,
    "gtq_cop": 498.35368845,
    "gtq_crc": 59.38523679,
    "gtq_gtq": 1,
    "gtq_mxn": 2.26995787,
    "gtq_pen": 0.44891219,
    "gtq_usd": 0.13117541,
    "mxn_clp": 52.06813964,
    "mxn_cop": 219.5431441,
    "mxn_crc": 26.16138277,
    "mxn_gtq": 0.44053681,
    "mxn_mxn": 1,
    "mxn_pen": 0.19776234,
    "mxn_usd": 0.057787596,
    "pen_clp": 263.28642189,
    "pen_cop": 1110.13624182,
    "pen_crc": 132.28697835,
    "pen_gtq": 2.22760715,
    "pen_mxn": 5.0565744,
    "pen_pen": 1,
    "pen_usd": 0.29220728,
    "timestamp": "2026-05-19 09:26:54",
    "usd_clp": 901.02622367,
    "usd_cop": 3799.13957791,
    "usd_crc": 452.71623082,
    "usd_gtq": 7.62338007,
    "usd_mxn": 17.30475162,
    "usd_pen": 3.42222822,
    "usd_usd": 1
}