{
    "clp_clp": 1,
    "clp_cop": 4.47696591,
    "clp_crc": 0.52656321,
    "clp_gtq": 0.0079428708,
    "clp_mxn": 0.020912718,
    "clp_pen": 0.0038709181,
    "clp_usd": 0.0010263021,
    "cop_clp": 0.22180869,
    "cop_cop": 1,
    "cop_crc": 0.11504858,
    "cop_gtq": 0.001740639,
    "cop_mxn": 0.0046254692,
    "cop_pen": 0.00085128396,
    "cop_usd": 0.00022497375,
    "crc_clp": 1.89910725,
    "crc_cop": 8.50223841,
    "crc_crc": 1,
    "crc_gtq": 0.015084363,
    "crc_mxn": 0.039715495,
    "crc_pen": 0.0073512885,
    "crc_usd": 0.0019490578,
    "gtq_clp": 125.8990642,
    "gtq_cop": 563.64581886,
    "gtq_crc": 66.29381487,
    "gtq_gtq": 1,
    "gtq_mxn": 2.63289166,
    "gtq_pen": 0.48734496,
    "gtq_usd": 0.12921048,
    "mxn_clp": 47.95377225,
    "mxn_cop": 216.1942857,
    "mxn_crc": 24.87284475,
    "mxn_gtq": 0.3763162,
    "mxn_mxn": 1,
    "mxn_pen": 0.18404273,
    "mxn_usd": 0.04863804,
    "pen_clp": 258.33664875,
    "pen_cop": 1156.56437047,
    "pen_crc": 136.03057398,
    "pen_gtq": 2.05193462,
    "pen_mxn": 5.40252155,
    "pen_pen": 1,
    "pen_usd": 0.26513145,
    "timestamp": "2024-11-13 06:35:28",
    "usd_clp": 985.93142601,
    "usd_cop": 4444.96293768,
    "usd_crc": 511.38665721,
    "usd_gtq": 7.73707575,
    "usd_mxn": 20.56003896,
    "usd_pen": 3.78392567,
    "usd_usd": 1
}