{
    "clp_clp": 1,
    "clp_cop": 4.30276361,
    "clp_crc": 0.50367952,
    "clp_gtq": 0.0076684168,
    "clp_mxn": 0.020353692,
    "clp_pen": 0.0037465478,
    "clp_usd": 0.00099357142,
    "cop_clp": 0.23240877,
    "cop_cop": 1,
    "cop_crc": 0.11705954,
    "cop_gtq": 0.0017822073,
    "cop_mxn": 0.0047303766,
    "cop_pen": 0.00087073057,
    "cop_usd": 0.00023091471,
    "crc_clp": 1.98538943,
    "crc_cop": 8.54266141,
    "crc_crc": 1,
    "crc_gtq": 0.015224794,
    "crc_mxn": 0.040410006,
    "crc_pen": 0.0074383564,
    "crc_usd": 0.0019726262,
    "gtq_clp": 130.40501457,
    "gtq_cop": 561.10195141,
    "gtq_crc": 65.68233531,
    "gtq_gtq": 1,
    "gtq_mxn": 2.65422353,
    "gtq_pen": 0.48856862,
    "gtq_usd": 0.1295667,
    "mxn_clp": 49.13113494,
    "mxn_cop": 211.39965957,
    "mxn_crc": 24.74634652,
    "mxn_gtq": 0.37675802,
    "mxn_mxn": 1,
    "mxn_pen": 0.18407215,
    "mxn_usd": 0.048815291,
    "pen_clp": 266.91238165,
    "pen_cop": 1148.46088308,
    "pen_crc": 134.43830061,
    "pen_gtq": 2.04679538,
    "pen_mxn": 5.43265247,
    "pen_pen": 1,
    "pen_usd": 0.26519651,
    "timestamp": "2025-01-10 19:22:15",
    "usd_clp": 1006.47017606,
    "usd_cop": 4330.6032491,
    "usd_crc": 506.93841644,
    "usd_gtq": 7.71803277,
    "usd_mxn": 20.48538421,
    "usd_pen": 3.77078864,
    "usd_usd": 1
}