{
    "clp_clp": 1,
    "clp_cop": 4.20525801,
    "clp_crc": 0.56929638,
    "clp_gtq": 0.0088067784,
    "clp_mxn": 0.019991214,
    "clp_pen": 0.0038435935,
    "clp_usd": 0.0011445048,
    "cop_clp": 0.23779754,
    "cop_cop": 1,
    "cop_crc": 0.13537728,
    "cop_gtq": 0.0020942302,
    "cop_mxn": 0.0047538615,
    "cop_pen": 0.00091399706,
    "cop_usd": 0.00027216042,
    "crc_clp": 1.7565543,
    "crc_cop": 7.38676405,
    "crc_crc": 1,
    "crc_gtq": 0.015469585,
    "crc_mxn": 0.035115653,
    "crc_pen": 0.0067514806,
    "crc_usd": 0.0020103848,
    "gtq_clp": 113.54889979,
    "gtq_cop": 477.50242036,
    "gtq_crc": 64.64297721,
    "gtq_gtq": 1,
    "gtq_mxn": 2.26998038,
    "gtq_pen": 0.43643581,
    "gtq_usd": 0.12995726,
    "mxn_clp": 50.02197409,
    "mxn_cop": 210.35530721,
    "mxn_crc": 28.4773286,
    "mxn_gtq": 0.44053244,
    "mxn_mxn": 1,
    "mxn_pen": 0.19226413,
    "mxn_usd": 0.057250389,
    "pen_clp": 260.17319771,
    "pen_cop": 1094.09542361,
    "pen_crc": 148.11565873,
    "pen_gtq": 2.2912877,
    "pen_mxn": 5.20117813,
    "pen_pen": 1,
    "pen_usd": 0.29776947,
    "timestamp": "2026-01-31 06:51:49",
    "usd_clp": 873.74032971,
    "usd_cop": 3674.30351998,
    "usd_crc": 497.41720374,
    "usd_gtq": 7.69483748,
    "usd_mxn": 17.46713011,
    "usd_pen": 3.35830261,
    "usd_usd": 1
}