{
    "clp_clp": 1,
    "clp_cop": 4.07880644,
    "clp_crc": 0.52808542,
    "clp_gtq": 0.0080175948,
    "clp_mxn": 0.019279209,
    "clp_pen": 0.003650416,
    "clp_usd": 0.0010465544,
    "cop_clp": 0.24516976,
    "cop_cop": 1,
    "cop_crc": 0.12947058,
    "cop_gtq": 0.0019656718,
    "cop_mxn": 0.004726679,
    "cop_pen": 0.00089497162,
    "cop_usd": 0.00025658349,
    "crc_clp": 1.89363304,
    "crc_cop": 7.72376265,
    "crc_crc": 1,
    "crc_gtq": 0.015182383,
    "crc_mxn": 0.036507747,
    "crc_pen": 0.0069125484,
    "crc_usd": 0.00198179,
    "gtq_clp": 124.7256839,
    "gtq_cop": 508.73192314,
    "gtq_crc": 65.86581514,
    "gtq_gtq": 1,
    "gtq_mxn": 2.40461252,
    "gtq_pen": 0.45530063,
    "gtq_usd": 0.13053221,
    "mxn_clp": 51.86934808,
    "mxn_cop": 211.56503117,
    "mxn_crc": 27.39144645,
    "mxn_gtq": 0.41586742,
    "mxn_mxn": 1,
    "mxn_pen": 0.1893447,
    "mxn_usd": 0.054284094,
    "pen_clp": 273.94138109,
    "pen_cop": 1117.35387035,
    "pen_crc": 144.66444923,
    "pen_gtq": 2.196351,
    "pen_mxn": 5.28137313,
    "pen_pen": 1,
    "pen_usd": 0.28669456,
    "timestamp": "2025-09-22 19:26:09",
    "usd_clp": 955.51651122,
    "usd_cop": 3897.36690283,
    "usd_crc": 504.59433795,
    "usd_gtq": 7.66094425,
    "usd_mxn": 18.42160248,
    "usd_pen": 3.48803276,
    "usd_usd": 1
}