{
    "clp_clp": 1,
    "clp_cop": 4.11554684,
    "clp_crc": 0.5346361,
    "clp_gtq": 0.0081593345,
    "clp_mxn": 0.019709154,
    "clp_pen": 0.0035964316,
    "clp_usd": 0.0010649401,
    "cop_clp": 0.24298108,
    "cop_cop": 1,
    "cop_crc": 0.12990645,
    "cop_gtq": 0.0019825639,
    "cop_mxn": 0.0047889514,
    "cop_pen": 0.00087386482,
    "cop_usd": 0.0002587603,
    "crc_clp": 1.87043113,
    "crc_cop": 7.69784693,
    "crc_crc": 1,
    "crc_gtq": 0.015261473,
    "crc_mxn": 0.036864615,
    "crc_pen": 0.0067268776,
    "crc_usd": 0.0019918972,
    "gtq_clp": 122.5590147,
    "gtq_cop": 504.39736587,
    "gtq_crc": 65.52447335,
    "gtq_gtq": 1,
    "gtq_mxn": 2.41553449,
    "gtq_pen": 0.44077511,
    "gtq_usd": 0.13051801,
    "mxn_clp": 50.73784509,
    "mxn_cop": 208.81397813,
    "mxn_crc": 27.1262835,
    "mxn_gtq": 0.41398705,
    "mxn_mxn": 1,
    "mxn_pen": 0.18247519,
    "mxn_usd": 0.054032768,
    "pen_clp": 278.0533911,
    "pen_cop": 1144.34175556,
    "pen_crc": 148.65737994,
    "pen_gtq": 2.26873063,
    "pen_mxn": 5.48019709,
    "pen_pen": 1,
    "pen_usd": 0.29611022,
    "timestamp": "2025-11-04 19:42:26",
    "usd_clp": 939.01991256,
    "usd_cop": 3864.58043542,
    "usd_crc": 502.03394162,
    "usd_gtq": 7.66177759,
    "usd_mxn": 18.50728802,
    "usd_pen": 3.37712088,
    "usd_usd": 1
}