{
    "clp_clp": 1,
    "clp_cop": 4.33502904,
    "clp_crc": 0.53661459,
    "clp_gtq": 0.0081658238,
    "clp_mxn": 0.020368321,
    "clp_pen": 0.0038242172,
    "clp_usd": 0.0010622553,
    "cop_clp": 0.23067896,
    "cop_cop": 1,
    "cop_crc": 0.1237857,
    "cop_gtq": 0.0018836837,
    "cop_mxn": 0.0046985433,
    "cop_pen": 0.00088216645,
    "cop_usd": 0.00024503994,
    "crc_clp": 1.86467056,
    "crc_cop": 8.07995167,
    "crc_crc": 1,
    "crc_gtq": 0.01520768,
    "crc_mxn": 0.037689447,
    "crc_pen": 0.0071104336,
    "crc_usd": 0.0019793305,
    "gtq_clp": 122.46161917,
    "gtq_cop": 530.87467599,
    "gtq_crc": 65.71469207,
    "gtq_gtq": 1,
    "gtq_mxn": 2.49433763,
    "gtq_pen": 0.46831983,
    "gtq_usd": 0.1300855,
    "mxn_clp": 49.0958473,
    "mxn_cop": 212.83192401,
    "mxn_crc": 26.34554817,
    "mxn_gtq": 0.40090804,
    "mxn_mxn": 1,
    "mxn_pen": 0.18775318,
    "mxn_usd": 0.052152322,
    "pen_clp": 261.49142368,
    "pen_cop": 1133.57291661,
    "pen_crc": 140.32011419,
    "pen_gtq": 2.13529288,
    "pen_mxn": 5.32614138,
    "pen_pen": 1,
    "pen_usd": 0.27777064,
    "timestamp": "2025-06-21 06:38:21",
    "usd_clp": 941.39331995,
    "usd_cop": 4080.96738455,
    "usd_crc": 505.16539431,
    "usd_gtq": 7.68725194,
    "usd_mxn": 19.17460176,
    "usd_pen": 3.60009253,
    "usd_usd": 1
}