{
    "clp_clp": 1,
    "clp_cop": 3.51785633,
    "clp_crc": 0.49227767,
    "clp_gtq": 0.0082535122,
    "clp_mxn": 0.018897013,
    "clp_pen": 0.0036687611,
    "clp_usd": 0.0010814559,
    "cop_clp": 0.28426402,
    "cop_cop": 1,
    "cop_crc": 0.13993683,
    "cop_gtq": 0.0023461766,
    "cop_mxn": 0.0053717411,
    "cop_pen": 0.0010428968,
    "cop_usd": 0.000307419,
    "crc_clp": 2.04558888,
    "crc_cop": 7.17946196,
    "crc_crc": 1,
    "crc_gtq": 0.016872397,
    "crc_mxn": 0.038653661,
    "crc_pen": 0.0075168178,
    "crc_usd": 0.0022124762,
    "gtq_clp": 121.23878049,
    "gtq_cop": 425.51522467,
    "gtq_crc": 59.26840023,
    "gtq_gtq": 1,
    "gtq_mxn": 2.29094066,
    "gtq_pen": 0.44550977,
    "gtq_usd": 0.13112993,
    "mxn_clp": 52.92096067,
    "mxn_cop": 185.73821327,
    "mxn_crc": 25.87077059,
    "mxn_gtq": 0.43650192,
    "mxn_mxn": 1,
    "mxn_pen": 0.19446587,
    "mxn_usd": 0.057238465,
    "pen_clp": 272.13495431,
    "pen_cop": 955.11985321,
    "pen_crc": 133.03501836,
    "pen_gtq": 2.24461969,
    "pen_mxn": 5.14229052,
    "pen_pen": 1,
    "pen_usd": 0.29433682,
    "timestamp": "2026-07-12 07:22:05",
    "usd_clp": 924.67942549,
    "usd_cop": 3252.88937333,
    "usd_crc": 455.19903023,
    "usd_gtq": 7.63185295,
    "usd_mxn": 17.47367951,
    "usd_pen": 3.39242789,
    "usd_usd": 1
}