{
    "clp_clp": 1,
    "clp_cop": 4.29479924,
    "clp_crc": 0.50734114,
    "clp_gtq": 0.007787954,
    "clp_mxn": 0.020667216,
    "clp_pen": 0.0037565984,
    "clp_usd": 0.0010086929,
    "cop_clp": 0.23382121,
    "cop_cop": 1,
    "cop_crc": 0.11915637,
    "cop_gtq": 0.0018287569,
    "cop_mxn": 0.0048250327,
    "cop_pen": 0.00087969525,
    "cop_usd": 0.00023676597,
    "crc_clp": 1.97106033,
    "crc_cop": 8.4653084,
    "crc_crc": 1,
    "crc_gtq": 0.015350527,
    "crc_mxn": 0.040736329,
    "crc_pen": 0.007404482,
    "crc_usd": 0.0019881945,
    "gtq_clp": 128.40342909,
    "gtq_cop": 551.46694994,
    "gtq_crc": 65.14434254,
    "gtq_gtq": 1,
    "gtq_mxn": 2.6537414,
    "gtq_pen": 0.48236011,
    "gtq_usd": 0.12951962,
    "mxn_clp": 48.38581075,
    "mxn_cop": 207.80734333,
    "mxn_crc": 24.54811255,
    "mxn_gtq": 0.37682647,
    "mxn_mxn": 1,
    "mxn_pen": 0.18176606,
    "mxn_usd": 0.048806422,
    "pen_clp": 266.19827443,
    "pen_cop": 1143.26814729,
    "pen_crc": 135.05333695,
    "pen_gtq": 2.07313992,
    "pen_mxn": 5.50157723,
    "pen_pen": 1,
    "pen_usd": 0.2685123,
    "timestamp": "2025-01-24 06:34:19",
    "usd_clp": 987.56256819,
    "usd_cop": 4223.57994643,
    "usd_crc": 503.26647433,
    "usd_gtq": 7.72390076,
    "usd_mxn": 20.37891117,
    "usd_pen": 3.7154632,
    "usd_usd": 1
}