{
    "clp_clp": 1,
    "clp_cop": 4.37172664,
    "clp_crc": 0.54767575,
    "clp_gtq": 0.0081341341,
    "clp_mxn": 0.019389199,
    "clp_pen": 0.0040129769,
    "clp_usd": 0.001047244,
    "cop_clp": 0.22874257,
    "cop_cop": 1,
    "cop_crc": 0.12527676,
    "cop_gtq": 0.0018606228,
    "cop_mxn": 0.0044351352,
    "cop_pen": 0.00091793865,
    "cop_usd": 0.00023954928,
    "crc_clp": 1.8258979,
    "crc_cop": 7.98232651,
    "crc_crc": 1,
    "crc_gtq": 0.014852098,
    "crc_mxn": 0.035402697,
    "crc_pen": 0.007327286,
    "crc_usd": 0.0019121606,
    "gtq_clp": 122.93871525,
    "gtq_cop": 537.45445697,
    "gtq_crc": 67.33055289,
    "gtq_gtq": 1,
    "gtq_mxn": 2.38368318,
    "gtq_pen": 0.49335022,
    "gtq_usd": 0.12874683,
    "mxn_clp": 51.57510715,
    "mxn_cop": 225.47227007,
    "mxn_crc": 28.24643541,
    "mxn_gtq": 0.41951884,
    "mxn_mxn": 1,
    "mxn_pen": 0.20696971,
    "mxn_usd": 0.05401172,
    "pen_clp": 249.19156892,
    "pen_cop": 1089.39742122,
    "pen_crc": 136.47617903,
    "pen_gtq": 2.02695765,
    "pen_mxn": 4.83162484,
    "pen_pen": 1,
    "pen_usd": 0.26096437,
    "timestamp": "2024-06-28 19:08:31",
    "usd_clp": 954.88733631,
    "usd_cop": 4174.50640976,
    "usd_crc": 522.96863666,
    "usd_gtq": 7.76718168,
    "usd_mxn": 18.51450029,
    "usd_pen": 3.83194079,
    "usd_usd": 1
}