{
    "clp_clp": 1,
    "clp_cop": 4.41140802,
    "clp_crc": 0.55612581,
    "clp_gtq": 0.0082404524,
    "clp_mxn": 0.019236613,
    "clp_pen": 0.0040070703,
    "clp_usd": 0.0010627281,
    "cop_clp": 0.22380692,
    "cop_cop": 1,
    "cop_crc": 0.12457066,
    "cop_gtq": 0.0018620102,
    "cop_mxn": 0.0044055373,
    "cop_pen": 0.00091385693,
    "cop_usd": 0.00024000303,
    "crc_clp": 1.79815428,
    "crc_cop": 7.93239224,
    "crc_crc": 1,
    "crc_gtq": 0.014817605,
    "crc_mxn": 0.034590398,
    "crc_pen": 0.0072053307,
    "crc_usd": 0.0019109491,
    "gtq_clp": 121.35256066,
    "gtq_cop": 535.33565993,
    "gtq_crc": 67.48729056,
    "gtq_gtq": 1,
    "gtq_mxn": 2.33441222,
    "gtq_pen": 0.48626825,
    "gtq_usd": 0.12896478,
    "mxn_clp": 50.8012762,
    "mxn_cop": 226.98706774,
    "mxn_crc": 28.27592973,
    "mxn_gtq": 0.42265223,
    "mxn_mxn": 1,
    "mxn_pen": 0.20743371,
    "mxn_usd": 0.054477585,
    "pen_clp": 249.55888341,
    "pen_cop": 1100.90606091,
    "pen_crc": 138.78613507,
    "pen_gtq": 2.0564781,
    "pen_mxn": 4.80066761,
    "pen_pen": 1,
    "pen_usd": 0.26521324,
    "timestamp": "2024-06-22 06:27:37",
    "usd_clp": 932.51703723,
    "usd_cop": 4166.61398586,
    "usd_crc": 519.03787056,
    "usd_gtq": 7.75827757,
    "usd_mxn": 18.35617345,
    "usd_pen": 3.80768907,
    "usd_usd": 1
}