{
    "clp_clp": 1,
    "clp_cop": 4.004225,
    "clp_crc": 0.50672311,
    "clp_gtq": 0.0083255231,
    "clp_mxn": 0.019380491,
    "clp_pen": 0.0037315753,
    "clp_usd": 0.0010893637,
    "cop_clp": 0.24973622,
    "cop_cop": 1,
    "cop_crc": 0.12654711,
    "cop_gtq": 0.0020791846,
    "cop_mxn": 0.0048400106,
    "cop_pen": 0.00093190949,
    "cop_usd": 0.00027205356,
    "crc_clp": 1.98589754,
    "crc_cop": 7.97657445,
    "crc_crc": 1,
    "crc_gtq": 0.016569568,
    "crc_mxn": 0.037987883,
    "crc_pen": 0.0073914414,
    "crc_usd": 0.0021660542,
    "gtq_clp": 120.1125735,
    "gtq_cop": 480.95776961,
    "gtq_crc": 60.86381665,
    "gtq_gtq": 1,
    "gtq_mxn": 2.3278407,
    "gtq_pen": 0.44820911,
    "gtq_usd": 0.13084627,
    "mxn_clp": 52.2771306,
    "mxn_cop": 209.97680711,
    "mxn_crc": 26.3241832,
    "mxn_gtq": 0.43618033,
    "mxn_mxn": 1,
    "mxn_pen": 0.19457366,
    "mxn_usd": 0.057019609,
    "pen_clp": 268.67527285,
    "pen_cop": 1079.16359014,
    "pen_crc": 135.29160884,
    "pen_gtq": 2.24172346,
    "pen_mxn": 5.13944185,
    "pen_pen": 1,
    "pen_usd": 0.29304896,
    "timestamp": "2026-04-08 07:22:56",
    "usd_clp": 916.82724375,
    "usd_cop": 3682.53680138,
    "usd_crc": 461.66895642,
    "usd_gtq": 7.64965498,
    "usd_mxn": 17.53782645,
    "usd_pen": 3.41239904,
    "usd_usd": 1
}