{
    "clp_clp": 1,
    "clp_cop": 3.86235866,
    "clp_crc": 0.50530702,
    "clp_gtq": 0.0084108542,
    "clp_mxn": 0.019037421,
    "clp_pen": 0.0037510529,
    "clp_usd": 0.0011041052,
    "cop_clp": 0.25890915,
    "cop_cop": 1,
    "cop_crc": 0.13082861,
    "cop_gtq": 0.0021776471,
    "cop_mxn": 0.0049289626,
    "cop_pen": 0.00097118191,
    "cop_usd": 0.00028586294,
    "crc_clp": 1.97899486,
    "crc_cop": 7.64358794,
    "crc_crc": 1,
    "crc_gtq": 0.016645037,
    "crc_mxn": 0.037674959,
    "crc_pen": 0.0074233144,
    "crc_usd": 0.0021850185,
    "gtq_clp": 120.14015429,
    "gtq_cop": 466.61931237,
    "gtq_crc": 60.17046104,
    "gtq_gtq": 1,
    "gtq_mxn": 2.28143728,
    "gtq_pen": 0.44628123,
    "gtq_usd": 0.13118209,
    "mxn_clp": 52.52812254,
    "mxn_cop": 202.88244885,
    "mxn_crc": 26.54282915,
    "mxn_gtq": 0.44180638,
    "mxn_mxn": 1,
    "mxn_pen": 0.19703576,
    "mxn_usd": 0.057996572,
    "pen_clp": 266.59181686,
    "pen_cop": 1029.6732118,
    "pen_crc": 134.71071695,
    "pen_gtq": 2.24226491,
    "pen_mxn": 5.07522074,
    "pen_pen": 1,
    "pen_usd": 0.29434541,
    "timestamp": "2026-06-12 09:17:28",
    "usd_clp": 905.71080877,
    "usd_cop": 3498.17998313,
    "usd_crc": 457.66203116,
    "usd_gtq": 7.6178016,
    "usd_mxn": 17.24239826,
    "usd_pen": 3.39736913,
    "usd_usd": 1
}