{
    "clp_clp": 1,
    "clp_cop": 4.04113307,
    "clp_crc": 0.52458808,
    "clp_gtq": 0.0079763781,
    "clp_mxn": 0.019136236,
    "clp_pen": 0.0036172584,
    "clp_usd": 0.0010409711,
    "cop_clp": 0.24512566,
    "cop_cop": 1,
    "cop_crc": 0.12843449,
    "cop_gtq": 0.00195331,
    "cop_mxn": 0.0046675149,
    "cop_pen": 0.00088438301,
    "cop_usd": 0.00025485761,
    "crc_clp": 1.90856567,
    "crc_cop": 7.78607054,
    "crc_crc": 1,
    "crc_gtq": 0.015208609,
    "crc_mxn": 0.0363416,
    "crc_pen": 0.0068858685,
    "crc_usd": 0.0019843393,
    "gtq_clp": 125.49245218,
    "gtq_cop": 511.9515145,
    "gtq_crc": 65.75223171,
    "gtq_gtq": 1,
    "gtq_mxn": 2.38954131,
    "gtq_pen": 0.45276122,
    "gtq_usd": 0.13047474,
    "mxn_clp": 52.51738128,
    "mxn_cop": 214.24677277,
    "mxn_crc": 27.51667501,
    "mxn_gtq": 0.41849036,
    "mxn_mxn": 1,
    "mxn_pen": 0.18947621,
    "mxn_usd": 0.05460242,
    "pen_clp": 277.17137782,
    "pen_cop": 1130.7318025,
    "pen_crc": 145.22496247,
    "pen_gtq": 2.20866971,
    "pen_mxn": 5.27770751,
    "pen_pen": 1,
    "pen_usd": 0.2881756,
    "timestamp": "2025-10-02 06:39:06",
    "usd_clp": 961.81416229,
    "usd_cop": 3923.75962463,
    "usd_crc": 503.94606657,
    "usd_gtq": 7.66431881,
    "usd_mxn": 18.31420644,
    "usd_pen": 3.47010636,
    "usd_usd": 1
}