{
    "clp_clp": 1,
    "clp_cop": 4.08284226,
    "clp_crc": 0.52803004,
    "clp_gtq": 0.0080236237,
    "clp_mxn": 0.019319172,
    "clp_pen": 0.0036587924,
    "clp_usd": 0.0010476775,
    "cop_clp": 0.24492741,
    "cop_cop": 1,
    "cop_crc": 0.12932903,
    "cop_gtq": 0.0019652054,
    "cop_mxn": 0.0047317948,
    "cop_pen": 0.00089613857,
    "cop_usd": 0.00025660494,
    "crc_clp": 1.89383165,
    "crc_cop": 7.7322159,
    "crc_crc": 1,
    "crc_gtq": 0.015195393,
    "crc_mxn": 0.036587259,
    "crc_pen": 0.0069291369,
    "crc_usd": 0.0019841248,
    "gtq_clp": 124.63196619,
    "gtq_cop": 508.85265825,
    "gtq_crc": 65.80942192,
    "gtq_gtq": 1,
    "gtq_mxn": 2.40778636,
    "gtq_pen": 0.45600249,
    "gtq_usd": 0.13057411,
    "mxn_clp": 51.76205344,
    "mxn_cop": 211.33629914,
    "mxn_crc": 27.33191908,
    "mxn_gtq": 0.41531924,
    "mxn_mxn": 1,
    "mxn_pen": 0.18938661,
    "mxn_usd": 0.054229939,
    "pen_clp": 273.31422056,
    "pen_cop": 1115.89884943,
    "pen_crc": 144.31811843,
    "pen_gtq": 2.19297046,
    "pen_mxn": 5.28020437,
    "pen_pen": 1,
    "pen_usd": 0.28634516,
    "timestamp": "2025-09-15 06:40:44",
    "usd_clp": 954.49218764,
    "usd_cop": 3897.04103862,
    "usd_crc": 504.00054668,
    "usd_gtq": 7.65848616,
    "usd_mxn": 18.4399985,
    "usd_pen": 3.49228879,
    "usd_usd": 1
}