{
    "clp_clp": 1,
    "clp_cop": 4.39906609,
    "clp_crc": 0.53901527,
    "clp_gtq": 0.0082545492,
    "clp_mxn": 0.021345911,
    "clp_pen": 0.0039215717,
    "clp_usd": 0.0010707729,
    "cop_clp": 0.22732098,
    "cop_cop": 1,
    "cop_crc": 0.12252948,
    "cop_gtq": 0.0018764322,
    "cop_mxn": 0.0048523733,
    "cop_pen": 0.0008914555,
    "cop_usd": 0.00024340913,
    "crc_clp": 1.85523503,
    "crc_cop": 8.1613015,
    "crc_crc": 1,
    "crc_gtq": 0.015314129,
    "crc_mxn": 0.039601682,
    "crc_pen": 0.0072754371,
    "crc_usd": 0.0019865353,
    "gtq_clp": 121.14532009,
    "gtq_cop": 532.92626976,
    "gtq_crc": 65.29917683,
    "gtq_gtq": 1,
    "gtq_mxn": 2.58595721,
    "gtq_pen": 0.47508005,
    "gtq_usd": 0.12971912,
    "mxn_clp": 46.84737998,
    "mxn_cop": 206.08472078,
    "mxn_crc": 25.25145295,
    "mxn_gtq": 0.386704,
    "mxn_mxn": 1,
    "mxn_pen": 0.18371536,
    "mxn_usd": 0.050162903,
    "pen_clp": 254.99980324,
    "pen_cop": 1121.76098784,
    "pen_crc": 137.44878657,
    "pen_gtq": 2.10490841,
    "pen_mxn": 5.44320308,
    "pen_pen": 1,
    "pen_usd": 0.27304687,
    "timestamp": "2025-03-16 19:36:29",
    "usd_clp": 933.90488931,
    "usd_cop": 4108.30933147,
    "usd_crc": 503.38899158,
    "usd_gtq": 7.70896382,
    "usd_mxn": 19.93505058,
    "usd_pen": 3.66237494,
    "usd_usd": 1
}