{
    "clp_clp": 1,
    "clp_cop": 4.14988506,
    "clp_crc": 0.55581583,
    "clp_gtq": 0.0085689432,
    "clp_mxn": 0.020088159,
    "clp_pen": 0.003756233,
    "clp_usd": 0.0011175624,
    "cop_clp": 0.24097053,
    "cop_cop": 1,
    "cop_crc": 0.13393523,
    "cop_gtq": 0.0020648628,
    "cop_mxn": 0.0048406544,
    "cop_pen": 0.00090514146,
    "cop_usd": 0.0002692996,
    "crc_clp": 1.7991571,
    "crc_cop": 7.46629518,
    "crc_crc": 1,
    "crc_gtq": 0.015416875,
    "crc_mxn": 0.036141755,
    "crc_pen": 0.0067580534,
    "crc_usd": 0.0020106703,
    "gtq_clp": 116.70050551,
    "gtq_cop": 484.29368431,
    "gtq_crc": 64.86398841,
    "gtq_gtq": 1,
    "gtq_mxn": 2.34429837,
    "gtq_pen": 0.43835429,
    "gtq_usd": 0.1304201,
    "mxn_clp": 49.78056852,
    "mxn_cop": 206.58363758,
    "mxn_crc": 27.66882804,
    "mxn_gtq": 0.42656686,
    "mxn_mxn": 1,
    "mxn_pen": 0.18698742,
    "mxn_usd": 0.055632891,
    "pen_clp": 266.22416361,
    "pen_cop": 1104.79967919,
    "pen_crc": 147.97160465,
    "pen_gtq": 2.28125973,
    "pen_mxn": 5.34795346,
    "pen_pen": 1,
    "pen_usd": 0.29752211,
    "timestamp": "2026-01-10 20:01:12",
    "usd_clp": 894.80462801,
    "usd_cop": 3713.33635745,
    "usd_crc": 497.34657764,
    "usd_gtq": 7.66753001,
    "usd_mxn": 17.97497808,
    "usd_pen": 3.36109471,
    "usd_usd": 1
}