{
    "clp_clp": 1,
    "clp_cop": 4.32221039,
    "clp_crc": 0.57374649,
    "clp_gtq": 0.0084062659,
    "clp_mxn": 0.02012861,
    "clp_pen": 0.0040902523,
    "clp_usd": 0.0010831383,
    "cop_clp": 0.2313631,
    "cop_cop": 1,
    "cop_crc": 0.13274377,
    "cop_gtq": 0.0019448997,
    "cop_mxn": 0.0046570177,
    "cop_pen": 0.00094633345,
    "cop_usd": 0.00025059823,
    "crc_clp": 1.74293005,
    "crc_cop": 7.53331039,
    "crc_crc": 1,
    "crc_gtq": 0.014651533,
    "crc_mxn": 0.03508276,
    "crc_pen": 0.0071290236,
    "crc_usd": 0.0018878343,
    "gtq_clp": 118.95888282,
    "gtq_cop": 514.16531911,
    "gtq_crc": 68.25224142,
    "gtq_gtq": 1,
    "gtq_mxn": 2.39447702,
    "gtq_pen": 0.48657184,
    "gtq_usd": 0.12884892,
    "mxn_clp": 49.68052814,
    "mxn_cop": 214.72969483,
    "mxn_crc": 28.50402862,
    "mxn_gtq": 0.41762773,
    "mxn_mxn": 1,
    "mxn_pen": 0.20320589,
    "mxn_usd": 0.053810882,
    "pen_clp": 244.48369675,
    "pen_cop": 1056.70997389,
    "pen_crc": 140.27166277,
    "pen_gtq": 2.05519496,
    "pen_mxn": 4.9211171,
    "pen_pen": 1,
    "pen_usd": 0.26480965,
    "timestamp": "2024-06-12 19:09:05",
    "usd_clp": 923.24314697,
    "usd_cop": 3990.45112081,
    "usd_crc": 529.70751459,
    "usd_gtq": 7.76102738,
    "usd_mxn": 18.58360169,
    "usd_pen": 3.77629739,
    "usd_usd": 1
}