{
    "clp_clp": 1,
    "clp_cop": 4.06510577,
    "clp_crc": 0.52553734,
    "clp_gtq": 0.0079770892,
    "clp_mxn": 0.019130295,
    "clp_pen": 0.0036427503,
    "clp_usd": 0.0010416871,
    "cop_clp": 0.24599606,
    "cop_cop": 1,
    "cop_crc": 0.12928011,
    "cop_gtq": 0.0019623325,
    "cop_mxn": 0.0047059771,
    "cop_pen": 0.00089610221,
    "cop_usd": 0.00025625091,
    "crc_clp": 1.90281436,
    "crc_cop": 7.73514164,
    "crc_crc": 1,
    "crc_gtq": 0.01517892,
    "crc_mxn": 0.036401399,
    "crc_pen": 0.0069314776,
    "crc_usd": 0.0019821371,
    "gtq_clp": 125.35900937,
    "gtq_cop": 509.5976324,
    "gtq_crc": 65.88084043,
    "gtq_gtq": 1,
    "gtq_mxn": 2.39815479,
    "gtq_pen": 0.45665157,
    "gtq_usd": 0.13058486,
    "mxn_clp": 52.27311016,
    "mxn_cop": 212.49572176,
    "mxn_crc": 27.47147131,
    "mxn_gtq": 0.41698726,
    "mxn_mxn": 1,
    "mxn_pen": 0.19041789,
    "mxn_usd": 0.054452222,
    "pen_clp": 274.51785684,
    "pen_cop": 1115.94412397,
    "pen_crc": 144.26938449,
    "pen_gtq": 2.18985343,
    "pen_mxn": 5.25160749,
    "pen_pen": 1,
    "pen_usd": 0.2859617,
    "timestamp": "2025-09-28 19:37:30",
    "usd_clp": 959.98121444,
    "usd_cop": 3902.42517442,
    "usd_crc": 504.50597467,
    "usd_gtq": 7.65785578,
    "usd_mxn": 18.3647235,
    "usd_pen": 3.49697184,
    "usd_usd": 1
}