{
    "clp_clp": 1,
    "clp_cop": 4.16411093,
    "clp_crc": 0.52229516,
    "clp_gtq": 0.007958659,
    "clp_mxn": 0.019450179,
    "clp_pen": 0.0037000249,
    "clp_usd": 0.0010372322,
    "cop_clp": 0.2401473,
    "cop_cop": 1,
    "cop_crc": 0.12542777,
    "cop_gtq": 0.0019112505,
    "cop_mxn": 0.0046709081,
    "cop_pen": 0.00088855099,
    "cop_usd": 0.00024908852,
    "crc_clp": 1.91462619,
    "crc_cop": 7.97271584,
    "crc_crc": 1,
    "crc_gtq": 0.015237857,
    "crc_mxn": 0.037239823,
    "crc_pen": 0.0070841645,
    "crc_usd": 0.001985912,
    "gtq_clp": 125.64930809,
    "gtq_cop": 523.21765727,
    "gtq_crc": 65.626026,
    "gtq_gtq": 1,
    "gtq_mxn": 2.44390158,
    "gtq_pen": 0.46490557,
    "gtq_usd": 0.13032751,
    "mxn_clp": 51.4134077,
    "mxn_cop": 214.09113298,
    "mxn_crc": 26.85297421,
    "mxn_gtq": 0.40918178,
    "mxn_mxn": 1,
    "mxn_pen": 0.19023089,
    "mxn_usd": 0.053327644,
    "pen_clp": 270.26845337,
    "pen_cop": 1125.42782091,
    "pen_crc": 141.15990622,
    "pen_gtq": 2.15097447,
    "pen_mxn": 5.25676989,
    "pen_pen": 1,
    "pen_usd": 0.28033115,
    "timestamp": "2025-07-20 19:58:21",
    "usd_clp": 964.10424723,
    "usd_cop": 4014.63703434,
    "usd_crc": 503.5469861,
    "usd_gtq": 7.67297697,
    "usd_mxn": 18.75200051,
    "usd_pen": 3.5672097,
    "usd_usd": 1
}