{
    "clp_clp": 1,
    "clp_cop": 4.20148851,
    "clp_crc": 0.528946,
    "clp_gtq": 0.0080200439,
    "clp_mxn": 0.019440397,
    "clp_pen": 0.0036856653,
    "clp_usd": 0.0010454836,
    "cop_clp": 0.23801089,
    "cop_cop": 1,
    "cop_crc": 0.12589491,
    "cop_gtq": 0.0019088577,
    "cop_mxn": 0.0046270262,
    "cop_pen": 0.00087722845,
    "cop_usd": 0.00024883647,
    "crc_clp": 1.89055216,
    "crc_cop": 7.94313316,
    "crc_crc": 1,
    "crc_gtq": 0.015162311,
    "crc_mxn": 0.036753085,
    "crc_pen": 0.0069679424,
    "crc_usd": 0.0019765412,
    "gtq_clp": 124.68759708,
    "gtq_cop": 523.87350595,
    "gtq_crc": 65.95300561,
    "gtq_gtq": 1,
    "gtq_mxn": 2.42397643,
    "gtq_pen": 0.45955674,
    "gtq_usd": 0.13035884,
    "mxn_clp": 51.140912,
    "mxn_cop": 215.99265162,
    "mxn_crc": 27.15293646,
    "mxn_gtq": 0.41168171,
    "mxn_mxn": 1,
    "mxn_pen": 0.19003987,
    "mxn_usd": 0.053663583,
    "pen_clp": 271.32143918,
    "pen_cop": 1139.95390809,
    "pen_crc": 143.51438972,
    "pen_gtq": 2.17600985,
    "pen_mxn": 5.27459658,
    "pen_pen": 1,
    "pen_usd": 0.28366211,
    "timestamp": "2025-08-14 06:46:06",
    "usd_clp": 956.49517045,
    "usd_cop": 4018.70346446,
    "usd_crc": 505.93429355,
    "usd_gtq": 7.67113324,
    "usd_mxn": 18.59464613,
    "usd_pen": 3.52532101,
    "usd_usd": 1
}