{
    "clp_clp": 1,
    "clp_cop": 4.26223603,
    "clp_crc": 0.51486566,
    "clp_gtq": 0.007819973,
    "clp_mxn": 0.019193511,
    "clp_pen": 0.0036349109,
    "clp_usd": 0.001018579,
    "cop_clp": 0.23232893,
    "cop_cop": 1,
    "cop_crc": 0.12221283,
    "cop_gtq": 0.0018549666,
    "cop_mxn": 0.00452903,
    "cop_pen": 0.00085857967,
    "cop_usd": 0.00024170553,
    "crc_clp": 1.94225423,
    "crc_cop": 8.27834594,
    "crc_crc": 1,
    "crc_gtq": 0.015188376,
    "crc_mxn": 0.037278678,
    "crc_pen": 0.007059921,
    "crc_usd": 0.0019783393,
    "gtq_clp": 127.87767982,
    "gtq_cop": 545.04485385,
    "gtq_crc": 65.83982574,
    "gtq_gtq": 1,
    "gtq_mxn": 2.45442168,
    "gtq_pen": 0.46482397,
    "gtq_usd": 0.13025352,
    "mxn_clp": 52.10094133,
    "mxn_cop": 222.06650911,
    "mxn_crc": 26.82498543,
    "mxn_gtq": 0.40742795,
    "mxn_mxn": 1,
    "mxn_pen": 0.18938228,
    "mxn_usd": 0.053068923,
    "pen_clp": 275.10990902,
    "pen_cop": 1172.58336535,
    "pen_crc": 141.64464428,
    "pen_gtq": 2.15135205,
    "pen_mxn": 5.28032512,
    "pen_pen": 1,
    "pen_usd": 0.28022117,
    "timestamp": "2025-07-31 06:47:26",
    "usd_clp": 981.75991321,
    "usd_cop": 4184.49247095,
    "usd_crc": 505.47446353,
    "usd_gtq": 7.67733599,
    "usd_mxn": 18.84341987,
    "usd_pen": 3.56860978,
    "usd_usd": 1
}