{
    "clp_clp": 1,
    "clp_cop": 4.14988506,
    "clp_crc": 0.55581583,
    "clp_gtq": 0.0085689432,
    "clp_mxn": 0.020088159,
    "clp_pen": 0.003756233,
    "clp_usd": 0.0011175624,
    "cop_clp": 0.24097053,
    "cop_cop": 1,
    "cop_crc": 0.13393523,
    "cop_gtq": 0.0020648628,
    "cop_mxn": 0.0048406544,
    "cop_pen": 0.00090514146,
    "cop_usd": 0.0002692996,
    "crc_clp": 1.7991571,
    "crc_cop": 7.46629518,
    "crc_crc": 1,
    "crc_gtq": 0.015416875,
    "crc_mxn": 0.036141755,
    "crc_pen": 0.0067580534,
    "crc_usd": 0.0020106703,
    "gtq_clp": 116.96608627,
    "gtq_cop": 484.32207345,
    "gtq_crc": 64.86465495,
    "gtq_gtq": 1,
    "gtq_mxn": 2.34550564,
    "gtq_pen": 0.43875692,
    "gtq_usd": 0.13037144,
    "mxn_clp": 49.86817519,
    "mxn_cop": 206.48940884,
    "mxn_crc": 27.65487057,
    "mxn_gtq": 0.4263473,
    "mxn_mxn": 1,
    "mxn_pen": 0.18706283,
    "mxn_usd": 0.05558351,
    "pen_clp": 266.58516798,
    "pen_cop": 1103.85057262,
    "pen_crc": 147.83733889,
    "pen_gtq": 2.27916635,
    "pen_mxn": 5.34579753,
    "pen_pen": 1,
    "pen_usd": 0.29713819,
    "timestamp": "2026-01-10 06:42:28",
    "usd_clp": 897.17571051,
    "usd_cop": 3714.94006702,
    "usd_crc": 497.53731825,
    "usd_gtq": 7.67039181,
    "usd_mxn": 17.99094727,
    "usd_pen": 3.36543746,
    "usd_usd": 1
}