{
    "clp_clp": 1,
    "clp_cop": 4.48331809,
    "clp_crc": 0.52887205,
    "clp_gtq": 0.0079463814,
    "clp_mxn": 0.020764795,
    "clp_pen": 0.0038802038,
    "clp_usd": 0.0010289225,
    "cop_clp": 0.22304909,
    "cop_cop": 1,
    "cop_crc": 0.11796443,
    "cop_gtq": 0.0017724331,
    "cop_mxn": 0.0046315686,
    "cop_pen": 0.0008654759,
    "cop_usd": 0.00022950023,
    "crc_clp": 1.89081652,
    "crc_cop": 8.4771319,
    "crc_crc": 1,
    "crc_gtq": 0.015025149,
    "crc_mxn": 0.039262418,
    "crc_pen": 0.0073367534,
    "crc_usd": 0.0019455037,
    "gtq_clp": 125.8434432,
    "gtq_cop": 564.1961859,
    "gtq_crc": 66.55507928,
    "gtq_gtq": 1,
    "gtq_mxn": 2.61311332,
    "gtq_pen": 0.4882982,
    "gtq_usd": 0.12948316,
    "mxn_clp": 48.15843309,
    "mxn_cop": 215.90957443,
    "mxn_crc": 25.46964904,
    "mxn_gtq": 0.38268528,
    "mxn_mxn": 1,
    "mxn_pen": 0.18686453,
    "mxn_usd": 0.049551298,
    "pen_clp": 257.54345981,
    "pen_cop": 1156.79596102,
    "pen_crc": 135.8620165,
    "pen_gtq": 2.05158524,
    "pen_mxn": 5.34901849,
    "pen_pen": 1,
    "pen_usd": 0.26534353,
    "timestamp": "2024-11-10 06:31:27",
    "usd_clp": 971.8904532,
    "usd_cop": 4357.29405401,
    "usd_crc": 514.00569245,
    "usd_gtq": 7.72301225,
    "usd_mxn": 20.18110621,
    "usd_pen": 3.77113301,
    "usd_usd": 1
}