{
    "clp_clp": 1,
    "clp_cop": 4.18613496,
    "clp_crc": 0.54662991,
    "clp_gtq": 0.0083462713,
    "clp_mxn": 0.018148862,
    "clp_pen": 0.0040115991,
    "clp_usd": 0.0010754942,
    "cop_clp": 0.24165965,
    "cop_cop": 1,
    "cop_crc": 0.13008518,
    "cop_gtq": 0.0019890932,
    "cop_mxn": 0.0043466215,
    "cop_pen": 0.00095467466,
    "cop_usd": 0.00025618553,
    "crc_clp": 1.85770316,
    "crc_cop": 7.68727078,
    "crc_crc": 1,
    "crc_gtq": 0.015290698,
    "crc_mxn": 0.033413656,
    "crc_pen": 0.0073388426,
    "crc_usd": 0.0019693676,
    "gtq_clp": 121.49237303,
    "gtq_cop": 502.74165817,
    "gtq_crc": 65.39923889,
    "gtq_gtq": 1,
    "gtq_mxn": 2.18522769,
    "gtq_pen": 0.47995472,
    "gtq_usd": 0.12879514,
    "mxn_clp": 55.09987357,
    "mxn_cop": 230.65550689,
    "mxn_crc": 30.11923871,
    "mxn_gtq": 0.45987849,
    "mxn_mxn": 1,
    "mxn_pen": 0.2210386,
    "mxn_usd": 0.059259594,
    "pen_clp": 249.27715238,
    "pen_cop": 1043.50780165,
    "pen_crc": 136.26234639,
    "pen_gtq": 2.08053474,
    "pen_mxn": 4.52409663,
    "pen_pen": 1,
    "pen_usd": 0.26809613,
    "timestamp": "2024-05-07 06:27:23",
    "usd_clp": 929.80510818,
    "usd_cop": 3892.28966696,
    "usd_crc": 508.25927894,
    "usd_gtq": 7.76040568,
    "usd_mxn": 16.87490457,
    "usd_pen": 3.73000533,
    "usd_usd": 1
}