{
    "clp_clp": 1,
    "clp_cop": 4.57715543,
    "clp_crc": 0.56078512,
    "clp_gtq": 0.0083806432,
    "clp_mxn": 0.020853325,
    "clp_pen": 0.0040982769,
    "clp_usd": 0.0010835858,
    "cop_clp": 0.2184763,
    "cop_cop": 1,
    "cop_crc": 0.12251826,
    "cop_gtq": 0.001830972,
    "cop_mxn": 0.0045559574,
    "cop_pen": 0.00089537638,
    "cop_usd": 0.00023673782,
    "crc_clp": 1.78321421,
    "crc_cop": 8.16204863,
    "crc_crc": 1,
    "crc_gtq": 0.014944482,
    "crc_mxn": 0.037185946,
    "crc_pen": 0.0073081056,
    "crc_usd": 0.0019322656,
    "gtq_clp": 119.32258327,
    "gtq_cop": 546.15801037,
    "gtq_crc": 66.91432936,
    "gtq_gtq": 1,
    "gtq_mxn": 2.48827263,
    "gtq_pen": 0.48901698,
    "gtq_usd": 0.12929626,
    "mxn_clp": 47.9539829,
    "mxn_cop": 219.49283342,
    "mxn_crc": 26.89188013,
    "mxn_gtq": 0.40188522,
    "mxn_mxn": 1,
    "mxn_pen": 0.1965287,
    "mxn_usd": 0.051962255,
    "pen_clp": 244.00498864,
    "pen_cop": 1116.84875963,
    "pen_crc": 136.8343672,
    "pen_gtq": 2.04491876,
    "pen_mxn": 5.08831538,
    "pen_pen": 1,
    "pen_usd": 0.26440034,
    "timestamp": "2024-09-17 19:17:44",
    "usd_clp": 922.86184928,
    "usd_cop": 4224.08212807,
    "usd_crc": 517.52719428,
    "usd_gtq": 7.73417591,
    "usd_mxn": 19.24473825,
    "usd_pen": 3.78214337,
    "usd_usd": 1
}