{
    "clp_clp": 1,
    "clp_cop": 4.5078665,
    "clp_crc": 0.52294915,
    "clp_gtq": 0.0079259413,
    "clp_mxn": 0.020980107,
    "clp_pen": 0.0038930517,
    "clp_usd": 0.001027208,
    "cop_clp": 0.22166151,
    "cop_cop": 1,
    "cop_crc": 0.11568459,
    "cop_gtq": 0.0017568012,
    "cop_mxn": 0.0046179734,
    "cop_pen": 0.00086359104,
    "cop_usd": 0.0002276135,
    "crc_clp": 1.91608495,
    "crc_cop": 8.64419335,
    "crc_crc": 1,
    "crc_gtq": 0.01518613,
    "crc_mxn": 0.039918655,
    "crc_pen": 0.0074650479,
    "crc_usd": 0.0019675351,
    "gtq_clp": 126.16797971,
    "gtq_cop": 568.74840891,
    "gtq_crc": 65.97943716,
    "gtq_gtq": 1,
    "gtq_mxn": 2.64701776,
    "gtq_pen": 0.49117847,
    "gtq_usd": 0.12960075,
    "mxn_clp": 47.66419842,
    "mxn_cop": 214.86384322,
    "mxn_crc": 24.92595183,
    "mxn_gtq": 0.37778364,
    "mxn_mxn": 1,
    "mxn_pen": 0.18555919,
    "mxn_usd": 0.048961044,
    "pen_clp": 256.67416566,
    "pen_cop": 1157.95550392,
    "pen_crc": 133.95761256,
    "pen_gtq": 2.03429766,
    "pen_mxn": 5.34740777,
    "pen_pen": 1,
    "pen_usd": 0.26356631,
    "timestamp": "2024-11-22 06:36:43",
    "usd_clp": 973.85044287,
    "usd_cop": 4393.41247074,
    "usd_crc": 508.25013877,
    "usd_gtq": 7.71835244,
    "usd_mxn": 20.28866212,
    "usd_pen": 3.79411165,
    "usd_usd": 1
}