{
    "clp_clp": 1,
    "clp_cop": 4.3396878,
    "clp_crc": 0.57237594,
    "clp_gtq": 0.0085213561,
    "clp_mxn": 0.019504888,
    "clp_pen": 0.004090963,
    "clp_usd": 0.0010992253,
    "cop_clp": 0.23043132,
    "cop_cop": 1,
    "cop_crc": 0.13189334,
    "cop_gtq": 0.0019635874,
    "cop_mxn": 0.0044945371,
    "cop_pen": 0.00094268602,
    "cop_usd": 0.00025329595,
    "crc_clp": 1.74710349,
    "crc_cop": 7.58188372,
    "crc_crc": 1,
    "crc_gtq": 0.014887691,
    "crc_mxn": 0.034077057,
    "crc_pen": 0.0071473358,
    "crc_usd": 0.0019204604,
    "gtq_clp": 117.30342974,
    "gtq_cop": 506.56932614,
    "gtq_crc": 67.56736398,
    "gtq_gtq": 1,
    "gtq_mxn": 2.27955413,
    "gtq_pen": 0.48116669,
    "gtq_usd": 0.12887498,
    "mxn_clp": 51.26920063,
    "mxn_cop": 222.49232472,
    "mxn_crc": 29.3452568,
    "mxn_gtq": 0.43688312,
    "mxn_mxn": 1,
    "mxn_pen": 0.2097404,
    "mxn_usd": 0.056356404,
    "pen_clp": 244.44122201,
    "pen_cop": 1060.79859016,
    "pen_crc": 139.91227373,
    "pen_gtq": 2.08297071,
    "pen_mxn": 4.76779858,
    "pen_pen": 1,
    "pen_usd": 0.26869598,
    "timestamp": "2024-07-16 06:30:41",
    "usd_clp": 909.7315797,
    "usd_cop": 3947.95104211,
    "usd_crc": 520.70846623,
    "usd_gtq": 7.75214677,
    "usd_mxn": 17.74421229,
    "usd_pen": 3.72167825,
    "usd_usd": 1
}