{
    "clp_clp": 1,
    "clp_cop": 4.1339717,
    "clp_crc": 0.53325451,
    "clp_gtq": 0.0082936191,
    "clp_mxn": 0.019787047,
    "clp_pen": 0.0036463018,
    "clp_usd": 0.0010826588,
    "cop_clp": 0.24189812,
    "cop_cop": 1,
    "cop_crc": 0.12899327,
    "cop_gtq": 0.0020062109,
    "cop_mxn": 0.0047864495,
    "cop_pen": 0.00088203357,
    "cop_usd": 0.00026189314,
    "crc_clp": 1.86496612,
    "crc_cop": 7.64844532,
    "crc_crc": 1,
    "crc_gtq": 0.015543578,
    "crc_mxn": 0.037126581,
    "crc_pen": 0.0068241854,
    "crc_usd": 0.0020293385,
    "gtq_clp": 119.9830608,
    "gtq_cop": 492.06463905,
    "gtq_crc": 64.33524966,
    "gtq_gtq": 1,
    "gtq_mxn": 2.38854787,
    "gtq_pen": 0.43903567,
    "gtq_usd": 0.130558,
    "mxn_clp": 50.53811269,
    "mxn_cop": 208.92312743,
    "mxn_crc": 26.94967677,
    "mxn_gtq": 0.41914386,
    "mxn_mxn": 1,
    "mxn_pen": 0.18427721,
    "mxn_usd": 0.054715533,
    "pen_clp": 274.2504724,
    "pen_cop": 1133.7436905,
    "pen_crc": 146.24530262,
    "pen_gtq": 2.27452895,
    "pen_mxn": 5.42660693,
    "pen_pen": 1,
    "pen_usd": 0.29691969,
    "timestamp": "2025-12-04 06:48:47",
    "usd_clp": 923.65201862,
    "usd_cop": 3818.35130183,
    "usd_crc": 492.54160912,
    "usd_gtq": 7.66041801,
    "usd_mxn": 18.2763457,
    "usd_pen": 3.36791405,
    "usd_usd": 1
}