{
    "clp_clp": 1,
    "clp_cop": 4.00304427,
    "clp_crc": 0.52668034,
    "clp_gtq": 0.0080691188,
    "clp_mxn": 0.017269521,
    "clp_pen": 0.0038310773,
    "clp_usd": 0.0010371428,
    "cop_clp": 0.24980988,
    "cop_cop": 1,
    "cop_crc": 0.13156995,
    "cop_gtq": 0.0020157456,
    "cop_mxn": 0.0043140969,
    "cop_pen": 0.00095704096,
    "cop_usd": 0.00025908852,
    "crc_clp": 1.89868487,
    "crc_cop": 7.60051958,
    "crc_crc": 1,
    "crc_gtq": 0.015320714,
    "crc_mxn": 0.032789378,
    "crc_pen": 0.0072740085,
    "crc_usd": 0.0019692073,
    "gtq_clp": 122.80336338,
    "gtq_cop": 491.72592315,
    "gtq_crc": 64.40564083,
    "gtq_gtq": 1,
    "gtq_mxn": 2.11334349,
    "gtq_pen": 0.47461427,
    "gtq_usd": 0.12851928,
    "mxn_clp": 58.10856783,
    "mxn_cop": 232.67676368,
    "mxn_crc": 30.47570886,
    "mxn_gtq": 0.47318385,
    "mxn_mxn": 1,
    "mxn_pen": 0.2245798,
    "mxn_usd": 0.060813248,
    "pen_clp": 258.74351429,
    "pen_cop": 1036.05381742,
    "pen_crc": 135.70102146,
    "pen_gtq": 2.10697417,
    "pen_mxn": 4.45276013,
    "pen_pen": 1,
    "pen_usd": 0.2707868,
    "timestamp": "2024-04-13 06:20:49",
    "usd_clp": 964.18738176,
    "usd_cop": 3859.6847758,
    "usd_crc": 507.81854274,
    "usd_gtq": 7.78014255,
    "usd_mxn": 16.65105414,
    "usd_pen": 3.69387641,
    "usd_usd": 1
}