{
    "clp_clp": 1,
    "clp_cop": 4.12714159,
    "clp_crc": 0.54741049,
    "clp_gtq": 0.008469333,
    "clp_mxn": 0.01984562,
    "clp_pen": 0.0037230672,
    "clp_usd": 0.0011057838,
    "cop_clp": 0.24229845,
    "cop_cop": 1,
    "cop_crc": 0.13263671,
    "cop_gtq": 0.0020521062,
    "cop_mxn": 0.004808563,
    "cop_pen": 0.0009020934,
    "cop_usd": 0.0002679297,
    "crc_clp": 1.82678269,
    "crc_cop": 7.53939082,
    "crc_crc": 1,
    "crc_gtq": 0.015471631,
    "crc_mxn": 0.036253636,
    "crc_pen": 0.0068012347,
    "crc_usd": 0.0020200267,
    "gtq_clp": 118.11358224,
    "gtq_cop": 487.28276544,
    "gtq_crc": 64.73270133,
    "gtq_gtq": 1,
    "gtq_mxn": 2.34046794,
    "gtq_pen": 0.43945713,
    "gtq_usd": 0.13055441,
    "mxn_clp": 50.3889517,
    "mxn_cop": 207.96233837,
    "mxn_crc": 27.58344055,
    "mxn_gtq": 0.42676081,
    "mxn_mxn": 1,
    "mxn_pen": 0.18760145,
    "mxn_usd": 0.055719286,
    "pen_clp": 268.59574346,
    "pen_cop": 1108.53266436,
    "pen_crc": 147.03212654,
    "pen_gtq": 2.2748268,
    "pen_mxn": 5.33044912,
    "pen_pen": 1,
    "pen_usd": 0.29700882,
    "timestamp": "2025-12-26 19:46:35",
    "usd_clp": 904.33591714,
    "usd_cop": 3732.32237713,
    "usd_crc": 495.04296416,
    "usd_gtq": 7.65912203,
    "usd_mxn": 17.94710718,
    "usd_pen": 3.36690338,
    "usd_usd": 1
}