{
    "clp_clp": 1,
    "clp_cop": 3.9940994,
    "clp_crc": 0.50992104,
    "clp_gtq": 0.0085483591,
    "clp_mxn": 0.019439305,
    "clp_pen": 0.0038148942,
    "clp_usd": 0.0011205029,
    "cop_clp": 0.25036933,
    "cop_cop": 1,
    "cop_crc": 0.12766859,
    "cop_gtq": 0.002140247,
    "cop_mxn": 0.0048670057,
    "cop_pen": 0.00095513252,
    "cop_usd": 0.00028053957,
    "crc_clp": 1.96108793,
    "crc_cop": 7.83278012,
    "crc_crc": 1,
    "crc_gtq": 0.016764084,
    "crc_mxn": 0.038122186,
    "crc_pen": 0.007481343,
    "crc_usd": 0.0021974048,
    "gtq_clp": 116.98151542,
    "gtq_cop": 467.23580065,
    "gtq_crc": 59.65133624,
    "gtq_gtq": 1,
    "gtq_mxn": 2.27403932,
    "gtq_pen": 0.44627211,
    "gtq_usd": 0.13107813,
    "mxn_clp": 51.4421691,
    "mxn_cop": 205.46513678,
    "mxn_crc": 26.23144447,
    "mxn_gtq": 0.43974613,
    "mxn_mxn": 1,
    "mxn_pen": 0.19624643,
    "mxn_usd": 0.057641101,
    "pen_clp": 262.13046568,
    "pen_cop": 1046.97513594,
    "pen_crc": 133.66584021,
    "pen_gtq": 2.24078535,
    "pen_mxn": 5.095634,
    "pen_pen": 1,
    "pen_usd": 0.29371795,
    "timestamp": "2026-06-02 22:17:50",
    "usd_clp": 892.45639787,
    "usd_cop": 3564.55956414,
    "usd_crc": 455.08229639,
    "usd_gtq": 7.62903776,
    "usd_mxn": 17.34873186,
    "usd_pen": 3.40462676,
    "usd_usd": 1
}