{
    "clp_clp": 1,
    "clp_cop": 4.34943498,
    "clp_crc": 0.53642751,
    "clp_gtq": 0.0081739071,
    "clp_mxn": 0.02000723,
    "clp_pen": 0.0037734252,
    "clp_usd": 0.0010630857,
    "cop_clp": 0.22991492,
    "cop_cop": 1,
    "cop_crc": 0.12333269,
    "cop_gtq": 0.0018793032,
    "cop_mxn": 0.0045999606,
    "cop_pen": 0.00086756675,
    "cop_usd": 0.00024441926,
    "crc_clp": 1.86418479,
    "crc_cop": 8.10815055,
    "crc_crc": 1,
    "crc_gtq": 0.015237673,
    "crc_mxn": 0.037297173,
    "crc_pen": 0.0070343618,
    "crc_usd": 0.0019817882,
    "gtq_clp": 122.34051429,
    "gtq_cop": 532.11211207,
    "gtq_crc": 65.62681697,
    "gtq_gtq": 1,
    "gtq_mxn": 2.44769476,
    "gtq_pen": 0.46164278,
    "gtq_usd": 0.13005845,
    "mxn_clp": 49.98193247,
    "mxn_cop": 217.39316536,
    "mxn_crc": 26.81168338,
    "mxn_gtq": 0.40854767,
    "mxn_mxn": 1,
    "mxn_pen": 0.18860308,
    "mxn_usd": 0.053135077,
    "pen_clp": 265.01121764,
    "pen_cop": 1152.64905954,
    "pen_crc": 142.15930655,
    "pen_gtq": 2.16617708,
    "pen_mxn": 5.30214028,
    "pen_pen": 1,
    "pen_usd": 0.28172963,
    "timestamp": "2025-06-29 06:39:11",
    "usd_clp": 939.87881766,
    "usd_cop": 4086.47023411,
    "usd_crc": 505.66193538,
    "usd_gtq": 7.68471058,
    "usd_mxn": 18.8250282,
    "usd_pen": 3.55124246,
    "usd_usd": 1
}