{
    "clp_clp": 1,
    "clp_cop": 4.18758958,
    "clp_crc": 0.55531647,
    "clp_gtq": 0.0085620185,
    "clp_mxn": 0.020085241,
    "clp_pen": 0.0037561407,
    "clp_usd": 0.0011166405,
    "cop_clp": 0.24056835,
    "cop_cop": 1,
    "cop_crc": 0.13380615,
    "cop_gtq": 0.0020629159,
    "cop_mxn": 0.0048366939,
    "cop_pen": 0.0009051832,
    "cop_usd": 0.00026909304,
    "crc_clp": 1.79788705,
    "crc_cop": 7.47349798,
    "crc_crc": 1,
    "crc_gtq": 0.015417198,
    "crc_mxn": 0.036147022,
    "crc_pen": 0.0067648848,
    "crc_usd": 0.0020110663,
    "gtq_clp": 116.61568001,
    "gtq_cop": 484.75072436,
    "gtq_crc": 64.86262866,
    "gtq_gtq": 1,
    "gtq_mxn": 2.34459087,
    "gtq_pen": 0.43878821,
    "gtq_usd": 0.13044305,
    "mxn_clp": 49.73817875,
    "mxn_cop": 206.75279838,
    "mxn_crc": 27.66479617,
    "mxn_gtq": 0.42651365,
    "mxn_mxn": 1,
    "mxn_pen": 0.18714916,
    "mxn_usd": 0.055635739,
    "pen_clp": 265.76757719,
    "pen_cop": 1104.74873997,
    "pen_crc": 147.82217679,
    "pen_gtq": 2.27900379,
    "pen_mxn": 5.3433315,
    "pen_pen": 1,
    "pen_usd": 0.2972802,
    "timestamp": "2026-01-08 06:50:21",
    "usd_clp": 893.99690631,
    "usd_cop": 3716.18677578,
    "usd_crc": 497.24864912,
    "usd_gtq": 7.66618096,
    "usd_mxn": 17.97405793,
    "usd_pen": 3.36382984,
    "usd_usd": 1
}