{
    "clp_clp": 1,
    "clp_cop": 4.10111757,
    "clp_crc": 0.53620277,
    "clp_gtq": 0.0083345098,
    "clp_mxn": 0.019907376,
    "clp_pen": 0.0036591471,
    "clp_usd": 0.0010881369,
    "cop_clp": 0.24383597,
    "cop_cop": 1,
    "cop_crc": 0.13074553,
    "cop_gtq": 0.0020322533,
    "cop_mxn": 0.0048541344,
    "cop_pen": 0.00089223171,
    "cop_usd": 0.00026532693,
    "crc_clp": 1.8675627,
    "crc_cop": 7.73428263,
    "crc_crc": 1,
    "crc_gtq": 0.015585259,
    "crc_mxn": 0.037078478,
    "crc_pen": 0.0068414834,
    "crc_usd": 0.0020351329,
    "gtq_clp": 119.82878685,
    "gtq_cop": 496.25627222,
    "gtq_crc": 64.16319344,
    "gtq_gtq": 1,
    "gtq_mxn": 2.37907356,
    "gtq_pen": 0.43897142,
    "gtq_usd": 0.13058063,
    "mxn_clp": 50.36783596,
    "mxn_cop": 208.59223541,
    "mxn_crc": 26.96982325,
    "mxn_gtq": 0.42033169,
    "mxn_mxn": 1,
    "mxn_pen": 0.1845136,
    "mxn_usd": 0.054887175,
    "pen_clp": 273.2877252,
    "pen_cop": 1120.78509217,
    "pen_crc": 146.53763551,
    "pen_gtq": 2.27771923,
    "pen_mxn": 5.44044143,
    "pen_pen": 1,
    "pen_usd": 0.29737446,
    "timestamp": "2025-12-05 06:44:58",
    "usd_clp": 919.00199895,
    "usd_cop": 3768.93524702,
    "usd_crc": 492.7714183,
    "usd_gtq": 7.6594312,
    "usd_mxn": 18.29491809,
    "usd_pen": 3.36276354,
    "usd_usd": 1
}