{
    "clp_clp": 1,
    "clp_cop": 3.63899745,
    "clp_crc": 0.49225952,
    "clp_gtq": 0.0082446665,
    "clp_mxn": 0.018868729,
    "clp_pen": 0.0036871164,
    "clp_usd": 0.0010815864,
    "cop_clp": 0.27480096,
    "cop_cop": 1,
    "cop_crc": 0.13527339,
    "cop_gtq": 0.0022656423,
    "cop_mxn": 0.005185145,
    "cop_pen": 0.0010132231,
    "cop_usd": 0.00029722097,
    "crc_clp": 2.0202199,
    "crc_cop": 7.35165253,
    "crc_crc": 1,
    "crc_gtq": 0.016750367,
    "crc_mxn": 0.038328295,
    "crc_pen": 0.0074627418,
    "crc_usd": 0.0021938674,
    "gtq_clp": 121.29053355,
    "gtq_cop": 441.37594174,
    "gtq_crc": 59.70641987,
    "gtq_gtq": 1,
    "gtq_mxn": 2.28859826,
    "gtq_pen": 0.44721232,
    "gtq_usd": 0.13118619,
    "mxn_clp": 52.99773909,
    "mxn_cop": 192.85863716,
    "mxn_crc": 26.08864162,
    "mxn_gtq": 0.43694868,
    "mxn_mxn": 1,
    "mxn_pen": 0.19540883,
    "mxn_usd": 0.057321632,
    "pen_clp": 270.70746333,
    "pen_cop": 985.11415014,
    "pen_crc": 133.9990085,
    "pen_gtq": 2.24453259,
    "pen_mxn": 5.13595349,
    "pen_pen": 1,
    "pen_usd": 0.29397606,
    "timestamp": "2026-07-04 07:35:44",
    "usd_clp": 924.56786637,
    "usd_cop": 3364.5001038,
    "usd_crc": 455.12733445,
    "usd_gtq": 7.62275372,
    "usd_mxn": 17.44542092,
    "usd_pen": 3.40898938,
    "usd_usd": 1
}