{
    "clp_clp": 1,
    "clp_cop": 4.41658109,
    "clp_crc": 0.51192259,
    "clp_gtq": 0.0077855118,
    "clp_mxn": 0.020396961,
    "clp_pen": 0.0037908083,
    "clp_usd": 0.0010113683,
    "cop_clp": 0.22641948,
    "cop_cop": 1,
    "cop_crc": 0.11590925,
    "cop_gtq": 0.0017627915,
    "cop_mxn": 0.0046182693,
    "cop_pen": 0.00085831284,
    "cop_usd": 0.00022899348,
    "crc_clp": 1.95342034,
    "crc_cop": 8.62743931,
    "crc_crc": 1,
    "crc_gtq": 0.015208377,
    "crc_mxn": 0.039843838,
    "crc_pen": 0.0074050419,
    "crc_usd": 0.0019756274,
    "gtq_clp": 127.8465917,
    "gtq_cop": 571.98925583,
    "gtq_crc": 65.751128,
    "gtq_gtq": 1,
    "gtq_mxn": 2.61316441,
    "gtq_pen": 0.48725713,
    "gtq_usd": 0.12992161,
    "mxn_clp": 48.92405213,
    "mxn_cop": 218.88758863,
    "mxn_crc": 25.16149685,
    "mxn_gtq": 0.3826778,
    "mxn_mxn": 1,
    "mxn_pen": 0.18646248,
    "mxn_usd": 0.049718116,
    "pen_clp": 263.79598562,
    "pen_cop": 1165.07636141,
    "pen_crc": 135.04312455,
    "pen_gtq": 2.05378675,
    "pen_mxn": 5.38063644,
    "pen_pen": 1,
    "pen_usd": 0.26679489,
    "timestamp": "2024-12-18 19:26:12",
    "usd_clp": 984.02868938,
    "usd_cop": 4402.5721005,
    "usd_crc": 506.08307544,
    "usd_gtq": 7.69694895,
    "usd_mxn": 20.11339303,
    "usd_pen": 3.75039324,
    "usd_usd": 1
}