{
    "clp_clp": 1,
    "clp_cop": 4.14347023,
    "clp_crc": 0.54887142,
    "clp_gtq": 0.008444394,
    "clp_mxn": 0.019734242,
    "clp_pen": 0.0037105688,
    "clp_usd": 0.0011028094,
    "cop_clp": 0.24134359,
    "cop_cop": 1,
    "cop_crc": 0.1324666,
    "cop_gtq": 0.0020380004,
    "cop_mxn": 0.0047627329,
    "cop_pen": 0.00089552201,
    "cop_usd": 0.00026615599,
    "crc_clp": 1.82192033,
    "crc_cop": 7.54907265,
    "crc_crc": 1,
    "crc_gtq": 0.015385013,
    "crc_mxn": 0.035954216,
    "crc_pen": 0.0067603607,
    "crc_usd": 0.0020092309,
    "gtq_clp": 118.42176003,
    "gtq_cop": 490.67703779,
    "gtq_crc": 64.99831976,
    "gtq_gtq": 1,
    "gtq_mxn": 2.33696365,
    "gtq_pen": 0.43941209,
    "gtq_usd": 0.13059663,
    "mxn_clp": 50.67334267,
    "mxn_cop": 209.96348702,
    "mxn_crc": 27.81314962,
    "mxn_gtq": 0.42790567,
    "mxn_mxn": 1,
    "mxn_pen": 0.18802692,
    "mxn_usd": 0.055883039,
    "pen_clp": 269.50046159,
    "pen_cop": 1116.66714076,
    "pen_crc": 147.92110143,
    "pen_gtq": 2.27576808,
    "pen_mxn": 5.31838729,
    "pen_pen": 1,
    "pen_usd": 0.29720764,
    "timestamp": "2025-12-24 19:49:41",
    "usd_clp": 909.72012401,
    "usd_cop": 3802.20819634,
    "usd_crc": 496.44744229,
    "usd_gtq": 7.65304414,
    "usd_mxn": 17.97318172,
    "usd_pen": 3.36245531,
    "usd_usd": 1
}