{
    "clp_clp": 1,
    "clp_cop": 4.4624358,
    "clp_crc": 0.54229055,
    "clp_gtq": 0.0083782831,
    "clp_mxn": 0.021796776,
    "clp_pen": 0.0039577723,
    "clp_usd": 0.0010870546,
    "cop_clp": 0.22409286,
    "cop_cop": 1,
    "cop_crc": 0.12152344,
    "cop_gtq": 0.0018775134,
    "cop_mxn": 0.0048845019,
    "cop_pen": 0.00088690851,
    "cop_usd": 0.00024360117,
    "crc_clp": 1.84402991,
    "crc_cop": 8.2288651,
    "crc_crc": 1,
    "crc_gtq": 0.015449805,
    "crc_mxn": 0.040193907,
    "crc_pen": 0.0072982505,
    "crc_usd": 0.0020045611,
    "gtq_clp": 119.35619575,
    "gtq_cop": 532.6193611,
    "gtq_crc": 64.72573733,
    "gtq_gtq": 1,
    "gtq_mxn": 2.6015803,
    "gtq_pen": 0.47238465,
    "gtq_usd": 0.1297467,
    "mxn_clp": 45.87834399,
    "mxn_cop": 204.72916478,
    "mxn_crc": 24.87939251,
    "mxn_gtq": 0.38438176,
    "mxn_mxn": 1,
    "mxn_pen": 0.18157604,
    "mxn_usd": 0.049872263,
    "pen_clp": 254.40693453,
    "pen_cop": 1135.45171265,
    "pen_crc": 136.93797921,
    "pen_gtq": 2.11131514,
    "pen_mxn": 5.49232116,
    "pen_pen": 1,
    "pen_usd": 0.27403693,
    "timestamp": "2025-03-26 19:27:16",
    "usd_clp": 928.36733144,
    "usd_cop": 4143.42587958,
    "usd_crc": 499.70629366,
    "usd_gtq": 7.70449127,
    "usd_mxn": 20.04226634,
    "usd_pen": 3.64914319,
    "usd_usd": 1
}