{
    "clp_clp": 1,
    "clp_cop": 4.34054152,
    "clp_crc": 0.5439699,
    "clp_gtq": 0.0082805758,
    "clp_mxn": 0.020194086,
    "clp_pen": 0.0038262293,
    "clp_usd": 0.0010769439,
    "cop_clp": 0.230386,
    "cop_cop": 1,
    "cop_crc": 0.12532305,
    "cop_gtq": 0.0019077287,
    "cop_mxn": 0.0046524346,
    "cop_pen": 0.00088150965,
    "cop_usd": 0.0002481128,
    "crc_clp": 1.83833701,
    "crc_cop": 7.97937811,
    "crc_crc": 1,
    "crc_gtq": 0.015222489,
    "crc_mxn": 0.037123535,
    "crc_pen": 0.0070338988,
    "crc_usd": 0.0019797858,
    "gtq_clp": 120.76454877,
    "gtq_cop": 524.1835385,
    "gtq_crc": 65.6922797,
    "gtq_gtq": 1,
    "gtq_mxn": 2.43872963,
    "gtq_pen": 0.46207285,
    "gtq_usd": 0.13005664,
    "mxn_clp": 49.51944943,
    "mxn_cop": 214.94122648,
    "mxn_crc": 26.93709003,
    "mxn_gtq": 0.41004955,
    "mxn_mxn": 1,
    "mxn_pen": 0.18947277,
    "mxn_usd": 0.053329669,
    "pen_clp": 261.35391647,
    "pen_cop": 1134.41752679,
    "pen_crc": 142.16866421,
    "pen_gtq": 2.16416092,
    "pen_mxn": 5.27780336,
    "pen_pen": 1,
    "pen_usd": 0.2814635,
    "timestamp": "2025-07-02 19:46:36",
    "usd_clp": 928.55348212,
    "usd_cop": 4030.42494604,
    "usd_crc": 505.10514626,
    "usd_gtq": 7.68895749,
    "usd_mxn": 18.75128849,
    "usd_pen": 3.55285849,
    "usd_usd": 1
}