{
    "clp_clp": 1,
    "clp_cop": 4.09798413,
    "clp_crc": 0.53294604,
    "clp_gtq": 0.0081301937,
    "clp_mxn": 0.019593741,
    "clp_pen": 0.0035997952,
    "clp_usd": 0.0010617425,
    "cop_clp": 0.24402242,
    "cop_cop": 1,
    "cop_crc": 0.13005078,
    "cop_gtq": 0.0019839495,
    "cop_mxn": 0.0047813121,
    "cop_pen": 0.00087843073,
    "cop_usd": 0.00025908897,
    "crc_clp": 1.87636255,
    "crc_cop": 7.68930397,
    "crc_crc": 1,
    "crc_gtq": 0.015255191,
    "crc_mxn": 0.036764962,
    "crc_pen": 0.0067545209,
    "crc_usd": 0.0019922138,
    "gtq_clp": 122.99829888,
    "gtq_cop": 504.04507693,
    "gtq_crc": 65.55145683,
    "gtq_gtq": 1,
    "gtq_mxn": 2.40999685,
    "gtq_pen": 0.44276869,
    "gtq_usd": 0.13059252,
    "mxn_clp": 51.03670526,
    "mxn_cop": 209.14760824,
    "mxn_crc": 27.19981018,
    "mxn_gtq": 0.4149383,
    "mxn_mxn": 1,
    "mxn_pen": 0.18372169,
    "mxn_usd": 0.054187837,
    "pen_clp": 277.79358024,
    "pen_cop": 1138.39368346,
    "pen_crc": 148.04898968,
    "pen_gtq": 2.25851563,
    "pen_mxn": 5.44301555,
    "pen_pen": 1,
    "pen_usd": 0.29494524,
    "timestamp": "2025-10-26 19:47:05",
    "usd_clp": 941.84797973,
    "usd_cop": 3859.67807452,
    "usd_crc": 501.954155,
    "usd_gtq": 7.65740655,
    "usd_mxn": 18.45432566,
    "usd_pen": 3.39045985,
    "usd_usd": 1
}