{
    "clp_clp": 1,
    "clp_cop": 4.37990023,
    "clp_crc": 0.53787302,
    "clp_gtq": 0.0082019385,
    "clp_mxn": 0.020225807,
    "clp_pen": 0.0038482481,
    "clp_usd": 0.0010680165,
    "cop_clp": 0.2283157,
    "cop_cop": 1,
    "cop_crc": 0.12280486,
    "cop_gtq": 0.0018726314,
    "cop_mxn": 0.0046178693,
    "cop_pen": 0.00087861547,
    "cop_usd": 0.00024384494,
    "crc_clp": 1.85917488,
    "crc_cop": 8.14300048,
    "crc_crc": 1,
    "crc_gtq": 0.015248838,
    "crc_mxn": 0.037603312,
    "crc_pen": 0.0071545662,
    "crc_usd": 0.0019856295,
    "gtq_clp": 121.92239693,
    "gtq_cop": 534.00793429,
    "gtq_crc": 65.5787674,
    "gtq_gtq": 1,
    "gtq_mxn": 2.46597884,
    "gtq_pen": 0.46918763,
    "gtq_usd": 0.13021513,
    "mxn_clp": 49.44178555,
    "mxn_cop": 216.55008789,
    "mxn_crc": 26.59340233,
    "mxn_gtq": 0.40551848,
    "mxn_mxn": 1,
    "mxn_pen": 0.19026426,
    "mxn_usd": 0.052804644,
    "pen_clp": 259.85850629,
    "pen_cop": 1138.15433136,
    "pen_crc": 139.77087861,
    "pen_gtq": 2.13134348,
    "pen_mxn": 5.25584793,
    "pen_pen": 1,
    "pen_usd": 0.27753318,
    "timestamp": "2025-06-17 06:43:15",
    "usd_clp": 936.31510618,
    "usd_cop": 4100.96674853,
    "usd_crc": 503.61863044,
    "usd_gtq": 7.67959891,
    "usd_mxn": 18.9377284,
    "usd_pen": 3.60317282,
    "usd_usd": 1
}