{
    "clp_clp": 1,
    "clp_cop": 4.41158295,
    "clp_crc": 0.52723803,
    "clp_gtq": 0.0081155437,
    "clp_mxn": 0.021435202,
    "clp_pen": 0.0038489163,
    "clp_usd": 0.0010518265,
    "cop_clp": 0.22667601,
    "cop_cop": 1,
    "cop_crc": 0.11951221,
    "cop_gtq": 0.001839599,
    "cop_mxn": 0.004858846,
    "cop_pen": 0.00087245696,
    "cop_usd": 0.00023842383,
    "crc_clp": 1.89667653,
    "crc_cop": 8.36734584,
    "crc_crc": 1,
    "crc_gtq": 0.015392561,
    "crc_mxn": 0.040655645,
    "crc_pen": 0.0073001491,
    "crc_usd": 0.0019949746,
    "gtq_clp": 123.22033279,
    "gtq_cop": 543.59671933,
    "gtq_crc": 64.96644569,
    "gtq_gtq": 1,
    "gtq_mxn": 2.64125277,
    "gtq_pen": 0.47426474,
    "gtq_usd": 0.12960641,
    "mxn_clp": 46.65223042,
    "mxn_cop": 205.81018437,
    "mxn_crc": 24.59683013,
    "mxn_gtq": 0.37860822,
    "mxn_mxn": 1,
    "mxn_pen": 0.17956053,
    "mxn_usd": 0.049070052,
    "pen_clp": 255.00407565,
    "pen_cop": 1128.00607025,
    "pen_crc": 135.69034288,
    "pen_gtq": 2.10880574,
    "pen_mxn": 5.56971348,
    "pen_pen": 1,
    "pen_usd": 0.27328503,
    "timestamp": "2025-03-31 06:38:54",
    "usd_clp": 950.72715004,
    "usd_cop": 4194.21168615,
    "usd_crc": 501.25951098,
    "usd_gtq": 7.71566777,
    "usd_mxn": 20.37902886,
    "usd_pen": 3.65926919,
    "usd_usd": 1
}