{
    "clp_clp": 1,
    "clp_cop": 4.05313624,
    "clp_crc": 0.51942458,
    "clp_gtq": 0.0086257973,
    "clp_mxn": 0.019472757,
    "clp_pen": 0.003805272,
    "clp_usd": 0.0011276757,
    "cop_clp": 0.24672252,
    "cop_cop": 1,
    "cop_crc": 0.12815374,
    "cop_gtq": 0.0021281785,
    "cop_mxn": 0.0048043677,
    "cop_pen": 0.00093884631,
    "cop_usd": 0.00027822299,
    "crc_clp": 1.9252073,
    "crc_cop": 7.80312747,
    "crc_crc": 1,
    "crc_gtq": 0.016606448,
    "crc_mxn": 0.037489094,
    "crc_pen": 0.0073259374,
    "crc_usd": 0.0021710094,
    "gtq_clp": 115.93131258,
    "gtq_cop": 469.88540437,
    "gtq_crc": 60.21757383,
    "gtq_gtq": 1,
    "gtq_mxn": 2.25750226,
    "gtq_pen": 0.44115018,
    "gtq_usd": 0.13073292,
    "mxn_clp": 51.35379685,
    "mxn_cop": 208.14393507,
    "mxn_crc": 26.67442457,
    "mxn_gtq": 0.44296744,
    "mxn_mxn": 1,
    "mxn_pen": 0.19541517,
    "mxn_usd": 0.057910428,
    "pen_clp": 262.79330369,
    "pen_cop": 1065.13706286,
    "pen_crc": 136.5013025,
    "pen_gtq": 2.26680176,
    "pen_mxn": 5.11731011,
    "pen_pen": 1,
    "pen_usd": 0.29634562,
    "timestamp": "2026-04-15 07:27:43",
    "usd_clp": 886.77978722,
    "usd_cop": 3594.23929256,
    "usd_crc": 460.61522223,
    "usd_gtq": 7.64918267,
    "usd_mxn": 17.26804719,
    "usd_pen": 3.37443829,
    "usd_usd": 1
}