{
    "clp_clp": 1,
    "clp_cop": 3.99807274,
    "clp_crc": 0.51221887,
    "clp_gtq": 0.0079492318,
    "clp_mxn": 0.017098942,
    "clp_pen": 0.0038190475,
    "clp_usd": 0.0010216104,
    "cop_clp": 0.25012051,
    "cop_cop": 1,
    "cop_crc": 0.12811645,
    "cop_gtq": 0.0019882659,
    "cop_mxn": 0.0042767962,
    "cop_pen": 0.00095522211,
    "cop_usd": 0.00025552571,
    "crc_clp": 1.95229042,
    "crc_cop": 7.80539912,
    "crc_crc": 1,
    "crc_gtq": 0.015519209,
    "crc_mxn": 0.033382101,
    "crc_pen": 0.0074558898,
    "crc_usd": 0.0019944802,
    "gtq_clp": 125.79831977,
    "gtq_cop": 502.95083284,
    "gtq_crc": 64.43627351,
    "gtq_gtq": 1,
    "gtq_mxn": 2.15101821,
    "gtq_pen": 0.48042976,
    "gtq_usd": 0.12851687,
    "mxn_clp": 58.48314964,
    "mxn_cop": 233.81988624,
    "mxn_crc": 29.95617297,
    "mxn_gtq": 0.46489611,
    "mxn_mxn": 1,
    "mxn_pen": 0.22334993,
    "mxn_usd": 0.059746994,
    "pen_clp": 261.84539614,
    "pen_cop": 1046.87694003,
    "pen_crc": 134.12215357,
    "pen_gtq": 2.08146974,
    "pen_mxn": 4.47727931,
    "pen_pen": 1,
    "pen_usd": 0.26750398,
    "timestamp": "2024-04-16 19:03:28",
    "usd_clp": 978.84673708,
    "usd_cop": 3913.50045475,
    "usd_crc": 501.38377199,
    "usd_gtq": 7.78107958,
    "usd_mxn": 16.73724386,
    "usd_pen": 3.73826216,
    "usd_usd": 1
}