{
    "clp_clp": 1,
    "clp_cop": 4.28685963,
    "clp_crc": 0.53156777,
    "clp_gtq": 0.008073766,
    "clp_mxn": 0.019523871,
    "clp_pen": 0.0037333138,
    "clp_usd": 0.0010522883,
    "cop_clp": 0.23327099,
    "cop_cop": 1,
    "cop_crc": 0.12399934,
    "cop_gtq": 0.0018833754,
    "cop_mxn": 0.0045543527,
    "cop_pen": 0.00087087381,
    "cop_usd": 0.00024546833,
    "crc_clp": 1.88122769,
    "crc_cop": 8.06455902,
    "crc_crc": 1,
    "crc_gtq": 0.015188592,
    "crc_mxn": 0.036728846,
    "crc_pen": 0.0070232132,
    "crc_usd": 0.0019795938,
    "gtq_clp": 123.85793712,
    "gtq_cop": 530.96159038,
    "gtq_crc": 65.83888702,
    "gtq_gtq": 1,
    "gtq_mxn": 2.41818635,
    "gtq_pen": 0.46240054,
    "gtq_usd": 0.13033426,
    "mxn_clp": 51.21935163,
    "mxn_cop": 219.57017073,
    "mxn_crc": 27.22655636,
    "mxn_gtq": 0.41353306,
    "mxn_mxn": 1,
    "mxn_pen": 0.19121791,
    "mxn_usd": 0.053897523,
    "pen_clp": 267.85854672,
    "pen_cop": 1148.27199027,
    "pen_crc": 142.38496948,
    "pen_gtq": 2.16262722,
    "pen_mxn": 5.22963564,
    "pen_pen": 1,
    "pen_usd": 0.28186441,
    "timestamp": "2025-07-25 19:49:14",
    "usd_clp": 950.30992971,
    "usd_cop": 4073.84527287,
    "usd_crc": 505.15412702,
    "usd_gtq": 7.67257999,
    "usd_mxn": 18.55372822,
    "usd_pen": 3.54780514,
    "usd_usd": 1
}