{
    "clp_clp": 1,
    "clp_cop": 4.30597335,
    "clp_crc": 0.51572441,
    "clp_gtq": 0.0078779145,
    "clp_mxn": 0.020860127,
    "clp_pen": 0.0037312797,
    "clp_usd": 0.0010207211,
    "cop_clp": 0.23223553,
    "cop_cop": 1,
    "cop_crc": 0.11976953,
    "cop_gtq": 0.0018295316,
    "cop_mxn": 0.0048444627,
    "cop_pen": 0.00086653571,
    "cop_usd": 0.0002370477,
    "crc_clp": 1.9390201,
    "crc_cop": 8.34936886,
    "crc_crc": 1,
    "crc_gtq": 0.015275434,
    "crc_mxn": 0.040448206,
    "crc_pen": 0.0072350263,
    "crc_usd": 0.0019791987,
    "gtq_clp": 126.93714895,
    "gtq_cop": 546.58798112,
    "gtq_crc": 65.46458661,
    "gtq_gtq": 1,
    "gtq_mxn": 2.64792511,
    "gtq_pen": 0.473638,
    "gtq_usd": 0.12956742,
    "mxn_clp": 47.66608188,
    "mxn_cop": 208.82908006,
    "mxn_crc": 25.1691084,
    "mxn_gtq": 0.38704764,
    "mxn_mxn": 1,
    "mxn_pen": 0.18440796,
    "mxn_usd": 0.05021712,
    "pen_clp": 268.00456818,
    "pen_cop": 1154.0205295,
    "pen_crc": 138.21649856,
    "pen_gtq": 2.11131706,
    "pen_mxn": 5.59060945,
    "pen_pen": 1,
    "pen_usd": 0.27355791,
    "timestamp": "2025-04-05 06:34:33",
    "usd_clp": 979.69955893,
    "usd_cop": 4218.56019635,
    "usd_crc": 505.25497977,
    "usd_gtq": 7.71798931,
    "usd_mxn": 20.43665768,
    "usd_pen": 3.65553306,
    "usd_usd": 1
}