{
    "clp_clp": 1,
    "clp_cop": 4.42984339,
    "clp_crc": 0.51073404,
    "clp_gtq": 0.0077213007,
    "clp_mxn": 0.020824323,
    "clp_pen": 0.0037182093,
    "clp_usd": 0.0010005837,
    "cop_clp": 0.22574161,
    "cop_cop": 1,
    "cop_crc": 0.11529393,
    "cop_gtq": 0.0017430189,
    "cop_mxn": 0.0047009164,
    "cop_pen": 0.00083935457,
    "cop_usd": 0.00022587338,
    "crc_clp": 1.95796623,
    "crc_cop": 8.67348376,
    "crc_crc": 1,
    "crc_gtq": 0.015118046,
    "crc_mxn": 0.040773322,
    "crc_pen": 0.0072801283,
    "crc_usd": 0.0019591091,
    "gtq_clp": 129.51185725,
    "gtq_cop": 573.71724449,
    "gtq_crc": 66.14611386,
    "gtq_gtq": 1,
    "gtq_mxn": 2.69699678,
    "gtq_pen": 0.48155219,
    "gtq_usd": 0.12958745,
    "mxn_clp": 48.02076816,
    "mxn_cop": 212.72448233,
    "mxn_crc": 24.52584085,
    "mxn_gtq": 0.37078279,
    "mxn_mxn": 1,
    "mxn_pen": 0.17855127,
    "mxn_usd": 0.048048797,
    "pen_clp": 268.94666667,
    "pen_cop": 1191.39161304,
    "pen_crc": 137.36021716,
    "pen_gtq": 2.0766181,
    "pen_mxn": 5.60063233,
    "pen_pen": 1,
    "pen_usd": 0.26910365,
    "timestamp": "2025-04-09 19:36:18",
    "usd_clp": 999.41665476,
    "usd_cop": 4427.25925988,
    "usd_crc": 510.43610404,
    "usd_gtq": 7.71679656,
    "usd_mxn": 20.8121755,
    "usd_pen": 3.71604031,
    "usd_usd": 1
}