{
    "clp_clp": 1,
    "clp_cop": 3.93523606,
    "clp_crc": 0.5026097,
    "clp_gtq": 0.0083295693,
    "clp_mxn": 0.01906586,
    "clp_pen": 0.0037925349,
    "clp_usd": 0.0010925102,
    "cop_clp": 0.25411436,
    "cop_cop": 1,
    "cop_crc": 0.12772034,
    "cop_gtq": 0.0021166632,
    "cop_mxn": 0.0048449088,
    "cop_pen": 0.00096373758,
    "cop_usd": 0.00027762254,
    "crc_clp": 1.98961538,
    "crc_cop": 7.8296062,
    "crc_crc": 1,
    "crc_gtq": 0.016572639,
    "crc_mxn": 0.037933728,
    "crc_pen": 0.0075456857,
    "crc_usd": 0.0021736751,
    "gtq_clp": 121.16272673,
    "gtq_cop": 471.35744522,
    "gtq_crc": 60.51397785,
    "gtq_gtq": 1,
    "gtq_mxn": 2.2897464,
    "gtq_pen": 0.45556514,
    "gtq_usd": 0.13123306,
    "mxn_clp": 52.44977226,
    "mxn_cop": 206.40223521,
    "mxn_crc": 26.36176455,
    "mxn_gtq": 0.43688401,
    "mxn_mxn": 1,
    "mxn_pen": 0.19891759,
    "mxn_usd": 0.057301912,
    "pen_clp": 265.961367,
    "pen_cop": 1034.66531217,
    "pen_crc": 132.83276719,
    "pen_gtq": 2.19507578,
    "pen_mxn": 5.02616686,
    "pen_pen": 1,
    "pen_usd": 0.2880665,
    "timestamp": "2026-06-09 08:54:24",
    "usd_clp": 915.32324988,
    "usd_cop": 3602.01306105,
    "usd_crc": 460.05034844,
    "usd_gtq": 7.62424842,
    "usd_mxn": 17.45142468,
    "usd_pen": 3.47139536,
    "usd_usd": 1
}