{
    "clp_clp": 1,
    "clp_cop": 4.61567872,
    "clp_crc": 0.53550215,
    "clp_gtq": 0.0080667368,
    "clp_mxn": 0.021315186,
    "clp_pen": 0.0039422577,
    "clp_usd": 0.0010454256,
    "cop_clp": 0.21665286,
    "cop_cop": 1,
    "cop_crc": 0.11601807,
    "cop_gtq": 0.0017476816,
    "cop_mxn": 0.004617996,
    "cop_pen": 0.00085410141,
    "cop_usd": 0.00022649444,
    "crc_clp": 1.88243595,
    "crc_cop": 8.62032978,
    "crc_crc": 1,
    "crc_gtq": 0.015077587,
    "crc_mxn": 0.039470917,
    "crc_pen": 0.0073880337,
    "crc_usd": 0.0019539403,
    "gtq_clp": 124.84995046,
    "gtq_cop": 571.73140293,
    "gtq_crc": 66.32361149,
    "gtq_gtq": 1,
    "gtq_mxn": 2.61785376,
    "gtq_pen": 0.49000108,
    "gtq_usd": 0.12959237,
    "mxn_clp": 47.69172082,
    "mxn_cop": 218.39699858,
    "mxn_crc": 25.33510948,
    "mxn_gtq": 0.38199231,
    "mxn_mxn": 1,
    "mxn_pen": 0.18717664,
    "mxn_usd": 0.04950329,
    "pen_clp": 254.79525576,
    "pen_cop": 1166.79621016,
    "pen_crc": 135.35401087,
    "pen_gtq": 2.04081183,
    "pen_mxn": 5.34254691,
    "pen_pen": 1,
    "pen_usd": 0.26447365,
    "timestamp": "2024-11-07 06:34:21",
    "usd_clp": 963.40506917,
    "usd_cop": 4411.7673235,
    "usd_crc": 511.78637458,
    "usd_gtq": 7.71650342,
    "usd_mxn": 20.20067745,
    "usd_pen": 3.78109501,
    "usd_usd": 1
}