{
    "clp_clp": 1,
    "clp_cop": 3.94092453,
    "clp_crc": 0.51317768,
    "clp_gtq": 0.0079548424,
    "clp_mxn": 0.01690039,
    "clp_pen": 0.003794132,
    "clp_usd": 0.0010206476,
    "cop_clp": 0.25374756,
    "cop_cop": 1,
    "cop_crc": 0.13021759,
    "cop_gtq": 0.0020185219,
    "cop_mxn": 0.0042884327,
    "cop_pen": 0.00096275176,
    "cop_usd": 0.00025898685,
    "crc_clp": 1.94864282,
    "crc_cop": 7.6794543,
    "crc_crc": 1,
    "crc_gtq": 0.015501146,
    "crc_mxn": 0.032932823,
    "crc_pen": 0.0073934081,
    "crc_usd": 0.0019888776,
    "gtq_clp": 125.70959369,
    "gtq_cop": 495.4120218,
    "gtq_crc": 64.51135753,
    "gtq_gtq": 1,
    "gtq_mxn": 2.12454113,
    "gtq_pen": 0.4769588,
    "gtq_usd": 0.1283052,
    "mxn_clp": 59.17023311,
    "mxn_cop": 233.1854233,
    "mxn_crc": 30.3648429,
    "mxn_gtq": 0.47068988,
    "mxn_mxn": 1,
    "mxn_pen": 0.22449968,
    "mxn_usd": 0.060391957,
    "pen_clp": 263.56489214,
    "pen_cop": 1038.68934949,
    "pen_crc": 135.25561965,
    "pen_gtq": 2.09661717,
    "pen_mxn": 4.4543494,
    "pen_pen": 1,
    "pen_usd": 0.26900688,
    "timestamp": "2024-04-01 19:05:19",
    "usd_clp": 979.77008501,
    "usd_cop": 3861.19996479,
    "usd_crc": 502.79613833,
    "usd_gtq": 7.79391657,
    "usd_mxn": 16.55849628,
    "usd_pen": 3.71737706,
    "usd_usd": 1
}