{
    "clp_clp": 1,
    "clp_cop": 4.09911993,
    "clp_crc": 0.52112634,
    "clp_gtq": 0.0083200443,
    "clp_mxn": 0.019535776,
    "clp_pen": 0.0037339317,
    "clp_usd": 0.0010862896,
    "cop_clp": 0.24377628,
    "cop_cop": 1,
    "cop_crc": 0.12659128,
    "cop_gtq": 0.0020394455,
    "cop_mxn": 0.0047047984,
    "cop_pen": 0.00092921685,
    "cop_usd": 0.00026636775,
    "crc_clp": 1.91892046,
    "crc_cop": 7.86588509,
    "crc_crc": 1,
    "crc_gtq": 0.015965503,
    "crc_mxn": 0.037487599,
    "crc_pen": 0.0071651179,
    "crc_usd": 0.0020845033,
    "gtq_clp": 120.19166785,
    "gtq_cop": 492.68006172,
    "gtq_crc": 62.63504435,
    "gtq_gtq": 1,
    "gtq_mxn": 2.34803745,
    "gtq_pen": 0.44878747,
    "gtq_usd": 0.13056295,
    "mxn_clp": 51.81439395,
    "mxn_cop": 212.54896062,
    "mxn_crc": 26.90684585,
    "mxn_gtq": 0.43348203,
    "mxn_mxn": 1,
    "mxn_pen": 0.19750408,
    "mxn_usd": 0.056616188,
    "pen_clp": 262.34594834,
    "pen_cop": 1076.17506248,
    "pen_crc": 136.23438304,
    "pen_gtq": 2.19480044,
    "pen_mxn": 5.06318666,
    "pen_pen": 1,
    "pen_usd": 0.28665833,
    "timestamp": "2026-03-10 07:04:44",
    "usd_clp": 920.56486567,
    "usd_cop": 3773.50579233,
    "usd_crc": 479.73060211,
    "usd_gtq": 7.65914046,
    "usd_mxn": 17.9839486,
    "usd_pen": 3.4373263,
    "usd_usd": 1
}