{
    "clp_clp": 1,
    "clp_cop": 4.0450828,
    "clp_crc": 0.51243563,
    "clp_gtq": 0.0083748787,
    "clp_mxn": 0.019438026,
    "clp_pen": 0.0037548683,
    "clp_usd": 0.0010920386,
    "cop_clp": 0.24721373,
    "cop_cop": 1,
    "cop_crc": 0.12668112,
    "cop_gtq": 0.002070385,
    "cop_mxn": 0.004805347,
    "cop_pen": 0.000928255,
    "cop_usd": 0.00026996694,
    "crc_clp": 1.9514646,
    "crc_cop": 7.89383589,
    "crc_crc": 1,
    "crc_gtq": 0.016343279,
    "crc_mxn": 0.03793262,
    "crc_pen": 0.0073274926,
    "crc_usd": 0.0021310748,
    "gtq_clp": 119.40471395,
    "gtq_cop": 483.00195438,
    "gtq_crc": 61.18723031,
    "gtq_gtq": 1,
    "gtq_mxn": 2.32099197,
    "gtq_pen": 0.44834898,
    "gtq_usd": 0.13039456,
    "mxn_clp": 51.44555229,
    "mxn_cop": 208.10151861,
    "mxn_crc": 26.36253421,
    "mxn_gtq": 0.43085026,
    "mxn_mxn": 1,
    "mxn_pen": 0.19317128,
    "mxn_usd": 0.056180531,
    "pen_clp": 266.32092271,
    "pen_cop": 1077.29018312,
    "pen_crc": 136.47233091,
    "pen_gtq": 2.23040543,
    "pen_mxn": 5.17675311,
    "pen_pen": 1,
    "pen_usd": 0.29083274,
    "timestamp": "2026-03-19 20:20:34",
    "usd_clp": 915.71851262,
    "usd_cop": 3704.15720296,
    "usd_crc": 469.2467967,
    "usd_gtq": 7.6690315,
    "usd_mxn": 17.79976056,
    "usd_pen": 3.43840245,
    "usd_usd": 1
}