{
    "clp_clp": 1,
    "clp_cop": 4.06573978,
    "clp_crc": 0.52490741,
    "clp_gtq": 0.0079708291,
    "clp_mxn": 0.019125578,
    "clp_pen": 0.0036474692,
    "clp_usd": 0.0010417085,
    "cop_clp": 0.2459577,
    "cop_cop": 1,
    "cop_crc": 0.12910502,
    "cop_gtq": 0.0019604868,
    "cop_mxn": 0.0047040831,
    "cop_pen": 0.00089712313,
    "cop_usd": 0.00025621623,
    "crc_clp": 1.90509788,
    "crc_cop": 7.74563225,
    "crc_crc": 1,
    "crc_gtq": 0.01518521,
    "crc_mxn": 0.036436098,
    "crc_pen": 0.0069487859,
    "crc_usd": 0.0019845567,
    "gtq_clp": 125.45746404,
    "gtq_cop": 510.07740189,
    "gtq_crc": 65.85355276,
    "gtq_gtq": 1,
    "gtq_mxn": 2.39944648,
    "gtq_pen": 0.45760224,
    "gtq_usd": 0.13069011,
    "mxn_clp": 52.28600231,
    "mxn_cop": 212.58127937,
    "mxn_crc": 27.44531015,
    "mxn_gtq": 0.41676279,
    "mxn_mxn": 1,
    "mxn_pen": 0.19071158,
    "mxn_usd": 0.054466773,
    "pen_clp": 274.16269806,
    "pen_cop": 1114.67418688,
    "pen_crc": 143.91003229,
    "pen_gtq": 2.185304,
    "pen_mxn": 5.24351999,
    "pen_pen": 1,
    "pen_usd": 0.28559761,
    "timestamp": "2025-09-27 19:42:47",
    "usd_clp": 959.96145,
    "usd_cop": 3902.9534517,
    "usd_crc": 503.89088029,
    "usd_gtq": 7.65168862,
    "usd_mxn": 18.35981731,
    "usd_pen": 3.50142983,
    "usd_usd": 1
}