{
    "clp_clp": 1,
    "clp_cop": 4.10828584,
    "clp_crc": 0.52859913,
    "clp_gtq": 0.0081881832,
    "clp_mxn": 0.018080933,
    "clp_pen": 0.003913751,
    "clp_usd": 0.0010542351,
    "cop_clp": 0.24341052,
    "cop_cop": 1,
    "cop_crc": 0.12866659,
    "cop_gtq": 0.0019930899,
    "cop_mxn": 0.0044010893,
    "cop_pen": 0.00095264816,
    "cop_usd": 0.00025661191,
    "crc_clp": 1.89179273,
    "crc_cop": 7.77202529,
    "crc_crc": 1,
    "crc_gtq": 0.015490345,
    "crc_mxn": 0.034205377,
    "crc_pen": 0.0074040056,
    "crc_usd": 0.0019943943,
    "gtq_clp": 122.13463091,
    "gtq_cop": 510.93402562,
    "gtq_crc": 64.55916591,
    "gtq_gtq": 1,
    "gtq_mxn": 2.21581088,
    "gtq_pen": 0.48372035,
    "gtq_usd": 0.12876699,
    "mxn_clp": 55.30688083,
    "mxn_cop": 227.21647562,
    "mxn_crc": 29.23516935,
    "mxn_gtq": 0.45286287,
    "mxn_mxn": 1,
    "mxn_pen": 0.21645736,
    "mxn_usd": 0.058306455,
    "pen_clp": 252.49016695,
    "pen_cop": 1056.25911728,
    "pen_crc": 133.46382151,
    "pen_gtq": 2.06731019,
    "pen_mxn": 4.58076841,
    "pen_pen": 1,
    "pen_usd": 0.26620132,
    "timestamp": "2024-04-27 06:24:29",
    "usd_clp": 948.55503215,
    "usd_cop": 3896.93521164,
    "usd_crc": 501.40536925,
    "usd_gtq": 7.76694234,
    "usd_mxn": 17.15075987,
    "usd_pen": 3.71240817,
    "usd_usd": 1
}