{
    "clp_clp": 1,
    "clp_cop": 4.471694,
    "clp_crc": 0.55902782,
    "clp_gtq": 0.0083154305,
    "clp_mxn": 0.020887752,
    "clp_pen": 0.0040369103,
    "clp_usd": 0.0010758407,
    "cop_clp": 0.2236289,
    "cop_cop": 1,
    "cop_crc": 0.12501478,
    "cop_gtq": 0.0018595706,
    "cop_mxn": 0.004671105,
    "cop_pen": 0.00090276981,
    "cop_usd": 0.00024058908,
    "crc_clp": 1.78881974,
    "crc_cop": 7.9990545,
    "crc_crc": 1,
    "crc_gtq": 0.014874806,
    "crc_mxn": 0.037364424,
    "crc_pen": 0.0072213049,
    "crc_usd": 0.0019244852,
    "gtq_clp": 120.25835611,
    "gtq_cop": 537.75856952,
    "gtq_crc": 67.22776669,
    "gtq_gtq": 1,
    "gtq_mxn": 2.51192675,
    "gtq_pen": 0.4854722,
    "gtq_usd": 0.12937884,
    "mxn_clp": 47.87494548,
    "mxn_cop": 214.08210648,
    "mxn_crc": 26.76342642,
    "mxn_gtq": 0.39810078,
    "mxn_mxn": 1,
    "mxn_pen": 0.19326686,
    "mxn_usd": 0.051505817,
    "pen_clp": 247.71419606,
    "pen_cop": 1107.70208434,
    "pen_crc": 138.47912709,
    "pen_gtq": 2.05985018,
    "pen_mxn": 5.17419276,
    "pen_pen": 1,
    "pen_usd": 0.26650102,
    "timestamp": "2024-09-22 19:20:56",
    "usd_clp": 929.50560525,
    "usd_cop": 4156.46463834,
    "usd_crc": 519.6194925,
    "usd_gtq": 7.72923924,
    "usd_mxn": 19.41528279,
    "usd_pen": 3.75233079,
    "usd_usd": 1
}