{
    "clp_clp": 1,
    "clp_cop": 4.17634539,
    "clp_crc": 0.52394458,
    "clp_gtq": 0.0079508992,
    "clp_mxn": 0.019426707,
    "clp_pen": 0.0036922231,
    "clp_usd": 0.0010373018,
    "cop_clp": 0.24004791,
    "cop_cop": 1,
    "cop_crc": 0.12579967,
    "cop_gtq": 0.0019084085,
    "cop_mxn": 0.0046809648,
    "cop_pen": 0.00088420943,
    "cop_usd": 0.00024897259,
    "crc_clp": 1.90817598,
    "crc_cop": 7.94914626,
    "crc_crc": 1,
    "crc_gtq": 0.015170219,
    "crc_mxn": 0.037209674,
    "crc_pen": 0.0070287101,
    "crc_usd": 0.0019791195,
    "gtq_clp": 125.78434271,
    "gtq_cop": 523.9968143,
    "gtq_crc": 65.91862791,
    "gtq_gtq": 1,
    "gtq_mxn": 2.45281064,
    "gtq_pen": 0.46332292,
    "gtq_usd": 0.13046084,
    "mxn_clp": 51.28171776,
    "mxn_cop": 213.63117348,
    "mxn_crc": 26.87473177,
    "mxn_gtq": 0.40769556,
    "mxn_mxn": 1,
    "mxn_pen": 0.1888947,
    "mxn_usd": 0.053188306,
    "pen_clp": 271.48309745,
    "pen_cop": 1130.95378276,
    "pen_crc": 142.27361609,
    "pen_gtq": 2.15832187,
    "pen_mxn": 5.29395483,
    "pen_pen": 1,
    "pen_usd": 0.28157649,
    "timestamp": "2025-08-19 06:41:54",
    "usd_clp": 964.15400422,
    "usd_cop": 4016.50647305,
    "usd_crc": 505.27520106,
    "usd_gtq": 7.66513529,
    "usd_mxn": 18.80112536,
    "usd_pen": 3.5514329,
    "usd_usd": 1
}