{
    "clp_clp": 1,
    "clp_cop": 4.46102216,
    "clp_crc": 0.5565388,
    "clp_gtq": 0.0083043576,
    "clp_mxn": 0.020824311,
    "clp_pen": 0.0040389019,
    "clp_usd": 0.0010746556,
    "cop_clp": 0.22416387,
    "cop_cop": 1,
    "cop_crc": 0.12475589,
    "cop_gtq": 0.0018615369,
    "cop_mxn": 0.0046680582,
    "cop_pen": 0.00090537588,
    "cop_usd": 0.00024089896,
    "crc_clp": 1.79681993,
    "crc_cop": 8.01565352,
    "crc_crc": 1,
    "crc_gtq": 0.014921435,
    "crc_mxn": 0.037417537,
    "crc_pen": 0.0072571793,
    "crc_usd": 0.0019309626,
    "gtq_clp": 120.25835611,
    "gtq_cop": 537.75856952,
    "gtq_crc": 67.22776669,
    "gtq_gtq": 1,
    "gtq_mxn": 2.51192675,
    "gtq_pen": 0.4854722,
    "gtq_usd": 0.12937884,
    "mxn_clp": 48.02079618,
    "mxn_cop": 214.22183601,
    "mxn_crc": 26.72543611,
    "mxn_gtq": 0.39878186,
    "mxn_mxn": 1,
    "mxn_pen": 0.19395128,
    "mxn_usd": 0.051605817,
    "pen_clp": 247.71419606,
    "pen_cop": 1107.70208434,
    "pen_crc": 138.47912709,
    "pen_gtq": 2.05985018,
    "pen_mxn": 5.17419276,
    "pen_pen": 1,
    "pen_usd": 0.26650102,
    "timestamp": "2024-09-23 06:35:10",
    "usd_clp": 930.53067845,
    "usd_cop": 4151.11797883,
    "usd_crc": 517.8764237,
    "usd_gtq": 7.72745947,
    "usd_mxn": 19.37766036,
    "usd_pen": 3.75832208,
    "usd_usd": 1
}