{
    "clp_clp": 1,
    "clp_cop": 4.49009703,
    "clp_crc": 0.51749609,
    "clp_gtq": 0.007886376,
    "clp_mxn": 0.02069919,
    "clp_pen": 0.0038229561,
    "clp_usd": 0.0010234483,
    "cop_clp": 0.22271234,
    "cop_cop": 1,
    "cop_crc": 0.11525276,
    "cop_gtq": 0.0017563932,
    "cop_mxn": 0.0046099649,
    "cop_pen": 0.00085141949,
    "cop_usd": 0.00022793457,
    "crc_clp": 1.93238176,
    "crc_cop": 8.67658161,
    "crc_crc": 1,
    "crc_gtq": 0.015239489,
    "crc_mxn": 0.039998736,
    "crc_pen": 0.0073874107,
    "crc_usd": 0.0019776929,
    "gtq_clp": 126.80095367,
    "gtq_cop": 569.34858503,
    "gtq_crc": 65.61899727,
    "gtq_gtq": 1,
    "gtq_mxn": 2.62467697,
    "gtq_pen": 0.48475448,
    "gtq_usd": 0.12977422,
    "mxn_clp": 48.31107028,
    "mxn_cop": 216.921393,
    "mxn_crc": 25.0007898,
    "mxn_gtq": 0.38099927,
    "mxn_mxn": 1,
    "mxn_pen": 0.1846911,
    "mxn_usd": 0.049443884,
    "pen_clp": 261.57768233,
    "pen_cop": 1174.50917363,
    "pen_crc": 135.36542689,
    "pen_gtq": 2.06289996,
    "pen_mxn": 5.41444602,
    "pen_pen": 1,
    "pen_usd": 0.26771124,
    "timestamp": "2024-12-13 19:26:17",
    "usd_clp": 977.08889893,
    "usd_cop": 4387.22395976,
    "usd_crc": 505.63968126,
    "usd_gtq": 7.70569046,
    "usd_mxn": 20.22494831,
    "usd_pen": 3.73536798,
    "usd_usd": 1
}