{
    "clp_clp": 1,
    "clp_cop": 4.53267183,
    "clp_crc": 0.52005913,
    "clp_gtq": 0.007891366,
    "clp_mxn": 0.020773066,
    "clp_pen": 0.0038813318,
    "clp_usd": 0.0010206497,
    "cop_clp": 0.22008997,
    "cop_cop": 1,
    "cop_crc": 0.11451206,
    "cop_gtq": 0.0017344278,
    "cop_mxn": 0.0045695387,
    "cop_pen": 0.00085517161,
    "cop_usd": 0.00022464633,
    "crc_clp": 1.92285826,
    "crc_cop": 8.71568549,
    "crc_crc": 1,
    "crc_gtq": 0.015173978,
    "crc_mxn": 0.039943662,
    "crc_pen": 0.007463251,
    "crc_usd": 0.0019625648,
    "gtq_clp": 126.89485893,
    "gtq_cop": 576.55903851,
    "gtq_crc": 66.02296464,
    "gtq_gtq": 1,
    "gtq_mxn": 2.63460886,
    "gtq_pen": 0.49305692,
    "gtq_usd": 0.12952187,
    "mxn_clp": 48.13925884,
    "mxn_cop": 218.19946255,
    "mxn_crc": 25.03526118,
    "mxn_gtq": 0.37988451,
    "mxn_mxn": 1,
    "mxn_pen": 0.18684444,
    "mxn_usd": 0.049133322,
    "pen_clp": 257.36350752,
    "pen_cop": 1169.35593528,
    "pen_crc": 133.90535991,
    "pen_gtq": 2.02816339,
    "pen_mxn": 5.34341724,
    "pen_pen": 1,
    "pen_usd": 0.26269152,
    "timestamp": "2024-11-18 06:38:15",
    "usd_clp": 979.71761891,
    "usd_cop": 4451.44155682,
    "usd_crc": 509.74375364,
    "usd_gtq": 7.7207038,
    "usd_mxn": 20.3410346,
    "usd_pen": 3.80674645,
    "usd_usd": 1
}