{
    "clp_clp": 1,
    "clp_cop": 4.36344061,
    "clp_crc": 0.56634023,
    "clp_gtq": 0.0082827942,
    "clp_mxn": 0.019321537,
    "clp_pen": 0.0040512995,
    "clp_usd": 0.0010669479,
    "cop_clp": 0.22917695,
    "cop_cop": 1,
    "cop_crc": 0.12979213,
    "cop_gtq": 0.0018982255,
    "cop_mxn": 0.004428051,
    "cop_pen": 0.00092846445,
    "cop_usd": 0.00024451987,
    "crc_clp": 1.76572304,
    "crc_cop": 7.70462761,
    "crc_crc": 1,
    "crc_gtq": 0.014625121,
    "crc_mxn": 0.034116484,
    "crc_pen": 0.0071534729,
    "crc_usd": 0.0018839346,
    "gtq_clp": 120.73220379,
    "gtq_cop": 526.80780057,
    "gtq_crc": 68.3755046,
    "gtq_gtq": 1,
    "gtq_mxn": 2.33273179,
    "gtq_pen": 0.48912232,
    "gtq_usd": 0.12881498,
    "mxn_clp": 51.75571596,
    "mxn_cop": 225.83299264,
    "mxn_crc": 29.31134431,
    "mxn_gtq": 0.42868195,
    "mxn_mxn": 1,
    "mxn_pen": 0.20967791,
    "mxn_usd": 0.055220655,
    "pen_clp": 246.83437966,
    "pen_cop": 1077.04715532,
    "pen_crc": 139.79224045,
    "pen_gtq": 2.04447837,
    "pen_mxn": 4.76921969,
    "pen_pen": 1,
    "pen_usd": 0.26335943,
    "timestamp": "2024-07-07 19:12:24",
    "usd_clp": 937.25284803,
    "usd_cop": 4089.6471358,
    "usd_crc": 530.8039977,
    "usd_gtq": 7.76307247,
    "usd_mxn": 18.10916593,
    "usd_pen": 3.797092,
    "usd_usd": 1
}