{
    "clp_clp": 1,
    "clp_cop": 4.4920182,
    "clp_crc": 0.54322085,
    "clp_gtq": 0.0081728097,
    "clp_mxn": 0.020938699,
    "clp_pen": 0.0039802497,
    "clp_usd": 0.0010564572,
    "cop_clp": 0.22261709,
    "cop_cop": 1,
    "cop_crc": 0.12093024,
    "cop_gtq": 0.0018194071,
    "cop_mxn": 0.0046613122,
    "cop_pen": 0.00088607159,
    "cop_usd": 0.00023518542,
    "crc_clp": 1.8213098,
    "crc_cop": 8.26810064,
    "crc_crc": 1,
    "crc_gtq": 0.015019422,
    "crc_mxn": 0.038649428,
    "crc_pen": 0.0073195861,
    "crc_usd": 0.0019426427,
    "gtq_clp": 122.3569411,
    "gtq_cop": 549.62960594,
    "gtq_crc": 66.4668414,
    "gtq_gtq": 1,
    "gtq_mxn": 2.56199521,
    "gtq_pen": 0.48701118,
    "gtq_usd": 0.12926487,
    "mxn_clp": 47.75845821,
    "mxn_cop": 214.53186335,
    "mxn_crc": 25.94339021,
    "mxn_gtq": 0.39032079,
    "mxn_mxn": 1,
    "mxn_pen": 0.19009059,
    "mxn_usd": 0.050454767,
    "pen_clp": 251.240518,
    "pen_cop": 1128.5769786,
    "pen_crc": 136.47908743,
    "pen_gtq": 2.05334095,
    "pen_mxn": 5.26064968,
    "pen_pen": 1,
    "pen_usd": 0.26542485,
    "timestamp": "2024-10-18 06:34:58",
    "usd_clp": 946.55988032,
    "usd_cop": 4251.9642067,
    "usd_crc": 514.19106158,
    "usd_gtq": 7.73605381,
    "usd_mxn": 19.81973279,
    "usd_pen": 3.76754469,
    "usd_usd": 1
}