{
    "clp_clp": 1,
    "clp_cop": 4.6878922,
    "clp_crc": 0.5785566,
    "clp_gtq": 0.0086040899,
    "clp_mxn": 0.021901642,
    "clp_pen": 0.0041277687,
    "clp_usd": 0.0011135922,
    "cop_clp": 0.21331549,
    "cop_cop": 1,
    "cop_crc": 0.12341508,
    "cop_gtq": 0.0018353856,
    "cop_mxn": 0.0046719594,
    "cop_pen": 0.00088051697,
    "cop_usd": 0.00023754646,
    "crc_clp": 1.72843936,
    "crc_cop": 8.10273741,
    "crc_crc": 1,
    "crc_gtq": 0.014871648,
    "crc_mxn": 0.03785566,
    "crc_pen": 0.0071345978,
    "crc_usd": 0.0019247766,
    "gtq_clp": 116.22379658,
    "gtq_cop": 544.84462993,
    "gtq_crc": 67.24204454,
    "gtq_gtq": 1,
    "gtq_mxn": 2.54549197,
    "gtq_pen": 0.47974494,
    "gtq_usd": 0.12942591,
    "mxn_clp": 45.65867741,
    "mxn_cop": 214.04295789,
    "mxn_crc": 26.41612915,
    "mxn_gtq": 0.39285137,
    "mxn_mxn": 1,
    "mxn_pen": 0.18846846,
    "mxn_usd": 0.050845147,
    "pen_clp": 242.26163887,
    "pen_cop": 1135.69644823,
    "pen_crc": 140.16207,
    "pen_gtq": 2.08444093,
    "pen_mxn": 5.30592765,
    "pen_pen": 1,
    "pen_usd": 0.26978067,
    "timestamp": "2024-10-01 19:21:04",
    "usd_clp": 897.99480401,
    "usd_cop": 4209.70284114,
    "usd_crc": 519.5408203,
    "usd_gtq": 7.72642807,
    "usd_mxn": 19.66756058,
    "usd_pen": 3.70671481,
    "usd_usd": 1
}