{
    "clp_clp": 1,
    "clp_cop": 4.33146395,
    "clp_crc": 0.53381395,
    "clp_gtq": 0.0081305708,
    "clp_mxn": 0.021348489,
    "clp_pen": 0.0039025451,
    "clp_usd": 0.0010513318,
    "cop_clp": 0.23086883,
    "cop_cop": 1,
    "cop_crc": 0.123241,
    "cop_gtq": 0.0018770953,
    "cop_mxn": 0.0049287006,
    "cop_pen": 0.00090097602,
    "cop_usd": 0.00024271974,
    "crc_clp": 1.87331187,
    "crc_cop": 8.11418281,
    "crc_crc": 1,
    "crc_gtq": 0.015231095,
    "crc_mxn": 0.039992378,
    "crc_pen": 0.0073106841,
    "crc_usd": 0.0019694724,
    "gtq_clp": 122.99259483,
    "gtq_cop": 532.73799039,
    "gtq_crc": 65.65516243,
    "gtq_gtq": 1,
    "gtq_mxn": 2.62570606,
    "gtq_pen": 0.47998415,
    "gtq_usd": 0.12930603,
    "mxn_clp": 46.84172255,
    "mxn_cop": 202.89323248,
    "mxn_crc": 25.00476477,
    "mxn_gtq": 0.38084994,
    "mxn_mxn": 1,
    "mxn_pen": 0.18280194,
    "mxn_usd": 0.049246193,
    "pen_clp": 256.24303205,
    "pen_cop": 1109.90745532,
    "pen_crc": 136.78610419,
    "pen_gtq": 2.08340211,
    "pen_mxn": 5.47040156,
    "pen_pen": 1,
    "pen_usd": 0.26939645,
    "timestamp": "2025-02-15 19:27:34",
    "usd_clp": 951.17448891,
    "usd_cop": 4119.97800714,
    "usd_crc": 507.75020767,
    "usd_gtq": 7.73359152,
    "usd_mxn": 20.30613814,
    "usd_pen": 3.71200138,
    "usd_usd": 1
}