{
    "clp_clp": 1,
    "clp_cop": 4.53843889,
    "clp_crc": 0.55533171,
    "clp_gtq": 0.0082971423,
    "clp_mxn": 0.020855735,
    "clp_pen": 0.0040008723,
    "clp_usd": 0.0010714186,
    "cop_clp": 0.22034008,
    "cop_cop": 1,
    "cop_crc": 0.12236183,
    "cop_gtq": 0.001828193,
    "cop_mxn": 0.0045953544,
    "cop_pen": 0.00088155253,
    "cop_usd": 0.00023607646,
    "crc_clp": 1.80072555,
    "crc_cop": 8.17248287,
    "crc_crc": 1,
    "crc_gtq": 0.014940876,
    "crc_mxn": 0.037555455,
    "crc_pen": 0.007204473,
    "crc_usd": 0.0019293308,
    "gtq_clp": 120.52342343,
    "gtq_cop": 546.98819227,
    "gtq_crc": 66.93047887,
    "gtq_gtq": 1,
    "gtq_mxn": 2.51360461,
    "gtq_pen": 0.48219883,
    "gtq_usd": 0.12913104,
    "mxn_clp": 47.94844139,
    "mxn_cop": 217.61107121,
    "mxn_crc": 26.62728997,
    "mxn_gtq": 0.39783504,
    "mxn_mxn": 1,
    "mxn_pen": 0.19183559,
    "mxn_usd": 0.051372851,
    "pen_clp": 249.94549307,
    "pen_cop": 1134.36234658,
    "pen_crc": 138.80265816,
    "pen_gtq": 2.07383333,
    "pen_mxn": 5.21279703,
    "pen_pen": 1,
    "pen_usd": 0.26779625,
    "timestamp": "2024-10-10 19:20:53",
    "usd_clp": 933.34203311,
    "usd_cop": 4235.91578245,
    "usd_crc": 518.31442758,
    "usd_gtq": 7.7440717,
    "usd_mxn": 19.46553435,
    "usd_pen": 3.73418229,
    "usd_usd": 1
}