{
    "clp_clp": 1,
    "clp_cop": 4.61604371,
    "clp_crc": 0.56796306,
    "clp_gtq": 0.0084659045,
    "clp_mxn": 0.021541709,
    "clp_pen": 0.0041132995,
    "clp_usd": 0.0010965525,
    "cop_clp": 0.21663573,
    "cop_cop": 1,
    "cop_crc": 0.12304109,
    "cop_gtq": 0.0018340174,
    "cop_mxn": 0.0046667039,
    "cop_pen": 0.00089108765,
    "cop_usd": 0.00023755245,
    "crc_clp": 1.7606779,
    "crc_cop": 8.12736613,
    "crc_crc": 1,
    "crc_gtq": 0.014905731,
    "crc_mxn": 0.037928012,
    "crc_pen": 0.0072421956,
    "crc_usd": 0.0019306757,
    "gtq_clp": 118.12087003,
    "gtq_cop": 545.25109912,
    "gtq_crc": 67.08829039,
    "gtq_gtq": 1,
    "gtq_mxn": 2.54452546,
    "gtq_pen": 0.48586652,
    "gtq_usd": 0.12952573,
    "mxn_clp": 46.42157136,
    "mxn_cop": 214.28400249,
    "mxn_crc": 26.36573756,
    "mxn_gtq": 0.39300059,
    "mxn_mxn": 1,
    "mxn_pen": 0.19094583,
    "mxn_usd": 0.05090369,
    "pen_clp": 243.11382903,
    "pen_cop": 1122.22406135,
    "pen_crc": 138.07967343,
    "pen_gtq": 2.05817845,
    "pen_mxn": 5.23708746,
    "pen_pen": 1,
    "pen_usd": 0.26658708,
    "timestamp": "2024-09-26 19:21:19",
    "usd_clp": 911.94904699,
    "usd_cop": 4209.59666235,
    "usd_crc": 517.95336817,
    "usd_gtq": 7.7204735,
    "usd_mxn": 19.64494136,
    "usd_pen": 3.75111959,
    "usd_usd": 1
}