{
    "clp_clp": 1,
    "clp_cop": 3.50039395,
    "clp_crc": 0.4916104,
    "clp_gtq": 0.0082400653,
    "clp_mxn": 0.01889785,
    "clp_pen": 0.0036735277,
    "clp_usd": 0.0010785325,
    "cop_clp": 0.28568213,
    "cop_cop": 1,
    "cop_crc": 0.14044431,
    "cop_gtq": 0.0023540394,
    "cop_mxn": 0.0053987781,
    "cop_pen": 0.0010494612,
    "cop_usd": 0.00030811746,
    "crc_clp": 2.03413108,
    "crc_cop": 7.12026012,
    "crc_crc": 1,
    "crc_gtq": 0.016761373,
    "crc_mxn": 0.038440705,
    "crc_pen": 0.0074724369,
    "crc_usd": 0.0021938765,
    "gtq_clp": 121.35826108,
    "gtq_cop": 424.80172316,
    "gtq_crc": 59.66098376,
    "gtq_gtq": 1,
    "gtq_mxn": 2.29341026,
    "gtq_pen": 0.44581294,
    "gtq_usd": 0.13088883,
    "mxn_clp": 52.91607141,
    "mxn_cop": 185.22709636,
    "mxn_crc": 26.01409124,
    "mxn_gtq": 0.43603189,
    "mxn_mxn": 1,
    "mxn_pen": 0.19438866,
    "mxn_usd": 0.057071703,
    "pen_clp": 272.21789825,
    "pen_cop": 952.86988475,
    "pen_crc": 133.82515093,
    "pen_gtq": 2.24309327,
    "pen_mxn": 5.14433311,
    "pen_pen": 1,
    "pen_usd": 0.29359585,
    "timestamp": "2026-07-13 20:34:58",
    "usd_clp": 927.1857804,
    "usd_cop": 3245.51549841,
    "usd_crc": 455.81417606,
    "usd_gtq": 7.64007141,
    "usd_mxn": 17.52181815,
    "usd_pen": 3.40604268,
    "usd_usd": 1
}