{
    "clp_clp": 1,
    "clp_cop": 4.14474382,
    "clp_crc": 0.54947661,
    "clp_gtq": 0.0084747413,
    "clp_mxn": 0.019813633,
    "clp_pen": 0.0037150193,
    "clp_usd": 0.0011061977,
    "cop_clp": 0.24126943,
    "cop_cop": 1,
    "cop_crc": 0.13257191,
    "cop_gtq": 0.0020446961,
    "cop_mxn": 0.0047804242,
    "cop_pen": 0.0008963206,
    "cop_usd": 0.00026689171,
    "crc_clp": 1.81991368,
    "crc_cop": 7.54307597,
    "crc_crc": 1,
    "crc_gtq": 0.015423298,
    "crc_mxn": 0.036059103,
    "crc_pen": 0.0067610144,
    "crc_usd": 0.0020131844,
    "gtq_clp": 117.99770176,
    "gtq_cop": 489.07024535,
    "gtq_crc": 64.8369773,
    "gtq_gtq": 1,
    "gtq_mxn": 2.33796322,
    "gtq_pen": 0.43836374,
    "gtq_usd": 0.13052879,
    "mxn_clp": 50.47029867,
    "mxn_cop": 209.18645859,
    "mxn_crc": 27.73224868,
    "mxn_gtq": 0.42772273,
    "mxn_mxn": 1,
    "mxn_pen": 0.18749813,
    "mxn_usd": 0.055830131,
    "pen_clp": 269.17760733,
    "pen_cop": 1115.6722249,
    "pen_crc": 147.90679951,
    "pen_gtq": 2.28121059,
    "pen_mxn": 5.33338646,
    "pen_pen": 1,
    "pen_usd": 0.29776366,
    "timestamp": "2026-01-06 19:51:35",
    "usd_clp": 903.99750109,
    "usd_cop": 3746.83805746,
    "usd_crc": 496.72548351,
    "usd_gtq": 7.66114498,
    "usd_mxn": 17.91147516,
    "usd_pen": 3.35836814,
    "usd_usd": 1
}