{
    "clp_clp": 1,
    "clp_cop": 4.29881276,
    "clp_crc": 0.49667503,
    "clp_gtq": 0.0076357194,
    "clp_mxn": 0.020578104,
    "clp_pen": 0.003714381,
    "clp_usd": 0.00098986568,
    "cop_clp": 0.23262237,
    "cop_cop": 1,
    "cop_crc": 0.11553772,
    "cop_gtq": 0.0017762391,
    "cop_mxn": 0.0047869274,
    "cop_pen": 0.0008640481,
    "cop_usd": 0.0002302649,
    "crc_clp": 2.01338893,
    "crc_cop": 8.65518204,
    "crc_crc": 1,
    "crc_gtq": 0.015373673,
    "crc_mxn": 0.041431728,
    "crc_pen": 0.0074784936,
    "crc_usd": 0.0019929846,
    "gtq_clp": 130.96342923,
    "gtq_cop": 562.98726044,
    "gtq_crc": 65.04626453,
    "gtq_gtq": 1,
    "gtq_mxn": 2.69497913,
    "gtq_pen": 0.48644807,
    "gtq_usd": 0.1296362,
    "mxn_clp": 48.59534083,
    "mxn_cop": 208.90227115,
    "mxn_crc": 24.13609214,
    "mxn_gtq": 0.37106039,
    "mxn_mxn": 1,
    "mxn_pen": 0.18050161,
    "mxn_usd": 0.04810286,
    "pen_clp": 269.22386359,
    "pen_cop": 1157.34297964,
    "pen_crc": 133.71676928,
    "pen_gtq": 2.05571788,
    "pen_mxn": 5.54011679,
    "pen_pen": 1,
    "pen_usd": 0.26649546,
    "timestamp": "2025-01-20 19:19:34",
    "usd_clp": 1010.23807768,
    "usd_cop": 4342.82433719,
    "usd_crc": 501.76002285,
    "usd_gtq": 7.71389451,
    "usd_mxn": 20.78878469,
    "usd_pen": 3.75240911,
    "usd_usd": 1
}