{
    "clp_clp": 1,
    "clp_cop": 4.00065649,
    "clp_crc": 0.50320342,
    "clp_gtq": 0.0082556502,
    "clp_mxn": 0.019305672,
    "clp_pen": 0.0037507539,
    "clp_usd": 0.0010784837,
    "cop_clp": 0.24995898,
    "cop_cop": 1,
    "cop_crc": 0.12578021,
    "cop_gtq": 0.0020635739,
    "cop_mxn": 0.0048256259,
    "cop_pen": 0.00093753461,
    "cop_usd": 0.00026957669,
    "crc_clp": 1.98726788,
    "crc_cop": 7.95037612,
    "crc_crc": 1,
    "crc_gtq": 0.016406188,
    "crc_mxn": 0.038365541,
    "crc_pen": 0.0074537528,
    "crc_usd": 0.0021432361,
    "gtq_clp": 121.12916286,
    "gtq_cop": 484.59617148,
    "gtq_crc": 60.95260954,
    "gtq_gtq": 1,
    "gtq_mxn": 2.33847985,
    "gtq_pen": 0.45432568,
    "gtq_usd": 0.13063583,
    "mxn_clp": 51.79824947,
    "mxn_cop": 207.22700288,
    "mxn_crc": 26.06505651,
    "mxn_gtq": 0.42762823,
    "mxn_mxn": 1,
    "mxn_pen": 0.19428249,
    "mxn_usd": 0.05586357,
    "pen_clp": 266.61306547,
    "pen_cop": 1066.62729055,
    "pen_crc": 134.16060752,
    "pen_gtq": 2.20106421,
    "pen_mxn": 5.14714432,
    "pen_pen": 1,
    "pen_usd": 0.28753786,
    "timestamp": "2026-03-22 20:28:47",
    "usd_clp": 927.22769485,
    "usd_cop": 3709.51949464,
    "usd_crc": 466.58415118,
    "usd_gtq": 7.65486752,
    "usd_mxn": 17.90075349,
    "usd_pen": 3.47780291,
    "usd_usd": 1
}