{
    "clp_clp": 1,
    "clp_cop": 3.98361094,
    "clp_crc": 0.52973412,
    "clp_gtq": 0.0082286859,
    "clp_mxn": 0.01727265,
    "clp_pen": 0.0039040603,
    "clp_usd": 0.0010579485,
    "cop_clp": 0.25102853,
    "cop_cop": 1,
    "cop_crc": 0.13297838,
    "cop_gtq": 0.0020656349,
    "cop_mxn": 0.004335928,
    "cop_pen": 0.00098003053,
    "cop_usd": 0.00026557525,
    "crc_clp": 1.88773945,
    "crc_cop": 7.52001953,
    "crc_crc": 1,
    "crc_gtq": 0.015533615,
    "crc_mxn": 0.032606263,
    "crc_pen": 0.0073698487,
    "crc_usd": 0.0019971311,
    "gtq_clp": 121.5260866,
    "gtq_cop": 484.11264824,
    "gtq_crc": 64.37651478,
    "gtq_gtq": 1,
    "gtq_mxn": 2.09907759,
    "gtq_pen": 0.47444517,
    "gtq_usd": 0.12856834,
    "mxn_clp": 57.89499511,
    "mxn_cop": 230.63113598,
    "mxn_crc": 30.6689544,
    "mxn_gtq": 0.47639973,
    "mxn_mxn": 1,
    "mxn_pen": 0.22602555,
    "mxn_usd": 0.061249921,
    "pen_clp": 256.14358246,
    "pen_cop": 1020.37637761,
    "pen_crc": 135.68799574,
    "pen_gtq": 2.1077251,
    "pen_mxn": 4.42427851,
    "pen_pen": 1,
    "pen_usd": 0.27098671,
    "timestamp": "2024-04-09 06:27:05",
    "usd_clp": 945.22562576,
    "usd_cop": 3765.41114473,
    "usd_crc": 500.71826687,
    "usd_gtq": 7.77796482,
    "usd_mxn": 16.32655161,
    "usd_pen": 3.69021787,
    "usd_usd": 1
}