{
    "clp_clp": 1,
    "clp_cop": 4.04113307,
    "clp_crc": 0.52458808,
    "clp_gtq": 0.0079763781,
    "clp_mxn": 0.019136236,
    "clp_pen": 0.0036172584,
    "clp_usd": 0.0010409711,
    "cop_clp": 0.24745535,
    "cop_cop": 1,
    "cop_crc": 0.12981213,
    "cop_gtq": 0.0019737974,
    "cop_mxn": 0.0047353641,
    "cop_pen": 0.00089510994,
    "cop_usd": 0.00025759388,
    "crc_clp": 1.90625759,
    "crc_cop": 7.70344056,
    "crc_crc": 1,
    "crc_gtq": 0.015205031,
    "crc_mxn": 0.036478596,
    "crc_pen": 0.0068954262,
    "crc_usd": 0.0019843591,
    "gtq_clp": 125.37018485,
    "gtq_cop": 506.63759943,
    "gtq_crc": 65.76770413,
    "gtq_gtq": 1,
    "gtq_mxn": 2.39911348,
    "gtq_pen": 0.45349635,
    "gtq_usd": 0.13050674,
    "mxn_clp": 52.25687988,
    "mxn_cop": 211.17700517,
    "mxn_crc": 27.4133361,
    "mxn_gtq": 0.41682063,
    "mxn_mxn": 1,
    "mxn_pen": 0.18902664,
    "mxn_usd": 0.054397903,
    "pen_clp": 276.45246672,
    "pen_cop": 1117.18120429,
    "pen_crc": 145.02366778,
    "pen_gtq": 2.20508941,
    "pen_mxn": 5.29025972,
    "pen_pen": 1,
    "pen_usd": 0.28777904,
    "timestamp": "2025-10-02 19:25:06",
    "usd_clp": 961.81416229,
    "usd_cop": 3923.75962463,
    "usd_crc": 503.94606657,
    "usd_gtq": 7.66431881,
    "usd_mxn": 18.31420644,
    "usd_pen": 3.47010636,
    "usd_usd": 1
}