{
    "clp_clp": 1,
    "clp_cop": 4.29777409,
    "clp_crc": 0.58003645,
    "clp_gtq": 0.0089938606,
    "clp_mxn": 0.02011677,
    "clp_pen": 0.0039373872,
    "clp_usd": 0.0011700831,
    "cop_clp": 0.23267859,
    "cop_cop": 1,
    "cop_crc": 0.13496206,
    "cop_gtq": 0.0020926788,
    "cop_mxn": 0.0046807416,
    "cop_pen": 0.00091614569,
    "cop_usd": 0.00027225328,
    "crc_clp": 1.72954288,
    "crc_cop": 7.41075311,
    "crc_crc": 1,
    "crc_gtq": 0.015503147,
    "crc_mxn": 0.034686206,
    "crc_pen": 0.0067877253,
    "crc_usd": 0.0020211346,
    "gtq_clp": 111.18695793,
    "gtq_cop": 477.85642694,
    "gtq_crc": 64.49248792,
    "gtq_gtq": 1,
    "gtq_mxn": 2.23672247,
    "gtq_pen": 0.43778611,
    "gtq_usd": 0.13009798,
    "mxn_clp": 49.86255567,
    "mxn_cop": 213.65130308,
    "mxn_crc": 28.8299043,
    "mxn_gtq": 0.44695425,
    "mxn_mxn": 1,
    "mxn_pen": 0.19568947,
    "mxn_usd": 0.058269117,
    "pen_clp": 253.97552881,
    "pen_cop": 1091.52944726,
    "pen_crc": 147.3150631,
    "pen_gtq": 2.2842205,
    "pen_mxn": 5.10916732,
    "pen_pen": 1,
    "pen_usd": 0.29717247,
    "timestamp": "2026-02-12 07:11:54",
    "usd_clp": 855.72870277,
    "usd_cop": 3666.63019927,
    "usd_crc": 494.77160322,
    "usd_gtq": 7.67051707,
    "usd_mxn": 17.16174976,
    "usd_pen": 3.35837371,
    "usd_usd": 1
}