{
    "clp_clp": 1,
    "clp_cop": 4.08032284,
    "clp_crc": 0.54674375,
    "clp_gtq": 0.0084535817,
    "clp_mxn": 0.01975843,
    "clp_pen": 0.0037126541,
    "clp_usd": 0.0011035176,
    "cop_clp": 0.24507865,
    "cop_cop": 1,
    "cop_crc": 0.13399522,
    "cop_gtq": 0.0020717924,
    "cop_mxn": 0.0048423694,
    "cop_pen": 0.00090989224,
    "cop_usd": 0.00027044859,
    "crc_clp": 1.82901038,
    "crc_cop": 7.46295283,
    "crc_crc": 1,
    "crc_gtq": 0.015461689,
    "crc_mxn": 0.036138374,
    "crc_pen": 0.0067904828,
    "crc_usd": 0.0020183451,
    "gtq_clp": 118.29305377,
    "gtq_cop": 482.67384907,
    "gtq_crc": 64.67598819,
    "gtq_gtq": 1,
    "gtq_mxn": 2.33728507,
    "gtq_pen": 0.43918119,
    "gtq_usd": 0.13053846,
    "mxn_clp": 50.61130775,
    "mxn_cop": 206.51047494,
    "mxn_crc": 27.67141635,
    "mxn_gtq": 0.42784683,
    "mxn_mxn": 1,
    "mxn_pen": 0.18790228,
    "mxn_usd": 0.055850467,
    "pen_clp": 269.34909076,
    "pen_cop": 1099.03124684,
    "pen_crc": 147.2649328,
    "pen_gtq": 2.27696456,
    "pen_mxn": 5.32191525,
    "pen_pen": 1,
    "pen_usd": 0.29723145,
    "timestamp": "2025-12-27 19:59:39",
    "usd_clp": 906.19309419,
    "usd_cop": 3697.5603793,
    "usd_crc": 495.45541342,
    "usd_gtq": 7.6605774,
    "usd_mxn": 17.90495315,
    "usd_pen": 3.36438149,
    "usd_usd": 1
}