{
    "clp_clp": 1,
    "clp_cop": 4.31091365,
    "clp_crc": 0.53295339,
    "clp_gtq": 0.008128105,
    "clp_mxn": 0.021351357,
    "clp_pen": 0.003889278,
    "clp_usd": 0.0010532481,
    "cop_clp": 0.23196939,
    "cop_cop": 1,
    "cop_crc": 0.12362887,
    "cop_gtq": 0.0018854716,
    "cop_mxn": 0.0049528613,
    "cop_pen": 0.00090219343,
    "cop_usd": 0.00024432131,
    "crc_clp": 1.8712099,
    "crc_cop": 8.16483662,
    "crc_crc": 1,
    "crc_gtq": 0.015224535,
    "crc_mxn": 0.040139898,
    "crc_pen": 0.0073039986,
    "crc_usd": 0.0019746835,
    "gtq_clp": 123.02990611,
    "gtq_cop": 530.37130136,
    "gtq_crc": 65.56920536,
    "gtq_gtq": 1,
    "gtq_mxn": 2.6268555,
    "gtq_pen": 0.4784975,
    "gtq_usd": 0.12958101,
    "mxn_clp": 46.83542977,
    "mxn_cop": 201.90349341,
    "mxn_crc": 24.961101,
    "mxn_gtq": 0.38068329,
    "mxn_mxn": 1,
    "mxn_pen": 0.18215601,
    "mxn_usd": 0.049329327,
    "pen_clp": 257.11713219,
    "pen_cop": 1108.40975428,
    "pen_crc": 137.03144687,
    "pen_gtq": 2.08987506,
    "pen_mxn": 5.48979978,
    "pen_pen": 1,
    "pen_usd": 0.27080813,
    "timestamp": "2025-02-19 06:33:45",
    "usd_clp": 947.5998961,
    "usd_cop": 4134.75705673,
    "usd_crc": 506.41026281,
    "usd_gtq": 7.70986072,
    "usd_mxn": 20.3272563,
    "usd_pen": 3.69881985,
    "usd_usd": 1
}