{
    "clp_clp": 1,
    "clp_cop": 4.57288918,
    "clp_crc": 0.57425122,
    "clp_gtq": 0.0084587002,
    "clp_mxn": 0.021584526,
    "clp_pen": 0.0041009889,
    "clp_usd": 0.0010942568,
    "cop_clp": 0.21868013,
    "cop_cop": 1,
    "cop_crc": 0.12557733,
    "cop_gtq": 0.0018497497,
    "cop_mxn": 0.004720107,
    "cop_pen": 0.00089680478,
    "cop_usd": 0.00023929223,
    "crc_clp": 1.74139812,
    "crc_cop": 7.96322062,
    "crc_crc": 1,
    "crc_gtq": 0.014729965,
    "crc_mxn": 0.037587253,
    "crc_pen": 0.0071414543,
    "crc_usd": 0.0019055368,
    "gtq_clp": 118.22147368,
    "gtq_cop": 540.61369785,
    "gtq_crc": 67.88882589,
    "gtq_gtq": 1,
    "gtq_mxn": 2.55175448,
    "gtq_pen": 0.48482495,
    "gtq_usd": 0.12936466,
    "mxn_clp": 46.32948602,
    "mxn_cop": 211.85960535,
    "mxn_crc": 26.60476402,
    "mxn_gtq": 0.39188723,
    "mxn_mxn": 1,
    "mxn_pen": 0.18999671,
    "mxn_usd": 0.050696357,
    "pen_clp": 243.84362613,
    "pen_cop": 1115.06987956,
    "pen_crc": 140.02750061,
    "pen_gtq": 2.06260012,
    "pen_mxn": 5.26324911,
    "pen_pen": 1,
    "pen_usd": 0.26682755,
    "timestamp": "2024-08-31 19:34:30",
    "usd_clp": 913.86224028,
    "usd_cop": 4178.99075069,
    "usd_crc": 524.78650945,
    "usd_gtq": 7.73008669,
    "usd_mxn": 19.72528337,
    "usd_pen": 3.74773889,
    "usd_usd": 1
}