{
    "clp_clp": 1,
    "clp_cop": 4.44723942,
    "clp_crc": 0.53584976,
    "clp_gtq": 0.0081363069,
    "clp_mxn": 0.020609695,
    "clp_pen": 0.0039130036,
    "clp_usd": 0.0010594493,
    "cop_clp": 0.22485859,
    "cop_cop": 1,
    "cop_crc": 0.12049042,
    "cop_gtq": 0.0018295185,
    "cop_mxn": 0.004634267,
    "cop_pen": 0.00087987248,
    "cop_usd": 0.00023822627,
    "crc_clp": 1.86619472,
    "crc_cop": 8.29941473,
    "crc_crc": 1,
    "crc_gtq": 0.015183933,
    "crc_mxn": 0.038461703,
    "crc_pen": 0.0073024266,
    "crc_usd": 0.0019771386,
    "gtq_clp": 122.90588553,
    "gtq_cop": 546.59189888,
    "gtq_crc": 65.85908965,
    "gtq_gtq": 1,
    "gtq_mxn": 2.53305277,
    "gtq_pen": 0.48093117,
    "gtq_usd": 0.13021255,
    "mxn_clp": 48.65330569,
    "mxn_cop": 215.91068323,
    "mxn_crc": 26.21828766,
    "mxn_gtq": 0.39770635,
    "mxn_mxn": 1,
    "mxn_pen": 0.19123518,
    "mxn_usd": 0.051747646,
    "pen_clp": 255.55816257,
    "pen_cop": 1136.5283343,
    "pen_crc": 136.94078089,
    "pen_gtq": 2.07929963,
    "pen_mxn": 5.2669757,
    "pen_pen": 1,
    "pen_usd": 0.27075091,
    "timestamp": "2025-05-20 19:42:58",
    "usd_clp": 940.20327317,
    "usd_cop": 4172.37694736,
    "usd_crc": 506.65662944,
    "usd_gtq": 7.68549649,
    "usd_mxn": 19.32455071,
    "usd_pen": 3.69553394,
    "usd_usd": 1
}