{
    "clp_clp": 1,
    "clp_cop": 4.52150407,
    "clp_crc": 0.55945502,
    "clp_gtq": 0.0083591278,
    "clp_mxn": 0.020749324,
    "clp_pen": 0.0040831708,
    "clp_usd": 0.001080855,
    "cop_clp": 0.2184763,
    "cop_cop": 1,
    "cop_crc": 0.12251826,
    "cop_gtq": 0.001830972,
    "cop_mxn": 0.0045559574,
    "cop_pen": 0.00089537638,
    "cop_usd": 0.00023673782,
    "crc_clp": 1.78321421,
    "crc_cop": 8.16204863,
    "crc_crc": 1,
    "crc_gtq": 0.014944482,
    "crc_mxn": 0.037185946,
    "crc_pen": 0.0073081056,
    "crc_usd": 0.0019322656,
    "gtq_clp": 119.32258327,
    "gtq_cop": 546.15801037,
    "gtq_crc": 66.91432936,
    "gtq_gtq": 1,
    "gtq_mxn": 2.48827263,
    "gtq_pen": 0.48901698,
    "gtq_usd": 0.12929626,
    "mxn_clp": 47.9539829,
    "mxn_cop": 219.49283342,
    "mxn_crc": 26.89188013,
    "mxn_gtq": 0.40188522,
    "mxn_mxn": 1,
    "mxn_pen": 0.1965287,
    "mxn_usd": 0.051962255,
    "pen_clp": 244.90770625,
    "pen_cop": 1107.35119138,
    "pen_crc": 137.01484556,
    "pen_gtq": 2.04721481,
    "pen_mxn": 5.08166937,
    "pen_pen": 1,
    "pen_usd": 0.26470972,
    "timestamp": "2024-09-17 06:34:02",
    "usd_clp": 922.86184928,
    "usd_cop": 4224.08212807,
    "usd_crc": 517.52719428,
    "usd_gtq": 7.73417591,
    "usd_mxn": 19.24473825,
    "usd_pen": 3.78214337,
    "usd_usd": 1
}