{
    "clp_clp": 1,
    "clp_cop": 4.50838955,
    "clp_crc": 0.5186838,
    "clp_gtq": 0.0078474786,
    "clp_mxn": 0.020853417,
    "clp_pen": 0.0038379197,
    "clp_usd": 0.0010142693,
    "cop_clp": 0.22180869,
    "cop_cop": 1,
    "cop_crc": 0.11504858,
    "cop_gtq": 0.001740639,
    "cop_mxn": 0.0046254692,
    "cop_pen": 0.00085128396,
    "cop_usd": 0.00022497375,
    "crc_clp": 1.92795688,
    "crc_cop": 8.69198067,
    "crc_crc": 1,
    "crc_gtq": 0.0151296,
    "crc_mxn": 0.040204488,
    "crc_pen": 0.0073993438,
    "crc_usd": 0.0019554675,
    "gtq_clp": 127.42946528,
    "gtq_cop": 574.50166959,
    "gtq_crc": 66.09559911,
    "gtq_gtq": 1,
    "gtq_mxn": 2.65733975,
    "gtq_pen": 0.48906406,
    "gtq_usd": 0.1292478,
    "mxn_clp": 47.95377225,
    "mxn_cop": 216.1942857,
    "mxn_crc": 24.87284475,
    "mxn_gtq": 0.3763162,
    "mxn_mxn": 1,
    "mxn_pen": 0.18404273,
    "mxn_usd": 0.04863804,
    "pen_clp": 260.55782061,
    "pen_cop": 1174.69615552,
    "pen_crc": 135.14712015,
    "pen_gtq": 2.04472192,
    "pen_mxn": 5.43352083,
    "pen_pen": 1,
    "pen_usd": 0.2642758,
    "timestamp": "2024-11-13 19:21:01",
    "usd_clp": 985.93142601,
    "usd_cop": 4444.96293768,
    "usd_crc": 511.38665721,
    "usd_gtq": 7.73707575,
    "usd_mxn": 20.56003896,
    "usd_pen": 3.78392567,
    "usd_usd": 1
}