{
    "clp_clp": 1,
    "clp_cop": 4.16745153,
    "clp_crc": 0.54960847,
    "clp_gtq": 0.0084619017,
    "clp_mxn": 0.019752116,
    "clp_pen": 0.0037076691,
    "clp_usd": 0.0011034668,
    "cop_clp": 0.2399548,
    "cop_cop": 1,
    "cop_crc": 0.13188119,
    "cop_gtq": 0.0020304739,
    "cop_mxn": 0.0047396151,
    "cop_pen": 0.00088967299,
    "cop_usd": 0.00026478215,
    "crc_clp": 1.81947706,
    "crc_cop": 7.58258244,
    "crc_crc": 1,
    "crc_gtq": 0.015396236,
    "crc_mxn": 0.035938523,
    "crc_pen": 0.0067460188,
    "crc_usd": 0.0020077325,
    "gtq_clp": 118.17674577,
    "gtq_cop": 492.49586004,
    "gtq_crc": 64.95094039,
    "gtq_gtq": 1,
    "gtq_mxn": 2.33424084,
    "gtq_pen": 0.43816027,
    "gtq_usd": 0.13040412,
    "mxn_clp": 50.62748623,
    "mxn_cop": 210.987595,
    "mxn_crc": 27.82529523,
    "mxn_gtq": 0.42840481,
    "mxn_mxn": 1,
    "mxn_pen": 0.18770997,
    "mxn_usd": 0.05586575,
    "pen_clp": 269.71123361,
    "pen_cop": 1124.00849336,
    "pen_crc": 148.23557836,
    "pen_gtq": 2.28226993,
    "pen_mxn": 5.32736767,
    "pen_pen": 1,
    "pen_usd": 0.29761739,
    "timestamp": "2026-01-03 06:42:22",
    "usd_clp": 906.23478952,
    "usd_cop": 3776.68956081,
    "usd_crc": 498.07431584,
    "usd_gtq": 7.66846966,
    "usd_mxn": 17.90005503,
    "usd_pen": 3.3600187,
    "usd_usd": 1
}