{
    "clp_clp": 1,
    "clp_cop": 4.47907439,
    "clp_crc": 0.51501435,
    "clp_gtq": 0.0078209931,
    "clp_mxn": 0.020704192,
    "clp_pen": 0.0038551531,
    "clp_usd": 0.0010135246,
    "cop_clp": 0.22326041,
    "cop_cop": 1,
    "cop_crc": 0.11498232,
    "cop_gtq": 0.0017461182,
    "cop_mxn": 0.0046224264,
    "cop_pen": 0.00086070307,
    "cop_usd": 0.00022627992,
    "crc_clp": 1.94169347,
    "crc_cop": 8.69698947,
    "crc_crc": 1,
    "crc_gtq": 0.015185971,
    "crc_mxn": 0.040201194,
    "crc_pen": 0.0074855255,
    "crc_usd": 0.0019679541,
    "gtq_clp": 127.86099987,
    "gtq_cop": 572.69892937,
    "gtq_crc": 65.85024983,
    "gtq_gtq": 1,
    "gtq_mxn": 2.64725867,
    "gtq_pen": 0.49292373,
    "gtq_usd": 0.12959027,
    "mxn_clp": 48.29939783,
    "mxn_cop": 216.33659564,
    "mxn_crc": 24.87488302,
    "mxn_gtq": 0.37774926,
    "mxn_mxn": 1,
    "mxn_pen": 0.18620157,
    "mxn_usd": 0.048952627,
    "pen_clp": 259.39307221,
    "pen_cop": 1161.84086537,
    "pen_crc": 133.59115467,
    "pen_gtq": 2.02871143,
    "pen_mxn": 5.37052394,
    "pen_pen": 1,
    "pen_usd": 0.26290126,
    "timestamp": "2024-11-23 19:37:37",
    "usd_clp": 973.51269743,
    "usd_cop": 4388.46527454,
    "usd_crc": 509.09763309,
    "usd_gtq": 7.71600449,
    "usd_mxn": 20.42440091,
    "usd_pen": 3.7899353,
    "usd_usd": 1
}