{
    "clp_clp": 1,
    "clp_cop": 4.03732634,
    "clp_crc": 0.53091051,
    "clp_gtq": 0.0082518339,
    "clp_mxn": 0.019713577,
    "clp_pen": 0.0036233201,
    "clp_usd": 0.0010774658,
    "cop_clp": 0.24768867,
    "cop_cop": 1,
    "cop_crc": 0.13150052,
    "cop_gtq": 0.0020438858,
    "cop_mxn": 0.0048828298,
    "cop_pen": 0.00089745535,
    "cop_usd": 0.00026687608,
    "crc_clp": 1.8835566,
    "crc_cop": 7.60453269,
    "crc_crc": 1,
    "crc_gtq": 0.015542796,
    "crc_mxn": 0.037131639,
    "crc_pen": 0.0068247286,
    "crc_usd": 0.0020294679,
    "gtq_clp": 121.18518348,
    "gtq_cop": 489.26413374,
    "gtq_crc": 64.33848782,
    "gtq_gtq": 1,
    "gtq_mxn": 2.38899348,
    "gtq_pen": 0.43909272,
    "gtq_usd": 0.13057289,
    "mxn_clp": 50.72646057,
    "mxn_cop": 204.79927559,
    "mxn_crc": 26.93121116,
    "mxn_gtq": 0.41858632,
    "mxn_mxn": 1,
    "mxn_pen": 0.18379821,
    "mxn_usd": 0.054656028,
    "pen_clp": 275.98996566,
    "pen_cop": 1114.26155898,
    "pen_crc": 146.525974,
    "pen_gtq": 2.27742334,
    "pen_mxn": 5.44074951,
    "pen_pen": 1,
    "pen_usd": 0.29736976,
    "timestamp": "2025-11-30 20:00:58",
    "usd_clp": 928.10368464,
    "usd_cop": 3747.05745582,
    "usd_crc": 492.7400025,
    "usd_gtq": 7.65855741,
    "usd_mxn": 18.2962437,
    "usd_pen": 3.36281677,
    "usd_usd": 1
}