{
    "clp_clp": 1,
    "clp_cop": 3.79198286,
    "clp_crc": 0.5013255,
    "clp_gtq": 0.0084163603,
    "clp_mxn": 0.019172787,
    "clp_pen": 0.0037348933,
    "clp_usd": 0.0011033897,
    "cop_clp": 0.26371427,
    "cop_cop": 1,
    "cop_crc": 0.13220669,
    "cop_gtq": 0.0022195143,
    "cop_mxn": 0.0050561375,
    "cop_pen": 0.00098494467,
    "cop_usd": 0.00029097961,
    "crc_clp": 1.99471203,
    "crc_cop": 7.56391384,
    "crc_crc": 1,
    "crc_gtq": 0.016788215,
    "crc_mxn": 0.038244189,
    "crc_pen": 0.0074500366,
    "crc_usd": 0.0022009447,
    "gtq_clp": 118.81620671,
    "gtq_cop": 450.54901955,
    "gtq_crc": 59.56559385,
    "gtq_gtq": 1,
    "gtq_mxn": 2.2780378,
    "gtq_pen": 0.44376586,
    "gtq_usd": 0.13110058,
    "mxn_clp": 52.15725853,
    "mxn_cop": 197.77943047,
    "mxn_crc": 26.14776354,
    "mxn_gtq": 0.43897428,
    "mxn_mxn": 1,
    "mxn_pen": 0.1948018,
    "mxn_usd": 0.057549782,
    "pen_clp": 267.74526464,
    "pen_cop": 1015.28545482,
    "pen_crc": 134.2275278,
    "pen_gtq": 2.2534406,
    "pen_mxn": 5.13342289,
    "pen_pen": 1,
    "pen_usd": 0.29542737,
    "timestamp": "2026-06-23 21:42:32",
    "usd_clp": 906.29811373,
    "usd_cop": 3436.66691481,
    "usd_crc": 454.35035208,
    "usd_gtq": 7.62773142,
    "usd_mxn": 17.37626055,
    "usd_pen": 3.38492677,
    "usd_usd": 1
}