{
    "clp_clp": 1,
    "clp_cop": 4.11853639,
    "clp_crc": 0.53415087,
    "clp_gtq": 0.0082034528,
    "clp_mxn": 0.017655488,
    "clp_pen": 0.0038803687,
    "clp_usd": 0.0010510944,
    "cop_clp": 0.2428047,
    "cop_cop": 1,
    "cop_crc": 0.12969434,
    "cop_gtq": 0.0019918369,
    "cop_mxn": 0.0042868354,
    "cop_pen": 0.00094217176,
    "cop_usd": 0.00025521065,
    "crc_clp": 1.87213024,
    "crc_cop": 7.71043652,
    "crc_crc": 1,
    "crc_gtq": 0.015357932,
    "crc_mxn": 0.033053372,
    "crc_pen": 0.0072645555,
    "crc_usd": 0.0019677856,
    "gtq_clp": 121.89989028,
    "gtq_cop": 502.04913345,
    "gtq_crc": 65.11293262,
    "gtq_gtq": 1,
    "gtq_mxn": 2.15220201,
    "gtq_pen": 0.47301651,
    "gtq_usd": 0.12812829,
    "mxn_clp": 56.63961356,
    "mxn_cop": 233.27230928,
    "mxn_crc": 30.25409894,
    "mxn_gtq": 0.4646404,
    "mxn_mxn": 1,
    "mxn_pen": 0.21978258,
    "mxn_usd": 0.059533579,
    "pen_clp": 257.70747259,
    "pen_cop": 1061.3776026,
    "pen_crc": 137.65467106,
    "pen_gtq": 2.1140911,
    "pen_mxn": 4.54995111,
    "pen_pen": 1,
    "pen_usd": 0.27087487,
    "timestamp": "2024-03-13 19:01:25",
    "usd_clp": 951.38936224,
    "usd_cop": 3918.33170479,
    "usd_crc": 508.18545691,
    "usd_gtq": 7.80467776,
    "usd_mxn": 16.79724317,
    "usd_pen": 3.69174146,
    "usd_usd": 1
}