{
    "clp_clp": 1,
    "clp_cop": 4.05521777,
    "clp_crc": 0.51199961,
    "clp_gtq": 0.0083887913,
    "clp_mxn": 0.019668289,
    "clp_pen": 0.0037946603,
    "clp_usd": 0.0010945292,
    "cop_clp": 0.24505441,
    "cop_cop": 1,
    "cop_crc": 0.12541244,
    "cop_gtq": 0.0020598261,
    "cop_mxn": 0.0048044126,
    "cop_pen": 0.00093283152,
    "cop_usd": 0.00026927016,
    "crc_clp": 1.9539881,
    "crc_cop": 7.97369075,
    "crc_crc": 1,
    "crc_gtq": 0.016424416,
    "crc_mxn": 0.0383089,
    "crc_pen": 0.00743811,
    "crc_usd": 0.0021470769,
    "gtq_clp": 118.96849784,
    "gtq_cop": 485.4778854,
    "gtq_crc": 60.8849654,
    "gtq_gtq": 1,
    "gtq_mxn": 2.33243605,
    "gtq_pen": 0.45286907,
    "gtq_usd": 0.13072471,
    "mxn_clp": 51.00611342,
    "mxn_cop": 208.14199166,
    "mxn_crc": 26.10359471,
    "mxn_gtq": 0.4287363,
    "mxn_mxn": 1,
    "mxn_pen": 0.19416141,
    "mxn_usd": 0.056046426,
    "pen_clp": 262.69954227,
    "pen_cop": 1072.00494746,
    "pen_crc": 134.44275445,
    "pen_gtq": 2.20814373,
    "pen_mxn": 5.15035404,
    "pen_pen": 1,
    "pen_usd": 0.28865894,
    "timestamp": "2026-03-24 07:15:45",
    "usd_clp": 910.06896798,
    "usd_cop": 3713.74242894,
    "usd_crc": 465.74949364,
    "usd_gtq": 7.64966344,
    "usd_mxn": 17.84235079,
    "usd_pen": 3.46429598,
    "usd_usd": 1
}