{
    "clp_clp": 1,
    "clp_cop": 4.17788961,
    "clp_crc": 0.54940017,
    "clp_gtq": 0.0084110023,
    "clp_mxn": 0.01976826,
    "clp_pen": 0.0036974809,
    "clp_usd": 0.001097999,
    "cop_clp": 0.24040536,
    "cop_cop": 1,
    "cop_crc": 0.13134881,
    "cop_gtq": 0.0020129756,
    "cop_mxn": 0.0047424489,
    "cop_pen": 0.00088535344,
    "cop_usd": 0.0002629675,
    "crc_clp": 1.8201669,
    "crc_cop": 7.6044564,
    "crc_crc": 1,
    "crc_gtq": 0.015309428,
    "crc_mxn": 0.035981532,
    "crc_pen": 0.0067300323,
    "crc_usd": 0.0019985414,
    "gtq_clp": 118.89189543,
    "gtq_cop": 496.7172152,
    "gtq_crc": 65.31922714,
    "gtq_gtq": 1,
    "gtq_mxn": 2.35028584,
    "gtq_pen": 0.43960051,
    "gtq_usd": 0.13054318,
    "mxn_clp": 50.58614288,
    "mxn_cop": 211.34332099,
    "mxn_crc": 27.79203532,
    "mxn_gtq": 0.42548016,
    "mxn_mxn": 1,
    "mxn_pen": 0.18704129,
    "mxn_usd": 0.055543534,
    "pen_clp": 270.45440911,
    "pen_cop": 1129.92866712,
    "pen_crc": 148.5876974,
    "pen_gtq": 2.27479264,
    "pen_mxn": 5.34641294,
    "pen_pen": 1,
    "pen_usd": 0.29695867,
    "timestamp": "2025-12-13 06:40:57",
    "usd_clp": 910.74765172,
    "usd_cop": 3805.00315588,
    "usd_crc": 500.36491151,
    "usd_gtq": 7.66030055,
    "usd_mxn": 18.00389593,
    "usd_pen": 3.36747201,
    "usd_usd": 1
}