{
    "clp_clp": 1,
    "clp_cop": 4.07898577,
    "clp_crc": 0.52504331,
    "clp_gtq": 0.0081055777,
    "clp_mxn": 0.017815757,
    "clp_pen": 0.0038496555,
    "clp_usd": 0.0010438761,
    "cop_clp": 0.24515898,
    "cop_cop": 1,
    "cop_crc": 0.12871908,
    "cop_gtq": 0.0019871552,
    "cop_mxn": 0.0043676928,
    "cop_pen": 0.00094377763,
    "cop_usd": 0.0002559156,
    "crc_clp": 1.90460477,
    "crc_cop": 7.76885577,
    "crc_crc": 1,
    "crc_gtq": 0.015437922,
    "crc_mxn": 0.033931975,
    "crc_pen": 0.0073320723,
    "crc_usd": 0.0019881714,
    "gtq_clp": 122.78020018,
    "gtq_cop": 504.73806252,
    "gtq_crc": 64.50616583,
    "gtq_gtq": 1,
    "gtq_mxn": 2.20276027,
    "gtq_pen": 0.47504467,
    "gtq_usd": 0.12855679,
    "mxn_clp": 56.13008867,
    "mxn_cop": 228.95383273,
    "mxn_crc": 29.47072769,
    "mxn_gtq": 0.45496679,
    "mxn_mxn": 1,
    "mxn_pen": 0.21608151,
    "mxn_usd": 0.058592857,
    "pen_clp": 259.76350248,
    "pen_cop": 1059.57162923,
    "pen_crc": 136.38708983,
    "pen_gtq": 2.10553325,
    "pen_mxn": 4.62788334,
    "pen_pen": 1,
    "pen_usd": 0.27116091,
    "timestamp": "2024-04-22 06:28:13",
    "usd_clp": 957.96811276,
    "usd_cop": 3907.53829657,
    "usd_crc": 502.97475127,
    "usd_gtq": 7.76488497,
    "usd_mxn": 17.06692677,
    "usd_pen": 3.68784723,
    "usd_usd": 1
}