{
    "clp_clp": 1,
    "clp_cop": 3.81337272,
    "clp_crc": 0.50195896,
    "clp_gtq": 0.0084385404,
    "clp_mxn": 0.019165474,
    "clp_pen": 0.0037436529,
    "clp_usd": 0.0011066578,
    "cop_clp": 0.26223505,
    "cop_cop": 1,
    "cop_crc": 0.13163123,
    "cop_gtq": 0.0022128811,
    "cop_mxn": 0.005025859,
    "cop_pen": 0.00098171703,
    "cop_usd": 0.00029020447,
    "crc_clp": 1.99219474,
    "crc_cop": 7.59698107,
    "crc_crc": 1,
    "crc_gtq": 0.016811216,
    "crc_mxn": 0.038181356,
    "crc_pen": 0.0074580857,
    "crc_usd": 0.0022046779,
    "gtq_clp": 118.50390582,
    "gtq_cop": 451.89956141,
    "gtq_crc": 59.48409736,
    "gtq_gtq": 1,
    "gtq_mxn": 2.27118348,
    "gtq_pen": 0.4436375,
    "gtq_usd": 0.13114327,
    "mxn_clp": 52.17716084,
    "mxn_cop": 198.97096165,
    "mxn_crc": 26.19079341,
    "mxn_gtq": 0.44029908,
    "mxn_mxn": 1,
    "mxn_pen": 0.19533318,
    "mxn_usd": 0.057742263,
    "pen_clp": 267.11877819,
    "pen_cop": 1018.62346119,
    "pen_crc": 134.08266419,
    "pen_gtq": 2.25409261,
    "pen_mxn": 5.1194579,
    "pen_pen": 1,
    "pen_usd": 0.29560908,
    "timestamp": "2026-06-20 22:21:32",
    "usd_clp": 903.62168425,
    "usd_cop": 3445.84627806,
    "usd_crc": 453.58100117,
    "usd_gtq": 7.62524811,
    "usd_mxn": 17.31833756,
    "usd_pen": 3.38284598,
    "usd_usd": 1
}