{
    "clp_clp": 1,
    "clp_cop": 4.08342098,
    "clp_crc": 0.49803365,
    "clp_gtq": 0.0083716092,
    "clp_mxn": 0.019186651,
    "clp_pen": 0.0038398225,
    "clp_usd": 0.0010952065,
    "cop_clp": 0.2448927,
    "cop_cop": 1,
    "cop_crc": 0.12196481,
    "cop_gtq": 0.002050146,
    "cop_mxn": 0.0046986709,
    "cop_pen": 0.00094034451,
    "cop_usd": 0.00026820807,
    "crc_clp": 2.00789645,
    "crc_cop": 8.19908648,
    "crc_crc": 1,
    "crc_gtq": 0.016809324,
    "crc_mxn": 0.038524809,
    "crc_pen": 0.007709966,
    "crc_usd": 0.0021990612,
    "gtq_clp": 119.45134781,
    "gtq_cop": 487.77013976,
    "gtq_crc": 59.49079096,
    "gtq_gtq": 1,
    "gtq_mxn": 2.29187136,
    "gtq_pen": 0.45867198,
    "gtq_usd": 0.13082389,
    "mxn_clp": 52.11956916,
    "mxn_cop": 212.82614218,
    "mxn_crc": 25.95729936,
    "mxn_gtq": 0.43632466,
    "mxn_mxn": 1,
    "mxn_pen": 0.2001299,
    "mxn_usd": 0.05708169,
    "pen_clp": 256.52168349,
    "pen_cop": 1042.69388469,
    "pen_crc": 129.64660608,
    "pen_gtq": 2.17861836,
    "pen_mxn": 4.97262815,
    "pen_pen": 1,
    "pen_usd": 0.28510324,
    "timestamp": "2026-05-05 07:58:09",
    "usd_clp": 913.06983822,
    "usd_cop": 3728.44853364,
    "usd_crc": 454.73950583,
    "usd_gtq": 7.64386384,
    "usd_mxn": 17.51875261,
    "usd_pen": 3.50602613,
    "usd_usd": 1
}