{
    "clp_clp": 1,
    "clp_cop": 4.07294601,
    "clp_crc": 0.51759202,
    "clp_gtq": 0.0085549241,
    "clp_mxn": 0.01937787,
    "clp_pen": 0.0037743825,
    "clp_usd": 0.0011200174,
    "cop_clp": 0.24552253,
    "cop_cop": 1,
    "cop_crc": 0.1270805,
    "cop_gtq": 0.0021004266,
    "cop_mxn": 0.0047577035,
    "cop_pen": 0.00092669593,
    "cop_usd": 0.00027498951,
    "crc_clp": 1.93202361,
    "crc_cop": 7.86902785,
    "crc_crc": 1,
    "crc_gtq": 0.016528315,
    "crc_mxn": 0.037438502,
    "crc_pen": 0.0072921961,
    "crc_usd": 0.0021639001,
    "gtq_clp": 117.16621681,
    "gtq_cop": 477.30828093,
    "gtq_crc": 60.50223169,
    "gtq_gtq": 1,
    "gtq_mxn": 2.27794285,
    "gtq_pen": 0.44119416,
    "gtq_usd": 0.13092081,
    "mxn_clp": 51.60526015,
    "mxn_cop": 210.18543829,
    "mxn_crc": 26.71047076,
    "mxn_gtq": 0.44147908,
    "mxn_mxn": 1,
    "mxn_pen": 0.19477799,
    "mxn_usd": 0.05779879,
    "pen_clp": 265.56610849,
    "pen_cop": 1081.855386,
    "pen_crc": 137.13289258,
    "pen_gtq": 2.26657577,
    "pen_mxn": 5.16313008,
    "pen_pen": 1,
    "pen_usd": 0.29674193,
    "timestamp": "2026-04-13 07:41:56",
    "usd_clp": 892.84325511,
    "usd_cop": 3636.50237137,
    "usd_crc": 462.12854256,
    "usd_gtq": 7.63820625,
    "usd_mxn": 17.30140014,
    "usd_pen": 3.36993195,
    "usd_usd": 1
}