{
    "clp_clp": 1,
    "clp_cop": 4.17703372,
    "clp_crc": 0.54812873,
    "clp_gtq": 0.0083377438,
    "clp_mxn": 0.018032242,
    "clp_pen": 0.0039803059,
    "clp_usd": 0.0010737792,
    "cop_clp": 0.23940434,
    "cop_cop": 1,
    "cop_crc": 0.1312244,
    "cop_gtq": 0.0019960921,
    "cop_mxn": 0.004316997,
    "cop_pen": 0.00095290251,
    "cop_usd": 0.00025706741,
    "crc_clp": 1.82277265,
    "crc_cop": 7.6064612,
    "crc_crc": 1,
    "crc_gtq": 0.015187414,
    "crc_mxn": 0.032805872,
    "crc_pen": 0.0072845432,
    "crc_usd": 0.0019555766,
    "gtq_clp": 120.01863411,
    "gtq_cop": 500.83979585,
    "gtq_crc": 65.84399535,
    "gtq_gtq": 1,
    "gtq_mxn": 2.16006967,
    "gtq_pen": 0.47964343,
    "gtq_usd": 0.12876298,
    "mxn_clp": 55.56239031,
    "mxn_cop": 231.86279719,
    "mxn_crc": 30.48234798,
    "mxn_gtq": 0.46294803,
    "mxn_mxn": 1,
    "mxn_pen": 0.22204998,
    "mxn_usd": 0.059610566,
    "pen_clp": 251.2369699,
    "pen_cop": 1049.42529518,
    "pen_crc": 137.71020099,
    "pen_gtq": 2.0947495,
    "pen_mxn": 4.53036581,
    "pen_pen": 1,
    "pen_usd": 0.26977304,
    "timestamp": "2024-05-11 06:26:06",
    "usd_clp": 931.29012985,
    "usd_cop": 3890.03027621,
    "usd_crc": 510.46687521,
    "usd_gtq": 7.76485854,
    "usd_mxn": 16.79324887,
    "usd_pen": 3.70681962,
    "usd_usd": 1
}