{
    "clp_clp": 1,
    "clp_cop": 4.050191,
    "clp_crc": 0.54032186,
    "clp_gtq": 0.008262907,
    "clp_mxn": 0.019755424,
    "clp_pen": 0.0036313585,
    "clp_usd": 0.0010783916,
    "cop_clp": 0.24690194,
    "cop_cop": 1,
    "cop_crc": 0.13340651,
    "cop_gtq": 0.0020401277,
    "cop_mxn": 0.0048776524,
    "cop_pen": 0.00089658944,
    "cop_usd": 0.00026625698,
    "crc_clp": 1.85074875,
    "crc_cop": 7.49588591,
    "crc_crc": 1,
    "crc_gtq": 0.015292565,
    "crc_mxn": 0.036562326,
    "crc_pen": 0.0067207321,
    "crc_usd": 0.0019958319,
    "gtq_clp": 121.02278341,
    "gtq_cop": 490.16538785,
    "gtq_crc": 65.3912551,
    "gtq_gtq": 1,
    "gtq_mxn": 2.3908564,
    "gtq_pen": 0.43947711,
    "gtq_usd": 0.13050996,
    "mxn_clp": 50.61900983,
    "mxn_cop": 205.01665788,
    "mxn_crc": 27.3505574,
    "mxn_gtq": 0.41826017,
    "mxn_mxn": 1,
    "mxn_pen": 0.18381577,
    "mxn_usd": 0.054587116,
    "pen_clp": 275.37903754,
    "pen_cop": 1115.33769869,
    "pen_crc": 148.793313,
    "pen_gtq": 2.27543137,
    "pen_mxn": 5.44022964,
    "pen_pen": 1,
    "pen_usd": 0.29696645,
    "timestamp": "2025-11-17 19:41:37",
    "usd_clp": 927.30690765,
    "usd_cop": 3755.77008908,
    "usd_crc": 501.04419055,
    "usd_gtq": 7.66225071,
    "usd_mxn": 18.31934111,
    "usd_pen": 3.36738379,
    "usd_usd": 1
}