{
    "clp_clp": 1,
    "clp_cop": 4.1983603,
    "clp_crc": 0.57419153,
    "clp_gtq": 0.0084523248,
    "clp_mxn": 0.018495237,
    "clp_pen": 0.0040687559,
    "clp_usd": 0.0010880235,
    "cop_clp": 0.23794674,
    "cop_cop": 1,
    "cop_crc": 0.13427085,
    "cop_gtq": 0.0020136061,
    "cop_mxn": 0.0044028922,
    "cop_pen": 0.00097166447,
    "cop_usd": 0.00025913202,
    "crc_clp": 1.74157915,
    "crc_cop": 7.31177676,
    "crc_crc": 1,
    "crc_gtq": 0.014720393,
    "crc_mxn": 0.032210919,
    "crc_pen": 0.0070860605,
    "crc_usd": 0.001894879,
    "gtq_clp": 118.31064523,
    "gtq_cop": 496.71071586,
    "gtq_crc": 67.93297059,
    "gtq_gtq": 1,
    "gtq_mxn": 2.18818345,
    "gtq_pen": 0.48137714,
    "gtq_usd": 0.12872476,
    "mxn_clp": 54.06797382,
    "mxn_cop": 226.99683472,
    "mxn_crc": 31.0453727,
    "mxn_gtq": 0.45700008,
    "mxn_mxn": 1,
    "mxn_pen": 0.21998939,
    "mxn_usd": 0.058827224,
    "pen_clp": 245.77537205,
    "pen_cop": 1031.8535644,
    "pen_crc": 141.12213731,
    "pen_gtq": 2.07737327,
    "pen_mxn": 4.5456738,
    "pen_pen": 1,
    "pen_usd": 0.26740937,
    "timestamp": "2024-06-02 19:09:17",
    "usd_clp": 919.09782378,
    "usd_cop": 3858.70381394,
    "usd_crc": 527.73818714,
    "usd_gtq": 7.76851332,
    "usd_mxn": 16.99893225,
    "usd_pen": 3.73958471,
    "usd_usd": 1
}