{
    "clp_clp": 1,
    "clp_cop": 4.6284308,
    "clp_crc": 0.57853969,
    "clp_gtq": 0.0085898796,
    "clp_mxn": 0.021893612,
    "clp_pen": 0.0041308053,
    "clp_usd": 0.0011109013,
    "cop_clp": 0.21605595,
    "cop_cop": 1,
    "cop_crc": 0.12499694,
    "cop_gtq": 0.0018558946,
    "cop_mxn": 0.0047302452,
    "cop_pen": 0.00089248504,
    "cop_usd": 0.00024001683,
    "crc_clp": 1.7284899,
    "crc_cop": 8.00019588,
    "crc_crc": 1,
    "crc_gtq": 0.01484752,
    "crc_mxn": 0.037842888,
    "crc_pen": 0.0071400552,
    "crc_usd": 0.0019201817,
    "gtq_clp": 116.41606775,
    "gtq_cop": 538.82371394,
    "gtq_crc": 67.35131518,
    "gtq_gtq": 1,
    "gtq_mxn": 2.54876826,
    "gtq_pen": 0.4808921,
    "gtq_usd": 0.12932676,
    "mxn_clp": 45.67542274,
    "mxn_cop": 211.40553356,
    "mxn_crc": 26.42504469,
    "mxn_gtq": 0.39234638,
    "mxn_mxn": 1,
    "mxn_pen": 0.18867628,
    "mxn_usd": 0.050740887,
    "pen_clp": 242.08354965,
    "pen_cop": 1120.46695808,
    "pen_crc": 140.05494058,
    "pen_gtq": 2.07946853,
    "pen_mxn": 5.3000834,
    "pen_pen": 1,
    "pen_usd": 0.26893093,
    "timestamp": "2024-09-29 06:32:28",
    "usd_clp": 900.16997299,
    "usd_cop": 4166.37443089,
    "usd_crc": 520.7840527,
    "usd_gtq": 7.73235165,
    "usd_mxn": 19.70797245,
    "usd_pen": 3.71842686,
    "usd_usd": 1
}