{
    "clp_clp": 1,
    "clp_cop": 4.42153421,
    "clp_crc": 0.56978636,
    "clp_gtq": 0.0084240951,
    "clp_mxn": 0.021196702,
    "clp_pen": 0.0040734461,
    "clp_usd": 0.0010874663,
    "cop_clp": 0.22616584,
    "cop_cop": 1,
    "cop_crc": 0.12886621,
    "cop_gtq": 0.0019052425,
    "cop_mxn": 0.0047939698,
    "cop_pen": 0.00092127436,
    "cop_usd": 0.00024594774,
    "crc_clp": 1.75504376,
    "crc_cop": 7.75998602,
    "crc_crc": 1,
    "crc_gtq": 0.014784655,
    "crc_mxn": 0.037201139,
    "crc_pen": 0.0071490761,
    "crc_usd": 0.001908551,
    "gtq_clp": 118.70711254,
    "gtq_cop": 524.86755947,
    "gtq_crc": 67.63769396,
    "gtq_gtq": 1,
    "gtq_mxn": 2.51619925,
    "gtq_pen": 0.48354702,
    "gtq_usd": 0.12908999,
    "mxn_clp": 47.17715129,
    "mxn_cop": 208.59538851,
    "mxn_crc": 26.88089746,
    "mxn_gtq": 0.39742481,
    "mxn_mxn": 1,
    "mxn_pen": 0.19217358,
    "mxn_usd": 0.051303564,
    "pen_clp": 245.49238619,
    "pen_cop": 1085.4529847,
    "pen_crc": 139.87821396,
    "pen_gtq": 2.0680512,
    "pen_mxn": 5.20362886,
    "pen_pen": 1,
    "pen_usd": 0.26696471,
    "timestamp": "2024-08-23 19:12:12",
    "usd_clp": 919.56868998,
    "usd_cop": 4065.90442437,
    "usd_crc": 523.95769972,
    "usd_gtq": 7.74653406,
    "usd_mxn": 19.49182316,
    "usd_pen": 3.74581348,
    "usd_usd": 1
}