{
    "clp_clp": 1,
    "clp_cop": 4.40772699,
    "clp_crc": 0.55262913,
    "clp_gtq": 0.0081959552,
    "clp_mxn": 0.021100628,
    "clp_pen": 0.0040241419,
    "clp_usd": 0.0010607172,
    "cop_clp": 0.22687431,
    "cop_cop": 1,
    "cop_crc": 0.12537735,
    "cop_gtq": 0.0018594516,
    "cop_mxn": 0.0047871903,
    "cop_pen": 0.0009129744,
    "cop_usd": 0.00024064947,
    "crc_clp": 1.80953181,
    "crc_cop": 7.97592221,
    "crc_crc": 1,
    "crc_gtq": 0.014830842,
    "crc_mxn": 0.038182257,
    "crc_pen": 0.0072818128,
    "crc_usd": 0.0019194015,
    "gtq_clp": 122.07396772,
    "gtq_cop": 541.17858962,
    "gtq_crc": 67.11754805,
    "gtq_gtq": 1,
    "gtq_mxn": 2.58098356,
    "gtq_pen": 0.49027232,
    "gtq_usd": 0.12940086,
    "mxn_clp": 47.39195487,
    "mxn_cop": 208.8907984,
    "mxn_crc": 26.190175,
    "mxn_gtq": 0.38842234,
    "mxn_mxn": 1,
    "mxn_pen": 0.19071195,
    "mxn_usd": 0.050269461,
    "pen_clp": 248.50018345,
    "pen_cop": 1095.32096455,
    "pen_crc": 137.32844127,
    "pen_gtq": 2.03669637,
    "pen_mxn": 5.24350988,
    "pen_pen": 1,
    "pen_usd": 0.26358841,
    "timestamp": "2024-09-06 06:32:43",
    "usd_clp": 943.37831569,
    "usd_cop": 4182.18688142,
    "usd_crc": 518.67929433,
    "usd_gtq": 7.72792376,
    "usd_mxn": 19.94564418,
    "usd_pen": 3.78878709,
    "usd_usd": 1
}