{
    "clp_clp": 1,
    "clp_cop": 4.45571422,
    "clp_crc": 0.55724175,
    "clp_gtq": 0.0083274659,
    "clp_mxn": 0.019458993,
    "clp_pen": 0.0040871686,
    "clp_usd": 0.0010740085,
    "cop_clp": 0.22443091,
    "cop_cop": 1,
    "cop_crc": 0.12506227,
    "cop_gtq": 0.0018689407,
    "cop_mxn": 0.0043671996,
    "cop_pen": 0.00091728696,
    "cop_usd": 0.00024104071,
    "crc_clp": 1.79455326,
    "crc_cop": 7.99601648,
    "crc_crc": 1,
    "crc_gtq": 0.014944081,
    "crc_mxn": 0.0349202,
    "crc_pen": 0.0073346417,
    "crc_usd": 0.0019273655,
    "gtq_clp": 120.08455091,
    "gtq_cop": 535.06244129,
    "gtq_crc": 66.91612534,
    "gtq_gtq": 1,
    "gtq_mxn": 2.33672446,
    "gtq_pen": 0.4908058,
    "gtq_usd": 0.12897183,
    "mxn_clp": 51.39012027,
    "mxn_cop": 228.97968973,
    "mxn_crc": 28.63672057,
    "mxn_gtq": 0.42794947,
    "mxn_mxn": 1,
    "mxn_pen": 0.21004008,
    "mxn_usd": 0.055193427,
    "pen_clp": 244.66815654,
    "pen_cop": 1090.17138467,
    "pen_crc": 136.3393118,
    "pen_gtq": 2.03746572,
    "pen_mxn": 4.76099599,
    "pen_pen": 1,
    "pen_usd": 0.26277568,
    "timestamp": "2024-06-24 19:09:33",
    "usd_clp": 931.09131068,
    "usd_cop": 4148.67679455,
    "usd_crc": 518.84295165,
    "usd_gtq": 7.75363112,
    "usd_mxn": 18.11809947,
    "usd_pen": 3.80552714,
    "usd_usd": 1
}