{
    "clp_clp": 1,
    "clp_cop": 4.07826772,
    "clp_crc": 0.52410208,
    "clp_gtq": 0.0079635451,
    "clp_mxn": 0.019328706,
    "clp_pen": 0.0036223951,
    "clp_usd": 0.001039358,
    "cop_clp": 0.24520215,
    "cop_cop": 1,
    "cop_crc": 0.12851096,
    "cop_gtq": 0.0019526783,
    "cop_mxn": 0.0047394402,
    "cop_pen": 0.00088821906,
    "cop_usd": 0.0002548528,
    "crc_clp": 1.90802523,
    "crc_cop": 7.7814377,
    "crc_crc": 1,
    "crc_gtq": 0.015194645,
    "crc_mxn": 0.036879658,
    "crc_pen": 0.0069116213,
    "crc_usd": 0.0019831212,
    "gtq_clp": 125.57221596,
    "gtq_cop": 512.1171146,
    "gtq_crc": 65.81266015,
    "gtq_gtq": 1,
    "gtq_mxn": 2.42714843,
    "gtq_pen": 0.45487218,
    "gtq_usd": 0.13051448,
    "mxn_clp": 51.7365212,
    "mxn_cop": 210.99538423,
    "mxn_crc": 27.11521861,
    "mxn_gtq": 0.41200612,
    "mxn_mxn": 1,
    "mxn_pen": 0.18741012,
    "mxn_usd": 0.053772765,
    "pen_clp": 276.06044183,
    "pen_cop": 1125.84838807,
    "pen_crc": 144.68385303,
    "pen_gtq": 2.19841977,
    "pen_mxn": 5.33589108,
    "pen_pen": 1,
    "pen_usd": 0.28692562,
    "timestamp": "2025-09-12 06:38:21",
    "usd_clp": 952.57270632,
    "usd_cop": 3891.89497954,
    "usd_crc": 504.8466844,
    "usd_gtq": 7.65784627,
    "usd_mxn": 18.47593416,
    "usd_pen": 3.48201785,
    "usd_usd": 1
}