{
    "clp_clp": 1,
    "clp_cop": 4.40882674,
    "clp_crc": 0.563229,
    "clp_gtq": 0.0082582025,
    "clp_mxn": 0.019494215,
    "clp_pen": 0.0040781263,
    "clp_usd": 0.0010628419,
    "cop_clp": 0.22817062,
    "cop_cop": 1,
    "cop_crc": 0.12601195,
    "cop_gtq": 0.0018716691,
    "cop_mxn": 0.0044130047,
    "cop_pen": 0.00091888564,
    "cop_usd": 0.00024096789,
    "crc_clp": 1.77547675,
    "crc_cop": 7.82776936,
    "crc_crc": 1,
    "crc_gtq": 0.014662247,
    "crc_mxn": 0.034611526,
    "crc_pen": 0.0072406184,
    "crc_usd": 0.001887051,
    "gtq_clp": 121.09172674,
    "gtq_cop": 533.87244281,
    "gtq_crc": 68.20237264,
    "gtq_gtq": 1,
    "gtq_mxn": 2.36058817,
    "gtq_pen": 0.49382736,
    "gtq_usd": 0.12870136,
    "mxn_clp": 51.29726906,
    "mxn_cop": 226.16077153,
    "mxn_crc": 28.89210976,
    "mxn_gtq": 0.42362324,
    "mxn_mxn": 1,
    "mxn_pen": 0.20919674,
    "mxn_usd": 0.054520885,
    "pen_clp": 245.2106489,
    "pen_cop": 1081.09126577,
    "pen_crc": 138.10974955,
    "pen_gtq": 2.02499919,
    "pen_mxn": 4.78018915,
    "pen_pen": 1,
    "pen_usd": 0.26062014,
    "timestamp": "2024-06-30 06:28:36",
    "usd_clp": 946.89219523,
    "usd_cop": 4149.93045631,
    "usd_crc": 522.9408219,
    "usd_gtq": 7.76729652,
    "usd_mxn": 18.31366252,
    "usd_pen": 3.81331148,
    "usd_usd": 1
}