{
    "clp_clp": 1,
    "clp_cop": 4.1698302,
    "clp_crc": 0.5222721,
    "clp_gtq": 0.0079368036,
    "clp_mxn": 0.019436041,
    "clp_pen": 0.0036909424,
    "clp_usd": 0.0010339433,
    "cop_clp": 0.24105011,
    "cop_cop": 1,
    "cop_crc": 0.12567847,
    "cop_gtq": 0.0019107487,
    "cop_mxn": 0.0046702928,
    "cop_pen": 0.00088442797,
    "cop_usd": 0.0002490471,
    "crc_clp": 1.91471075,
    "crc_cop": 7.9840187,
    "crc_crc": 1,
    "crc_gtq": 0.015196683,
    "crc_mxn": 0.037214397,
    "crc_pen": 0.0070670871,
    "crc_usd": 0.0019797023,
    "gtq_clp": 126.15479483,
    "gtq_cop": 523.35505636,
    "gtq_crc": 65.77446157,
    "gtq_gtq": 1,
    "gtq_mxn": 2.44422136,
    "gtq_pen": 0.46286985,
    "gtq_usd": 0.13034006,
    "mxn_clp": 51.61349001,
    "mxn_cop": 214.11933656,
    "mxn_crc": 26.91019014,
    "mxn_gtq": 0.40912825,
    "mxn_mxn": 1,
    "mxn_pen": 0.18937313,
    "mxn_usd": 0.0533258,
    "pen_clp": 272.54917289,
    "pen_cop": 1130.67432694,
    "pen_crc": 142.10141694,
    "pen_gtq": 2.16043451,
    "pen_mxn": 5.28058019,
    "pen_pen": 1,
    "pen_usd": 0.28159116,
    "timestamp": "2025-07-17 19:54:15",
    "usd_clp": 967.88964656,
    "usd_cop": 4015.3046992,
    "usd_crc": 504.63734216,
    "usd_gtq": 7.67223828,
    "usd_mxn": 18.7526487,
    "usd_pen": 3.55124779,
    "usd_usd": 1
}