{
    "clp_clp": 1,
    "clp_cop": 4.30669923,
    "clp_crc": 0.57566838,
    "clp_gtq": 0.0084829646,
    "clp_mxn": 0.02011571,
    "clp_pen": 0.0040868124,
    "clp_usd": 0.0010931799,
    "cop_clp": 0.23219639,
    "cop_cop": 1,
    "cop_crc": 0.13366812,
    "cop_gtq": 0.0019697137,
    "cop_mxn": 0.0046707952,
    "cop_pen": 0.00094894307,
    "cop_usd": 0.00025383241,
    "crc_clp": 1.73711122,
    "crc_cop": 7.48121555,
    "crc_crc": 1,
    "crc_gtq": 0.014735853,
    "crc_mxn": 0.034943226,
    "crc_pen": 0.0070992477,
    "crc_usd": 0.001898975,
    "gtq_clp": 117.8833166,
    "gtq_cop": 507.68798865,
    "gtq_crc": 67.86169777,
    "gtq_gtq": 1,
    "gtq_mxn": 2.37130661,
    "gtq_pen": 0.481767,
    "gtq_usd": 0.12886767,
    "mxn_clp": 49.71238893,
    "mxn_cop": 214.09630704,
    "mxn_crc": 28.61785035,
    "mxn_gtq": 0.42170843,
    "mxn_mxn": 1,
    "mxn_pen": 0.20316521,
    "mxn_usd": 0.054344582,
    "pen_clp": 244.68947965,
    "pen_cop": 1053.80399322,
    "pen_crc": 140.85999609,
    "pen_gtq": 2.07569219,
    "pen_mxn": 4.92210262,
    "pen_pen": 1,
    "pen_usd": 0.26748961,
    "timestamp": "2024-06-08 19:14:39",
    "usd_clp": 914.76255719,
    "usd_cop": 3939.60719924,
    "usd_crc": 526.59987841,
    "usd_gtq": 7.75989838,
    "usd_mxn": 18.40109834,
    "usd_pen": 3.73846296,
    "usd_usd": 1
}