{
    "clp_clp": 1,
    "clp_cop": 4.20922886,
    "clp_crc": 0.56995277,
    "clp_gtq": 0.0084747678,
    "clp_mxn": 0.018576604,
    "clp_pen": 0.0040893198,
    "clp_usd": 0.0010902083,
    "cop_clp": 0.23757321,
    "cop_cop": 1,
    "cop_crc": 0.13540551,
    "cop_gtq": 0.0020133778,
    "cop_mxn": 0.0044133034,
    "cop_pen": 0.00097151283,
    "cop_usd": 0.00025900427,
    "crc_clp": 1.75453134,
    "crc_cop": 7.38522393,
    "crc_crc": 1,
    "crc_gtq": 0.014869246,
    "crc_mxn": 0.032593234,
    "crc_pen": 0.0071748398,
    "crc_usd": 0.0019128046,
    "gtq_clp": 117.99733255,
    "gtq_cop": 496.67777748,
    "gtq_crc": 67.2529069,
    "gtq_gtq": 1,
    "gtq_mxn": 2.19198971,
    "gtq_pen": 0.48252883,
    "gtq_usd": 0.12864167,
    "mxn_clp": 53.83115249,
    "mxn_cop": 226.5876406,
    "mxn_crc": 30.68121464,
    "mxn_gtq": 0.45620652,
    "mxn_mxn": 1,
    "mxn_pen": 0.2201328,
    "mxn_usd": 0.058687167,
    "pen_clp": 244.53944353,
    "pen_cop": 1029.32248292,
    "pen_crc": 139.37593395,
    "pen_gtq": 2.07241501,
    "pen_mxn": 4.54271239,
    "pen_pen": 1,
    "pen_usd": 0.26659892,
    "timestamp": "2024-05-31 19:11:59",
    "usd_clp": 917.25593403,
    "usd_cop": 3860.94014884,
    "usd_crc": 522.79256318,
    "usd_gtq": 7.7735311,
    "usd_mxn": 17.03950021,
    "usd_pen": 3.7509529,
    "usd_usd": 1
}