{
    "clp_clp": 1,
    "clp_cop": 3.98983044,
    "clp_crc": 0.53642159,
    "clp_gtq": 0.0082128262,
    "clp_mxn": 0.01967876,
    "clp_pen": 0.0036153829,
    "clp_usd": 0.0010724159,
    "cop_clp": 0.25063722,
    "cop_cop": 1,
    "cop_crc": 0.13444722,
    "cop_gtq": 0.0020584399,
    "cop_mxn": 0.0049322296,
    "cop_pen": 0.0009061495,
    "cop_usd": 0.00026878734,
    "crc_clp": 1.86420534,
    "crc_cop": 7.43786322,
    "crc_crc": 1,
    "crc_gtq": 0.015310395,
    "crc_mxn": 0.036685249,
    "crc_pen": 0.006739816,
    "crc_usd": 0.0019992035,
    "gtq_clp": 121.76076437,
    "gtq_cop": 485.80480369,
    "gtq_crc": 65.3151032,
    "gtq_gtq": 1,
    "gtq_mxn": 2.39610083,
    "gtq_pen": 0.44021178,
    "gtq_usd": 0.13057818,
    "mxn_clp": 50.81621065,
    "mxn_cop": 202.74806392,
    "mxn_crc": 27.25891267,
    "mxn_gtq": 0.41734471,
    "mxn_mxn": 1,
    "mxn_pen": 0.18372006,
    "mxn_usd": 0.054496112,
    "pen_clp": 276.59587928,
    "pen_cop": 1103.57065788,
    "pen_crc": 148.37200221,
    "pen_gtq": 2.27163389,
    "pen_mxn": 5.44306385,
    "pen_pen": 1,
    "pen_usd": 0.29662582,
    "timestamp": "2025-11-19 19:40:37",
    "usd_clp": 932.47405037,
    "usd_cop": 3720.41334779,
    "usd_crc": 500.19921562,
    "usd_gtq": 7.65824734,
    "usd_mxn": 18.3499328,
    "usd_pen": 3.3712507,
    "usd_usd": 1
}