{
    "clp_clp": 1,
    "clp_cop": 3.51746054,
    "clp_crc": 0.49024495,
    "clp_gtq": 0.0082265892,
    "clp_mxn": 0.018802471,
    "clp_pen": 0.0036769999,
    "clp_usd": 0.0010799164,
    "cop_clp": 0.28429601,
    "cop_cop": 1,
    "cop_crc": 0.13937468,
    "cop_gtq": 0.0023387865,
    "cop_mxn": 0.0053454675,
    "cop_pen": 0.0010453564,
    "cop_usd": 0.00030701593,
    "crc_clp": 2.03933214,
    "crc_cop": 7.12466803,
    "crc_crc": 1,
    "crc_gtq": 0.016797326,
    "crc_mxn": 0.038367498,
    "crc_pen": 0.0074737196,
    "crc_usd": 0.0022056825,
    "gtq_clp": 121.40814532,
    "gtq_cop": 424.15490575,
    "gtq_crc": 59.53328688,
    "gtq_gtq": 1,
    "gtq_mxn": 2.28414329,
    "gtq_pen": 0.4449351,
    "gtq_usd": 0.13131153,
    "mxn_clp": 53.18449845,
    "mxn_cop": 187.07437482,
    "mxn_crc": 26.07343171,
    "mxn_gtq": 0.43752702,
    "mxn_mxn": 1,
    "mxn_pen": 0.1955594,
    "mxn_usd": 0.057434812,
    "pen_clp": 271.96084571,
    "pen_cop": 956.61154406,
    "pen_crc": 133.32743081,
    "pen_gtq": 2.23731015,
    "pen_mxn": 5.11353597,
    "pen_pen": 1,
    "pen_usd": 0.29369498,
    "timestamp": "2026-07-16 07:53:51",
    "usd_clp": 925.99760012,
    "usd_cop": 3257.16002145,
    "usd_crc": 453.96564582,
    "usd_gtq": 7.61780182,
    "usd_mxn": 17.4110432,
    "usd_pen": 3.40489307,
    "usd_usd": 1
}