{
    "clp_clp": 1,
    "clp_cop": 4.50695501,
    "clp_crc": 0.55475476,
    "clp_gtq": 0.0083236052,
    "clp_mxn": 0.021328677,
    "clp_pen": 0.0040799212,
    "clp_usd": 0.0010767513,
    "cop_clp": 0.2218793,
    "cop_cop": 1,
    "cop_crc": 0.12308859,
    "cop_gtq": 0.0018468357,
    "cop_mxn": 0.0047323918,
    "cop_pen": 0.00090525004,
    "cop_usd": 0.00023890882,
    "crc_clp": 1.80259834,
    "crc_cop": 8.1242296,
    "crc_crc": 1,
    "crc_gtq": 0.015004117,
    "crc_mxn": 0.038447037,
    "crc_pen": 0.0073544592,
    "crc_usd": 0.0019409501,
    "gtq_clp": 120.14024815,
    "gtq_cop": 541.46669299,
    "gtq_crc": 66.64837405,
    "gtq_gtq": 1,
    "gtq_mxn": 2.56243252,
    "gtq_pen": 0.49016275,
    "gtq_usd": 0.12936117,
    "mxn_clp": 46.88523387,
    "mxn_cop": 211.30963956,
    "mxn_crc": 26.00980647,
    "mxn_gtq": 0.39025418,
    "mxn_mxn": 1,
    "mxn_pen": 0.19128806,
    "mxn_usd": 0.050483738,
    "pen_clp": 245.10277304,
    "pen_cop": 1104.66717025,
    "pen_crc": 135.97192905,
    "pen_gtq": 2.04013873,
    "pen_mxn": 5.22771783,
    "pen_pen": 1,
    "pen_usd": 0.26391474,
    "timestamp": "2024-09-04 19:17:01",
    "usd_clp": 928.71954433,
    "usd_cop": 4185.69720077,
    "usd_crc": 515.21158419,
    "usd_gtq": 7.73029487,
    "usd_mxn": 19.808359,
    "usd_pen": 3.78910256,
    "usd_usd": 1
}