{
    "clp_clp": 1,
    "clp_cop": 4.43159997,
    "clp_crc": 0.57761828,
    "clp_gtq": 0.0085076249,
    "clp_mxn": 0.021014119,
    "clp_pen": 0.004117964,
    "clp_usd": 0.0011001155,
    "cop_clp": 0.22565214,
    "cop_cop": 1,
    "cop_crc": 0.1303408,
    "cop_gtq": 0.0019197637,
    "cop_mxn": 0.0047418808,
    "cop_pen": 0.00092922736,
    "cop_usd": 0.00024824341,
    "crc_clp": 1.73124716,
    "crc_cop": 7.67219485,
    "crc_crc": 1,
    "crc_gtq": 0.014728801,
    "crc_mxn": 0.036380633,
    "crc_pen": 0.0071292134,
    "crc_usd": 0.0019045718,
    "gtq_clp": 117.54161898,
    "gtq_cop": 520.89743513,
    "gtq_crc": 67.89418741,
    "gtq_gtq": 1,
    "gtq_mxn": 2.47003355,
    "gtq_pen": 0.48403215,
    "gtq_usd": 0.12930936,
    "mxn_clp": 47.58705365,
    "mxn_cop": 210.88678554,
    "mxn_crc": 27.48715193,
    "mxn_gtq": 0.4048528,
    "mxn_mxn": 1,
    "mxn_pen": 0.19596177,
    "mxn_usd": 0.052351255,
    "pen_clp": 242.83845401,
    "pen_cop": 1076.16288548,
    "pen_crc": 140.26792936,
    "pen_gtq": 2.06597847,
    "pen_mxn": 5.10303613,
    "pen_pen": 1,
    "pen_usd": 0.26715035,
    "timestamp": "2024-08-25 19:14:30",
    "usd_clp": 908.99546921,
    "usd_cop": 4028.304294,
    "usd_crc": 525.05239659,
    "usd_gtq": 7.73339245,
    "usd_mxn": 19.1017388,
    "usd_pen": 3.74321058,
    "usd_usd": 1
}