{
    "clp_clp": 1,
    "clp_cop": 4.32516081,
    "clp_crc": 0.52922279,
    "clp_gtq": 0.0080358789,
    "clp_mxn": 0.021405257,
    "clp_pen": 0.0038811919,
    "clp_usd": 0.0010419392,
    "cop_clp": 0.23120528,
    "cop_cop": 1,
    "cop_crc": 0.1223591,
    "cop_gtq": 0.0018579376,
    "cop_mxn": 0.0049490084,
    "cop_pen": 0.00089735203,
    "cop_usd": 0.00024090183,
    "crc_clp": 1.88956337,
    "crc_cop": 8.17266543,
    "crc_crc": 1,
    "crc_gtq": 0.015184302,
    "crc_mxn": 0.04044659,
    "crc_pen": 0.007333758,
    "crc_usd": 0.0019688101,
    "gtq_clp": 124.44189561,
    "gtq_cop": 538.23121035,
    "gtq_crc": 65.85748738,
    "gtq_gtq": 1,
    "gtq_mxn": 2.66371078,
    "gtq_pen": 0.48298287,
    "gtq_usd": 0.12966088,
    "mxn_clp": 46.71749519,
    "mxn_cop": 202.06067945,
    "mxn_crc": 24.72396322,
    "mxn_gtq": 0.37541613,
    "mxn_mxn": 1,
    "mxn_pen": 0.18131956,
    "mxn_usd": 0.048676788,
    "pen_clp": 257.65281317,
    "pen_cop": 1114.38985083,
    "pen_crc": 136.35574103,
    "pen_gtq": 2.0704668,
    "pen_mxn": 5.51512473,
    "pen_pen": 1,
    "pen_usd": 0.26845856,
    "timestamp": "2025-03-02 06:32:32",
    "usd_clp": 959.74893721,
    "usd_cop": 4151.0684933,
    "usd_crc": 507.92101172,
    "usd_gtq": 7.71242621,
    "usd_mxn": 20.54367284,
    "usd_pen": 3.72496976,
    "usd_usd": 1
}