{
    "clp_clp": 1,
    "clp_cop": 4.43795971,
    "clp_crc": 0.5080628,
    "clp_gtq": 0.0077410223,
    "clp_mxn": 0.020485701,
    "clp_pen": 0.0037603988,
    "clp_usd": 0.0010056211,
    "cop_clp": 0.22532877,
    "cop_cop": 1,
    "cop_crc": 0.11448117,
    "cop_gtq": 0.001744275,
    "cop_mxn": 0.0046160179,
    "cop_pen": 0.00084732603,
    "cop_usd": 0.00022659536,
    "crc_clp": 1.9682606,
    "crc_cop": 8.73506125,
    "crc_crc": 1,
    "crc_gtq": 0.015236349,
    "crc_mxn": 0.040321199,
    "crc_pen": 0.0074014448,
    "crc_usd": 0.0019793243,
    "gtq_clp": 129.18190415,
    "gtq_cop": 573.30408568,
    "gtq_crc": 65.63252042,
    "gtq_gtq": 1,
    "gtq_mxn": 2.64638192,
    "gtq_pen": 0.48577548,
    "gtq_usd": 0.12990804,
    "mxn_clp": 48.8145355,
    "mxn_cop": 216.63694177,
    "mxn_crc": 24.80084977,
    "mxn_gtq": 0.37787441,
    "mxn_mxn": 1,
    "mxn_pen": 0.18356212,
    "mxn_usd": 0.049088925,
    "pen_clp": 263.79598562,
    "pen_cop": 1165.07636141,
    "pen_crc": 135.04312455,
    "pen_gtq": 2.05378675,
    "pen_mxn": 5.38063644,
    "pen_pen": 1,
    "pen_usd": 0.26679489,
    "timestamp": "2024-12-19 06:37:24",
    "usd_clp": 988.75950284,
    "usd_cop": 4366.93652173,
    "usd_crc": 506.16832693,
    "usd_gtq": 7.69799875,
    "usd_mxn": 20.16768905,
    "usd_pen": 3.74819769,
    "usd_usd": 1
}