{
    "clp_clp": 1,
    "clp_cop": 4.20279588,
    "clp_crc": 0.52699149,
    "clp_gtq": 0.0085714006,
    "clp_mxn": 0.019696884,
    "clp_pen": 0.0038169338,
    "clp_usd": 0.0011173407,
    "cop_clp": 0.23924731,
    "cop_cop": 1,
    "cop_crc": 0.12481568,
    "cop_gtq": 0.0020248991,
    "cop_mxn": 0.0046662073,
    "cop_pen": 0.00090937289,
    "cop_usd": 0.00026401599,
    "crc_clp": 1.91680486,
    "crc_cop": 8.01181364,
    "crc_crc": 1,
    "crc_gtq": 0.016223114,
    "crc_mxn": 0.037384783,
    "crc_pen": 0.0072857261,
    "crc_usd": 0.0021152469,
    "gtq_clp": 116.66704679,
    "gtq_cop": 490.32778325,
    "gtq_crc": 61.48254095,
    "gtq_gtq": 1,
    "gtq_mxn": 2.29797728,
    "gtq_pen": 0.44531039,
    "gtq_usd": 0.13035684,
    "mxn_clp": 51.2723283,
    "mxn_cop": 214.30681178,
    "mxn_crc": 26.74885132,
    "mxn_gtq": 0.43394966,
    "mxn_mxn": 1,
    "mxn_pen": 0.1948848,
    "mxn_usd": 0.056580426,
    "pen_clp": 263.09043609,
    "pen_cop": 1099.65890839,
    "pen_crc": 137.25467895,
    "pen_gtq": 2.22669829,
    "pen_mxn": 5.13123638,
    "pen_pen": 1,
    "pen_usd": 0.29032754,
    "timestamp": "2026-03-06 06:59:50",
    "usd_clp": 894.98215813,
    "usd_cop": 3761.42732419,
    "usd_crc": 471.64798199,
    "usd_gtq": 7.67125065,
    "usd_mxn": 17.62835966,
    "usd_pen": 3.41608762,
    "usd_usd": 1
}