{
    "clp_clp": 1,
    "clp_cop": 4.14147762,
    "clp_crc": 0.52420934,
    "clp_gtq": 0.0084136433,
    "clp_mxn": 0.019515391,
    "clp_pen": 0.0038172007,
    "clp_usd": 0.0010968336,
    "cop_clp": 0.24110493,
    "cop_cop": 1,
    "cop_crc": 0.12596755,
    "cop_gtq": 0.0020263386,
    "cop_mxn": 0.0047160174,
    "cop_pen": 0.00092031406,
    "cop_usd": 0.00026439587,
    "crc_clp": 1.91402417,
    "crc_cop": 7.93855272,
    "crc_crc": 1,
    "crc_gtq": 0.016086196,
    "crc_mxn": 0.037438353,
    "crc_pen": 0.0073059617,
    "crc_usd": 0.0020989205,
    "gtq_clp": 118.85457561,
    "gtq_cop": 492.23356491,
    "gtq_crc": 62.30467916,
    "gtq_gtq": 1,
    "gtq_mxn": 2.3194935,
    "gtq_pen": 0.45369177,
    "gtq_usd": 0.13036369,
    "mxn_clp": 51.12468945,
    "mxn_cop": 212.04332159,
    "mxn_crc": 26.71057674,
    "mxn_gtq": 0.42967157,
    "mxn_mxn": 1,
    "mxn_pen": 0.19514645,
    "mxn_usd": 0.056063378,
    "pen_clp": 261.97207708,
    "pen_cop": 1084.95149423,
    "pen_crc": 137.32821077,
    "pen_gtq": 2.2041396,
    "pen_mxn": 5.11248749,
    "pen_pen": 1,
    "pen_usd": 0.28733977,
    "timestamp": "2026-03-08 06:52:55",
    "usd_clp": 911.9088259,
    "usd_cop": 3782.20735442,
    "usd_crc": 476.43537664,
    "usd_gtq": 7.66403289,
    "usd_mxn": 17.8369558,
    "usd_pen": 3.48081859,
    "usd_usd": 1
}