{
    "clp_clp": 1,
    "clp_cop": 4.39660625,
    "clp_crc": 0.56862397,
    "clp_gtq": 0.0084370696,
    "clp_mxn": 0.021049696,
    "clp_pen": 0.0040944391,
    "clp_usd": 0.0010916718,
    "cop_clp": 0.22744816,
    "cop_cop": 1,
    "cop_crc": 0.12933247,
    "cop_gtq": 0.001918996,
    "cop_mxn": 0.0047877145,
    "cop_pen": 0.00093127264,
    "cop_usd": 0.00024829874,
    "crc_clp": 1.75863146,
    "crc_cop": 7.73201008,
    "crc_crc": 1,
    "crc_gtq": 0.014837696,
    "crc_mxn": 0.037018657,
    "crc_pen": 0.0072006095,
    "crc_usd": 0.0019198483,
    "gtq_clp": 118.52456411,
    "gtq_cop": 521.10583907,
    "gtq_crc": 67.39590784,
    "gtq_gtq": 1,
    "gtq_mxn": 2.494906,
    "gtq_pen": 0.48529161,
    "gtq_usd": 0.12938992,
    "mxn_clp": 47.50662521,
    "mxn_cop": 208.86792519,
    "mxn_crc": 27.01340569,
    "mxn_gtq": 0.4008167,
    "mxn_mxn": 1,
    "mxn_pen": 0.19451298,
    "mxn_usd": 0.051861642,
    "pen_clp": 244.23369651,
    "pen_cop": 1073.79939597,
    "pen_crc": 138.8771334,
    "pen_gtq": 2.0606167,
    "pen_mxn": 5.14104497,
    "pen_pen": 1,
    "pen_usd": 0.26662303,
    "timestamp": "2024-08-22 19:13:38",
    "usd_clp": 916.02624744,
    "usd_cop": 4027.40672258,
    "usd_crc": 520.87447875,
    "usd_gtq": 7.72857723,
    "usd_mxn": 19.28207368,
    "usd_pen": 3.7506137,
    "usd_usd": 1
}