{
    "clp_clp": 1,
    "clp_cop": 4.19643723,
    "clp_crc": 0.51652591,
    "clp_gtq": 0.008598261,
    "clp_mxn": 0.019405254,
    "clp_pen": 0.0039002666,
    "clp_usd": 0.0011223717,
    "cop_clp": 0.23829738,
    "cop_cop": 1,
    "cop_crc": 0.12308677,
    "cop_gtq": 0.0020489431,
    "cop_mxn": 0.0046242212,
    "cop_pen": 0.0009294233,
    "cop_usd": 0.00026745824,
    "crc_clp": 1.93601129,
    "crc_cop": 8.12434987,
    "crc_crc": 1,
    "crc_gtq": 0.01664633,
    "crc_mxn": 0.037568791,
    "crc_pen": 0.0075509601,
    "crc_usd": 0.0021729243,
    "gtq_clp": 116.30258786,
    "gtq_cop": 488.0565095,
    "gtq_crc": 60.07330031,
    "gtq_gtq": 1,
    "gtq_mxn": 2.25688126,
    "gtq_pen": 0.45361109,
    "gtq_usd": 0.13053474,
    "mxn_clp": 51.53243553,
    "mxn_cop": 216.25263094,
    "mxn_crc": 26.61783828,
    "mxn_gtq": 0.44308933,
    "mxn_mxn": 1,
    "mxn_pen": 0.20099023,
    "mxn_usd": 0.057838548,
    "pen_clp": 258.97173862,
    "pen_cop": 1076.3343086,
    "pen_crc": 132.23477779,
    "pen_gtq": 2.20522277,
    "pen_mxn": 4.97902635,
    "pen_pen": 1,
    "pen_usd": 0.28880857,
    "timestamp": "2026-05-08 07:52:19",
    "usd_clp": 890.97042015,
    "usd_cop": 3738.90144088,
    "usd_crc": 460.20930917,
    "usd_gtq": 7.66079617,
    "usd_mxn": 17.2895073,
    "usd_pen": 3.47502213,
    "usd_usd": 1
}