{
    "clp_clp": 1,
    "clp_cop": 4.34326307,
    "clp_crc": 0.57873159,
    "clp_gtq": 0.0085669042,
    "clp_mxn": 0.019461078,
    "clp_pen": 0.0041226928,
    "clp_usd": 0.0011042179,
    "cop_clp": 0.23000027,
    "cop_cop": 1,
    "cop_crc": 0.13204596,
    "cop_gtq": 0.0019497477,
    "cop_mxn": 0.0044684401,
    "cop_pen": 0.00094603597,
    "cop_usd": 0.00025157169,
    "crc_clp": 1.72791673,
    "crc_cop": 7.50479691,
    "crc_crc": 1,
    "crc_gtq": 0.014802897,
    "crc_mxn": 0.033627121,
    "crc_pen": 0.0071236698,
    "crc_usd": 0.0019079966,
    "gtq_clp": 116.72828071,
    "gtq_cop": 506.98163075,
    "gtq_crc": 67.55434378,
    "gtq_gtq": 1,
    "gtq_mxn": 2.27165812,
    "gtq_pen": 0.48123484,
    "gtq_usd": 0.12889346,
    "mxn_clp": 51.38461615,
    "mxn_cop": 223.17690566,
    "mxn_crc": 29.73790073,
    "mxn_gtq": 0.44020708,
    "mxn_mxn": 1,
    "mxn_pen": 0.21184298,
    "mxn_usd": 0.056739814,
    "pen_clp": 243.1200093,
    "pen_cop": 1057.04225702,
    "pen_crc": 139.57815994,
    "pen_gtq": 2.06096568,
    "pen_mxn": 4.72333004,
    "pen_pen": 1,
    "pen_usd": 0.2659219,
    "timestamp": "2024-07-13 06:27:49",
    "usd_clp": 914.25342432,
    "usd_cop": 3975.0101438,
    "usd_crc": 524.88403177,
    "usd_gtq": 7.75026678,
    "usd_mxn": 17.76209482,
    "usd_pen": 3.76050259,
    "usd_usd": 1
}