{
    "clp_clp": 1,
    "clp_cop": 4.47442955,
    "clp_crc": 0.54258335,
    "clp_gtq": 0.0082256222,
    "clp_mxn": 0.020250118,
    "clp_pen": 0.0038887131,
    "clp_usd": 0.0010702352,
    "cop_clp": 0.22349218,
    "cop_cop": 1,
    "cop_crc": 0.12126313,
    "cop_gtq": 0.0018383622,
    "cop_mxn": 0.004525743,
    "cop_pen": 0.00086909696,
    "cop_usd": 0.0002391892,
    "crc_clp": 1.8430348,
    "crc_cop": 8.24652937,
    "crc_crc": 1,
    "crc_gtq": 0.015160108,
    "crc_mxn": 0.037321673,
    "crc_pen": 0.0071670336,
    "crc_usd": 0.0019724807,
    "gtq_clp": 121.57135121,
    "gtq_cop": 543.96244646,
    "gtq_crc": 65.96259127,
    "gtq_gtq": 1,
    "gtq_mxn": 2.46183426,
    "gtq_pen": 0.47275611,
    "gtq_usd": 0.13010994,
    "mxn_clp": 49.38242731,
    "mxn_cop": 220.95819207,
    "mxn_crc": 26.79408295,
    "mxn_gtq": 0.40620119,
    "mxn_mxn": 1,
    "mxn_pen": 0.19203409,
    "mxn_usd": 0.052850812,
    "pen_clp": 257.1544804,
    "pen_cop": 1150.61960641,
    "pen_crc": 139.52774,
    "pen_gtq": 2.11525559,
    "pen_mxn": 5.20740868,
    "pen_pen": 1,
    "pen_usd": 0.27521578,
    "timestamp": "2025-06-12 19:45:38",
    "usd_clp": 934.3740463,
    "usd_cop": 4180.79084493,
    "usd_crc": 506.97580222,
    "usd_gtq": 7.68580786,
    "usd_mxn": 18.92118507,
    "usd_pen": 3.63351261,
    "usd_usd": 1
}