{
    "clp_clp": 1,
    "clp_cop": 3.87544484,
    "clp_crc": 0.50652434,
    "clp_gtq": 0.0084680824,
    "clp_mxn": 0.019152537,
    "clp_pen": 0.0037814588,
    "clp_usd": 0.0011119347,
    "cop_clp": 0.25803489,
    "cop_cop": 1,
    "cop_crc": 0.13070095,
    "cop_gtq": 0.0021850608,
    "cop_mxn": 0.0049420229,
    "cop_pen": 0.00097574832,
    "cop_usd": 0.00028691796,
    "crc_clp": 1.97423881,
    "crc_cop": 7.6510536,
    "crc_crc": 1,
    "crc_gtq": 0.016718017,
    "crc_mxn": 0.037811682,
    "crc_pen": 0.0074655027,
    "crc_usd": 0.0021952247,
    "gtq_clp": 118.09048934,
    "gtq_cop": 457.65317765,
    "gtq_crc": 59.81570661,
    "gtq_gtq": 1,
    "gtq_mxn": 2.2617325,
    "gtq_pen": 0.44655432,
    "gtq_usd": 0.13130892,
    "mxn_clp": 52.21240329,
    "mxn_cop": 202.34628893,
    "mxn_crc": 26.44685287,
    "mxn_gtq": 0.44213894,
    "mxn_mxn": 1,
    "mxn_pen": 0.19743905,
    "mxn_usd": 0.058056785,
    "pen_clp": 264.44820879,
    "pen_cop": 1024.85444637,
    "pen_crc": 133.94945317,
    "pen_gtq": 2.23936924,
    "pen_mxn": 5.06485418,
    "pen_pen": 1,
    "pen_usd": 0.29404915,
    "timestamp": "2026-06-15 11:15:19",
    "usd_clp": 899.51546468,
    "usd_cop": 3485.97567317,
    "usd_crc": 457.46596496,
    "usd_gtq": 7.62118472,
    "usd_mxn": 17.16726306,
    "usd_pen": 3.39739938,
    "usd_usd": 1
}