{
    "clp_clp": 1,
    "clp_cop": 4.23622109,
    "clp_crc": 0.57588437,
    "clp_gtq": 0.0089028722,
    "clp_mxn": 0.020024315,
    "clp_pen": 0.0039053805,
    "clp_usd": 0.0011622479,
    "cop_clp": 0.23605945,
    "cop_cop": 1,
    "cop_crc": 0.13594295,
    "cop_gtq": 0.0021016071,
    "cop_mxn": 0.0047269286,
    "cop_pen": 0.00092190195,
    "cop_usd": 0.00027435961,
    "crc_clp": 1.73645969,
    "crc_cop": 7.35602718,
    "crc_crc": 1,
    "crc_gtq": 0.015459479,
    "crc_mxn": 0.034771415,
    "crc_pen": 0.0067815358,
    "crc_usd": 0.0020181967,
    "gtq_clp": 112.32330173,
    "gtq_cop": 475.82633959,
    "gtq_crc": 64.68523404,
    "gtq_gtq": 1,
    "gtq_mxn": 2.24919712,
    "gtq_pen": 0.43866523,
    "gtq_usd": 0.13054753,
    "mxn_clp": 49.93928745,
    "mxn_cop": 211.55386264,
    "mxn_crc": 28.75925517,
    "mxn_gtq": 0.44460309,
    "mxn_mxn": 1,
    "mxn_pen": 0.19503192,
    "mxn_usd": 0.058041834,
    "pen_clp": 256.05699738,
    "pen_cop": 1084.71405228,
    "pen_crc": 147.45922305,
    "pen_gtq": 2.27964272,
    "pen_mxn": 5.12736586,
    "pen_pen": 1,
    "pen_usd": 0.29760172,
    "timestamp": "2026-02-04 20:11:37",
    "usd_clp": 860.40160685,
    "usd_cop": 3644.85143195,
    "usd_crc": 495.49183875,
    "usd_gtq": 7.66004554,
    "usd_mxn": 17.22895241,
    "usd_pen": 3.36019564,
    "usd_usd": 1
}