{
    "clp_clp": 1,
    "clp_cop": 4.09679405,
    "clp_crc": 0.53246599,
    "clp_gtq": 0.0081363964,
    "clp_mxn": 0.01971122,
    "clp_pen": 0.0035947004,
    "clp_usd": 0.0010610258,
    "cop_clp": 0.24409331,
    "cop_cop": 1,
    "cop_crc": 0.12997138,
    "cop_gtq": 0.0019860399,
    "cop_mxn": 0.0048113768,
    "cop_pen": 0.00087744229,
    "cop_usd": 0.00025898928,
    "crc_clp": 1.87805422,
    "crc_cop": 7.69400137,
    "crc_crc": 1,
    "crc_gtq": 0.015280594,
    "crc_mxn": 0.03701874,
    "crc_pen": 0.0067510422,
    "crc_usd": 0.0019926639,
    "gtq_clp": 122.90453371,
    "gtq_cop": 503.51456218,
    "gtq_crc": 65.44248409,
    "gtq_gtq": 1,
    "gtq_mxn": 2.4225983,
    "gtq_pen": 0.44180497,
    "gtq_usd": 0.13040488,
    "mxn_clp": 50.73252696,
    "mxn_cop": 207.84071448,
    "mxn_crc": 27.01334514,
    "mxn_gtq": 0.41277995,
    "mxn_mxn": 1,
    "mxn_pen": 0.18236823,
    "mxn_usd": 0.053828518,
    "pen_clp": 278.18730281,
    "pen_cop": 1139.67608634,
    "pen_crc": 148.1252773,
    "pen_gtq": 2.26344216,
    "pen_mxn": 5.48341113,
    "pen_pen": 1,
    "pen_usd": 0.29516389,
    "timestamp": "2025-11-01 19:45:45",
    "usd_clp": 942.48419418,
    "usd_cop": 3861.16363693,
    "usd_crc": 501.84077852,
    "usd_gtq": 7.66842496,
    "usd_mxn": 18.5775133,
    "usd_pen": 3.38794828,
    "usd_usd": 1
}