{
    "clp_clp": 1,
    "clp_cop": 4.1339717,
    "clp_crc": 0.53325451,
    "clp_gtq": 0.0082936191,
    "clp_mxn": 0.019787047,
    "clp_pen": 0.0036463018,
    "clp_usd": 0.0010826588,
    "cop_clp": 0.24189812,
    "cop_cop": 1,
    "cop_crc": 0.12899327,
    "cop_gtq": 0.0020062109,
    "cop_mxn": 0.0047864495,
    "cop_pen": 0.00088203357,
    "cop_usd": 0.00026189314,
    "crc_clp": 1.87527714,
    "crc_cop": 7.75234261,
    "crc_crc": 1,
    "crc_gtq": 0.015552834,
    "crc_mxn": 0.037106196,
    "crc_pen": 0.0068378265,
    "crc_usd": 0.0020302853,
    "gtq_clp": 120.57462363,
    "gtq_cop": 498.45208132,
    "gtq_crc": 64.29696243,
    "gtq_gtq": 1,
    "gtq_mxn": 2.38581572,
    "gtq_pen": 0.43965147,
    "gtq_usd": 0.13054118,
    "mxn_clp": 50.72290687,
    "mxn_cop": 208.13751044,
    "mxn_crc": 26.92308177,
    "mxn_gtq": 0.4183368,
    "mxn_mxn": 1,
    "mxn_pen": 0.18419874,
    "mxn_usd": 0.054618115,
    "pen_clp": 274.2504724,
    "pen_cop": 1133.7436905,
    "pen_crc": 146.24530262,
    "pen_gtq": 2.27452895,
    "pen_mxn": 5.42660693,
    "pen_pen": 1,
    "pen_usd": 0.29691969,
    "timestamp": "2025-12-03 06:48:20",
    "usd_clp": 923.65201862,
    "usd_cop": 3818.35130183,
    "usd_crc": 492.54160912,
    "usd_gtq": 7.66041801,
    "usd_mxn": 18.2763457,
    "usd_pen": 3.36791405,
    "usd_usd": 1
}