{
    "clp_clp": 1,
    "clp_cop": 4.02805039,
    "clp_crc": 0.5197449,
    "clp_gtq": 0.0080296649,
    "clp_mxn": 0.01725203,
    "clp_pen": 0.0038074868,
    "clp_usd": 0.0010317335,
    "cop_clp": 0.24825906,
    "cop_cop": 1,
    "cop_crc": 0.12903138,
    "cop_gtq": 0.001993437,
    "cop_mxn": 0.0042829727,
    "cop_pen": 0.00094524309,
    "cop_usd": 0.00025613718,
    "crc_clp": 1.92402082,
    "crc_cop": 7.75005282,
    "crc_crc": 1,
    "crc_gtq": 0.015449242,
    "crc_mxn": 0.033193265,
    "crc_pen": 0.0073256839,
    "crc_usd": 0.0019850767,
    "gtq_clp": 124.53819859,
    "gtq_cop": 501.6461398,
    "gtq_crc": 64.72809298,
    "gtq_gtq": 1,
    "gtq_mxn": 2.14853672,
    "gtq_pen": 0.47417755,
    "gtq_usd": 0.12849023,
    "mxn_clp": 57.96419367,
    "mxn_cop": 233.48269311,
    "mxn_crc": 30.12659377,
    "mxn_gtq": 0.46543305,
    "mxn_mxn": 1,
    "mxn_pen": 0.2206979,
    "mxn_usd": 0.059803599,
    "pen_clp": 262.64043687,
    "pen_cop": 1057.92891499,
    "pen_crc": 136.50602635,
    "pen_gtq": 2.10891469,
    "pen_mxn": 4.53108066,
    "pen_pen": 1,
    "pen_usd": 0.27097493,
    "timestamp": "2024-03-22 19:00:24",
    "usd_clp": 969.24256667,
    "usd_cop": 3904.15790173,
    "usd_crc": 503.75887629,
    "usd_gtq": 7.782693,
    "usd_mxn": 16.7214017,
    "usd_pen": 3.69037829,
    "usd_usd": 1
}