{
    "clp_clp": 1,
    "clp_cop": 4.50380273,
    "clp_crc": 0.54686941,
    "clp_gtq": 0.0081484135,
    "clp_mxn": 0.021144249,
    "clp_pen": 0.0040089791,
    "clp_usd": 0.001052773,
    "cop_clp": 0.22148388,
    "cop_cop": 1,
    "cop_crc": 0.12142158,
    "cop_gtq": 0.0018193273,
    "cop_mxn": 0.0046595235,
    "cop_pen": 0.00088896347,
    "cop_usd": 0.00023509141,
    "crc_clp": 1.82409,
    "crc_cop": 8.2357686,
    "crc_crc": 1,
    "crc_gtq": 0.014983558,
    "crc_mxn": 0.038374757,
    "crc_pen": 0.0073212974,
    "crc_usd": 0.0019361585,
    "gtq_clp": 122.72327584,
    "gtq_cop": 552.72142479,
    "gtq_crc": 67.11360491,
    "gtq_gtq": 1,
    "gtq_mxn": 2.59489149,
    "gtq_pen": 0.49199505,
    "gtq_usd": 0.12919975,
    "mxn_clp": 47.29418407,
    "mxn_cop": 213.00367536,
    "mxn_crc": 25.86374233,
    "mxn_gtq": 0.38537257,
    "mxn_mxn": 1,
    "mxn_pen": 0.1896014,
    "mxn_usd": 0.049790039,
    "pen_clp": 249.14846344,
    "pen_cop": 1124.90561746,
    "pen_crc": 136.58781249,
    "pen_gtq": 2.04657146,
    "pen_mxn": 5.24152417,
    "pen_pen": 1,
    "pen_usd": 0.26445565,
    "timestamp": "2024-09-12 06:33:26",
    "usd_clp": 949.87239656,
    "usd_cop": 4278.03789306,
    "usd_crc": 519.45615289,
    "usd_gtq": 7.73995308,
    "usd_mxn": 20.08433838,
    "usd_pen": 3.80801859,
    "usd_usd": 1
}