{
    "clp_clp": 1,
    "clp_cop": 4.55279209,
    "clp_crc": 0.52251762,
    "clp_gtq": 0.0079542397,
    "clp_mxn": 0.020877552,
    "clp_pen": 0.0038584772,
    "clp_usd": 0.0010312994,
    "cop_clp": 0.21964544,
    "cop_cop": 1,
    "cop_crc": 0.11476861,
    "cop_gtq": 0.0017471124,
    "cop_mxn": 0.004585659,
    "cop_pen": 0.00084749691,
    "cop_usd": 0.0002265202,
    "crc_clp": 1.92679942,
    "crc_cop": 8.69281595,
    "crc_crc": 1,
    "crc_gtq": 0.015234116,
    "crc_mxn": 0.039834593,
    "crc_pen": 0.0073805651,
    "crc_usd": 0.0019758263,
    "gtq_clp": 126.47923836,
    "gtq_cop": 570.61504777,
    "gtq_crc": 65.64214068,
    "gtq_gtq": 1,
    "gtq_mxn": 2.61482792,
    "gtq_pen": 0.48447609,
    "gtq_usd": 0.12969747,
    "mxn_clp": 48.29178424,
    "mxn_cop": 219.58717544,
    "mxn_crc": 25.13604257,
    "mxn_gtq": 0.38209061,
    "mxn_mxn": 1,
    "mxn_pen": 0.18619773,
    "mxn_usd": 0.049524008,
    "pen_clp": 261.06394285,
    "pen_cop": 1177.79816,
    "pen_crc": 135.49098085,
    "pen_gtq": 2.06408535,
    "pen_mxn": 5.39722801,
    "pen_pen": 1,
    "pen_usd": 0.26770665,
    "timestamp": "2024-12-11 06:38:55",
    "usd_clp": 969.65053066,
    "usd_cop": 4414.61726124,
    "usd_crc": 506.65948832,
    "usd_gtq": 7.71283274,
    "usd_mxn": 20.24392919,
    "usd_pen": 3.74137447,
    "usd_usd": 1
}