{
    "clp_clp": 1,
    "clp_cop": 4.41379919,
    "clp_crc": 0.5406438,
    "clp_gtq": 0.0081677125,
    "clp_mxn": 0.020444564,
    "clp_pen": 0.0038479916,
    "clp_usd": 0.0010642395,
    "cop_clp": 0.22656219,
    "cop_cop": 1,
    "cop_crc": 0.12248944,
    "cop_gtq": 0.0018504948,
    "cop_mxn": 0.0046319652,
    "cop_pen": 0.0008718094,
    "cop_usd": 0.00024111643,
    "crc_clp": 1.84964665,
    "crc_cop": 8.16396888,
    "crc_crc": 1,
    "crc_gtq": 0.015107382,
    "crc_mxn": 0.03781522,
    "crc_pen": 0.0071174248,
    "crc_usd": 0.001968467,
    "gtq_clp": 122.43330056,
    "gtq_cop": 540.39600339,
    "gtq_crc": 66.19280539,
    "gtq_gtq": 1,
    "gtq_mxn": 2.50309548,
    "gtq_pen": 0.47112232,
    "gtq_usd": 0.13029836,
    "mxn_clp": 48.91275675,
    "mxn_cop": 215.89108634,
    "mxn_crc": 26.44437889,
    "mxn_gtq": 0.39950533,
    "mxn_mxn": 1,
    "mxn_pen": 0.18821588,
    "mxn_usd": 0.052054888,
    "pen_clp": 259.87582454,
    "pen_cop": 1147.03970503,
    "pen_crc": 140.50025443,
    "pen_gtq": 2.12259102,
    "pen_mxn": 5.313048,
    "pen_pen": 1,
    "pen_usd": 0.27657012,
    "timestamp": "2025-06-04 06:42:46",
    "usd_clp": 939.63810794,
    "usd_cop": 4147.37392396,
    "usd_crc": 508.00952136,
    "usd_gtq": 7.67469392,
    "usd_mxn": 19.21049171,
    "usd_pen": 3.61571958,
    "usd_usd": 1
}