{
    "clp_clp": 1,
    "clp_cop": 4.16235899,
    "clp_crc": 0.55063782,
    "clp_gtq": 0.0086442072,
    "clp_mxn": 0.019871879,
    "clp_pen": 0.0037972414,
    "clp_usd": 0.0011276118,
    "cop_clp": 0.24006198,
    "cop_cop": 1,
    "cop_crc": 0.13200523,
    "cop_gtq": 0.0020754995,
    "cop_mxn": 0.0047730889,
    "cop_pen": 0.0009101657,
    "cop_usd": 0.00027080435,
    "crc_clp": 1.81857939,
    "crc_cop": 7.57545764,
    "crc_crc": 1,
    "crc_gtq": 0.015722859,
    "crc_mxn": 0.036158333,
    "crc_pen": 0.0068949217,
    "crc_usd": 0.0020514669,
    "gtq_clp": 115.68440822,
    "gtq_cop": 481.52003639,
    "gtq_crc": 63.70021054,
    "gtq_gtq": 1,
    "gtq_mxn": 2.29886652,
    "gtq_pen": 0.43928163,
    "gtq_usd": 0.13044711,
    "mxn_clp": 50.32236852,
    "mxn_cop": 209.45976292,
    "mxn_crc": 27.70939938,
    "mxn_gtq": 0.43499698,
    "mxn_mxn": 1,
    "mxn_pen": 0.19108618,
    "mxn_usd": 0.056744098,
    "pen_clp": 263.75635045,
    "pen_cop": 1098.70103332,
    "pen_crc": 145.03427856,
    "pen_gtq": 2.28035346,
    "pen_mxn": 5.24419772,
    "pen_pen": 1,
    "pen_usd": 0.29753302,
    "timestamp": "2026-01-18 06:42:41",
    "usd_clp": 886.4775873,
    "usd_cop": 3692.70290374,
    "usd_crc": 487.45608253,
    "usd_gtq": 7.66420308,
    "usd_mxn": 17.6255993,
    "usd_pen": 3.36097154,
    "usd_usd": 1
}