{
    "clp_clp": 1,
    "clp_cop": 3.38559777,
    "clp_crc": 0.48093243,
    "clp_gtq": 0.0080626805,
    "clp_mxn": 0.018515536,
    "clp_pen": 0.0035956397,
    "clp_usd": 0.0010568933,
    "cop_clp": 0.29083056,
    "cop_cop": 1,
    "cop_crc": 0.14090575,
    "cop_gtq": 0.0023695263,
    "cop_mxn": 0.0054017706,
    "cop_pen": 0.0010557171,
    "cop_usd": 0.00031070629,
    "crc_clp": 2.07929419,
    "crc_cop": 7.03965376,
    "crc_crc": 1,
    "crc_gtq": 0.016764685,
    "crc_mxn": 0.038499246,
    "crc_pen": 0.0074763928,
    "crc_usd": 0.0021975921,
    "gtq_clp": 124.02823161,
    "gtq_cop": 419.90970462,
    "gtq_crc": 59.64919851,
    "gtq_gtq": 1,
    "gtq_mxn": 2.29644917,
    "gtq_pen": 0.44596084,
    "gtq_usd": 0.13108461,
    "mxn_clp": 53.83985711,
    "mxn_cop": 185.12448542,
    "mxn_crc": 26.08510428,
    "mxn_gtq": 0.43865735,
    "mxn_mxn": 1,
    "mxn_pen": 0.19543909,
    "mxn_usd": 0.057519342,
    "pen_clp": 275.48151594,
    "pen_cop": 947.22342543,
    "pen_crc": 133.46922628,
    "pen_gtq": 2.24447086,
    "pen_mxn": 5.11668364,
    "pen_pen": 1,
    "pen_usd": 0.29430828,
    "timestamp": "2026-07-24 07:46:45",
    "usd_clp": 936.03047694,
    "usd_cop": 3218.47363022,
    "usd_crc": 453.50143766,
    "usd_gtq": 7.62625805,
    "usd_mxn": 17.38545619,
    "usd_pen": 3.39779776,
    "usd_usd": 1
}