{
    "clp_clp": 1,
    "clp_cop": 3.44795783,
    "clp_crc": 0.48484341,
    "clp_gtq": 0.0081570312,
    "clp_mxn": 0.018603571,
    "clp_pen": 0.0036380783,
    "clp_usd": 0.0010693402,
    "cop_clp": 0.29002675,
    "cop_cop": 1,
    "cop_crc": 0.14061756,
    "cop_gtq": 0.0023657573,
    "cop_mxn": 0.0053955333,
    "cop_pen": 0.00105514,
    "cop_usd": 0.00031013727,
    "crc_clp": 2.06252161,
    "crc_cop": 7.11148752,
    "crc_crc": 1,
    "crc_gtq": 0.016824053,
    "crc_mxn": 0.038370268,
    "crc_pen": 0.0075036151,
    "crc_usd": 0.0022055373,
    "gtq_clp": 122.59362152,
    "gtq_cop": 422.69763667,
    "gtq_crc": 59.43870893,
    "gtq_gtq": 1,
    "gtq_mxn": 2.28067917,
    "gtq_pen": 0.44600519,
    "gtq_usd": 0.13109429,
    "mxn_clp": 53.75312007,
    "mxn_cop": 185.33849099,
    "mxn_crc": 26.06184578,
    "mxn_gtq": 0.43846588,
    "mxn_mxn": 1,
    "mxn_pen": 0.19555806,
    "mxn_usd": 0.057480374,
    "pen_clp": 274.8703913,
    "pen_cop": 947.74151666,
    "pen_crc": 133.26909653,
    "pen_gtq": 2.24212637,
    "pen_mxn": 5.11357091,
    "pen_pen": 1,
    "pen_usd": 0.29392997,
    "timestamp": "2026-07-22 20:50:38",
    "usd_clp": 935.1560632,
    "usd_cop": 3224.37866605,
    "usd_crc": 453.40425016,
    "usd_gtq": 7.62809722,
    "usd_mxn": 17.39724247,
    "usd_pen": 3.40217096,
    "usd_usd": 1
}