{
    "clp_clp": 1,
    "clp_cop": 4.44723942,
    "clp_crc": 0.53584976,
    "clp_gtq": 0.0081363069,
    "clp_mxn": 0.020609695,
    "clp_pen": 0.0039130036,
    "clp_usd": 0.0010594493,
    "cop_clp": 0.22521569,
    "cop_cop": 1,
    "cop_crc": 0.12081533,
    "cop_gtq": 0.0018295657,
    "cop_mxn": 0.0046435673,
    "cop_pen": 0.00087969622,
    "cop_usd": 0.0002384851,
    "crc_clp": 1.86619472,
    "crc_cop": 8.29941473,
    "crc_crc": 1,
    "crc_gtq": 0.015183933,
    "crc_mxn": 0.038461703,
    "crc_pen": 0.0073024266,
    "crc_usd": 0.0019771386,
    "gtq_clp": 122.90588553,
    "gtq_cop": 546.59189888,
    "gtq_crc": 65.85908965,
    "gtq_gtq": 1,
    "gtq_mxn": 2.53305277,
    "gtq_pen": 0.48093117,
    "gtq_usd": 0.13021255,
    "mxn_clp": 48.52085467,
    "mxn_cop": 215.78385751,
    "mxn_crc": 25.99988848,
    "mxn_gtq": 0.39478056,
    "mxn_mxn": 1,
    "mxn_pen": 0.18986228,
    "mxn_usd": 0.051405384,
    "pen_clp": 256.01529803,
    "pen_cop": 1136.7560454,
    "pen_crc": 137.33755767,
    "pen_gtq": 2.07976982,
    "pen_mxn": 5.27860326,
    "pen_pen": 1,
    "pen_usd": 0.27109938,
    "timestamp": "2025-05-19 19:43:18",
    "usd_clp": 943.88663191,
    "usd_cop": 4197.68983604,
    "usd_crc": 505.78142817,
    "usd_gtq": 7.67975128,
    "usd_mxn": 19.45321529,
    "usd_pen": 3.69343175,
    "usd_usd": 1
}