{
    "clp_clp": 1,
    "clp_cop": 4.16583498,
    "clp_crc": 0.52406068,
    "clp_gtq": 0.0079501151,
    "clp_mxn": 0.019500127,
    "clp_pen": 0.0036834706,
    "clp_usd": 0.0010371787,
    "cop_clp": 0.23888761,
    "cop_cop": 1,
    "cop_crc": 0.12528968,
    "cop_gtq": 0.001900337,
    "cop_mxn": 0.004670099,
    "cop_pen": 0.00087202761,
    "cop_usd": 0.00024792956,
    "crc_clp": 1.90668227,
    "crc_cop": 7.98150338,
    "crc_crc": 1,
    "crc_gtq": 0.015167547,
    "crc_mxn": 0.037274411,
    "crc_pen": 0.0069600913,
    "crc_usd": 0.0019788506,
    "gtq_clp": 125.70802166,
    "gtq_cop": 526.22244059,
    "gtq_crc": 65.9302409,
    "gtq_gtq": 1,
    "gtq_mxn": 2.45751088,
    "gtq_pen": 0.4588805,
    "gtq_usd": 0.1304661,
    "mxn_clp": 51.15257994,
    "mxn_cop": 214.12822431,
    "mxn_crc": 26.82805659,
    "mxn_gtq": 0.4069158,
    "mxn_mxn": 1,
    "mxn_pen": 0.18672572,
    "mxn_usd": 0.053088716,
    "pen_clp": 273.94500912,
    "pen_cop": 1146.75268433,
    "pen_crc": 143.67627623,
    "pen_gtq": 2.17921661,
    "pen_mxn": 5.35544853,
    "pen_pen": 1,
    "pen_usd": 0.28431389,
    "timestamp": "2025-08-20 06:41:53",
    "usd_clp": 963.5301766,
    "usd_cop": 4033.40371124,
    "usd_crc": 505.34385807,
    "usd_gtq": 7.66482651,
    "usd_mxn": 18.83639452,
    "usd_pen": 3.51723939,
    "usd_usd": 1
}