{
    "clp_clp": 1,
    "clp_cop": 4.54253509,
    "clp_crc": 0.54336485,
    "clp_gtq": 0.0082394836,
    "clp_mxn": 0.020832805,
    "clp_pen": 0.0038948164,
    "clp_usd": 0.0010706589,
    "cop_clp": 0.22014139,
    "cop_cop": 1,
    "cop_crc": 0.1196171,
    "cop_gtq": 0.0018138514,
    "cop_mxn": 0.0045861627,
    "cop_pen": 0.0008574103,
    "cop_usd": 0.00023569635,
    "crc_clp": 1.84038403,
    "crc_cop": 8.36000903,
    "crc_crc": 1,
    "crc_gtq": 0.015163814,
    "crc_mxn": 0.038340362,
    "crc_pen": 0.0071679578,
    "crc_usd": 0.0019704236,
    "gtq_clp": 121.36682885,
    "gtq_cop": 551.31307933,
    "gtq_crc": 65.94646935,
    "gtq_gtq": 1,
    "gtq_mxn": 2.52841149,
    "gtq_pen": 0.47270151,
    "gtq_usd": 0.12994248,
    "mxn_clp": 48.00121711,
    "mxn_cop": 218.04721329,
    "mxn_crc": 26.08217437,
    "mxn_gtq": 0.39550524,
    "mxn_mxn": 1,
    "mxn_pen": 0.18695593,
    "mxn_usd": 0.051392932,
    "pen_clp": 256.75151444,
    "pen_cop": 1166.3027648,
    "pen_crc": 139.50974938,
    "pen_gtq": 2.1154999,
    "pen_mxn": 5.34885426,
    "pen_pen": 1,
    "pen_usd": 0.2748933,
    "timestamp": "2025-05-12 19:42:39",
    "usd_clp": 934.00426292,
    "usd_cop": 4242.74714239,
    "usd_crc": 507.50509079,
    "usd_gtq": 7.69571284,
    "usd_mxn": 19.45792876,
    "usd_pen": 3.63777509,
    "usd_usd": 1
}