{
    "clp_clp": 1,
    "clp_cop": 4.40321891,
    "clp_crc": 0.5465998,
    "clp_gtq": 0.0082212069,
    "clp_mxn": 0.020454913,
    "clp_pen": 0.0039039802,
    "clp_usd": 0.001070036,
    "cop_clp": 0.22710658,
    "cop_cop": 1,
    "cop_crc": 0.12413641,
    "cop_gtq": 0.0018670902,
    "cop_mxn": 0.0046454454,
    "cop_pen": 0.00088661961,
    "cop_usd": 0.00024301222,
    "crc_clp": 1.82949208,
    "crc_cop": 8.05565412,
    "crc_crc": 1,
    "crc_gtq": 0.015040633,
    "crc_mxn": 0.037422101,
    "crc_pen": 0.0071423009,
    "crc_usd": 0.0019576224,
    "gtq_clp": 121.63664213,
    "gtq_cop": 535.59276237,
    "gtq_crc": 66.48656389,
    "gtq_gtq": 1,
    "gtq_mxn": 2.48806691,
    "gtq_pen": 0.47486705,
    "gtq_usd": 0.13015559,
    "mxn_clp": 48.88801086,
    "mxn_cop": 215.2646137,
    "mxn_crc": 26.72217681,
    "mxn_gtq": 0.40191845,
    "mxn_mxn": 1,
    "mxn_pen": 0.19085783,
    "mxn_usd": 0.052311931,
    "pen_clp": 256.1488378,
    "pen_cop": 1127.87940547,
    "pen_crc": 140.01090272,
    "pen_gtq": 2.10585259,
    "pen_mxn": 5.23950215,
    "pen_pen": 1,
    "pen_usd": 0.27408848,
    "timestamp": "2025-06-08 19:50:06",
    "usd_clp": 934.54800222,
    "usd_cop": 4115.0194324,
    "usd_crc": 510.82374822,
    "usd_gtq": 7.68311247,
    "usd_mxn": 19.11609791,
    "usd_pen": 3.64845693,
    "usd_usd": 1
}