{
    "clp_clp": 1,
    "clp_cop": 4.07166326,
    "clp_crc": 0.52267844,
    "clp_gtq": 0.0081036985,
    "clp_mxn": 0.01780817,
    "clp_pen": 0.0038860318,
    "clp_usd": 0.0010418461,
    "cop_clp": 0.24559988,
    "cop_cop": 1,
    "cop_crc": 0.12836976,
    "cop_gtq": 0.0019902674,
    "cop_mxn": 0.0043736844,
    "cop_pen": 0.00095440893,
    "cop_usd": 0.00025587727,
    "crc_clp": 1.91322221,
    "crc_cop": 7.7899966,
    "crc_crc": 1,
    "crc_gtq": 0.015504176,
    "crc_mxn": 0.034070987,
    "crc_pen": 0.0074348423,
    "crc_usd": 0.0019932831,
    "gtq_clp": 123.40044446,
    "gtq_cop": 502.44505627,
    "gtq_crc": 64.49875165,
    "gtq_gtq": 1,
    "gtq_mxn": 2.19753611,
    "gtq_pen": 0.47953805,
    "gtq_usd": 0.12856427,
    "mxn_clp": 56.15400068,
    "mxn_cop": 228.6401816,
    "mxn_crc": 29.35048541,
    "mxn_gtq": 0.45505509,
    "mxn_mxn": 1,
    "mxn_pen": 0.21821623,
    "mxn_usd": 0.058503825,
    "pen_clp": 257.33191552,
    "pen_cop": 1047.76890666,
    "pen_crc": 134.50184385,
    "pen_gtq": 2.08534026,
    "pen_mxn": 4.58261054,
    "pen_pen": 1,
    "pen_usd": 0.26810025,
    "timestamp": "2024-04-21 06:26:10",
    "usd_clp": 955.06581682,
    "usd_cop": 3926.18735974,
    "usd_crc": 501.77173409,
    "usd_gtq": 7.77866313,
    "usd_mxn": 17.13453009,
    "usd_pen": 3.69521242,
    "usd_usd": 1
}