{
    "clp_clp": 1,
    "clp_cop": 4.18741346,
    "clp_crc": 0.54512875,
    "clp_gtq": 0.0084108334,
    "clp_mxn": 0.01980767,
    "clp_pen": 0.0036991473,
    "clp_usd": 0.0010983042,
    "cop_clp": 0.23881091,
    "cop_cop": 1,
    "cop_crc": 0.13018269,
    "cop_gtq": 0.0020085987,
    "cop_mxn": 0.0047302876,
    "cop_pen": 0.00088339672,
    "cop_usd": 0.00026228703,
    "crc_clp": 1.83442904,
    "crc_cop": 7.68151284,
    "crc_crc": 1,
    "crc_gtq": 0.015429077,
    "crc_mxn": 0.036335765,
    "crc_pen": 0.0067858232,
    "crc_usd": 0.0020147612,
    "gtq_clp": 118.89428269,
    "gtq_cop": 497.8595191,
    "gtq_crc": 64.81269114,
    "gtq_gtq": 1,
    "gtq_mxn": 2.35501872,
    "gtq_pen": 0.43980747,
    "gtq_usd": 0.13058209,
    "mxn_clp": 50.48549375,
    "mxn_cop": 211.40363581,
    "mxn_crc": 27.52109386,
    "mxn_gtq": 0.42462508,
    "mxn_mxn": 1,
    "mxn_pen": 0.18675328,
    "mxn_usd": 0.055448432,
    "pen_clp": 270.33257017,
    "pen_cop": 1131.99424175,
    "pen_crc": 147.36605478,
    "pen_gtq": 2.2737222,
    "pen_mxn": 5.35465834,
    "pen_pen": 1,
    "pen_usd": 0.29690741,
    "timestamp": "2025-12-21 19:53:53",
    "usd_clp": 910.49453163,
    "usd_cop": 3812.61705278,
    "usd_crc": 496.33674159,
    "usd_gtq": 7.65801779,
    "usd_mxn": 18.03477522,
    "usd_pen": 3.3680534,
    "usd_usd": 1
}