{
    "clp_clp": 1,
    "clp_cop": 4.5040098,
    "clp_crc": 0.56222015,
    "clp_gtq": 0.0083759897,
    "clp_mxn": 0.021049353,
    "clp_pen": 0.0040880968,
    "clp_usd": 0.0010835709,
    "cop_clp": 0.22416387,
    "cop_cop": 1,
    "cop_crc": 0.12475589,
    "cop_gtq": 0.0018615369,
    "cop_mxn": 0.0046680582,
    "cop_pen": 0.00090537588,
    "cop_usd": 0.00024089896,
    "crc_clp": 1.77866268,
    "crc_cop": 8.01111416,
    "crc_crc": 1,
    "crc_gtq": 0.01489806,
    "crc_mxn": 0.0374397,
    "crc_pen": 0.0072713453,
    "crc_usd": 0.0019273072,
    "gtq_clp": 120.41870712,
    "gtq_cop": 537.19052116,
    "gtq_crc": 67.01768231,
    "gtq_gtq": 1,
    "gtq_mxn": 2.50763662,
    "gtq_pen": 0.48635934,
    "gtq_usd": 0.12940864,
    "mxn_clp": 48.02079618,
    "mxn_cop": 214.22183601,
    "mxn_crc": 26.72543611,
    "mxn_gtq": 0.39878186,
    "mxn_mxn": 1,
    "mxn_pen": 0.19395128,
    "mxn_usd": 0.051605817,
    "pen_clp": 244.61260057,
    "pen_cop": 1101.73755096,
    "pen_crc": 137.52613297,
    "pen_gtq": 2.04887263,
    "pen_mxn": 5.14893709,
    "pen_pen": 1,
    "pen_usd": 0.2650551,
    "timestamp": "2024-09-24 06:35:54",
    "usd_clp": 930.53067845,
    "usd_cop": 4151.11797883,
    "usd_crc": 517.8764237,
    "usd_gtq": 7.72745947,
    "usd_mxn": 19.37766036,
    "usd_pen": 3.75832208,
    "usd_usd": 1
}