{
    "clp_clp": 1,
    "clp_cop": 4.21169366,
    "clp_crc": 0.54289088,
    "clp_gtq": 0.0083428659,
    "clp_mxn": 0.019624712,
    "clp_pen": 0.0036680663,
    "clp_usd": 0.001089553,
    "cop_clp": 0.23802325,
    "cop_cop": 1,
    "cop_crc": 0.12984361,
    "cop_gtq": 0.0019941473,
    "cop_mxn": 0.0046762267,
    "cop_pen": 0.00087735798,
    "cop_usd": 0.00026033931,
    "crc_clp": 1.84199078,
    "crc_cop": 7.7579009,
    "crc_crc": 1,
    "crc_gtq": 0.015367482,
    "crc_mxn": 0.036148538,
    "crc_pen": 0.0067565442,
    "crc_usd": 0.0020069466,
    "gtq_clp": 119.36091961,
    "gtq_cop": 501.46747601,
    "gtq_crc": 65.1123483,
    "gtq_gtq": 1,
    "gtq_mxn": 2.34497562,
    "gtq_pen": 0.43996649,
    "gtq_usd": 0.1305517,
    "mxn_clp": 50.90070814,
    "mxn_cop": 213.84762888,
    "mxn_crc": 27.76674852,
    "mxn_gtq": 0.42644367,
    "mxn_mxn": 1,
    "mxn_pen": 0.18762092,
    "mxn_usd": 0.055672944,
    "pen_clp": 271.29547662,
    "pen_cop": 1139.78560448,
    "pen_crc": 147.9938796,
    "pen_gtq": 2.27290036,
    "pen_mxn": 5.32989592,
    "pen_pen": 1,
    "pen_usd": 0.296731,
    "timestamp": "2025-12-18 06:46:58",
    "usd_clp": 917.80755776,
    "usd_cop": 3865.52427253,
    "usd_crc": 498.26935418,
    "usd_gtq": 7.65714534,
    "usd_mxn": 18.01170892,
    "usd_pen": 3.36657893,
    "usd_usd": 1
}