{
    "clp_clp": 1,
    "clp_cop": 4.15617933,
    "clp_crc": 0.52174012,
    "clp_gtq": 0.0079151716,
    "clp_mxn": 0.019288068,
    "clp_pen": 0.0036587557,
    "clp_usd": 0.0010328385,
    "cop_clp": 0.2406056,
    "cop_cop": 1,
    "cop_crc": 0.12553359,
    "cop_gtq": 0.0019044346,
    "cop_mxn": 0.0046408171,
    "cop_pen": 0.0008803171,
    "cop_usd": 0.00024850673,
    "crc_clp": 1.91666303,
    "crc_cop": 7.96599528,
    "crc_crc": 1,
    "crc_gtq": 0.015170717,
    "crc_mxn": 0.036968727,
    "crc_pen": 0.0070126018,
    "crc_usd": 0.0019796034,
    "gtq_clp": 126.33964824,
    "gtq_cop": 525.09023407,
    "gtq_crc": 65.91646313,
    "gtq_gtq": 1,
    "gtq_mxn": 2.43684775,
    "gtq_pen": 0.46224591,
    "gtq_usd": 0.13048846,
    "mxn_clp": 51.84552393,
    "mxn_cop": 215.47929469,
    "mxn_crc": 27.04988983,
    "mxn_gtq": 0.41036622,
    "mxn_mxn": 1,
    "mxn_pen": 0.18969011,
    "mxn_usd": 0.053548054,
    "pen_clp": 272.92556366,
    "pen_cop": 1134.64712214,
    "pen_crc": 142.6644717,
    "pen_gtq": 2.16422327,
    "pen_mxn": 5.26917754,
    "pen_pen": 1,
    "pen_usd": 0.28234318,
    "timestamp": "2025-08-30 06:36:24",
    "usd_clp": 968.20556131,
    "usd_cop": 4024.03593718,
    "usd_crc": 505.1516849,
    "usd_gtq": 7.66351319,
    "usd_mxn": 18.67481487,
    "usd_pen": 3.54242764,
    "usd_usd": 1
}