{
    "clp_clp": 1,
    "clp_cop": 4.04019026,
    "clp_crc": 0.53162392,
    "clp_gtq": 0.0082488061,
    "clp_mxn": 0.019712998,
    "clp_pen": 0.0036230302,
    "clp_usd": 0.001077514,
    "cop_clp": 0.2475131,
    "cop_cop": 1,
    "cop_crc": 0.13158388,
    "cop_gtq": 0.0020416875,
    "cop_mxn": 0.0048792251,
    "cop_pen": 0.00089674742,
    "cop_usd": 0.00026669881,
    "crc_clp": 1.88102899,
    "crc_cop": 7.599715,
    "crc_crc": 1,
    "crc_gtq": 0.015516243,
    "crc_mxn": 0.037080721,
    "crc_pen": 0.0068150248,
    "crc_usd": 0.002026835,
    "gtq_clp": 121.2296656,
    "gtq_cop": 489.79091412,
    "gtq_crc": 64.44858972,
    "gtq_gtq": 1,
    "gtq_mxn": 2.38980014,
    "gtq_pen": 0.43921874,
    "gtq_usd": 0.13062666,
    "mxn_clp": 50.72795145,
    "mxn_cop": 204.95057533,
    "mxn_crc": 26.96819227,
    "mxn_gtq": 0.41844503,
    "mxn_mxn": 1,
    "mxn_pen": 0.1837889,
    "mxn_usd": 0.054660075,
    "pen_clp": 276.01205175,
    "pen_cop": 1115.14120299,
    "pen_crc": 146.73460817,
    "pen_gtq": 2.27676988,
    "pen_mxn": 5.44102499,
    "pen_pen": 1,
    "pen_usd": 0.29740684,
    "timestamp": "2025-11-29 06:39:57",
    "usd_clp": 928.06222797,
    "usd_cop": 3749.54797366,
    "usd_crc": 493.38007714,
    "usd_gtq": 7.65540533,
    "usd_mxn": 18.29488874,
    "usd_pen": 3.36239748,
    "usd_usd": 1
}