{
    "clp_clp": 1,
    "clp_cop": 4.27618837,
    "clp_crc": 0.57917253,
    "clp_gtq": 0.0085885029,
    "clp_mxn": 0.019475929,
    "clp_pen": 0.0041250111,
    "clp_usd": 0.0011057419,
    "cop_clp": 0.23385312,
    "cop_cop": 1,
    "cop_crc": 0.1354413,
    "cop_gtq": 0.0020084482,
    "cop_mxn": 0.0045545068,
    "cop_pen": 0.00096464673,
    "cop_usd": 0.00025858119,
    "crc_clp": 1.72660124,
    "crc_cop": 7.38327214,
    "crc_crc": 1,
    "crc_gtq": 0.01482892,
    "crc_mxn": 0.033627163,
    "crc_pen": 0.0071222494,
    "crc_usd": 0.0019091753,
    "gtq_clp": 116.4347287,
    "gtq_cop": 497.89683316,
    "gtq_crc": 67.43579588,
    "gtq_gtq": 1,
    "gtq_mxn": 2.2676745,
    "gtq_pen": 0.48029455,
    "gtq_usd": 0.12874676,
    "mxn_clp": 51.34543278,
    "mxn_cop": 219.56274268,
    "mxn_crc": 29.73786397,
    "mxn_gtq": 0.4409804,
    "mxn_mxn": 1,
    "mxn_pen": 0.21180048,
    "mxn_usd": 0.056774796,
    "pen_clp": 242.42358734,
    "pen_cop": 1036.64892568,
    "pen_crc": 140.40508132,
    "pen_gtq": 2.08205567,
    "pen_mxn": 4.72142456,
    "pen_pen": 1,
    "pen_usd": 0.26805792,
    "timestamp": "2024-06-04 19:08:11",
    "usd_clp": 904.37018263,
    "usd_cop": 3867.25726045,
    "usd_crc": 523.78636266,
    "usd_gtq": 7.7671859,
    "usd_mxn": 17.61344941,
    "usd_pen": 3.73053708,
    "usd_usd": 1
}