{
    "clp_clp": 1,
    "clp_cop": 4.14407408,
    "clp_crc": 0.52182992,
    "clp_gtq": 0.0079388691,
    "clp_mxn": 0.019366554,
    "clp_pen": 0.003684992,
    "clp_usd": 0.0010338503,
    "cop_clp": 0.24130843,
    "cop_cop": 1,
    "cop_crc": 0.12592196,
    "cop_gtq": 0.001915716,
    "cop_mxn": 0.0046733127,
    "cop_pen": 0.00088921963,
    "cop_usd": 0.00024947679,
    "crc_clp": 1.91633321,
    "crc_cop": 7.94142677,
    "crc_crc": 1,
    "crc_gtq": 0.015213518,
    "crc_mxn": 0.03711277,
    "crc_pen": 0.0070616726,
    "crc_usd": 0.0019812016,
    "gtq_clp": 125.96252599,
    "gtq_cop": 521.99803902,
    "gtq_crc": 65.73101458,
    "gtq_gtq": 1,
    "gtq_mxn": 2.43946004,
    "gtq_pen": 0.4641709,
    "gtq_usd": 0.13022639,
    "mxn_clp": 51.63541271,
    "mxn_cop": 213.98097544,
    "mxn_crc": 26.94490317,
    "mxn_gtq": 0.40992678,
    "mxn_mxn": 1,
    "mxn_pen": 0.19027608,
    "mxn_usd": 0.053383287,
    "pen_clp": 271.37100802,
    "pen_cop": 1124.58156046,
    "pen_crc": 141.60951081,
    "pen_gtq": 2.1543789,
    "pen_mxn": 5.25552124,
    "pen_pen": 1,
    "pen_usd": 0.280557,
    "timestamp": "2025-07-15 06:46:20",
    "usd_clp": 967.25803153,
    "usd_cop": 4008.38893737,
    "usd_crc": 504.74417911,
    "usd_gtq": 7.67893486,
    "usd_mxn": 18.73245474,
    "usd_pen": 3.56433813,
    "usd_usd": 1
}