{
    "clp_clp": 1,
    "clp_cop": 4.57132143,
    "clp_crc": 0.53826444,
    "clp_gtq": 0.0081911932,
    "clp_mxn": 0.020972645,
    "clp_pen": 0.0038965212,
    "clp_usd": 0.0010635103,
    "cop_clp": 0.22216687,
    "cop_cop": 1,
    "cop_crc": 0.11876547,
    "cop_gtq": 0.0018079386,
    "cop_mxn": 0.0046003087,
    "cop_pen": 0.00086215735,
    "cop_usd": 0.0002346224,
    "crc_clp": 1.8578229,
    "crc_cop": 8.49270562,
    "crc_crc": 1,
    "crc_gtq": 0.015217786,
    "crc_mxn": 0.03896346,
    "crc_pen": 0.0072390463,
    "crc_usd": 0.0019758138,
    "gtq_clp": 122.08233643,
    "gtq_cop": 558.07760093,
    "gtq_crc": 65.71258037,
    "gtq_gtq": 1,
    "gtq_mxn": 2.56038949,
    "gtq_pen": 0.47569641,
    "gtq_usd": 0.12983582,
    "mxn_clp": 47.68115829,
    "mxn_cop": 217.96590078,
    "mxn_crc": 25.66507193,
    "mxn_gtq": 0.39056558,
    "mxn_mxn": 1,
    "mxn_pen": 0.18579064,
    "mxn_usd": 0.050709404,
    "pen_clp": 256.6391777,
    "pen_cop": 1173.1801732,
    "pen_crc": 138.1397431,
    "pen_gtq": 2.10218108,
    "pen_mxn": 5.38240233,
    "pen_pen": 1,
    "pen_usd": 0.27293841,
    "timestamp": "2025-05-06 06:41:56",
    "usd_clp": 940.28236666,
    "usd_cop": 4298.33293454,
    "usd_crc": 506.12056092,
    "usd_gtq": 7.7020345,
    "usd_mxn": 19.72020816,
    "usd_pen": 3.66383019,
    "usd_usd": 1
}