{
    "clp_clp": 1,
    "clp_cop": 3.50972868,
    "clp_crc": 0.48885678,
    "clp_gtq": 0.0082481859,
    "clp_mxn": 0.018896104,
    "clp_pen": 0.0036746474,
    "clp_usd": 0.001081584,
    "cop_clp": 0.28492231,
    "cop_cop": 1,
    "cop_crc": 0.1392862,
    "cop_gtq": 0.0023500922,
    "cop_mxn": 0.0053839217,
    "cop_pen": 0.001046989,
    "cop_usd": 0.00030816742,
    "crc_clp": 2.03413108,
    "crc_cop": 7.12026012,
    "crc_crc": 1,
    "crc_gtq": 0.016761373,
    "crc_mxn": 0.038440705,
    "crc_pen": 0.0074724369,
    "crc_usd": 0.0021938765,
    "gtq_clp": 121.35826108,
    "gtq_cop": 424.80172316,
    "gtq_crc": 59.66098376,
    "gtq_gtq": 1,
    "gtq_mxn": 2.29341026,
    "gtq_pen": 0.44581294,
    "gtq_usd": 0.13088883,
    "mxn_clp": 52.92096067,
    "mxn_cop": 185.73821327,
    "mxn_crc": 25.87077059,
    "mxn_gtq": 0.43650192,
    "mxn_mxn": 1,
    "mxn_pen": 0.19446587,
    "mxn_usd": 0.057238465,
    "pen_clp": 272.13495431,
    "pen_cop": 955.11985321,
    "pen_crc": 133.03501836,
    "pen_gtq": 2.24461969,
    "pen_mxn": 5.14229052,
    "pen_pen": 1,
    "pen_usd": 0.29433682,
    "timestamp": "2026-07-13 08:36:09",
    "usd_clp": 924.56987612,
    "usd_cop": 3244.98940831,
    "usd_crc": 451.98225548,
    "usd_gtq": 7.62602422,
    "usd_mxn": 17.47076894,
    "usd_pen": 3.39746828,
    "usd_usd": 1
}