{
    "clp_clp": 1,
    "clp_cop": 3.51746054,
    "clp_crc": 0.49024495,
    "clp_gtq": 0.0082265892,
    "clp_mxn": 0.018802471,
    "clp_pen": 0.0036769999,
    "clp_usd": 0.0010799164,
    "cop_clp": 0.28429601,
    "cop_cop": 1,
    "cop_crc": 0.13937468,
    "cop_gtq": 0.0023387865,
    "cop_mxn": 0.0053454675,
    "cop_pen": 0.0010453564,
    "cop_usd": 0.00030701593,
    "crc_clp": 2.03979664,
    "crc_cop": 7.17490421,
    "crc_crc": 1,
    "crc_gtq": 0.016780569,
    "crc_mxn": 0.038353218,
    "crc_pen": 0.007500332,
    "crc_usd": 0.0022028099,
    "gtq_clp": 121.55706093,
    "gtq_cop": 427.57216554,
    "gtq_crc": 59.59273508,
    "gtq_gtq": 1,
    "gtq_mxn": 2.28557314,
    "gtq_pen": 0.4469653,
    "gtq_usd": 0.13127146,
    "mxn_clp": 53.18449845,
    "mxn_cop": 187.07437482,
    "mxn_crc": 26.07343171,
    "mxn_gtq": 0.43752702,
    "mxn_mxn": 1,
    "mxn_pen": 0.1955594,
    "mxn_usd": 0.057434812,
    "pen_clp": 272.12483496,
    "pen_cop": 945.30679279,
    "pen_crc": 133.00148603,
    "pen_gtq": 2.2304102,
    "pen_mxn": 5.11383765,
    "pen_pen": 1,
    "pen_usd": 0.29206522,
    "timestamp": "2026-07-15 07:45:06",
    "usd_clp": 931.72627511,
    "usd_cop": 3236.62916332,
    "usd_crc": 455.38283627,
    "usd_gtq": 7.63668553,
    "usd_mxn": 17.50923212,
    "usd_pen": 3.42389284,
    "usd_usd": 1
}