{
    "clp_clp": 1,
    "clp_cop": 4.12513246,
    "clp_crc": 0.53943177,
    "clp_gtq": 0.0083088892,
    "clp_mxn": 0.017790266,
    "clp_pen": 0.0039255043,
    "clp_usd": 0.0010640048,
    "cop_clp": 0.24241646,
    "cop_cop": 1,
    "cop_crc": 0.13076714,
    "cop_gtq": 0.0020142115,
    "cop_mxn": 0.0043126532,
    "cop_pen": 0.00095160686,
    "cop_usd": 0.00025793228,
    "crc_clp": 1.85380256,
    "crc_cop": 7.6471811,
    "crc_crc": 1,
    "crc_gtq": 0.01540304,
    "crc_mxn": 0.03297964,
    "crc_pen": 0.00727711,
    "crc_usd": 0.0019724549,
    "gtq_clp": 120.3530306,
    "gtq_cop": 496.47219321,
    "gtq_crc": 64.92224872,
    "gtq_gtq": 1,
    "gtq_mxn": 2.14111241,
    "gtq_pen": 0.47244634,
    "gtq_usd": 0.12805621,
    "mxn_clp": 56.21051474,
    "mxn_cop": 231.87581895,
    "mxn_crc": 30.32173764,
    "mxn_gtq": 0.46704694,
    "mxn_mxn": 1,
    "mxn_pen": 0.22065462,
    "mxn_usd": 0.05980826,
    "pen_clp": 254.74433637,
    "pen_cop": 1050.85413102,
    "pen_crc": 137.41718911,
    "pen_gtq": 2.11664247,
    "pen_mxn": 4.53196946,
    "pen_pen": 1,
    "pen_usd": 0.27104921,
    "timestamp": "2024-03-18 19:01:55",
    "usd_clp": 939.84534948,
    "usd_cop": 3876.98655869,
    "usd_crc": 506.98244352,
    "usd_gtq": 7.8090709,
    "usd_mxn": 16.72009861,
    "usd_pen": 3.68936701,
    "usd_usd": 1
}