{
    "clp_clp": 1,
    "clp_cop": 4.49281086,
    "clp_crc": 0.51921303,
    "clp_gtq": 0.0078618282,
    "clp_mxn": 0.020729418,
    "clp_pen": 0.0038666829,
    "clp_usd": 0.0010182232,
    "cop_clp": 0.22257781,
    "cop_cop": 1,
    "cop_crc": 0.1155653,
    "cop_gtq": 0.0017498685,
    "cop_mxn": 0.0046139085,
    "cop_pen": 0.00086063781,
    "cop_usd": 0.00022663389,
    "crc_clp": 1.92599172,
    "crc_cop": 8.6531165,
    "crc_crc": 1,
    "crc_gtq": 0.015141816,
    "crc_mxn": 0.039924688,
    "crc_pen": 0.0074471993,
    "crc_usd": 0.0019610894,
    "gtq_clp": 127.19687803,
    "gtq_cop": 571.47151433,
    "gtq_crc": 66.04227669,
    "gtq_gtq": 1,
    "gtq_mxn": 2.63671729,
    "gtq_pen": 0.49182999,
    "gtq_usd": 0.12951481,
    "mxn_clp": 48.2406204,
    "mxn_cop": 216.73598298,
    "mxn_crc": 25.04715878,
    "mxn_gtq": 0.37925947,
    "mxn_mxn": 1,
    "mxn_pen": 0.18653118,
    "mxn_usd": 0.049119719,
    "pen_clp": 258.61960372,
    "pen_cop": 1161.92896294,
    "pen_crc": 134.27866856,
    "pen_gtq": 2.03322289,
    "pen_mxn": 5.36103395,
    "pen_pen": 1,
    "pen_usd": 0.26333248,
    "timestamp": "2024-11-25 19:26:20",
    "usd_clp": 985.3739585,
    "usd_cop": 4418.55216314,
    "usd_crc": 511.32584054,
    "usd_gtq": 7.7175084,
    "usd_mxn": 20.42244015,
    "usd_pen": 3.79738455,
    "usd_usd": 1
}