{
    "clp_clp": 1,
    "clp_cop": 4.06871442,
    "clp_crc": 0.52885255,
    "clp_gtq": 0.0080383886,
    "clp_mxn": 0.019237482,
    "clp_pen": 0.0036519458,
    "clp_usd": 0.0010497672,
    "cop_clp": 0.24577788,
    "cop_cop": 1,
    "cop_crc": 0.12998026,
    "cop_gtq": 0.0019756581,
    "cop_mxn": 0.0047281475,
    "cop_pen": 0.00089756749,
    "cop_usd": 0.00025800957,
    "crc_clp": 1.89088622,
    "crc_cop": 7.69347606,
    "crc_crc": 1,
    "crc_gtq": 0.015199678,
    "crc_mxn": 0.03637589,
    "crc_pen": 0.006905414,
    "crc_usd": 0.0019849904,
    "gtq_clp": 124.40304232,
    "gtq_cop": 506.16045266,
    "gtq_crc": 65.79086606,
    "gtq_gtq": 1,
    "gtq_mxn": 2.39320129,
    "gtq_pen": 0.45431317,
    "gtq_usd": 0.13059424,
    "mxn_clp": 51.98185501,
    "mxn_cop": 211.49932327,
    "mxn_crc": 27.49073653,
    "mxn_gtq": 0.41785035,
    "mxn_mxn": 1,
    "mxn_pen": 0.18983492,
    "mxn_usd": 0.054568849,
    "pen_clp": 273.82662602,
    "pen_cop": 1114.12234295,
    "pen_crc": 144.81390921,
    "pen_gtq": 2.20112484,
    "pen_mxn": 5.26773479,
    "pen_pen": 1,
    "pen_usd": 0.28745422,
    "timestamp": "2025-09-18 19:27:48",
    "usd_clp": 952.59211416,
    "usd_cop": 3875.82527507,
    "usd_crc": 503.78076792,
    "usd_gtq": 7.65730561,
    "usd_mxn": 18.32547365,
    "usd_pen": 3.47881478,
    "usd_usd": 1
}