{
    "clp_clp": 1,
    "clp_cop": 4.163746,
    "clp_crc": 0.52368105,
    "clp_gtq": 0.0079854388,
    "clp_mxn": 0.019390537,
    "clp_pen": 0.0036363366,
    "clp_usd": 0.0010415883,
    "cop_clp": 0.23923181,
    "cop_cop": 1,
    "cop_crc": 0.12531493,
    "cop_gtq": 0.0019069353,
    "cop_mxn": 0.004640542,
    "cop_pen": 0.00087347442,
    "cop_usd": 0.00024849918,
    "crc_clp": 1.9090447,
    "crc_cop": 7.97989483,
    "crc_crc": 1,
    "crc_gtq": 0.015217143,
    "crc_mxn": 0.037031037,
    "crc_pen": 0.006970234,
    "crc_usd": 0.0019829973,
    "gtq_clp": 125.45355468,
    "gtq_cop": 524.40164168,
    "gtq_crc": 65.71535753,
    "gtq_gtq": 1,
    "gtq_mxn": 2.43350782,
    "gtq_pen": 0.45805142,
    "gtq_usd": 0.13031338,
    "mxn_clp": 51.55255863,
    "mxn_cop": 215.49207152,
    "mxn_crc": 27.00437489,
    "mxn_gtq": 0.41092944,
    "mxn_mxn": 1,
    "mxn_pen": 0.18822681,
    "mxn_usd": 0.053549603,
    "pen_clp": 273.88530977,
    "pen_cop": 1144.85322032,
    "pen_crc": 143.46720664,
    "pen_gtq": 2.18316101,
    "pen_mxn": 5.31273941,
    "pen_pen": 1,
    "pen_usd": 0.28449509,
    "timestamp": "2025-08-26 19:37:41",
    "usd_clp": 960.07224091,
    "usd_cop": 3997.49695408,
    "usd_crc": 502.77164227,
    "usd_gtq": 7.66659817,
    "usd_mxn": 18.61631663,
    "usd_pen": 3.49114583,
    "usd_usd": 1
}