{
    "clp_clp": 1,
    "clp_cop": 4.04889737,
    "clp_crc": 0.50890477,
    "clp_gtq": 0.0085628704,
    "clp_mxn": 0.019421277,
    "clp_pen": 0.0039055917,
    "clp_usd": 0.0011173686,
    "cop_clp": 0.25221959,
    "cop_cop": 1,
    "cop_crc": 0.12780739,
    "cop_gtq": 0.0021470011,
    "cop_mxn": 0.0048866341,
    "cop_pen": 0.00097372147,
    "cop_usd": 0.00028130337,
    "crc_clp": 1.97343504,
    "crc_cop": 7.82427353,
    "crc_crc": 1,
    "crc_gtq": 0.016798724,
    "crc_mxn": 0.038234362,
    "crc_pen": 0.0076186631,
    "crc_usd": 0.0022009945,
    "gtq_clp": 116.78326972,
    "gtq_cop": 472.84347322,
    "gtq_crc": 59.43156285,
    "gtq_gtq": 1,
    "gtq_mxn": 2.26808018,
    "gtq_pen": 0.45610777,
    "gtq_usd": 0.13048996,
    "mxn_clp": 51.61417467,
    "mxn_cop": 204.63983496,
    "mxn_crc": 26.15448376,
    "mxn_gtq": 0.43936195,
    "mxn_mxn": 1,
    "mxn_pen": 0.1992622,
    "mxn_usd": 0.057565875,
    "pen_clp": 259.02642129,
    "pen_cop": 1026.98773049,
    "pen_crc": 131.25662423,
    "pen_gtq": 2.20494377,
    "pen_mxn": 5.01851329,
    "pen_pen": 1,
    "pen_usd": 0.28889511,
    "timestamp": "2026-04-28 08:15:18",
    "usd_clp": 894.95979942,
    "usd_cop": 3623.6003751,
    "usd_crc": 455.44930964,
    "usd_gtq": 7.66342475,
    "usd_mxn": 17.38126181,
    "usd_pen": 3.49534755,
    "usd_usd": 1
}