{
    "clp_clp": 1,
    "clp_cop": 4.44778009,
    "clp_crc": 0.54441919,
    "clp_gtq": 0.0083035844,
    "clp_mxn": 0.02180155,
    "clp_pen": 0.0039622605,
    "clp_usd": 0.00107636,
    "cop_clp": 0.22483126,
    "cop_cop": 1,
    "cop_crc": 0.12240245,
    "cop_gtq": 0.0018669053,
    "cop_mxn": 0.00490167,
    "cop_pen": 0.00089084002,
    "cop_usd": 0.00024199937,
    "crc_clp": 1.86648645,
    "crc_cop": 8.28151812,
    "crc_crc": 1,
    "crc_gtq": 0.015276604,
    "crc_mxn": 0.04035223,
    "crc_pen": 0.0072581542,
    "crc_usd": 0.0019807812,
    "gtq_clp": 122.17940766,
    "gtq_cop": 542.10464591,
    "gtq_crc": 65.45957376,
    "gtq_gtq": 1,
    "gtq_mxn": 2.64143978,
    "gtq_pen": 0.47511568,
    "gtq_usd": 0.1296611,
    "mxn_clp": 46.25485252,
    "mxn_cop": 205.23074166,
    "mxn_crc": 24.78177779,
    "mxn_gtq": 0.37858141,
    "mxn_mxn": 1,
    "mxn_pen": 0.17986996,
    "mxn_usd": 0.04908728,
    "pen_clp": 252.38118354,
    "pen_cop": 1122.53600243,
    "pen_crc": 137.40115917,
    "pen_gtq": 2.09566845,
    "pen_mxn": 5.50230109,
    "pen_pen": 1,
    "pen_usd": 0.271653,
    "timestamp": "2025-03-11 06:37:56",
    "usd_clp": 929.05722979,
    "usd_cop": 4132.24224611,
    "usd_crc": 505.79658324,
    "usd_gtq": 7.7145051,
    "usd_mxn": 20.25488802,
    "usd_pen": 3.68116678,
    "usd_usd": 1
}