{
    "clp_clp": 1,
    "clp_cop": 4.23915396,
    "clp_crc": 0.51066741,
    "clp_gtq": 0.00853569,
    "clp_mxn": 0.019314665,
    "clp_pen": 0.0038558242,
    "clp_usd": 0.0011185927,
    "cop_clp": 0.2395627,
    "cop_cop": 1,
    "cop_crc": 0.11946368,
    "cop_gtq": 0.0020088392,
    "cop_mxn": 0.004566093,
    "cop_pen": 0.00090361998,
    "cop_usd": 0.0002632859,
    "crc_clp": 2.00531836,
    "crc_cop": 8.37074528,
    "crc_crc": 1,
    "crc_gtq": 0.016815481,
    "crc_mxn": 0.038221602,
    "crc_pen": 0.0075639727,
    "crc_usd": 0.0022038992,
    "gtq_clp": 119.25429506,
    "gtq_cop": 497.79992464,
    "gtq_crc": 59.46900877,
    "gtq_gtq": 1,
    "gtq_mxn": 2.27300077,
    "gtq_pen": 0.44982196,
    "gtq_usd": 0.1310637,
    "mxn_clp": 52.46557624,
    "mxn_cop": 219.00561221,
    "mxn_crc": 26.16321544,
    "mxn_gtq": 0.43994706,
    "mxn_mxn": 1,
    "mxn_pen": 0.19789785,
    "mxn_usd": 0.05766109,
    "pen_clp": 265.11443732,
    "pen_cop": 1106.65990562,
    "pen_crc": 132.20566009,
    "pen_gtq": 2.22310179,
    "pen_mxn": 5.05311208,
    "pen_pen": 1,
    "pen_usd": 0.29136795,
    "timestamp": "2026-05-16 07:25:27",
    "usd_clp": 909.89567578,
    "usd_cop": 3798.15249926,
    "usd_crc": 453.74125849,
    "usd_gtq": 7.62987761,
    "usd_mxn": 17.34271766,
    "usd_pen": 3.43208648,
    "usd_usd": 1
}