{
    "clp_clp": 1,
    "clp_cop": 4.01485209,
    "clp_crc": 0.5097912,
    "clp_gtq": 0.008553393,
    "clp_mxn": 0.019380665,
    "clp_pen": 0.0038493525,
    "clp_usd": 0.0011192446,
    "cop_clp": 0.24907518,
    "cop_cop": 1,
    "cop_crc": 0.12697634,
    "cop_gtq": 0.0021304379,
    "cop_mxn": 0.0048272425,
    "cop_pen": 0.00095877815,
    "cop_usd": 0.00027877606,
    "crc_clp": 1.9615874,
    "crc_cop": 7.87548325,
    "crc_crc": 1,
    "crc_gtq": 0.016778228,
    "crc_mxn": 0.038016867,
    "crc_pen": 0.0075508413,
    "crc_usd": 0.0021954962,
    "gtq_clp": 116.91266833,
    "gtq_cop": 469.38707062,
    "gtq_crc": 59.60104996,
    "gtq_gtq": 1,
    "gtq_mxn": 2.26584521,
    "gtq_pen": 0.45003807,
    "gtq_usd": 0.13085388,
    "mxn_clp": 51.59781787,
    "mxn_cop": 207.15760682,
    "mxn_crc": 26.3041137,
    "mxn_gtq": 0.44133641,
    "mxn_mxn": 1,
    "mxn_pen": 0.19861819,
    "mxn_usd": 0.057750581,
    "pen_clp": 259.78395334,
    "pen_cop": 1042.99414759,
    "pen_crc": 132.43557436,
    "pen_gtq": 2.22203425,
    "pen_mxn": 5.03478566,
    "pen_pen": 1,
    "pen_usd": 0.2907618,
    "timestamp": "2026-04-22 20:47:05",
    "usd_clp": 893.45972175,
    "usd_cop": 3587.10862973,
    "usd_crc": 455.47790731,
    "usd_gtq": 7.64211214,
    "usd_mxn": 17.31584316,
    "usd_pen": 3.43924138,
    "usd_usd": 1
}