{
    "clp_clp": 1,
    "clp_cop": 4.09018256,
    "clp_crc": 0.52887496,
    "clp_gtq": 0.0080484164,
    "clp_mxn": 0.019368192,
    "clp_pen": 0.0036612011,
    "clp_usd": 0.0010497673,
    "cop_clp": 0.24448786,
    "cop_cop": 1,
    "cop_crc": 0.12930351,
    "cop_gtq": 0.0019677401,
    "cop_mxn": 0.0047352879,
    "cop_pen": 0.00089511924,
    "cop_usd": 0.00025665537,
    "crc_clp": 1.89080609,
    "crc_cop": 7.73374209,
    "crc_crc": 1,
    "crc_gtq": 0.015217995,
    "crc_mxn": 0.036621496,
    "crc_pen": 0.0069226213,
    "crc_usd": 0.0019849064,
    "gtq_clp": 124.24804463,
    "gtq_cop": 508.19718463,
    "gtq_crc": 65.7116799,
    "gtq_gtq": 1,
    "gtq_mxn": 2.40646,
    "gtq_pen": 0.45489708,
    "gtq_usd": 0.13043154,
    "mxn_clp": 51.63104513,
    "mxn_cop": 211.18040008,
    "mxn_crc": 27.30636704,
    "mxn_gtq": 0.41554815,
    "mxn_mxn": 1,
    "mxn_pen": 0.18903164,
    "mxn_usd": 0.054200583,
    "pen_clp": 273.13440907,
    "pen_cop": 1117.16959517,
    "pen_crc": 144.45395027,
    "pen_gtq": 2.19829946,
    "pen_mxn": 5.2901197,
    "pen_pen": 1,
    "pen_usd": 0.28672757,
    "timestamp": "2025-09-15 19:25:28",
    "usd_clp": 952.59205806,
    "usd_cop": 3896.27541804,
    "usd_crc": 503.8020887,
    "usd_gtq": 7.66685754,
    "usd_mxn": 18.44998597,
    "usd_pen": 3.48763109,
    "usd_usd": 1
}