{
    "clp_clp": 1,
    "clp_cop": 4.52920241,
    "clp_crc": 0.52171129,
    "clp_gtq": 0.007895593,
    "clp_mxn": 0.020763665,
    "clp_pen": 0.0038827189,
    "clp_usd": 0.0010200746,
    "cop_clp": 0.22078943,
    "cop_cop": 1,
    "cop_crc": 0.11518834,
    "cop_gtq": 0.0017432635,
    "cop_mxn": 0.0045843977,
    "cop_pen": 0.00085726328,
    "cop_usd": 0.00022522168,
    "crc_clp": 1.91676895,
    "crc_cop": 8.68143456,
    "crc_crc": 1,
    "crc_gtq": 0.015134028,
    "crc_mxn": 0.039799149,
    "crc_pen": 0.0074422751,
    "crc_usd": 0.0019552473,
    "gtq_clp": 126.65293095,
    "gtq_cop": 573.63675993,
    "gtq_crc": 66.07626381,
    "gtq_gtq": 1,
    "gtq_mxn": 2.62977905,
    "gtq_pen": 0.49175773,
    "gtq_usd": 0.12919544,
    "mxn_clp": 48.161054,
    "mxn_cop": 218.13116178,
    "mxn_crc": 25.12616554,
    "mxn_gtq": 0.38026008,
    "mxn_mxn": 1,
    "mxn_pen": 0.18699584,
    "mxn_usd": 0.049127867,
    "pen_clp": 257.55147795,
    "pen_cop": 1166.50277427,
    "pen_crc": 134.36751344,
    "pen_gtq": 2.03352166,
    "pen_mxn": 5.34771265,
    "pen_pen": 1,
    "pen_usd": 0.26272172,
    "timestamp": "2024-11-16 06:33:52",
    "usd_clp": 975.42157888,
    "usd_cop": 4483.16828134,
    "usd_crc": 510.90961385,
    "usd_gtq": 7.73030154,
    "usd_mxn": 20.48235322,
    "usd_pen": 3.80316083,
    "usd_usd": 1
}