{
    "clp_clp": 1,
    "clp_cop": 4.51500122,
    "clp_crc": 0.54821856,
    "clp_gtq": 0.0082142648,
    "clp_mxn": 0.021037754,
    "clp_pen": 0.0040136712,
    "clp_usd": 0.001061438,
    "cop_clp": 0.22224165,
    "cop_cop": 1,
    "cop_crc": 0.12341831,
    "cop_gtq": 0.0018318273,
    "cop_mxn": 0.0046411424,
    "cop_pen": 0.00089746203,
    "cop_usd": 0.00023788526,
    "crc_clp": 1.82409,
    "crc_cop": 8.2357686,
    "crc_crc": 1,
    "crc_gtq": 0.014983558,
    "crc_mxn": 0.038374757,
    "crc_pen": 0.0073212974,
    "crc_usd": 0.0019361585,
    "gtq_clp": 121.73943984,
    "gtq_cop": 549.65371991,
    "gtq_crc": 66.73982071,
    "gtq_gtq": 1,
    "gtq_mxn": 2.56112443,
    "gtq_pen": 0.48862208,
    "gtq_usd": 0.12921887,
    "mxn_clp": 47.88511866,
    "mxn_cop": 215.46419356,
    "mxn_crc": 26.59222664,
    "mxn_gtq": 0.39469319,
    "mxn_mxn": 1,
    "mxn_pen": 0.19337093,
    "mxn_usd": 0.051255756,
    "pen_clp": 247.63348973,
    "pen_cop": 1114.2532722,
    "pen_crc": 137.5192558,
    "pen_gtq": 2.04111955,
    "pen_mxn": 5.17140808,
    "pen_pen": 1,
    "pen_usd": 0.26506443,
    "timestamp": "2024-09-13 06:32:45",
    "usd_clp": 942.11813759,
    "usd_cop": 4253.66454466,
    "usd_crc": 516.48665115,
    "usd_gtq": 7.73880789,
    "usd_mxn": 19.82004996,
    "usd_pen": 3.78135239,
    "usd_usd": 1
}