{
    "clp_clp": 1,
    "clp_cop": 4.18844623,
    "clp_crc": 0.57511199,
    "clp_gtq": 0.0088933776,
    "clp_mxn": 0.020135532,
    "clp_pen": 0.0039065043,
    "clp_usd": 0.0011575113,
    "cop_clp": 0.23875202,
    "cop_cop": 1,
    "cop_crc": 0.13730915,
    "cop_gtq": 0.0021233119,
    "cop_mxn": 0.0048073989,
    "cop_pen": 0.0009326858,
    "cop_usd": 0.00027635816,
    "crc_clp": 1.73879177,
    "crc_cop": 7.28283583,
    "crc_crc": 1,
    "crc_gtq": 0.015463732,
    "crc_mxn": 0.035011497,
    "crc_pen": 0.0067925976,
    "crc_usd": 0.0020126711,
    "gtq_clp": 112.44321894,
    "gtq_cop": 470.96237697,
    "gtq_crc": 64.66744379,
    "gtq_gtq": 1,
    "gtq_mxn": 2.264104,
    "gtq_pen": 0.43925992,
    "gtq_usd": 0.13015429,
    "mxn_clp": 49.66345149,
    "mxn_cop": 208.0126964,
    "mxn_crc": 28.56204659,
    "mxn_gtq": 0.44167583,
    "mxn_mxn": 1,
    "mxn_pen": 0.19401049,
    "mxn_usd": 0.057486005,
    "pen_clp": 255.98333265,
    "pen_cop": 1072.17242579,
    "pen_crc": 147.21908473,
    "pen_gtq": 2.27655643,
    "pen_mxn": 5.1543605,
    "pen_pen": 1,
    "pen_usd": 0.2963036,
    "timestamp": "2026-02-03 20:10:56",
    "usd_clp": 863.92246375,
    "usd_cop": 3618.4927903,
    "usd_crc": 496.85217029,
    "usd_gtq": 7.68318865,
    "usd_mxn": 17.39553812,
    "usd_pen": 3.37491685,
    "usd_usd": 1
}