{
    "clp_clp": 1,
    "clp_cop": 4.47763501,
    "clp_crc": 0.5559611,
    "clp_gtq": 0.0083080517,
    "clp_mxn": 0.020759426,
    "clp_pen": 0.0040266839,
    "clp_usd": 0.0010743214,
    "cop_clp": 0.22333218,
    "cop_cop": 1,
    "cop_crc": 0.12416401,
    "cop_gtq": 0.0018554553,
    "cop_mxn": 0.004636248,
    "cop_pen": 0.0008992881,
    "cop_usd": 0.00023993055,
    "crc_clp": 1.79868699,
    "crc_cop": 8.05386384,
    "crc_crc": 1,
    "crc_gtq": 0.014943585,
    "crc_mxn": 0.03733971,
    "crc_pen": 0.0072427439,
    "crc_usd": 0.001932368,
    "gtq_clp": 120.36516347,
    "gtq_cop": 538.95126939,
    "gtq_crc": 66.91834877,
    "gtq_gtq": 1,
    "gtq_mxn": 2.49871174,
    "gtq_pen": 0.48467246,
    "gtq_usd": 0.12931087,
    "mxn_clp": 48.17088813,
    "mxn_cop": 215.69165492,
    "mxn_crc": 26.78113999,
    "mxn_gtq": 0.40020623,
    "mxn_mxn": 1,
    "mxn_pen": 0.19396894,
    "mxn_usd": 0.051751017,
    "pen_clp": 248.34330853,
    "pen_cop": 1111.99069165,
    "pen_crc": 138.06921917,
    "pen_gtq": 2.06324904,
    "pen_mxn": 5.1554646,
    "pen_pen": 1,
    "pen_usd": 0.26680054,
    "timestamp": "2024-09-20 19:17:43",
    "usd_clp": 930.82012743,
    "usd_cop": 4167.87278636,
    "usd_crc": 517.49978264,
    "usd_gtq": 7.73330173,
    "usd_mxn": 19.3232918,
    "usd_pen": 3.74811841,
    "usd_usd": 1
}