{
    "clp_clp": 1,
    "clp_cop": 4.09953229,
    "clp_crc": 0.5207986,
    "clp_gtq": 0.0078878982,
    "clp_mxn": 0.019251727,
    "clp_pen": 0.0036283316,
    "clp_usd": 0.0010285574,
    "cop_clp": 0.24193486,
    "cop_cop": 1,
    "cop_crc": 0.12625957,
    "cop_gtq": 0.0019152749,
    "cop_mxn": 0.0046762716,
    "cop_pen": 0.00088248969,
    "cop_usd": 0.00024986268,
    "crc_clp": 1.92012805,
    "crc_cop": 7.87162692,
    "crc_crc": 1,
    "crc_gtq": 0.015145775,
    "crc_mxn": 0.036965782,
    "crc_pen": 0.0069668613,
    "crc_usd": 0.001974962,
    "gtq_clp": 126.7764838,
    "gtq_cop": 519.72428859,
    "gtq_crc": 66.02501542,
    "gtq_gtq": 1,
    "gtq_mxn": 2.4406663,
    "gtq_pen": 0.45998712,
    "gtq_usd": 0.13039689,
    "mxn_clp": 51.94339088,
    "mxn_cop": 212.94360803,
    "mxn_crc": 27.05204531,
    "mxn_gtq": 0.40972418,
    "mxn_mxn": 1,
    "mxn_pen": 0.18846785,
    "mxn_usd": 0.053426761,
    "pen_clp": 275.60876724,
    "pen_cop": 1129.86703995,
    "pen_crc": 143.53666044,
    "pen_gtq": 2.1739739,
    "pen_mxn": 5.30594485,
    "pen_pen": 1,
    "pen_usd": 0.28347945,
    "timestamp": "2025-09-05 06:38:57",
    "usd_clp": 972.23545337,
    "usd_cop": 3985.71063194,
    "usd_crc": 506.33886409,
    "usd_gtq": 7.6688943,
    "usd_mxn": 18.71721189,
    "usd_pen": 3.52759262,
    "usd_usd": 1
}