{
    "clp_clp": 1,
    "clp_cop": 4.2636518,
    "clp_crc": 0.52397704,
    "clp_gtq": 0.0079670811,
    "clp_mxn": 0.019251118,
    "clp_pen": 0.0036734671,
    "clp_usd": 0.0010376857,
    "cop_clp": 0.23299785,
    "cop_cop": 1,
    "cop_crc": 0.12293225,
    "cop_gtq": 0.0018557548,
    "cop_mxn": 0.0044817403,
    "cop_pen": 0.00085736786,
    "cop_usd": 0.00024176217,
    "crc_clp": 1.89533549,
    "crc_cop": 8.13456204,
    "crc_crc": 1,
    "crc_gtq": 0.015095752,
    "crc_mxn": 0.036456994,
    "crc_pen": 0.0069743121,
    "crc_usd": 0.0019666294,
    "gtq_clp": 125.55422609,
    "gtq_cop": 538.86430532,
    "gtq_crc": 66.24380058,
    "gtq_gtq": 1,
    "gtq_mxn": 2.41504986,
    "gtq_pen": 0.46200494,
    "gtq_usd": 0.130277,
    "mxn_clp": 51.98825424,
    "mxn_cop": 223.12761089,
    "mxn_crc": 27.42957887,
    "mxn_gtq": 0.41407013,
    "mxn_mxn": 1,
    "mxn_pen": 0.19130244,
    "mxn_usd": 0.053943815,
    "pen_clp": 271.75948935,
    "pen_cop": 1166.3604883,
    "pen_crc": 143.38331716,
    "pen_gtq": 2.16447903,
    "pen_mxn": 5.22732477,
    "pen_pen": 1,
    "pen_usd": 0.28198184,
    "timestamp": "2025-07-27 06:42:29",
    "usd_clp": 963.74819524,
    "usd_cop": 4136.29646666,
    "usd_crc": 508.4842243,
    "usd_gtq": 7.67595186,
    "usd_mxn": 18.53780646,
    "usd_pen": 3.54632766,
    "usd_usd": 1
}