{
    "clp_clp": 1,
    "clp_cop": 3.75067503,
    "clp_crc": 0.49737891,
    "clp_gtq": 0.0083490954,
    "clp_mxn": 0.019225379,
    "clp_pen": 0.0037106423,
    "clp_usd": 0.0010940325,
    "cop_clp": 0.26724651,
    "cop_cop": 1,
    "cop_crc": 0.13215695,
    "cop_gtq": 0.00221683,
    "cop_mxn": 0.0051193418,
    "cop_pen": 0.00098840602,
    "cop_usd": 0.00029077095,
    "crc_clp": 2.02219038,
    "crc_cop": 7.56676074,
    "crc_crc": 1,
    "crc_gtq": 0.016774222,
    "crc_mxn": 0.038736834,
    "crc_pen": 0.0074790319,
    "crc_usd": 0.0022001942,
    "gtq_clp": 120.55345299,
    "gtq_cop": 451.09458777,
    "gtq_crc": 59.61528362,
    "gtq_gtq": 1,
    "gtq_mxn": 2.30930736,
    "gtq_pen": 0.44586461,
    "gtq_usd": 0.1311652,
    "mxn_clp": 52.20329491,
    "mxn_cop": 195.33761341,
    "mxn_crc": 25.81522266,
    "mxn_gtq": 0.43303028,
    "mxn_mxn": 1,
    "mxn_pen": 0.19307287,
    "mxn_usd": 0.056798503,
    "pen_clp": 270.38130223,
    "pen_cop": 1011.72997572,
    "pen_crc": 133.70714498,
    "pen_gtq": 2.24283333,
    "pen_mxn": 5.17939151,
    "pen_pen": 1,
    "pen_usd": 0.29418169,
    "timestamp": "2026-06-25 08:35:15",
    "usd_clp": 919.09631348,
    "usd_cop": 3439.13311777,
    "usd_crc": 454.50533385,
    "usd_gtq": 7.62397335,
    "usd_mxn": 17.60609776,
    "usd_pen": 3.39925988,
    "usd_usd": 1
}