{
    "clp_clp": 1,
    "clp_cop": 4.3478209,
    "clp_crc": 0.57411219,
    "clp_gtq": 0.0084771537,
    "clp_mxn": 0.019427977,
    "clp_pen": 0.004113195,
    "clp_usd": 0.0010937886,
    "cop_clp": 0.23000027,
    "cop_cop": 1,
    "cop_crc": 0.13204596,
    "cop_gtq": 0.0019497477,
    "cop_mxn": 0.0044684401,
    "cop_pen": 0.00094603597,
    "cop_usd": 0.00025157169,
    "crc_clp": 1.74181985,
    "crc_cop": 7.57312073,
    "crc_crc": 1,
    "crc_gtq": 0.014765675,
    "crc_mxn": 0.033840037,
    "crc_pen": 0.0071644446,
    "crc_usd": 0.0019051827,
    "gtq_clp": 117.96412311,
    "gtq_cop": 512.88687959,
    "gtq_crc": 67.72464056,
    "gtq_gtq": 1,
    "gtq_mxn": 2.29180431,
    "gtq_pen": 0.48520944,
    "gtq_usd": 0.12902782,
    "mxn_clp": 51.47216211,
    "mxn_cop": 223.79174208,
    "mxn_crc": 29.5507955,
    "mxn_gtq": 0.43633743,
    "mxn_mxn": 1,
    "mxn_pen": 0.21171504,
    "mxn_usd": 0.056299666,
    "pen_clp": 241.16579315,
    "pen_cop": 1049.0172844,
    "pen_crc": 140.01314835,
    "pen_gtq": 2.05142232,
    "pen_mxn": 4.71320829,
    "pen_pen": 1,
    "pen_usd": 0.26428249,
    "timestamp": "2024-07-12 06:31:16",
    "usd_clp": 912.53034209,
    "usd_cop": 3969.30297985,
    "usd_crc": 529.78593891,
    "usd_gtq": 7.76223313,
    "usd_mxn": 17.83397851,
    "usd_pen": 3.78382991,
    "usd_usd": 1
}