{
    "clp_clp": 1,
    "clp_cop": 4.52183434,
    "clp_crc": 0.53919771,
    "clp_gtq": 0.0081806718,
    "clp_mxn": 0.020759605,
    "clp_pen": 0.0038611755,
    "clp_usd": 0.0010627863,
    "cop_clp": 0.22114919,
    "cop_cop": 1,
    "cop_crc": 0.11924314,
    "cop_gtq": 0.0018091489,
    "cop_mxn": 0.0045909698,
    "cop_pen": 0.00085389584,
    "cop_usd": 0.00023503433,
    "crc_clp": 1.86632305,
    "crc_cop": 8.47066461,
    "crc_crc": 1,
    "crc_gtq": 0.015185818,
    "crc_mxn": 0.038642751,
    "crc_pen": 0.0072091278,
    "crc_usd": 0.0019729967,
    "gtq_clp": 122.23934965,
    "gtq_cop": 552.74608842,
    "gtq_crc": 65.91117731,
    "gtq_gtq": 1,
    "gtq_mxn": 2.53764063,
    "gtq_pen": 0.47198759,
    "gtq_usd": 0.12991431,
    "mxn_clp": 48.17047317,
    "mxn_cop": 217.81889956,
    "mxn_crc": 25.97340879,
    "mxn_gtq": 0.39406683,
    "mxn_mxn": 1,
    "mxn_pen": 0.18599465,
    "mxn_usd": 0.051194919,
    "pen_clp": 258.98848463,
    "pen_cop": 1171.10302236,
    "pen_crc": 139.64599764,
    "pen_gtq": 2.11869979,
    "pen_mxn": 5.37649866,
    "pen_pen": 1,
    "pen_usd": 0.27524941,
    "timestamp": "2025-05-09 19:37:38",
    "usd_clp": 940.92293288,
    "usd_cop": 4254.69762516,
    "usd_crc": 507.34349,
    "usd_gtq": 7.6973817,
    "usd_mxn": 19.53318851,
    "usd_pen": 3.63306861,
    "usd_usd": 1
}