{
    "clp_clp": 1,
    "clp_cop": 4.33071656,
    "clp_crc": 0.53629026,
    "clp_gtq": 0.0081849584,
    "clp_mxn": 0.021587497,
    "clp_pen": 0.0039088502,
    "clp_usd": 0.0010606388,
    "cop_clp": 0.23090867,
    "cop_cop": 1,
    "cop_crc": 0.12383407,
    "cop_gtq": 0.0018899778,
    "cop_mxn": 0.0049847403,
    "cop_pen": 0.00090258741,
    "cop_usd": 0.00024491069,
    "crc_clp": 1.85421227,
    "crc_cop": 8.05199042,
    "crc_crc": 1,
    "crc_gtq": 0.01517172,
    "crc_mxn": 0.040185233,
    "crc_pen": 0.0072525409,
    "crc_usd": 0.0019673244,
    "gtq_clp": 122.17533127,
    "gtq_cop": 529.10673058,
    "gtq_crc": 65.5214404,
    "gtq_gtq": 1,
    "gtq_mxn": 2.63745964,
    "gtq_pen": 0.47756507,
    "gtq_usd": 0.1295839,
    "mxn_clp": 46.32310925,
    "mxn_cop": 200.61225644,
    "mxn_crc": 24.84263239,
    "mxn_gtq": 0.37915272,
    "mxn_mxn": 1,
    "mxn_pen": 0.1810701,
    "mxn_usd": 0.049132087,
    "pen_clp": 255.82970506,
    "pen_cop": 1107.92594069,
    "pen_crc": 137.19897952,
    "pen_gtq": 2.09395549,
    "pen_mxn": 5.52272309,
    "pen_pen": 1,
    "pen_usd": 0.27134291,
    "timestamp": "2025-02-24 06:37:13",
    "usd_clp": 942.50460278,
    "usd_cop": 4092.86366691,
    "usd_crc": 508.3045873,
    "usd_gtq": 7.7118548,
    "usd_mxn": 20.42633851,
    "usd_pen": 3.68649982,
    "usd_usd": 1
}