{
    "clp_clp": 1,
    "clp_cop": 4.1860689,
    "clp_crc": 0.52447123,
    "clp_gtq": 0.0079549418,
    "clp_mxn": 0.019549356,
    "clp_pen": 0.0036503677,
    "clp_usd": 0.0010378502,
    "cop_clp": 0.24013364,
    "cop_cop": 1,
    "cop_crc": 0.12540655,
    "cop_gtq": 0.0019041278,
    "cop_mxn": 0.0046646829,
    "cop_pen": 0.00086997249,
    "cop_usd": 0.00024847277,
    "crc_clp": 1.91484126,
    "crc_cop": 7.97406515,
    "crc_crc": 1,
    "crc_gtq": 0.015183639,
    "crc_mxn": 0.037196485,
    "crc_pen": 0.0069372173,
    "crc_usd": 0.0019813381,
    "gtq_clp": 126.11214102,
    "gtq_cop": 525.17482923,
    "gtq_crc": 65.86036345,
    "gtq_gtq": 1,
    "gtq_mxn": 2.44977404,
    "gtq_pen": 0.45688766,
    "gtq_usd": 0.13049165,
    "mxn_clp": 51.47909104,
    "mxn_cop": 214.3768445,
    "mxn_crc": 26.88426046,
    "mxn_gtq": 0.40820091,
    "mxn_mxn": 1,
    "mxn_pen": 0.18650196,
    "mxn_usd": 0.053266809,
    "pen_clp": 276.02439982,
    "pen_cop": 1149.46162886,
    "pen_crc": 144.15001717,
    "pen_gtq": 2.18872186,
    "pen_mxn": 5.361874,
    "pen_pen": 1,
    "pen_usd": 0.28560992,
    "timestamp": "2025-08-21 19:40:00",
    "usd_clp": 966.43842234,
    "usd_cop": 4024.58581139,
    "usd_crc": 504.70942157,
    "usd_gtq": 7.66332579,
    "usd_mxn": 18.7734166,
    "usd_pen": 3.50127896,
    "usd_usd": 1
}