{
    "clp_clp": 1,
    "clp_cop": 4.27349321,
    "clp_crc": 0.55667013,
    "clp_gtq": 0.008870212,
    "clp_mxn": 0.019973789,
    "clp_pen": 0.003883645,
    "clp_usd": 0.0011556441,
    "cop_clp": 0.23400061,
    "cop_cop": 1,
    "cop_crc": 0.13026115,
    "cop_gtq": 0.002075635,
    "cop_mxn": 0.0046738786,
    "cop_pen": 0.00090877529,
    "cop_usd": 0.00027042141,
    "crc_clp": 1.78414858,
    "crc_cop": 7.60806175,
    "crc_crc": 1,
    "crc_gtq": 0.015896772,
    "crc_mxn": 0.03560333,
    "crc_pen": 0.0069398341,
    "crc_usd": 0.0020694971,
    "gtq_clp": 112.23338793,
    "gtq_cop": 478.59161382,
    "gtq_crc": 62.90585293,
    "gtq_gtq": 1,
    "gtq_mxn": 2.23965785,
    "gtq_pen": 0.43655618,
    "gtq_usd": 0.13018348,
    "mxn_clp": 50.06561457,
    "mxn_cop": 213.95506399,
    "mxn_crc": 27.87003197,
    "mxn_gtq": 0.44409262,
    "mxn_mxn": 1,
    "mxn_pen": 0.19443708,
    "mxn_usd": 0.057858031,
    "pen_clp": 257.49006092,
    "pen_cop": 1100.38202727,
    "pen_crc": 143.33702462,
    "pen_gtq": 2.28399144,
    "pen_mxn": 5.14305204,
    "pen_pen": 1,
    "pen_usd": 0.29756686,
    "timestamp": "2026-02-20 07:02:16",
    "usd_clp": 862.11699385,
    "usd_cop": 3676.28538158,
    "usd_crc": 483.20919312,
    "usd_gtq": 7.68146636,
    "usd_mxn": 17.20385642,
    "usd_pen": 3.35339164,
    "usd_usd": 1
}