{
    "clp_clp": 1,
    "clp_cop": 4.1394075,
    "clp_crc": 0.52616771,
    "clp_gtq": 0.008150292,
    "clp_mxn": 0.017935752,
    "clp_pen": 0.0039164197,
    "clp_usd": 0.001049735,
    "cop_clp": 0.23904188,
    "cop_cop": 1,
    "cop_crc": 0.12635519,
    "cop_gtq": 0.0019571999,
    "cop_mxn": 0.0043367847,
    "cop_pen": 0.00094673739,
    "cop_usd": 0.00025202274,
    "crc_clp": 1.9005347,
    "crc_cop": 7.86708762,
    "crc_crc": 1,
    "crc_gtq": 0.015489913,
    "crc_mxn": 0.034087519,
    "crc_pen": 0.0074432915,
    "crc_usd": 0.0019950579,
    "gtq_clp": 122.69499106,
    "gtq_cop": 507.88456646,
    "gtq_crc": 64.5581429,
    "gtq_gtq": 1,
    "gtq_mxn": 2.20062694,
    "gtq_pen": 0.48052508,
    "gtq_usd": 0.12879723,
    "mxn_clp": 55.11960971,
    "mxn_cop": 230.58557488,
    "mxn_crc": 29.13568414,
    "mxn_gtq": 0.45130205,
    "mxn_mxn": 1,
    "mxn_pen": 0.21830399,
    "mxn_usd": 0.058112809,
    "pen_clp": 252.49016695,
    "pen_cop": 1056.25911728,
    "pen_crc": 133.46382151,
    "pen_gtq": 2.06731019,
    "pen_mxn": 4.58076841,
    "pen_pen": 1,
    "pen_usd": 0.26620132,
    "timestamp": "2024-04-26 06:27:09",
    "usd_clp": 948.49330222,
    "usd_cop": 3967.89589958,
    "usd_crc": 501.36424051,
    "usd_gtq": 7.76596527,
    "usd_mxn": 17.20791035,
    "usd_pen": 3.75655541,
    "usd_usd": 1
}