{
    "clp_clp": 1,
    "clp_cop": 4.23124183,
    "clp_crc": 0.52814693,
    "clp_gtq": 0.0080378724,
    "clp_mxn": 0.019574733,
    "clp_pen": 0.003728511,
    "clp_usd": 0.0010479599,
    "cop_clp": 0.23509844,
    "cop_cop": 1,
    "cop_crc": 0.12472733,
    "cop_gtq": 0.0018959135,
    "cop_mxn": 0.0046096932,
    "cop_pen": 0.0008791889,
    "cop_usd": 0.00024727739,
    "crc_clp": 1.88489909,
    "crc_cop": 8.01748887,
    "crc_crc": 1,
    "crc_gtq": 0.015200466,
    "crc_mxn": 0.036958164,
    "crc_pen": 0.0070488872,
    "crc_usd": 0.0019825437,
    "gtq_clp": 124.00272036,
    "gtq_cop": 527.45021435,
    "gtq_crc": 65.78745822,
    "gtq_gtq": 1,
    "gtq_mxn": 2.43138366,
    "gtq_pen": 0.46372837,
    "gtq_usd": 0.13042651,
    "mxn_clp": 51.00088583,
    "mxn_cop": 216.93417761,
    "mxn_crc": 27.05762128,
    "mxn_gtq": 0.41128844,
    "mxn_mxn": 1,
    "mxn_pen": 0.19072612,
    "mxn_usd": 0.053642917,
    "pen_clp": 267.40378083,
    "pen_cop": 1137.41199471,
    "pen_crc": 141.86636397,
    "pen_gtq": 2.15643479,
    "pen_mxn": 5.24312032,
    "pen_pen": 1,
    "pen_usd": 0.28125627,
    "timestamp": "2025-07-23 06:47:32",
    "usd_clp": 950.74781357,
    "usd_cop": 4044.04142577,
    "usd_crc": 504.40249925,
    "usd_gtq": 7.66715287,
    "usd_mxn": 18.6417902,
    "usd_pen": 3.55547633,
    "usd_usd": 1
}