{
    "clp_clp": 1,
    "clp_cop": 4.13805118,
    "clp_crc": 0.53829913,
    "clp_gtq": 0.0082309694,
    "clp_mxn": 0.017986542,
    "clp_pen": 0.0039504926,
    "clp_usd": 0.0010601088,
    "cop_clp": 0.24165965,
    "cop_cop": 1,
    "cop_crc": 0.13008518,
    "cop_gtq": 0.0019890932,
    "cop_mxn": 0.0043466215,
    "cop_pen": 0.00095467466,
    "cop_usd": 0.00025618553,
    "crc_clp": 1.85770316,
    "crc_cop": 7.68727078,
    "crc_crc": 1,
    "crc_gtq": 0.015290698,
    "crc_mxn": 0.033413656,
    "crc_pen": 0.0073388426,
    "crc_usd": 0.0019693676,
    "gtq_clp": 121.49237303,
    "gtq_cop": 502.74165817,
    "gtq_crc": 65.39923889,
    "gtq_gtq": 1,
    "gtq_mxn": 2.18522769,
    "gtq_pen": 0.47995472,
    "gtq_usd": 0.12879514,
    "mxn_clp": 55.59712313,
    "mxn_cop": 230.06374125,
    "mxn_crc": 29.9278831,
    "mxn_gtq": 0.45761822,
    "mxn_mxn": 1,
    "mxn_pen": 0.21963602,
    "mxn_usd": 0.058939002,
    "pen_clp": 253.132989,
    "pen_cop": 1047.47726506,
    "pen_crc": 136.26126815,
    "pen_gtq": 2.08352988,
    "pen_mxn": 4.55298718,
    "pen_pen": 1,
    "pen_usd": 0.26834852,
    "timestamp": "2024-05-06 19:05:25",
    "usd_clp": 943.29936668,
    "usd_cop": 3903.42106198,
    "usd_crc": 507.77722989,
    "usd_gtq": 7.76426819,
    "usd_mxn": 16.96669384,
    "usd_pen": 3.72649717,
    "usd_usd": 1
}