{
    "clp_clp": 1,
    "clp_cop": 4.10378418,
    "clp_crc": 0.52521666,
    "clp_gtq": 0.0079416803,
    "clp_mxn": 0.019413232,
    "clp_pen": 0.0036499503,
    "clp_usd": 0.0010364613,
    "cop_clp": 0.24367753,
    "cop_cop": 1,
    "cop_crc": 0.1279835,
    "cop_gtq": 0.0019352091,
    "cop_mxn": 0.0047305685,
    "cop_pen": 0.00088941087,
    "cop_usd": 0.00025256233,
    "crc_clp": 1.90397615,
    "crc_cop": 7.81350721,
    "crc_crc": 1,
    "crc_gtq": 0.01512077,
    "crc_mxn": 0.036962331,
    "crc_pen": 0.0069494182,
    "crc_usd": 0.0019733976,
    "gtq_clp": 125.91793678,
    "gtq_cop": 516.74003632,
    "gtq_crc": 66.13419841,
    "gtq_gtq": 1,
    "gtq_mxn": 2.44447412,
    "gtq_pen": 0.4595942,
    "gtq_usd": 0.13050907,
    "mxn_clp": 51.65966511,
    "mxn_cop": 212.02899251,
    "mxn_crc": 27.0157436,
    "mxn_gtq": 0.40934401,
    "mxn_mxn": 1,
    "mxn_pen": 0.18793515,
    "mxn_usd": 0.053424961,
    "pen_clp": 274.88027635,
    "pen_cop": 1128.20297874,
    "pen_crc": 143.75035248,
    "pen_gtq": 2.17811313,
    "pen_mxn": 5.32098448,
    "pen_pen": 1,
    "pen_usd": 0.28427339,
    "timestamp": "2025-09-08 06:42:00",
    "usd_clp": 966.95747145,
    "usd_cop": 3968.72527228,
    "usd_crc": 505.67643192,
    "usd_gtq": 7.66203671,
    "usd_mxn": 18.71784243,
    "usd_pen": 3.51774047,
    "usd_usd": 1
}