{
    "clp_clp": 1,
    "clp_cop": 4.42493154,
    "clp_crc": 0.51397762,
    "clp_gtq": 0.0077881339,
    "clp_mxn": 0.020297533,
    "clp_pen": 0.0037640816,
    "clp_usd": 0.0010109901,
    "cop_clp": 0.2259922,
    "cop_cop": 1,
    "cop_crc": 0.11615493,
    "cop_gtq": 0.0017600575,
    "cop_mxn": 0.0045870841,
    "cop_pen": 0.00085065308,
    "cop_usd": 0.00022847587,
    "crc_clp": 1.94561,
    "crc_cop": 8.60919106,
    "crc_crc": 1,
    "crc_gtq": 0.015152671,
    "crc_mxn": 0.039491083,
    "crc_pen": 0.0073234349,
    "crc_usd": 0.0019669924,
    "gtq_clp": 128.40046239,
    "gtq_cop": 568.16325556,
    "gtq_crc": 65.99496419,
    "gtq_gtq": 1,
    "gtq_mxn": 2.60621264,
    "gtq_pen": 0.48330982,
    "gtq_usd": 0.12981159,
    "mxn_clp": 49.26707069,
    "mxn_cop": 218.0034149,
    "mxn_crc": 25.32217178,
    "mxn_gtq": 0.38369855,
    "mxn_mxn": 1,
    "mxn_pen": 0.18544528,
    "mxn_usd": 0.04980852,
    "pen_clp": 265.66905195,
    "pen_cop": 1175.56736675,
    "pen_crc": 136.54794728,
    "pen_gtq": 2.06906616,
    "pen_mxn": 5.39242639,
    "pen_pen": 1,
    "pen_usd": 0.26858878,
    "timestamp": "2024-12-22 19:23:14",
    "usd_clp": 989.12938271,
    "usd_cop": 4376.82980109,
    "usd_crc": 508.39036694,
    "usd_gtq": 7.70347212,
    "usd_mxn": 20.07688642,
    "usd_pen": 3.72316375,
    "usd_usd": 1
}