{
    "clp_clp": 1,
    "clp_cop": 3.74479097,
    "clp_crc": 0.49261236,
    "clp_gtq": 0.0082727248,
    "clp_mxn": 0.018973059,
    "clp_pen": 0.0037017032,
    "clp_usd": 0.0010840111,
    "cop_clp": 0.2670376,
    "cop_cop": 1,
    "cop_crc": 0.13154602,
    "cop_gtq": 0.0022091286,
    "cop_mxn": 0.0050665201,
    "cop_pen": 0.00098849394,
    "cop_usd": 0.00028947172,
    "crc_clp": 2.02999371,
    "crc_cop": 7.60190211,
    "crc_crc": 1,
    "crc_gtq": 0.016793579,
    "crc_mxn": 0.03851519,
    "crc_pen": 0.0075144342,
    "crc_usd": 0.0022005357,
    "gtq_clp": 120.8791574,
    "gtq_cop": 452.66717654,
    "gtq_crc": 59.5465674,
    "gtq_gtq": 1,
    "gtq_mxn": 2.29344733,
    "gtq_pen": 0.44745876,
    "gtq_usd": 0.13103435,
    "mxn_clp": 52.70631494,
    "mxn_cop": 197.37413201,
    "mxn_crc": 25.96378236,
    "mxn_gtq": 0.43602484,
    "mxn_mxn": 1,
    "mxn_pen": 0.19510313,
    "mxn_usd": 0.05713423,
    "pen_clp": 270.14591672,
    "pen_cop": 1011.63998828,
    "pen_crc": 133.07721847,
    "pen_gtq": 2.23484282,
    "pen_mxn": 5.1254943,
    "pen_pen": 1,
    "pen_usd": 0.29284117,
    "timestamp": "2026-06-29 21:49:15",
    "usd_clp": 922.4997856,
    "usd_cop": 3454.56886265,
    "usd_crc": 454.43479953,
    "usd_gtq": 7.63158683,
    "usd_mxn": 17.50264246,
    "usd_pen": 3.41482039,
    "usd_usd": 1
}