{
    "clp_clp": 1,
    "clp_cop": 4.1698302,
    "clp_crc": 0.5222721,
    "clp_gtq": 0.0079368036,
    "clp_mxn": 0.019436041,
    "clp_pen": 0.0036909424,
    "clp_usd": 0.0010339433,
    "cop_clp": 0.23981792,
    "cop_cop": 1,
    "cop_crc": 0.12525021,
    "cop_gtq": 0.0019033877,
    "cop_mxn": 0.0046611109,
    "cop_pen": 0.00088515413,
    "cop_usd": 0.00024795812,
    "crc_clp": 1.91471075,
    "crc_cop": 7.9840187,
    "crc_crc": 1,
    "crc_gtq": 0.015196683,
    "crc_mxn": 0.037214397,
    "crc_pen": 0.0070670871,
    "crc_usd": 0.0019797023,
    "gtq_clp": 125.99530567,
    "gtq_cop": 525.37903059,
    "gtq_crc": 65.8038327,
    "gtq_gtq": 1,
    "gtq_mxn": 2.44884994,
    "gtq_pen": 0.46504142,
    "gtq_usd": 0.130272,
    "mxn_clp": 51.45080712,
    "mxn_cop": 214.54112931,
    "mxn_crc": 26.871321,
    "mxn_gtq": 0.40835495,
    "mxn_mxn": 1,
    "mxn_pen": 0.18990197,
    "mxn_usd": 0.053197216,
    "pen_clp": 270.93351435,
    "pen_cop": 1129.7467502,
    "pen_crc": 141.50101511,
    "pen_gtq": 2.1503461,
    "pen_mxn": 5.26587491,
    "pen_pen": 1,
    "pen_usd": 0.28012988,
    "timestamp": "2025-07-16 06:46:49",
    "usd_clp": 967.17105351,
    "usd_cop": 4032.93906701,
    "usd_crc": 505.12645577,
    "usd_gtq": 7.67624673,
    "usd_mxn": 18.79797631,
    "usd_pen": 3.56977266,
    "usd_usd": 1
}