{
    "clp_clp": 1,
    "clp_cop": 4.17703372,
    "clp_crc": 0.54812873,
    "clp_gtq": 0.0083377438,
    "clp_mxn": 0.018032242,
    "clp_pen": 0.0039803059,
    "clp_usd": 0.0010737792,
    "cop_clp": 0.23940434,
    "cop_cop": 1,
    "cop_crc": 0.1312244,
    "cop_gtq": 0.0019960921,
    "cop_mxn": 0.004316997,
    "cop_pen": 0.00095290251,
    "cop_usd": 0.00025706741,
    "crc_clp": 1.82438896,
    "crc_cop": 7.62053419,
    "crc_crc": 1,
    "crc_gtq": 0.015211288,
    "crc_mxn": 0.032897823,
    "crc_pen": 0.0072616262,
    "crc_usd": 0.001958991,
    "gtq_clp": 119.9365224,
    "gtq_cop": 500.9788984,
    "gtq_crc": 65.74065358,
    "gtq_gtq": 1,
    "gtq_mxn": 2.16272438,
    "gtq_pen": 0.47738405,
    "gtq_usd": 0.12878535,
    "mxn_clp": 55.45622154,
    "mxn_cop": 231.6425074,
    "mxn_crc": 30.39714823,
    "mxn_gtq": 0.46237977,
    "mxn_mxn": 1,
    "mxn_pen": 0.22073273,
    "mxn_usd": 0.059547739,
    "pen_clp": 251.2369699,
    "pen_cop": 1049.42529518,
    "pen_crc": 137.71020099,
    "pen_gtq": 2.0947495,
    "pen_mxn": 4.53036581,
    "pen_pen": 1,
    "pen_usd": 0.26977304,
    "timestamp": "2024-05-10 19:05:13",
    "usd_clp": 931.29012985,
    "usd_cop": 3890.03027621,
    "usd_crc": 510.46687521,
    "usd_gtq": 7.76485854,
    "usd_mxn": 16.79324887,
    "usd_pen": 3.70681962,
    "usd_usd": 1
}