{
    "clp_clp": 1,
    "clp_cop": 4.38096138,
    "clp_crc": 0.54119257,
    "clp_gtq": 0.0081760946,
    "clp_mxn": 0.020526022,
    "clp_pen": 0.0038869626,
    "clp_usd": 0.0010651506,
    "cop_clp": 0.22778312,
    "cop_cop": 1,
    "cop_crc": 0.12331371,
    "cop_gtq": 0.001860478,
    "cop_mxn": 0.0046983228,
    "cop_pen": 0.0008824914,
    "cop_usd": 0.00024237743,
    "crc_clp": 1.84718404,
    "crc_cop": 8.10939832,
    "crc_crc": 1,
    "crc_gtq": 0.015087357,
    "crc_mxn": 0.038100571,
    "crc_pen": 0.0071564743,
    "crc_usd": 0.0019655351,
    "gtq_clp": 122.43257677,
    "gtq_cop": 537.49627147,
    "gtq_crc": 66.28065983,
    "gtq_gtq": 1,
    "gtq_mxn": 2.52533097,
    "gtq_pen": 0.47433584,
    "gtq_usd": 0.13027697,
    "mxn_clp": 48.48179436,
    "mxn_cop": 212.84191178,
    "mxn_crc": 26.24632598,
    "mxn_gtq": 0.3959877,
    "mxn_mxn": 1,
    "mxn_pen": 0.18783116,
    "mxn_usd": 0.051588076,
    "pen_clp": 258.1136984,
    "pen_cop": 1133.15552255,
    "pen_crc": 139.73361251,
    "pen_gtq": 2.10821095,
    "pen_mxn": 5.32393039,
    "pen_pen": 1,
    "pen_usd": 0.27465133,
    "timestamp": "2025-05-29 06:41:12",
    "usd_clp": 938.83435451,
    "usd_cop": 4112.99704929,
    "usd_crc": 508.09018109,
    "usd_gtq": 7.67599847,
    "usd_mxn": 19.27053502,
    "usd_pen": 3.64921402,
    "usd_usd": 1
}