{
    "clp_clp": 1,
    "clp_cop": 4.31568927,
    "clp_crc": 0.50671425,
    "clp_gtq": 0.0076789627,
    "clp_mxn": 0.020215998,
    "clp_pen": 0.0037500041,
    "clp_usd": 0.00099501221,
    "cop_clp": 0.2317127,
    "cop_cop": 1,
    "cop_crc": 0.11741212,
    "cop_gtq": 0.0017793132,
    "cop_mxn": 0.0046843034,
    "cop_pen": 0.00086892356,
    "cop_usd": 0.00023055696,
    "crc_clp": 1.97349888,
    "crc_cop": 8.51700795,
    "crc_crc": 1,
    "crc_gtq": 0.015154424,
    "crc_mxn": 0.039896249,
    "crc_pen": 0.0074006289,
    "crc_usd": 0.0019636555,
    "gtq_clp": 130.22592194,
    "gtq_cop": 562.0146143,
    "gtq_crc": 65.98733002,
    "gtq_gtq": 1,
    "gtq_mxn": 2.63264695,
    "gtq_pen": 0.48834774,
    "gtq_usd": 0.12957638,
    "mxn_clp": 49.68404011,
    "mxn_cop": 213.40518708,
    "mxn_crc": 24.99018034,
    "mxn_gtq": 0.37923654,
    "mxn_mxn": 1,
    "mxn_pen": 0.1846135,
    "mxn_usd": 0.049138655,
    "pen_clp": 266.66637631,
    "pen_cop": 1150.8492196,
    "pen_crc": 135.12365217,
    "pen_gtq": 2.04772116,
    "pen_mxn": 5.39092687,
    "pen_pen": 1,
    "pen_usd": 0.2653363,
    "timestamp": "2025-01-08 06:36:12",
    "usd_clp": 1005.01279196,
    "usd_cop": 4337.32292499,
    "usd_crc": 509.25430045,
    "usd_gtq": 7.71745576,
    "usd_mxn": 20.31733636,
    "usd_pen": 3.76880207,
    "usd_usd": 1
}