{
    "clp_clp": 1,
    "clp_cop": 4.113459,
    "clp_crc": 0.52018443,
    "clp_gtq": 0.008722781,
    "clp_mxn": 0.019745972,
    "clp_pen": 0.0039198602,
    "clp_usd": 0.0011406536,
    "cop_clp": 0.2431044,
    "cop_cop": 1,
    "cop_crc": 0.12645913,
    "cop_gtq": 0.0021205465,
    "cop_mxn": 0.0048003327,
    "cop_pen": 0.00095293529,
    "cop_usd": 0.00027729791,
    "crc_clp": 1.9223951,
    "crc_cop": 7.90769341,
    "crc_crc": 1,
    "crc_gtq": 0.016768631,
    "crc_mxn": 0.037959559,
    "crc_pen": 0.0075355201,
    "crc_usd": 0.0021927869,
    "gtq_clp": 114.44113997,
    "gtq_cop": 470.74893733,
    "gtq_crc": 59.63414493,
    "gtq_gtq": 1,
    "gtq_mxn": 2.2597515,
    "gtq_pen": 0.44986694,
    "gtq_usd": 0.1305377,
    "mxn_clp": 50.64324113,
    "mxn_cop": 208.31889607,
    "mxn_crc": 26.38969152,
    "mxn_gtq": 0.44252653,
    "mxn_mxn": 1,
    "mxn_pen": 0.19907806,
    "mxn_usd": 0.057766395,
    "pen_clp": 255.11113599,
    "pen_cop": 1049.38919868,
    "pen_crc": 132.70484124,
    "pen_gtq": 2.22527857,
    "pen_mxn": 5.03741724,
    "pen_pen": 1,
    "pen_usd": 0.29099343,
    "timestamp": "2026-04-19 07:05:06",
    "usd_clp": 876.69034975,
    "usd_cop": 3606.22981051,
    "usd_crc": 456.04067117,
    "usd_gtq": 7.64717794,
    "usd_mxn": 17.31110273,
    "usd_pen": 3.43650365,
    "usd_usd": 1
}