{
    "clp_clp": 1,
    "clp_cop": 4.50917972,
    "clp_crc": 0.56021651,
    "clp_gtq": 0.0083627435,
    "clp_mxn": 0.020856207,
    "clp_pen": 0.0040296333,
    "clp_usd": 0.0010813808,
    "cop_clp": 0.21968978,
    "cop_cop": 1,
    "cop_crc": 0.12387394,
    "cop_gtq": 0.0018475955,
    "cop_mxn": 0.004625765,
    "cop_pen": 0.00089028535,
    "cop_usd": 0.00023889136,
    "crc_clp": 1.77349468,
    "crc_cop": 8.07272284,
    "crc_crc": 1,
    "crc_gtq": 0.014915126,
    "crc_mxn": 0.037342519,
    "crc_pen": 0.0071870269,
    "crc_usd": 0.0019285038,
    "gtq_clp": 119.57798298,
    "gtq_cop": 539.19861542,
    "gtq_crc": 66.98956006,
    "gtq_gtq": 1,
    "gtq_mxn": 2.49394312,
    "gtq_pen": 0.48185543,
    "gtq_usd": 0.12930933,
    "mxn_clp": 47.4926365,
    "mxn_cop": 216.18045696,
    "mxn_crc": 26.77912536,
    "mxn_gtq": 0.39941404,
    "mxn_mxn": 1,
    "mxn_pen": 0.19246229,
    "mxn_usd": 0.051643644,
    "pen_clp": 248.16153589,
    "pen_cop": 1119.00496411,
    "pen_crc": 139.02418906,
    "pen_gtq": 2.07531127,
    "pen_mxn": 5.17570827,
    "pen_pen": 1,
    "pen_usd": 0.26835711,
    "timestamp": "2024-10-05 06:32:41",
    "usd_clp": 919.62209861,
    "usd_cop": 4186.00313973,
    "usd_crc": 518.5367097,
    "usd_gtq": 7.7340405,
    "usd_mxn": 19.36346698,
    "usd_pen": 3.72673726,
    "usd_usd": 1
}