{
    "clp_clp": 1,
    "clp_cop": 3.99139563,
    "clp_crc": 0.51149115,
    "clp_gtq": 0.0085132903,
    "clp_mxn": 0.019343559,
    "clp_pen": 0.0038017228,
    "clp_usd": 0.0011166506,
    "cop_clp": 0.25053893,
    "cop_cop": 1,
    "cop_crc": 0.12814845,
    "cop_gtq": 0.0021329107,
    "cop_mxn": 0.0048463146,
    "cop_pen": 0.00095247956,
    "cop_usd": 0.00027976445,
    "crc_clp": 1.95506805,
    "crc_cop": 7.80345008,
    "crc_crc": 1,
    "crc_gtq": 0.016644062,
    "crc_mxn": 0.037817974,
    "crc_pen": 0.0074326267,
    "crc_usd": 0.0021831279,
    "gtq_clp": 117.46339705,
    "gtq_cop": 468.84289016,
    "gtq_crc": 60.08148769,
    "gtq_gtq": 1,
    "gtq_mxn": 2.27216013,
    "gtq_pen": 0.44656327,
    "gtq_usd": 0.13116557,
    "mxn_clp": 51.69679519,
    "mxn_cop": 206.34236261,
    "mxn_crc": 26.44245307,
    "mxn_gtq": 0.44010983,
    "mxn_mxn": 1,
    "mxn_pen": 0.19653688,
    "mxn_usd": 0.057727258,
    "pen_clp": 263.03864394,
    "pen_cop": 1049.89129506,
    "pen_crc": 134.5419377,
    "pen_gtq": 2.23932434,
    "pen_mxn": 5.08810349,
    "pen_pen": 1,
    "pen_usd": 0.29372226,
    "timestamp": "2026-06-04 21:56:23",
    "usd_clp": 895.5352597,
    "usd_cop": 3574.43552583,
    "usd_crc": 458.05835718,
    "usd_gtq": 7.62395165,
    "usd_mxn": 17.322839,
    "usd_pen": 3.40457678,
    "usd_usd": 1
}