{
    "clp_clp": 1,
    "clp_cop": 4.53267183,
    "clp_crc": 0.52005913,
    "clp_gtq": 0.007891366,
    "clp_mxn": 0.020773066,
    "clp_pen": 0.0038813318,
    "clp_usd": 0.0010206497,
    "cop_clp": 0.22062043,
    "cop_cop": 1,
    "cop_crc": 0.11473567,
    "cop_gtq": 0.0017409965,
    "cop_mxn": 0.0045829627,
    "cop_pen": 0.00085630109,
    "cop_usd": 0.00022517618,
    "crc_clp": 1.92285826,
    "crc_cop": 8.71568549,
    "crc_crc": 1,
    "crc_gtq": 0.015173978,
    "crc_mxn": 0.039943662,
    "crc_pen": 0.007463251,
    "crc_usd": 0.0019625648,
    "gtq_clp": 126.72077316,
    "gtq_cop": 574.38367899,
    "gtq_crc": 65.90229533,
    "gtq_gtq": 1,
    "gtq_mxn": 2.63237898,
    "gtq_pen": 0.49184537,
    "gtq_usd": 0.12933752,
    "mxn_clp": 48.13925884,
    "mxn_cop": 218.19946255,
    "mxn_crc": 25.03526118,
    "mxn_gtq": 0.37988451,
    "mxn_mxn": 1,
    "mxn_pen": 0.18684444,
    "mxn_usd": 0.049133322,
    "pen_clp": 257.64352019,
    "pen_cop": 1167.81352662,
    "pen_crc": 133.98986556,
    "pen_gtq": 2.03315931,
    "pen_mxn": 5.35204584,
    "pen_pen": 1,
    "pen_usd": 0.26296379,
    "timestamp": "2024-11-18 19:25:57",
    "usd_clp": 979.76803966,
    "usd_cop": 4440.96699503,
    "usd_crc": 509.53731657,
    "usd_gtq": 7.73170819,
    "usd_mxn": 20.35278613,
    "usd_pen": 3.80280489,
    "usd_usd": 1
}