{
    "clp_clp": 1,
    "clp_cop": 4.07650722,
    "clp_crc": 0.5160001,
    "clp_gtq": 0.0084334444,
    "clp_mxn": 0.019445092,
    "clp_pen": 0.0037625291,
    "clp_usd": 0.001102023,
    "cop_clp": 0.24530804,
    "cop_cop": 1,
    "cop_crc": 0.12657897,
    "cop_gtq": 0.0020687917,
    "cop_mxn": 0.0047700373,
    "cop_pen": 0.00092297863,
    "cop_usd": 0.0002703351,
    "crc_clp": 1.93798413,
    "crc_cop": 7.9002063,
    "crc_crc": 1,
    "crc_gtq": 0.016343881,
    "crc_mxn": 0.037684279,
    "crc_pen": 0.0072917216,
    "crc_usd": 0.002135703,
    "gtq_clp": 118.8506423,
    "gtq_cop": 483.58364834,
    "gtq_crc": 61.29261539,
    "gtq_gtq": 1,
    "gtq_mxn": 2.30997604,
    "gtq_pen": 0.4482246,
    "gtq_usd": 0.13058786,
    "mxn_clp": 51.42685971,
    "mxn_cop": 209.64196492,
    "mxn_crc": 26.53626461,
    "mxn_gtq": 0.43370556,
    "mxn_mxn": 1,
    "mxn_pen": 0.19349505,
    "mxn_usd": 0.056673581,
    "pen_clp": 265.77867832,
    "pen_cop": 1083.44870111,
    "pen_crc": 137.14182385,
    "pen_gtq": 2.2414297,
    "pen_mxn": 5.16809076,
    "pen_pen": 1,
    "pen_usd": 0.29289421,
    "timestamp": "2026-03-18 07:16:52",
    "usd_clp": 907.42210463,
    "usd_cop": 3699.11276111,
    "usd_crc": 468.22989421,
    "usd_gtq": 7.65269385,
    "usd_mxn": 17.64490598,
    "usd_pen": 3.41420204,
    "usd_usd": 1
}