{
    "clp_clp": 1,
    "clp_cop": 4.3121237,
    "clp_crc": 0.54502818,
    "clp_gtq": 0.00830027,
    "clp_mxn": 0.020303404,
    "clp_pen": 0.0038407745,
    "clp_usd": 0.0010802352,
    "cop_clp": 0.23190429,
    "cop_cop": 1,
    "cop_crc": 0.12639437,
    "cop_gtq": 0.0019248683,
    "cop_mxn": 0.0047084466,
    "cop_pen": 0.0008906921,
    "cop_usd": 0.00025051119,
    "crc_clp": 1.83476752,
    "crc_cop": 7.91174451,
    "crc_crc": 1,
    "crc_gtq": 0.015229066,
    "crc_mxn": 0.037252026,
    "crc_pen": 0.0070469283,
    "crc_usd": 0.0019819805,
    "gtq_clp": 120.47800836,
    "gtq_cop": 519.51607499,
    "gtq_crc": 65.6639094,
    "gtq_gtq": 1,
    "gtq_mxn": 2.44611367,
    "gtq_pen": 0.46272886,
    "gtq_usd": 0.13014459,
    "mxn_clp": 49.25282485,
    "mxn_cop": 212.38427325,
    "mxn_crc": 26.8441774,
    "mxn_gtq": 0.40881175,
    "mxn_mxn": 1,
    "mxn_pen": 0.18916899,
    "mxn_usd": 0.053204637,
    "pen_clp": 260.36415363,
    "pen_cop": 1122.72243706,
    "pen_crc": 141.9058003,
    "pen_gtq": 2.16109278,
    "pen_mxn": 5.28627859,
    "pen_pen": 1,
    "pen_usd": 0.28125453,
    "timestamp": "2025-07-03 19:46:23",
    "usd_clp": 925.72429159,
    "usd_cop": 3991.83765593,
    "usd_crc": 504.54582409,
    "usd_gtq": 7.68376158,
    "usd_mxn": 18.79535426,
    "usd_pen": 3.55549825,
    "usd_usd": 1
}