{
    "clp_clp": 1,
    "clp_cop": 4.41508653,
    "clp_crc": 0.54586618,
    "clp_gtq": 0.0082239031,
    "clp_mxn": 0.020451289,
    "clp_pen": 0.0039054606,
    "clp_usd": 0.0010701884,
    "cop_clp": 0.22649613,
    "cop_cop": 1,
    "cop_crc": 0.12363658,
    "cop_gtq": 0.0018626822,
    "cop_mxn": 0.0046321377,
    "cop_pen": 0.00088457171,
    "cop_usd": 0.00024239353,
    "crc_clp": 1.83195083,
    "crc_cop": 8.08822144,
    "crc_crc": 1,
    "crc_gtq": 0.015065786,
    "crc_mxn": 0.037465755,
    "crc_pen": 0.0071546118,
    "crc_usd": 0.0019605326,
    "gtq_clp": 121.59676274,
    "gtq_cop": 536.86022939,
    "gtq_crc": 66.37556027,
    "gtq_gtq": 1,
    "gtq_mxn": 2.48681051,
    "gtq_pen": 0.47489137,
    "gtq_usd": 0.13013145,
    "mxn_clp": 48.89667393,
    "mxn_cop": 215.88304649,
    "mxn_crc": 26.69104057,
    "mxn_gtq": 0.40212151,
    "mxn_mxn": 1,
    "mxn_pen": 0.19096403,
    "mxn_usd": 0.052328655,
    "pen_clp": 256.05174321,
    "pen_cop": 1130.49060268,
    "pen_crc": 139.76998671,
    "pen_gtq": 2.10574474,
    "pen_mxn": 5.23658815,
    "pen_pen": 1,
    "pen_usd": 0.27402361,
    "timestamp": "2025-06-07 19:52:25",
    "usd_clp": 934.41488819,
    "usd_cop": 4125.52258728,
    "usd_crc": 510.06548471,
    "usd_gtq": 7.68453754,
    "usd_mxn": 19.10998874,
    "usd_pen": 3.64932055,
    "usd_usd": 1
}