{
    "clp_clp": 1,
    "clp_cop": 4.27867702,
    "clp_crc": 0.53008926,
    "clp_gtq": 0.0080114858,
    "clp_mxn": 0.02134859,
    "clp_pen": 0.0038570636,
    "clp_usd": 0.0010380815,
    "cop_clp": 0.2337171,
    "cop_cop": 1,
    "cop_crc": 0.12389093,
    "cop_gtq": 0.0018724213,
    "cop_mxn": 0.0049895307,
    "cop_pen": 0.00090146172,
    "cop_usd": 0.0002426174,
    "crc_clp": 1.88647475,
    "crc_cop": 8.07161615,
    "crc_crc": 1,
    "crc_gtq": 0.015113466,
    "crc_mxn": 0.040273576,
    "crc_pen": 0.007276253,
    "crc_usd": 0.0019583145,
    "gtq_clp": 124.82079131,
    "gtq_cop": 534.06785179,
    "gtq_crc": 66.16616076,
    "gtq_gtq": 1,
    "gtq_mxn": 2.66474792,
    "gtq_pen": 0.48144173,
    "gtq_usd": 0.12957415,
    "mxn_clp": 46.84150063,
    "mxn_cop": 200.41965247,
    "mxn_crc": 24.83017635,
    "mxn_gtq": 0.37527002,
    "mxn_mxn": 1,
    "mxn_pen": 0.18067065,
    "mxn_usd": 0.048625295,
    "pen_clp": 258.75265647,
    "pen_cop": 1108.58279226,
    "pen_crc": 137.03094845,
    "pen_gtq": 2.0807892,
    "pen_mxn": 5.53249316,
    "pen_pen": 1,
    "pen_usd": 0.26854256,
    "timestamp": "2025-02-10 06:35:43",
    "usd_clp": 963.31551307,
    "usd_cop": 4121.71595196,
    "usd_crc": 510.6432064,
    "usd_gtq": 7.71758858,
    "usd_mxn": 20.5654281,
    "usd_pen": 3.71556916,
    "usd_usd": 1
}