{
    "clp_clp": 1,
    "clp_cop": 4.22948407,
    "clp_crc": 0.50597167,
    "clp_gtq": 0.0085097845,
    "clp_mxn": 0.019322557,
    "clp_pen": 0.0038241844,
    "clp_usd": 0.0011133,
    "cop_clp": 0.23643546,
    "cop_cop": 1,
    "cop_crc": 0.11962964,
    "cop_gtq": 0.0020120148,
    "cop_mxn": 0.0045685376,
    "cop_pen": 0.00090417279,
    "cop_usd": 0.0002632236,
    "crc_clp": 1.97639526,
    "crc_cop": 8.35913226,
    "crc_crc": 1,
    "crc_gtq": 0.016818698,
    "crc_mxn": 0.03818901,
    "crc_pen": 0.0075581,
    "crc_usd": 0.0022003209,
    "gtq_clp": 117.51178824,
    "gtq_cop": 497.01423646,
    "gtq_crc": 59.45763521,
    "gtq_gtq": 1,
    "gtq_mxn": 2.27062822,
    "gtq_pen": 0.44938675,
    "gtq_usd": 0.13082588,
    "mxn_clp": 51.75298491,
    "mxn_cop": 218.88842526,
    "mxn_crc": 26.18554397,
    "mxn_gtq": 0.44040675,
    "mxn_mxn": 1,
    "mxn_pen": 0.19791296,
    "mxn_usd": 0.057616599,
    "pen_clp": 261.49366505,
    "pen_cop": 1105.98329087,
    "pen_crc": 132.30838523,
    "pen_gtq": 2.22525475,
    "pen_mxn": 5.05272624,
    "pen_pen": 1,
    "pen_usd": 0.2911209,
    "timestamp": "2026-05-18 21:41:41",
    "usd_clp": 898.23046716,
    "usd_cop": 3799.05145245,
    "usd_crc": 454.47916548,
    "usd_gtq": 7.64374775,
    "usd_mxn": 17.35610939,
    "usd_pen": 3.43499896,
    "usd_usd": 1
}