{
    "clp_clp": 1,
    "clp_cop": 4.09566542,
    "clp_crc": 0.52666649,
    "clp_gtq": 0.0081401607,
    "clp_mxn": 0.017775213,
    "clp_pen": 0.0038902718,
    "clp_usd": 0.0010486464,
    "cop_clp": 0.24416057,
    "cop_cop": 1,
    "cop_crc": 0.12859119,
    "cop_gtq": 0.0019875063,
    "cop_mxn": 0.0043400062,
    "cop_pen": 0.00094985098,
    "cop_usd": 0.00025603811,
    "crc_clp": 1.89873481,
    "crc_cop": 7.7765825,
    "crc_crc": 1,
    "crc_gtq": 0.015456007,
    "crc_mxn": 0.033750416,
    "crc_pen": 0.0073865945,
    "crc_usd": 0.0019911015,
    "gtq_clp": 122.72536953,
    "gtq_cop": 503.84516412,
    "gtq_crc": 64.40215943,
    "gtq_gtq": 1,
    "gtq_mxn": 2.20465526,
    "gtq_pen": 0.47656048,
    "gtq_usd": 0.1288137,
    "mxn_clp": 56.25811492,
    "mxn_cop": 230.41441578,
    "mxn_crc": 29.62926399,
    "mxn_gtq": 0.4579501,
    "mxn_mxn": 1,
    "mxn_pen": 0.21885936,
    "mxn_usd": 0.058994871,
    "pen_clp": 257.05144766,
    "pen_cop": 1052.79672491,
    "pen_crc": 135.380384,
    "pen_gtq": 2.0924401,
    "pen_mxn": 4.56914435,
    "pen_pen": 1,
    "pen_usd": 0.26955608,
    "timestamp": "2024-04-24 06:31:57",
    "usd_clp": 953.61027579,
    "usd_cop": 3905.66862912,
    "usd_crc": 502.23457792,
    "usd_gtq": 7.76254093,
    "usd_mxn": 16.95062618,
    "usd_pen": 3.70980317,
    "usd_usd": 1
}