{
    "clp_clp": 1,
    "clp_cop": 4.33775878,
    "clp_crc": 0.58374553,
    "clp_gtq": 0.0085405432,
    "clp_mxn": 0.019722556,
    "clp_pen": 0.004137116,
    "clp_usd": 0.0011006094,
    "cop_clp": 0.2305338,
    "cop_cop": 1,
    "cop_crc": 0.13457307,
    "cop_gtq": 0.0019688838,
    "cop_mxn": 0.0045467157,
    "cop_pen": 0.00095374506,
    "cop_usd": 0.00025372766,
    "crc_clp": 1.71307522,
    "crc_cop": 7.43090706,
    "crc_crc": 1,
    "crc_gtq": 0.014630593,
    "crc_mxn": 0.033786222,
    "crc_pen": 0.0070871909,
    "crc_usd": 0.0018854267,
    "gtq_clp": 117.08857149,
    "gtq_cop": 507.90197892,
    "gtq_crc": 68.34993017,
    "gtq_gtq": 1,
    "gtq_mxn": 2.30928593,
    "gtq_pen": 0.484409,
    "gtq_usd": 0.12886878,
    "mxn_clp": 50.70336685,
    "mxn_cop": 219.93897468,
    "mxn_crc": 29.59786373,
    "mxn_gtq": 0.43303429,
    "mxn_mxn": 1,
    "mxn_pen": 0.20976571,
    "mxn_usd": 0.055804601,
    "pen_clp": 241.7142759,
    "pen_cop": 1048.49822234,
    "pen_crc": 141.09962799,
    "pen_gtq": 2.06437121,
    "pen_mxn": 4.76722338,
    "pen_pen": 1,
    "pen_usd": 0.266033,
    "timestamp": "2024-06-07 19:08:28",
    "usd_clp": 909.4503685,
    "usd_cop": 3928.36242238,
    "usd_crc": 528.46656801,
    "usd_gtq": 7.76003886,
    "usd_mxn": 17.48155135,
    "usd_pen": 3.75101121,
    "usd_usd": 1
}