{
    "clp_clp": 1,
    "clp_cop": 4.54709179,
    "clp_crc": 0.5205035,
    "clp_gtq": 0.0079121246,
    "clp_mxn": 0.020707456,
    "clp_pen": 0.0038556813,
    "clp_usd": 0.0010255162,
    "cop_clp": 0.21992079,
    "cop_cop": 1,
    "cop_crc": 0.11446954,
    "cop_gtq": 0.0017400407,
    "cop_mxn": 0.004554,
    "cop_pen": 0.00084794447,
    "cop_usd": 0.00022553233,
    "crc_clp": 1.92121668,
    "crc_cop": 8.73594858,
    "crc_crc": 1,
    "crc_gtq": 0.015200906,
    "crc_mxn": 0.03978351,
    "crc_pen": 0.0074075993,
    "crc_usd": 0.0019702389,
    "gtq_clp": 126.38830279,
    "gtq_cop": 574.6992135,
    "gtq_crc": 65.78555359,
    "gtq_gtq": 1,
    "gtq_mxn": 2.61718023,
    "gtq_pen": 0.48731302,
    "gtq_usd": 0.12961325,
    "mxn_clp": 48.29178424,
    "mxn_cop": 219.58717544,
    "mxn_crc": 25.13604257,
    "mxn_gtq": 0.38209061,
    "mxn_mxn": 1,
    "mxn_pen": 0.18619773,
    "mxn_usd": 0.049524008,
    "pen_clp": 259.35753413,
    "pen_cop": 1179.32251308,
    "pen_crc": 134.99650349,
    "pen_gtq": 2.05206913,
    "pen_mxn": 5.37063474,
    "pen_pen": 1,
    "pen_usd": 0.26597536,
    "timestamp": "2024-12-09 19:38:19",
    "usd_clp": 975.11865639,
    "usd_cop": 4433.95403294,
    "usd_crc": 507.55267065,
    "usd_gtq": 7.71526031,
    "usd_mxn": 20.19222673,
    "usd_pen": 3.75974679,
    "usd_usd": 1
}