{
    "clp_clp": 1,
    "clp_cop": 4.55279209,
    "clp_crc": 0.52251762,
    "clp_gtq": 0.0079542397,
    "clp_mxn": 0.020877552,
    "clp_pen": 0.0038584772,
    "clp_usd": 0.0010312994,
    "cop_clp": 0.21964544,
    "cop_cop": 1,
    "cop_crc": 0.11476861,
    "cop_gtq": 0.0017471124,
    "cop_mxn": 0.004585659,
    "cop_pen": 0.00084749691,
    "cop_usd": 0.0002265202,
    "crc_clp": 1.91381106,
    "crc_cop": 8.71318383,
    "crc_crc": 1,
    "crc_gtq": 0.015222912,
    "crc_mxn": 0.039955689,
    "crc_pen": 0.0073843963,
    "crc_usd": 0.0019737122,
    "gtq_clp": 125.71911812,
    "gtq_cop": 572.37300592,
    "gtq_crc": 65.69045449,
    "gtq_gtq": 1,
    "gtq_mxn": 2.6247074,
    "gtq_pen": 0.48508435,
    "gtq_usd": 0.12965405,
    "mxn_clp": 47.89833641,
    "mxn_cop": 218.0711669,
    "mxn_crc": 25.02772478,
    "mxn_gtq": 0.38099485,
    "mxn_mxn": 1,
    "mxn_pen": 0.18481464,
    "mxn_usd": 0.049397525,
    "pen_clp": 259.1696016,
    "pen_cop": 1179.94531083,
    "pen_crc": 135.42068362,
    "pen_gtq": 2.06149713,
    "pen_mxn": 5.41082678,
    "pen_pen": 1,
    "pen_usd": 0.26728145,
    "timestamp": "2024-12-10 19:37:04",
    "usd_clp": 969.65053066,
    "usd_cop": 4414.61726124,
    "usd_crc": 506.65948832,
    "usd_gtq": 7.71283274,
    "usd_mxn": 20.24392919,
    "usd_pen": 3.74137447,
    "usd_usd": 1
}