{
    "clp_clp": 1,
    "clp_cop": 4.1394075,
    "clp_crc": 0.52616771,
    "clp_gtq": 0.008150292,
    "clp_mxn": 0.017935752,
    "clp_pen": 0.0039164197,
    "clp_usd": 0.001049735,
    "cop_clp": 0.24158047,
    "cop_cop": 1,
    "cop_crc": 0.12711184,
    "cop_gtq": 0.0019689513,
    "cop_mxn": 0.0043329274,
    "cop_pen": 0.0009461305,
    "cop_usd": 0.00025359548,
    "crc_clp": 1.9005347,
    "crc_cop": 7.86708762,
    "crc_crc": 1,
    "crc_gtq": 0.015489913,
    "crc_mxn": 0.034087519,
    "crc_pen": 0.0074432915,
    "crc_usd": 0.0019950579,
    "gtq_clp": 122.69499106,
    "gtq_cop": 507.88456646,
    "gtq_crc": 64.5581429,
    "gtq_gtq": 1,
    "gtq_mxn": 2.20062694,
    "gtq_pen": 0.48052508,
    "gtq_usd": 0.12879723,
    "mxn_clp": 55.75456206,
    "mxn_cop": 230.79085247,
    "mxn_crc": 29.33625043,
    "mxn_gtq": 0.45441596,
    "mxn_mxn": 1,
    "mxn_pen": 0.21835826,
    "mxn_usd": 0.058527518,
    "pen_clp": 255.33525114,
    "pen_cop": 1056.93665413,
    "pen_crc": 134.34916525,
    "pen_gtq": 2.08105685,
    "pen_mxn": 4.57962975,
    "pen_pen": 1,
    "pen_usd": 0.26803436,
    "timestamp": "2024-04-25 19:04:07",
    "usd_clp": 952.62133151,
    "usd_cop": 3943.28788631,
    "usd_crc": 501.23858777,
    "usd_gtq": 7.76414199,
    "usd_mxn": 17.08597999,
    "usd_pen": 3.73086492,
    "usd_usd": 1
}