{
    "clp_clp": 1,
    "clp_cop": 4.08935014,
    "clp_crc": 0.50327436,
    "clp_gtq": 0.0084599162,
    "clp_mxn": 0.01922264,
    "clp_pen": 0.0037951944,
    "clp_usd": 0.0011093933,
    "cop_clp": 0.24453763,
    "cop_cop": 1,
    "cop_crc": 0.12306952,
    "cop_gtq": 0.0020687679,
    "cop_mxn": 0.0047006589,
    "cop_pen": 0.00092806785,
    "cop_usd": 0.00027128841,
    "crc_clp": 1.98698777,
    "crc_cop": 8.1254887,
    "crc_crc": 1,
    "crc_gtq": 0.01680975,
    "crc_mxn": 0.038195151,
    "crc_pen": 0.0075410048,
    "crc_usd": 0.0022043509,
    "gtq_clp": 117.92849993,
    "gtq_cop": 484.00052149,
    "gtq_crc": 59.32749828,
    "gtq_gtq": 1,
    "gtq_mxn": 2.26958567,
    "gtq_pen": 0.4472465,
    "gtq_usd": 0.13116889,
    "mxn_clp": 52.02199028,
    "mxn_cop": 212.7361332,
    "mxn_crc": 26.18133396,
    "mxn_gtq": 0.44010168,
    "mxn_mxn": 1,
    "mxn_pen": 0.19743357,
    "mxn_usd": 0.057712848,
    "pen_clp": 263.49111421,
    "pen_cop": 1077.50742465,
    "pen_crc": 132.60832237,
    "pen_gtq": 2.22911274,
    "pen_mxn": 5.06499488,
    "pen_pen": 1,
    "pen_usd": 0.29231528,
    "timestamp": "2026-05-23 21:46:30",
    "usd_clp": 901.39357806,
    "usd_cop": 3686.11395418,
    "usd_crc": 453.64827783,
    "usd_gtq": 7.62571412,
    "usd_mxn": 17.3271644,
    "usd_pen": 3.42096386,
    "usd_usd": 1
}