{
    "clp_clp": 1,
    "clp_cop": 4.20351521,
    "clp_crc": 0.5593087,
    "clp_gtq": 0.0084834604,
    "clp_mxn": 0.018407213,
    "clp_pen": 0.0040668164,
    "clp_usd": 0.0010925225,
    "cop_clp": 0.23789613,
    "cop_cop": 1,
    "cop_crc": 0.13305737,
    "cop_gtq": 0.0020181824,
    "cop_mxn": 0.0043790047,
    "cop_pen": 0.00096747987,
    "cop_usd": 0.00025990687,
    "crc_clp": 1.78792142,
    "crc_cop": 7.51555486,
    "crc_crc": 1,
    "crc_gtq": 0.015167761,
    "crc_mxn": 0.03291065,
    "crc_pen": 0.0072711481,
    "crc_usd": 0.0019533443,
    "gtq_clp": 117.87642626,
    "gtq_cop": 495.49535013,
    "gtq_crc": 65.92931049,
    "gtq_gtq": 1,
    "gtq_mxn": 2.16977645,
    "gtq_pen": 0.47938178,
    "gtq_usd": 0.12878264,
    "mxn_clp": 54.32653047,
    "mxn_cop": 228.36239689,
    "mxn_crc": 30.38530102,
    "mxn_gtq": 0.46087697,
    "mxn_mxn": 1,
    "mxn_pen": 0.22093602,
    "mxn_usd": 0.059352955,
    "pen_clp": 245.89258863,
    "pen_cop": 1033.61323518,
    "pen_crc": 137.52986358,
    "pen_gtq": 2.08602005,
    "pen_mxn": 4.52619717,
    "pen_pen": 1,
    "pen_usd": 0.26864318,
    "timestamp": "2024-05-15 19:06:25",
    "usd_clp": 924.54801988,
    "usd_cop": 3888.6704444,
    "usd_crc": 512.47375003,
    "usd_gtq": 7.76542836,
    "usd_mxn": 16.80585438,
    "usd_pen": 3.72679788,
    "usd_usd": 1
}