{
    "clp_clp": 1,
    "clp_cop": 3.97274993,
    "clp_crc": 0.51203437,
    "clp_gtq": 0.0079477716,
    "clp_mxn": 0.017323696,
    "clp_pen": 0.0038290795,
    "clp_usd": 0.0010214802,
    "cop_clp": 0.25171481,
    "cop_cop": 1,
    "cop_crc": 0.12888663,
    "cop_gtq": 0.0020005718,
    "cop_mxn": 0.0043606308,
    "cop_pen": 0.00096383603,
    "cop_usd": 0.0002571217,
    "crc_clp": 1.9529939,
    "crc_cop": 7.75875639,
    "crc_crc": 1,
    "crc_gtq": 0.01552195,
    "crc_mxn": 0.033833072,
    "crc_pen": 0.007478169,
    "crc_usd": 0.0019949447,
    "gtq_clp": 125.821431,
    "gtq_cop": 499.85708123,
    "gtq_crc": 64.42489697,
    "gtq_gtq": 1,
    "gtq_mxn": 2.1796922,
    "gtq_pen": 0.48178027,
    "gtq_usd": 0.1285241,
    "mxn_clp": 57.72440309,
    "mxn_cop": 229.32461834,
    "mxn_crc": 29.55687829,
    "mxn_gtq": 0.45878037,
    "mxn_mxn": 1,
    "mxn_pen": 0.22103133,
    "mxn_usd": 0.058964337,
    "pen_clp": 261.15937061,
    "pen_cop": 1037.52087139,
    "pen_crc": 133.72257343,
    "pen_gtq": 2.07563504,
    "pen_mxn": 4.52424549,
    "pen_pen": 1,
    "pen_usd": 0.26676913,
    "timestamp": "2024-04-18 19:03:19",
    "usd_clp": 978.97146788,
    "usd_cop": 3889.20883072,
    "usd_crc": 501.26703739,
    "usd_gtq": 7.78064166,
    "usd_mxn": 16.95940392,
    "usd_pen": 3.74855961,
    "usd_usd": 1
}