{
    "clp_clp": 1,
    "clp_cop": 3.98942978,
    "clp_crc": 0.50522848,
    "clp_gtq": 0.0083137921,
    "clp_mxn": 0.019407519,
    "clp_pen": 0.0037534869,
    "clp_usd": 0.0010871468,
    "cop_clp": 0.25066239,
    "cop_cop": 1,
    "cop_crc": 0.12664178,
    "cop_gtq": 0.002083955,
    "cop_mxn": 0.0048647352,
    "cop_pen": 0.00094085799,
    "cop_usd": 0.00027250681,
    "crc_clp": 1.97346437,
    "crc_cop": 7.90219536,
    "crc_crc": 1,
    "crc_gtq": 0.016430123,
    "crc_mxn": 0.038246709,
    "crc_pen": 0.0073641309,
    "crc_usd": 0.0021498204,
    "gtq_clp": 120.28205451,
    "gtq_cop": 479.8568099,
    "gtq_crc": 60.76991912,
    "gtq_gtq": 1,
    "gtq_mxn": 2.33437632,
    "gtq_pen": 0.45147711,
    "gtq_usd": 0.13076425,
    "mxn_clp": 51.59827872,
    "mxn_cop": 206.61111763,
    "mxn_crc": 26.14604021,
    "mxn_gtq": 0.42958266,
    "mxn_mxn": 1,
    "mxn_pen": 0.19254286,
    "mxn_usd": 0.05620929,
    "pen_clp": 267.98333734,
    "pen_cop": 1073.06557896,
    "pen_crc": 135.79334981,
    "pen_gtq": 2.23110145,
    "pen_mxn": 5.19364878,
    "pen_pen": 1,
    "pen_usd": 0.29193131,
    "timestamp": "2026-04-07 07:22:11",
    "usd_clp": 917.96709378,
    "usd_cop": 3675.74678616,
    "usd_crc": 465.15513956,
    "usd_gtq": 7.6425562,
    "usd_mxn": 17.79065342,
    "usd_pen": 3.42546333,
    "usd_usd": 1
}