{
    "clp_clp": 1,
    "clp_cop": 4.28544315,
    "clp_crc": 0.54242226,
    "clp_gtq": 0.0082509087,
    "clp_mxn": 0.020022749,
    "clp_pen": 0.0038146411,
    "clp_usd": 0.0010747813,
    "cop_clp": 0.2327471,
    "cop_cop": 1,
    "cop_crc": 0.12630617,
    "cop_gtq": 0.0019225964,
    "cop_mxn": 0.0046569571,
    "cop_pen": 0.00088714748,
    "cop_usd": 0.00025010538,
    "crc_clp": 1.8427215,
    "crc_cop": 7.91726936,
    "crc_crc": 1,
    "crc_gtq": 0.015221714,
    "crc_mxn": 0.036870384,
    "crc_pen": 0.0070237856,
    "crc_usd": 0.0019801517,
    "gtq_clp": 121.05874247,
    "gtq_cop": 520.12996691,
    "gtq_crc": 65.69562603,
    "gtq_gtq": 1,
    "gtq_mxn": 2.42222296,
    "gtq_pen": 0.46143199,
    "gtq_usd": 0.1300873,
    "mxn_clp": 49.97836468,
    "mxn_cop": 214.73248968,
    "mxn_crc": 27.12203917,
    "mxn_gtq": 0.41284391,
    "mxn_mxn": 1,
    "mxn_pen": 0.19049939,
    "mxn_usd": 0.053705751,
    "pen_clp": 262.35446324,
    "pen_cop": 1127.20829162,
    "pen_crc": 142.37336645,
    "pen_gtq": 2.1671666,
    "pen_mxn": 5.2493607,
    "pen_pen": 1,
    "pen_usd": 0.28192086,
    "timestamp": "2025-07-07 19:47:14",
    "usd_clp": 930.59614277,
    "usd_cop": 3998.31462868,
    "usd_crc": 505.01182261,
    "usd_gtq": 7.6871453,
    "usd_mxn": 18.61997984,
    "usd_pen": 3.54709476,
    "usd_usd": 1
}