{
    "clp_clp": 1,
    "clp_cop": 3.91721217,
    "clp_crc": 0.51598396,
    "clp_gtq": 0.0079321112,
    "clp_mxn": 0.016960138,
    "clp_pen": 0.0037871642,
    "clp_usd": 0.0010183913,
    "cop_clp": 0.25528359,
    "cop_cop": 1,
    "cop_crc": 0.13172224,
    "cop_gtq": 0.0020249379,
    "cop_mxn": 0.004329645,
    "cop_pen": 0.00096680088,
    "cop_usd": 0.0002599786,
    "crc_clp": 1.93804475,
    "crc_cop": 7.59173249,
    "crc_crc": 1,
    "crc_gtq": 0.015372787,
    "crc_mxn": 0.032869507,
    "crc_pen": 0.0073396936,
    "crc_usd": 0.001973688,
    "gtq_clp": 126.06984101,
    "gtq_cop": 493.84231554,
    "gtq_crc": 65.05001541,
    "gtq_gtq": 1,
    "gtq_mxn": 2.13816192,
    "gtq_pen": 0.47744718,
    "gtq_usd": 0.12838844,
    "mxn_clp": 58.96178381,
    "mxn_cop": 230.96581715,
    "mxn_crc": 30.42333452,
    "mxn_gtq": 0.46769143,
    "mxn_mxn": 1,
    "mxn_pen": 0.22329795,
    "mxn_usd": 0.06004617,
    "pen_clp": 264.04981565,
    "pen_cop": 1034.33915146,
    "pen_crc": 136.24546869,
    "pen_gtq": 2.0944725,
    "pen_mxn": 4.47832136,
    "pen_pen": 1,
    "pen_usd": 0.26890605,
    "timestamp": "2024-03-27 19:02:07",
    "usd_clp": 981.94078725,
    "usd_cop": 3846.47040246,
    "usd_crc": 506.66569283,
    "usd_gtq": 7.78886353,
    "usd_mxn": 16.65385142,
    "usd_pen": 3.71877096,
    "usd_usd": 1
}