{
    "clp_clp": 1,
    "clp_cop": 4.54231418,
    "clp_crc": 0.56114176,
    "clp_gtq": 0.0083527526,
    "clp_mxn": 0.020815051,
    "clp_pen": 0.0040505267,
    "clp_usd": 0.0010791738,
    "cop_clp": 0.22062011,
    "cop_cop": 1,
    "cop_crc": 0.12321561,
    "cop_gtq": 0.0018431995,
    "cop_mxn": 0.0045975896,
    "cop_pen": 0.00089547087,
    "cop_usd": 0.0002384993,
    "crc_clp": 1.79052085,
    "crc_cop": 8.11585502,
    "crc_crc": 1,
    "crc_gtq": 0.01495914,
    "crc_mxn": 0.037313371,
    "crc_pen": 0.0072675118,
    "crc_usd": 0.0019356257,
    "gtq_clp": 119.72101261,
    "gtq_cop": 543.81045284,
    "gtq_crc": 67.18045956,
    "gtq_gtq": 1,
    "gtq_mxn": 2.49199898,
    "gtq_pen": 0.48493316,
    "gtq_usd": 0.12919978,
    "mxn_clp": 47.98603878,
    "mxn_cop": 217.50527717,
    "mxn_crc": 26.80004468,
    "mxn_gtq": 0.40090562,
    "mxn_mxn": 1,
    "mxn_pen": 0.19476964,
    "mxn_usd": 0.051874855,
    "pen_clp": 246.37329824,
    "pen_cop": 1116.73090522,
    "pen_crc": 137.59867596,
    "pen_gtq": 2.05835787,
    "pen_mxn": 5.13427039,
    "pen_pen": 1,
    "pen_usd": 0.26633953,
    "timestamp": "2024-10-13 06:32:32",
    "usd_clp": 925.03465012,
    "usd_cop": 4192.88449504,
    "usd_crc": 516.62880671,
    "usd_gtq": 7.72832269,
    "usd_mxn": 19.27716214,
    "usd_pen": 3.75460594,
    "usd_usd": 1
}