{
    "clp_clp": 1,
    "clp_cop": 4.00446748,
    "clp_crc": 0.53698119,
    "clp_gtq": 0.0081885984,
    "clp_mxn": 0.019582465,
    "clp_pen": 0.0035972989,
    "clp_usd": 0.0010687108,
    "cop_clp": 0.24972109,
    "cop_cop": 1,
    "cop_crc": 0.13409553,
    "cop_gtq": 0.0020448658,
    "cop_mxn": 0.0048901547,
    "cop_pen": 0.00089832142,
    "cop_usd": 0.00026687964,
    "crc_clp": 1.86226263,
    "crc_cop": 7.45737012,
    "crc_crc": 1,
    "crc_gtq": 0.015249321,
    "crc_mxn": 0.036467693,
    "crc_pen": 0.0066991153,
    "crc_usd": 0.0019902203,
    "gtq_clp": 122.12102062,
    "gtq_cop": 489.02965549,
    "gtq_crc": 65.57669092,
    "gtq_gtq": 1,
    "gtq_mxn": 2.39143065,
    "gtq_pen": 0.43930581,
    "gtq_usd": 0.13051206,
    "mxn_clp": 51.0660932,
    "mxn_cop": 204.49250945,
    "mxn_crc": 27.42153147,
    "mxn_gtq": 0.41815973,
    "mxn_mxn": 1,
    "mxn_pen": 0.1837,
    "mxn_usd": 0.054574887,
    "pen_clp": 277.9863517,
    "pen_cop": 1113.18730484,
    "pen_crc": 149.27344181,
    "pen_gtq": 2.27631861,
    "pen_mxn": 5.4436581,
    "pen_pen": 1,
    "pen_usd": 0.29708703,
    "timestamp": "2025-11-12 19:43:09",
    "usd_clp": 935.70680089,
    "usd_cop": 3747.00745349,
    "usd_crc": 502.45695097,
    "usd_gtq": 7.66212726,
    "usd_mxn": 18.323446,
    "usd_pen": 3.36601705,
    "usd_usd": 1
}