{
    "clp_clp": 1,
    "clp_cop": 4.20192695,
    "clp_crc": 0.57090276,
    "clp_gtq": 0.008854998,
    "clp_mxn": 0.020032682,
    "clp_pen": 0.0038786083,
    "clp_usd": 0.0011539575,
    "cop_clp": 0.23798605,
    "cop_cop": 1,
    "cop_crc": 0.13586689,
    "cop_gtq": 0.002107366,
    "cop_mxn": 0.0047674989,
    "cop_pen": 0.00092305467,
    "cop_usd": 0.00027462579,
    "crc_clp": 1.75161177,
    "crc_cop": 7.36014468,
    "crc_crc": 1,
    "crc_gtq": 0.015510519,
    "crc_mxn": 0.035089481,
    "crc_pen": 0.0067938159,
    "crc_usd": 0.0020212855,
    "gtq_clp": 112.93057297,
    "gtq_cop": 474.52601769,
    "gtq_crc": 64.47237629,
    "gtq_gtq": 1,
    "gtq_mxn": 2.26230225,
    "gtq_pen": 0.43801346,
    "gtq_usd": 0.13031708,
    "mxn_clp": 49.91842846,
    "mxn_cop": 209.75358971,
    "mxn_crc": 28.4985688,
    "mxn_gtq": 0.44202759,
    "mxn_mxn": 1,
    "mxn_pen": 0.19361403,
    "mxn_usd": 0.057603745,
    "pen_clp": 257.82443688,
    "pen_cop": 1083.35944891,
    "pen_crc": 147.19268375,
    "pen_gtq": 2.28303488,
    "pen_mxn": 5.16491494,
    "pen_pen": 1,
    "pen_usd": 0.29751844,
    "timestamp": "2026-01-24 20:03:22",
    "usd_clp": 866.58303977,
    "usd_cop": 3641.31862656,
    "usd_crc": 494.73465299,
    "usd_gtq": 7.6735911,
    "usd_mxn": 17.3599824,
    "usd_pen": 3.36113617,
    "usd_usd": 1
}