{
    "clp_clp": 1,
    "clp_cop": 4.46649148,
    "clp_crc": 0.5112343,
    "clp_gtq": 0.0077803274,
    "clp_mxn": 0.020375679,
    "clp_pen": 0.0037836382,
    "clp_usd": 0.0010108647,
    "cop_clp": 0.22351034,
    "cop_cop": 1,
    "cop_crc": 0.11445332,
    "cop_gtq": 0.0017366235,
    "cop_mxn": 0.0045493142,
    "cop_pen": 0.00084761434,
    "cop_usd": 0.0002256182,
    "crc_clp": 1.95285149,
    "crc_cop": 8.73718619,
    "crc_crc": 1,
    "crc_gtq": 0.015173203,
    "crc_mxn": 0.039748205,
    "crc_pen": 0.0074057643,
    "crc_usd": 0.0019712682,
    "gtq_clp": 128.52929532,
    "gtq_cop": 574.07500214,
    "gtq_crc": 65.70858476,
    "gtq_gtq": 1,
    "gtq_mxn": 2.61887165,
    "gtq_pen": 0.48630835,
    "gtq_usd": 0.12992573,
    "mxn_clp": 49.07811941,
    "mxn_cop": 219.20700206,
    "mxn_crc": 25.09041819,
    "mxn_gtq": 0.38184384,
    "mxn_mxn": 1,
    "mxn_pen": 0.18569385,
    "mxn_usd": 0.049611341,
    "pen_clp": 264.29588291,
    "pen_cop": 1180.47530848,
    "pen_crc": 135.11712159,
    "pen_gtq": 2.0563085,
    "pen_mxn": 5.38520803,
    "pen_pen": 1,
    "pen_usd": 0.26716739,
    "timestamp": "2024-12-26 06:35:06",
    "usd_clp": 989.2520252,
    "usd_cop": 4418.48573936,
    "usd_crc": 505.73957,
    "usd_gtq": 7.69670465,
    "usd_mxn": 20.15668157,
    "usd_pen": 3.74297176,
    "usd_usd": 1
}