{
    "clp_clp": 1,
    "clp_cop": 4.48041941,
    "clp_crc": 0.51574333,
    "clp_gtq": 0.0078544998,
    "clp_mxn": 0.02052932,
    "clp_pen": 0.0038229145,
    "clp_usd": 0.0010204515,
    "cop_clp": 0.2282993,
    "cop_cop": 1,
    "cop_crc": 0.11727494,
    "cop_gtq": 0.0017822037,
    "cop_mxn": 0.0046570602,
    "cop_pen": 0.00086542616,
    "cop_usd": 0.00023147359,
    "crc_clp": 1.93894899,
    "crc_cop": 8.68730467,
    "crc_crc": 1,
    "crc_gtq": 0.015229474,
    "crc_mxn": 0.039805304,
    "crc_pen": 0.0074124362,
    "crc_usd": 0.0019786033,
    "gtq_clp": 128.09944272,
    "gtq_cop": 561.10308286,
    "gtq_crc": 65.80333109,
    "gtq_gtq": 1,
    "gtq_mxn": 2.61309082,
    "gtq_pen": 0.48559329,
    "gtq_usd": 0.12988054,
    "mxn_clp": 49.02219313,
    "mxn_cop": 214.72773891,
    "mxn_crc": 25.18218297,
    "mxn_gtq": 0.38268857,
    "mxn_mxn": 1,
    "mxn_pen": 0.185831,
    "mxn_usd": 0.0497038,
    "pen_clp": 263.79986389,
    "pen_cop": 1155.50008447,
    "pen_crc": 135.51120456,
    "pen_gtq": 2.05933655,
    "pen_mxn": 5.38123342,
    "pen_pen": 1,
    "pen_usd": 0.26746775,
    "timestamp": "2024-12-16 06:39:46",
    "usd_clp": 986.28663105,
    "usd_cop": 4320.14735974,
    "usd_crc": 506.64502793,
    "usd_gtq": 7.69938268,
    "usd_mxn": 20.11918619,
    "usd_pen": 3.73876854,
    "usd_usd": 1
}