{
    "clp_clp": 1,
    "clp_cop": 4.33010227,
    "clp_crc": 0.52840626,
    "clp_gtq": 0.008048824,
    "clp_mxn": 0.021353105,
    "clp_pen": 0.0038437888,
    "clp_usd": 0.0010432808,
    "cop_clp": 0.23120528,
    "cop_cop": 1,
    "cop_crc": 0.1223591,
    "cop_gtq": 0.0018579376,
    "cop_mxn": 0.0049490084,
    "cop_pen": 0.00089735203,
    "cop_usd": 0.00024090183,
    "crc_clp": 1.89248327,
    "crc_cop": 8.1946461,
    "crc_crc": 1,
    "crc_gtq": 0.015232265,
    "crc_mxn": 0.040410394,
    "crc_pen": 0.007274306,
    "crc_usd": 0.0019743914,
    "gtq_clp": 124.24175217,
    "gtq_cop": 537.97949317,
    "gtq_crc": 65.65011916,
    "gtq_gtq": 1,
    "gtq_mxn": 2.65294719,
    "gtq_pen": 0.47755906,
    "gtq_usd": 0.12961903,
    "mxn_clp": 46.83159651,
    "mxn_cop": 202.78560239,
    "mxn_crc": 24.74610859,
    "mxn_gtq": 0.37693928,
    "mxn_mxn": 1,
    "mxn_pen": 0.18001077,
    "mxn_usd": 0.048858504,
    "pen_clp": 260.15997414,
    "pen_cop": 1126.51929471,
    "pen_crc": 137.470158,
    "pen_gtq": 2.09398185,
    "pen_mxn": 5.55522326,
    "pen_pen": 1,
    "pen_usd": 0.2714199,
    "timestamp": "2025-03-03 19:24:59",
    "usd_clp": 958.51474633,
    "usd_cop": 4150.46687935,
    "usd_crc": 506.48518882,
    "usd_gtq": 7.71491652,
    "usd_mxn": 20.46726607,
    "usd_pen": 3.68432827,
    "usd_usd": 1
}