{
    "clp_clp": 1,
    "clp_cop": 4.27021628,
    "clp_crc": 0.50042746,
    "clp_gtq": 0.0076529735,
    "clp_mxn": 0.020472528,
    "clp_pen": 0.0037469278,
    "clp_usd": 0.00099150091,
    "cop_clp": 0.23418018,
    "cop_cop": 1,
    "cop_crc": 0.11719019,
    "cop_gtq": 0.0017921747,
    "cop_mxn": 0.0047942602,
    "cop_pen": 0.0008774562,
    "cop_usd": 0.00023218986,
    "crc_clp": 1.99829162,
    "crc_cop": 8.53313738,
    "crc_crc": 1,
    "crc_gtq": 0.015292873,
    "crc_mxn": 0.040910081,
    "crc_pen": 0.0074874543,
    "crc_usd": 0.0019813079,
    "gtq_clp": 130.66816371,
    "gtq_cop": 557.98131946,
    "gtq_crc": 65.38993745,
    "gtq_gtq": 1,
    "gtq_mxn": 2.67510765,
    "gtq_pen": 0.48960417,
    "gtq_usd": 0.1295576,
    "mxn_clp": 48.84594589,
    "mxn_cop": 208.58275318,
    "mxn_crc": 24.4438527,
    "mxn_gtq": 0.37381673,
    "mxn_mxn": 1,
    "mxn_pen": 0.18302223,
    "mxn_usd": 0.0484308,
    "pen_clp": 266.88531597,
    "pen_cop": 1139.65802013,
    "pen_crc": 133.55674115,
    "pen_gtq": 2.04246626,
    "pen_mxn": 5.46381713,
    "pen_pen": 1,
    "pen_usd": 0.26461703,
    "timestamp": "2025-01-14 19:20:14",
    "usd_clp": 1008.57194876,
    "usd_cop": 4306.82035131,
    "usd_crc": 504.71709992,
    "usd_gtq": 7.71857444,
    "usd_mxn": 20.64801756,
    "usd_pen": 3.77904624,
    "usd_usd": 1
}