{
    "clp_clp": 1,
    "clp_cop": 4.25910927,
    "clp_crc": 0.54951013,
    "clp_gtq": 0.0088462341,
    "clp_mxn": 0.019903256,
    "clp_pen": 0.0038732628,
    "clp_usd": 0.00115367,
    "cop_clp": 0.23479088,
    "cop_cop": 1,
    "cop_crc": 0.12901997,
    "cop_gtq": 0.0020770151,
    "cop_mxn": 0.0046731028,
    "cop_pen": 0.00090940678,
    "cop_usd": 0.00027087118,
    "crc_clp": 1.81789566,
    "crc_cop": 7.78338751,
    "crc_crc": 1,
    "crc_gtq": 0.016121077,
    "crc_mxn": 0.036119497,
    "crc_pen": 0.0070383083,
    "crc_usd": 0.0021056899,
    "gtq_clp": 112.76514806,
    "gtq_cop": 482.80815396,
    "gtq_crc": 62.03059441,
    "gtq_gtq": 1,
    "gtq_mxn": 2.24051386,
    "gtq_pen": 0.43659045,
    "gtq_usd": 0.13061719,
    "mxn_clp": 50.24303668,
    "mxn_cop": 213.99058308,
    "mxn_crc": 27.60905777,
    "mxn_gtq": 0.44446167,
    "mxn_mxn": 1,
    "mxn_pen": 0.19460449,
    "mxn_usd": 0.057963882,
    "pen_clp": 258.18025806,
    "pen_cop": 1099.61792934,
    "pen_crc": 141.87266795,
    "pen_gtq": 2.28392301,
    "pen_mxn": 5.13862766,
    "pen_pen": 1,
    "pen_usd": 0.29785481,
    "timestamp": "2026-02-24 07:10:04",
    "usd_clp": 863.32544661,
    "usd_cop": 3696.35984447,
    "usd_crc": 474.90374061,
    "usd_gtq": 7.65595986,
    "usd_mxn": 17.15328417,
    "usd_pen": 3.34251892,
    "usd_usd": 1
}