{
    "clp_clp": 1,
    "clp_cop": 4.09289149,
    "clp_crc": 0.53218749,
    "clp_gtq": 0.0081249242,
    "clp_mxn": 0.019695093,
    "clp_pen": 0.0035729154,
    "clp_usd": 0.0010609629,
    "cop_clp": 0.24432605,
    "cop_cop": 1,
    "cop_crc": 0.13002726,
    "cop_gtq": 0.0019851306,
    "cop_mxn": 0.0048120243,
    "cop_pen": 0.0008729563,
    "cop_usd": 0.00025922088,
    "crc_clp": 1.87903705,
    "crc_cop": 7.69069473,
    "crc_crc": 1,
    "crc_gtq": 0.015267034,
    "crc_mxn": 0.03700781,
    "crc_pen": 0.0067136404,
    "crc_usd": 0.0019935886,
    "gtq_clp": 122.7267538,
    "gtq_cop": 502.61356962,
    "gtq_crc": 65.46530017,
    "gtq_gtq": 1,
    "gtq_mxn": 2.4200861,
    "gtq_pen": 0.43954908,
    "gtq_usd": 0.13036535,
    "mxn_clp": 50.77406766,
    "mxn_cop": 207.81274925,
    "mxn_crc": 27.02132338,
    "mxn_gtq": 0.41253545,
    "mxn_mxn": 1,
    "mxn_pen": 0.18141145,
    "mxn_usd": 0.053869403,
    "pen_clp": 279.21058271,
    "pen_cop": 1143.47543058,
    "pen_crc": 148.93740803,
    "pen_gtq": 2.27505881,
    "pen_mxn": 5.50583822,
    "pen_pen": 1,
    "pen_usd": 0.29658884,
    "timestamp": "2025-11-03 06:43:55",
    "usd_clp": 942.54000676,
    "usd_cop": 3857.71396916,
    "usd_crc": 501.60799585,
    "usd_gtq": 7.65806615,
    "usd_mxn": 18.56341338,
    "usd_pen": 3.3676157,
    "usd_usd": 1
}