{
    "clp_clp": 1,
    "clp_cop": 4.16047893,
    "clp_crc": 0.52077713,
    "clp_gtq": 0.0079139386,
    "clp_mxn": 0.019251048,
    "clp_pen": 0.0036664531,
    "clp_usd": 0.0010324317,
    "cop_clp": 0.24035694,
    "cop_cop": 1,
    "cop_crc": 0.1251724,
    "cop_gtq": 0.0019021701,
    "cop_mxn": 0.004627123,
    "cop_pen": 0.00088125745,
    "cop_usd": 0.00024815212,
    "crc_clp": 1.92020723,
    "crc_cop": 7.98898172,
    "crc_crc": 1,
    "crc_gtq": 0.015196402,
    "crc_mxn": 0.036966001,
    "crc_pen": 0.0070403497,
    "crc_usd": 0.0019824828,
    "gtq_clp": 126.35933249,
    "gtq_cop": 525.71534102,
    "gtq_crc": 65.80504995,
    "gtq_gtq": 1,
    "gtq_mxn": 2.43254952,
    "gtq_pen": 0.46329056,
    "gtq_usd": 0.13045738,
    "mxn_clp": 51.94522506,
    "mxn_cop": 216.11701463,
    "mxn_crc": 27.05188499,
    "mxn_gtq": 0.41109132,
    "mxn_mxn": 1,
    "mxn_pen": 0.19045473,
    "mxn_usd": 0.053629896,
    "pen_clp": 272.74316202,
    "pen_cop": 1134.7421802,
    "pen_crc": 142.03839991,
    "pen_gtq": 2.15847264,
    "pen_mxn": 5.25059159,
    "pen_pen": 1,
    "pen_usd": 0.28158868,
    "timestamp": "2025-08-28 19:37:09",
    "usd_clp": 968.58709366,
    "usd_cop": 4029.78619968,
    "usd_crc": 504.4180024,
    "usd_gtq": 7.6653388,
    "usd_mxn": 18.64631624,
    "usd_pen": 3.55127911,
    "usd_usd": 1
}