{
    "clp_clp": 1,
    "clp_cop": 4.46544925,
    "clp_crc": 0.53809287,
    "clp_gtq": 0.0082986181,
    "clp_mxn": 0.021791186,
    "clp_pen": 0.0039067667,
    "clp_usd": 0.0010766906,
    "cop_clp": 0.22394163,
    "cop_cop": 1,
    "cop_crc": 0.1205014,
    "cop_gtq": 0.0018584061,
    "cop_mxn": 0.0048799538,
    "cop_pen": 0.00087488772,
    "cop_usd": 0.00024111586,
    "crc_clp": 1.85841525,
    "crc_cop": 8.29865897,
    "crc_crc": 1,
    "crc_gtq": 0.015422278,
    "crc_mxn": 0.040497072,
    "crc_pen": 0.0072603948,
    "crc_usd": 0.0020009383,
    "gtq_clp": 120.50199065,
    "gtq_cop": 538.09552427,
    "gtq_crc": 64.84126244,
    "gtq_gtq": 1,
    "gtq_mxn": 2.6258813,
    "gtq_pen": 0.47077316,
    "gtq_usd": 0.12974336,
    "mxn_clp": 45.89011346,
    "mxn_cop": 204.9199729,
    "mxn_crc": 24.69314302,
    "mxn_gtq": 0.38082453,
    "mxn_mxn": 1,
    "mxn_pen": 0.17928197,
    "mxn_usd": 0.049409455,
    "pen_clp": 255.96614203,
    "pen_cop": 1143.00381797,
    "pen_crc": 137.73355694,
    "pen_gtq": 2.12416526,
    "pen_mxn": 5.57780582,
    "pen_pen": 1,
    "pen_usd": 0.27559635,
    "timestamp": "2025-03-22 19:39:31",
    "usd_clp": 928.77189597,
    "usd_cop": 4147.38376994,
    "usd_crc": 499.76553851,
    "usd_gtq": 7.70752326,
    "usd_mxn": 20.23904118,
    "usd_pen": 3.62849512,
    "usd_usd": 1
}