{
    "clp_clp": 1,
    "clp_cop": 4.275382,
    "clp_crc": 0.49987628,
    "clp_gtq": 0.007672396,
    "clp_mxn": 0.020350611,
    "clp_pen": 0.0037456513,
    "clp_usd": 0.00099402761,
    "cop_clp": 0.23389723,
    "cop_cop": 1,
    "cop_crc": 0.11691968,
    "cop_gtq": 0.0017945522,
    "cop_mxn": 0.0047599515,
    "cop_pen": 0.00087609745,
    "cop_usd": 0.0002325003,
    "crc_clp": 2.00049499,
    "crc_cop": 8.55288029,
    "crc_crc": 1,
    "crc_gtq": 0.01534859,
    "crc_mxn": 0.040711295,
    "crc_pen": 0.0074931566,
    "crc_usd": 0.0019885473,
    "gtq_clp": 130.33738025,
    "gtq_cop": 557.24208979,
    "gtq_crc": 65.15256508,
    "gtq_gtq": 1,
    "gtq_mxn": 2.65244533,
    "gtq_pen": 0.48819838,
    "gtq_usd": 0.12955895,
    "mxn_clp": 49.13857375,
    "mxn_cop": 210.08617385,
    "mxn_crc": 24.56320756,
    "mxn_gtq": 0.3770106,
    "mxn_mxn": 1,
    "mxn_pen": 0.18405596,
    "mxn_usd": 0.048845099,
    "pen_clp": 266.97626797,
    "pen_cop": 1141.4255312,
    "pen_crc": 133.45510429,
    "pen_gtq": 2.04834766,
    "pen_mxn": 5.43313018,
    "pen_pen": 1,
    "pen_usd": 0.26538178,
    "timestamp": "2025-01-16 06:34:28",
    "usd_clp": 1006.00827483,
    "usd_cop": 4301.06967261,
    "usd_crc": 502.87967637,
    "usd_gtq": 7.7184939,
    "usd_mxn": 20.47288307,
    "usd_pen": 3.76815618,
    "usd_usd": 1
}