{
    "clp_clp": 1,
    "clp_cop": 3.66155515,
    "clp_crc": 0.49192192,
    "clp_gtq": 0.0082426312,
    "clp_mxn": 0.018941722,
    "clp_pen": 0.0036928666,
    "clp_usd": 0.0010804267,
    "cop_clp": 0.273108,
    "cop_cop": 1,
    "cop_crc": 0.13434781,
    "cop_gtq": 0.0022511285,
    "cop_mxn": 0.0051731358,
    "cop_pen": 0.0010085514,
    "cop_usd": 0.00029507317,
    "crc_clp": 2.03144878,
    "crc_cop": 7.39243691,
    "crc_crc": 1,
    "crc_gtq": 0.016748618,
    "crc_mxn": 0.038330857,
    "crc_pen": 0.0074901882,
    "crc_usd": 0.0021971873,
    "gtq_clp": 121.32048369,
    "gtq_cop": 444.22164188,
    "gtq_crc": 59.68020539,
    "gtq_gtq": 1,
    "gtq_mxn": 2.29801888,
    "gtq_pen": 0.44802036,
    "gtq_usd": 0.13107789,
    "mxn_clp": 52.79351049,
    "mxn_cop": 193.30635023,
    "mxn_crc": 25.97028509,
    "mxn_gtq": 0.43515743,
    "mxn_mxn": 1,
    "mxn_pen": 0.19495939,
    "mxn_usd": 0.057039517,
    "pen_clp": 271.21465163,
    "pen_cop": 986.94942443,
    "pen_crc": 133.50799433,
    "pen_gtq": 2.23607436,
    "pen_mxn": 5.11747588,
    "pen_pen": 1,
    "pen_usd": 0.29334207,
    "timestamp": "2026-07-03 08:07:41",
    "usd_clp": 924.56786637,
    "usd_cop": 3364.5001038,
    "usd_crc": 455.12733445,
    "usd_gtq": 7.62275372,
    "usd_mxn": 17.44542092,
    "usd_pen": 3.40898938,
    "usd_usd": 1
}