{
    "clp_clp": 1,
    "clp_cop": 4.5463552,
    "clp_crc": 0.52236355,
    "clp_gtq": 0.0079200562,
    "clp_mxn": 0.020974181,
    "clp_pen": 0.0038498769,
    "clp_usd": 0.0010262452,
    "cop_clp": 0.21995659,
    "cop_cop": 1,
    "cop_crc": 0.11415998,
    "cop_gtq": 0.0017335788,
    "cop_mxn": 0.0045872143,
    "cop_pen": 0.00084300599,
    "cop_usd": 0.00022471947,
    "crc_clp": 1.92673999,
    "crc_cop": 8.75963734,
    "crc_crc": 1,
    "crc_gtq": 0.015185521,
    "crc_mxn": 0.040182334,
    "crc_pen": 0.0073844267,
    "crc_usd": 0.0019684611,
    "gtq_clp": 126.88006799,
    "gtq_cop": 576.84139366,
    "gtq_crc": 65.85220039,
    "gtq_gtq": 1,
    "gtq_mxn": 2.64609511,
    "gtq_pen": 0.48628075,
    "gtq_usd": 0.1296275,
    "mxn_clp": 47.94992733,
    "mxn_cop": 217.99722638,
    "mxn_crc": 24.88655841,
    "mxn_gtq": 0.37791537,
    "mxn_mxn": 1,
    "mxn_pen": 0.18377297,
    "mxn_usd": 0.048988222,
    "pen_clp": 260.91937338,
    "pen_cop": 1186.23119732,
    "pen_crc": 135.42012652,
    "pen_gtq": 2.05642523,
    "pen_mxn": 5.44149674,
    "pen_pen": 1,
    "pen_usd": 0.26656925,
    "timestamp": "2024-12-03 06:38:10",
    "usd_clp": 974.42598495,
    "usd_cop": 4430.0866449,
    "usd_crc": 509.00461811,
    "usd_gtq": 7.71750858,
    "usd_mxn": 20.43778679,
    "usd_pen": 3.75142012,
    "usd_usd": 1
}