{
    "clp_clp": 1,
    "clp_cop": 4.2848045,
    "clp_crc": 0.57818746,
    "clp_gtq": 0.0089637254,
    "clp_mxn": 0.020055129,
    "clp_pen": 0.0039245776,
    "clp_usd": 0.0011685947,
    "cop_clp": 0.23338288,
    "cop_cop": 1,
    "cop_crc": 0.13493905,
    "cop_gtq": 0.00209198,
    "cop_mxn": 0.0046805238,
    "cop_pen": 0.00091592921,
    "cop_usd": 0.00027272999,
    "crc_clp": 1.72954288,
    "crc_cop": 7.41075311,
    "crc_crc": 1,
    "crc_gtq": 0.015503147,
    "crc_mxn": 0.034686206,
    "crc_pen": 0.0067877253,
    "crc_usd": 0.0020211346,
    "gtq_clp": 111.56075847,
    "gtq_cop": 478.01604031,
    "gtq_crc": 64.50303133,
    "gtq_gtq": 1,
    "gtq_mxn": 2.23736543,
    "gtq_pen": 0.43782885,
    "gtq_usd": 0.13036931,
    "mxn_clp": 49.86255567,
    "mxn_cop": 213.65130308,
    "mxn_crc": 28.8299043,
    "mxn_gtq": 0.44695425,
    "mxn_mxn": 1,
    "mxn_pen": 0.19568947,
    "mxn_usd": 0.058269117,
    "pen_clp": 254.80449101,
    "pen_cop": 1091.78743057,
    "pen_crc": 147.32476089,
    "pen_gtq": 2.28399748,
    "pen_mxn": 5.11013701,
    "pen_pen": 1,
    "pen_usd": 0.29776317,
    "timestamp": "2026-02-11 20:27:06",
    "usd_clp": 855.72870277,
    "usd_cop": 3666.63019927,
    "usd_crc": 494.77160322,
    "usd_gtq": 7.67051707,
    "usd_mxn": 17.16174976,
    "usd_pen": 3.35837371,
    "usd_usd": 1
}