{
    "clp_clp": 1,
    "clp_cop": 4.48041941,
    "clp_crc": 0.51574333,
    "clp_gtq": 0.0078544998,
    "clp_mxn": 0.02052932,
    "clp_pen": 0.0038229145,
    "clp_usd": 0.0010204515,
    "cop_clp": 0.22319339,
    "cop_cop": 1,
    "cop_crc": 0.1151105,
    "cop_gtq": 0.0017530724,
    "cop_mxn": 0.0045820085,
    "cop_pen": 0.00085324925,
    "cop_usd": 0.00022775802,
    "crc_clp": 1.93894899,
    "crc_cop": 8.68730467,
    "crc_crc": 1,
    "crc_gtq": 0.015229474,
    "crc_mxn": 0.039805304,
    "crc_pen": 0.0074124362,
    "crc_usd": 0.0019786033,
    "gtq_clp": 127.31555495,
    "gtq_cop": 570.42708383,
    "gtq_crc": 65.66214784,
    "gtq_gtq": 1,
    "gtq_mxn": 2.61370176,
    "gtq_pen": 0.48671648,
    "gtq_usd": 0.12991934,
    "mxn_clp": 48.71081959,
    "mxn_cop": 218.24490166,
    "mxn_crc": 25.12228014,
    "mxn_gtq": 0.38259912,
    "mxn_mxn": 1,
    "mxn_pen": 0.1862173,
    "mxn_usd": 0.049707027,
    "pen_clp": 261.58053039,
    "pen_cop": 1171.99048614,
    "pen_crc": 134.90841292,
    "pen_gtq": 2.05458422,
    "pen_mxn": 5.3700704,
    "pen_pen": 1,
    "pen_usd": 0.26693023,
    "timestamp": "2024-12-16 19:36:25",
    "usd_clp": 979.95842521,
    "usd_cop": 4390.62475119,
    "usd_crc": 505.40701814,
    "usd_gtq": 7.69708325,
    "usd_mxn": 20.11788004,
    "usd_pen": 3.74629726,
    "usd_usd": 1
}