{
    "clp_clp": 1,
    "clp_cop": 4.030482,
    "clp_crc": 0.52225626,
    "clp_gtq": 0.0079651578,
    "clp_mxn": 0.019128088,
    "clp_pen": 0.0036155469,
    "clp_usd": 0.0010386733,
    "cop_clp": 0.24810928,
    "cop_cop": 1,
    "cop_crc": 0.12957663,
    "cop_gtq": 0.0019762296,
    "cop_mxn": 0.0047458562,
    "cop_pen": 0.00089705075,
    "cop_usd": 0.00025770448,
    "crc_clp": 1.91476882,
    "crc_cop": 7.71744128,
    "crc_crc": 1,
    "crc_gtq": 0.015251436,
    "crc_mxn": 0.036625867,
    "crc_pen": 0.0069229365,
    "crc_usd": 0.0019888192,
    "gtq_clp": 125.54679149,
    "gtq_cop": 506.01408386,
    "gtq_crc": 65.56759755,
    "gtq_gtq": 1,
    "gtq_mxn": 2.40147009,
    "gtq_pen": 0.45392031,
    "gtq_usd": 0.1304021,
    "mxn_clp": 52.27914018,
    "mxn_cop": 210.71013372,
    "mxn_crc": 27.30310813,
    "mxn_gtq": 0.4164116,
    "mxn_mxn": 1,
    "mxn_pen": 0.18901768,
    "mxn_usd": 0.054300946,
    "pen_clp": 276.58332989,
    "pen_cop": 1114.76413395,
    "pen_crc": 144.44737494,
    "pen_gtq": 2.20302986,
    "pen_mxn": 5.29051031,
    "pen_pen": 1,
    "pen_usd": 0.28727971,
    "timestamp": "2025-10-06 06:41:59",
    "usd_clp": 962.76665841,
    "usd_cop": 3880.41369151,
    "usd_crc": 502.8109125,
    "usd_gtq": 7.66858832,
    "usd_mxn": 18.41588548,
    "usd_pen": 3.480928,
    "usd_usd": 1
}