{
    "clp_clp": 1,
    "clp_cop": 4.12554387,
    "clp_crc": 0.54805468,
    "clp_gtq": 0.0084664268,
    "clp_mxn": 0.019815401,
    "clp_pen": 0.0037206316,
    "clp_usd": 0.0011053294,
    "cop_clp": 0.24239228,
    "cop_cop": 1,
    "cop_crc": 0.13284422,
    "cop_gtq": 0.0020521965,
    "cop_mxn": 0.0048031002,
    "cop_pen": 0.0009018524,
    "cop_usd": 0.00026792331,
    "crc_clp": 1.82463546,
    "crc_cop": 7.52761364,
    "crc_crc": 1,
    "crc_gtq": 0.015448143,
    "crc_mxn": 0.036155882,
    "crc_pen": 0.0067887964,
    "crc_usd": 0.0020168232,
    "gtq_clp": 118.11358224,
    "gtq_cop": 487.28276544,
    "gtq_crc": 64.73270133,
    "gtq_gtq": 1,
    "gtq_mxn": 2.34046794,
    "gtq_pen": 0.43945713,
    "gtq_usd": 0.13055441,
    "mxn_clp": 50.46579799,
    "mxn_cop": 208.19886366,
    "mxn_crc": 27.65801669,
    "mxn_gtq": 0.42726499,
    "mxn_mxn": 1,
    "mxn_pen": 0.18776465,
    "mxn_usd": 0.055781329,
    "pen_clp": 268.77156767,
    "pen_cop": 1108.82889401,
    "pen_crc": 147.30151508,
    "pen_gtq": 2.27553481,
    "pen_mxn": 5.32581626,
    "pen_pen": 1,
    "pen_usd": 0.29708111,
    "timestamp": "2025-12-25 06:44:35",
    "usd_clp": 904.70770594,
    "usd_cop": 3732.41133236,
    "usd_crc": 495.82929082,
    "usd_gtq": 7.65964158,
    "usd_mxn": 17.92714555,
    "usd_pen": 3.36608412,
    "usd_usd": 1
}