{
    "clp_clp": 1,
    "clp_cop": 4.46186397,
    "clp_crc": 0.53907022,
    "clp_gtq": 0.0081648619,
    "clp_mxn": 0.020596549,
    "clp_pen": 0.0039038341,
    "clp_usd": 0.0010626444,
    "cop_clp": 0.22412158,
    "cop_cop": 1,
    "cop_crc": 0.12081727,
    "cop_gtq": 0.0018299218,
    "cop_mxn": 0.0046161311,
    "cop_pen": 0.00087493346,
    "cop_usd": 0.00023816153,
    "crc_clp": 1.85504591,
    "crc_cop": 8.27696252,
    "crc_crc": 1,
    "crc_gtq": 0.015146194,
    "crc_mxn": 0.038207544,
    "crc_pen": 0.0072417914,
    "crc_usd": 0.0019712541,
    "gtq_clp": 122.37430325,
    "gtq_cop": 548.17437405,
    "gtq_crc": 66.07234214,
    "gtq_gtq": 1,
    "gtq_mxn": 2.52699633,
    "gtq_pen": 0.47673498,
    "gtq_usd": 0.13012732,
    "mxn_clp": 48.55182321,
    "mxn_cop": 216.63163051,
    "mxn_crc": 26.17284179,
    "mxn_gtq": 0.39641893,
    "mxn_mxn": 1,
    "mxn_pen": 0.18953826,
    "mxn_usd": 0.051593322,
    "pen_clp": 256.15842853,
    "pen_cop": 1142.94406211,
    "pen_crc": 138.0873792,
    "pen_gtq": 2.0914982,
    "pen_mxn": 5.27597959,
    "pen_pen": 1,
    "pen_usd": 0.27220531,
    "timestamp": "2025-05-15 06:41:04",
    "usd_clp": 940.41973772,
    "usd_cop": 4212.60009137,
    "usd_crc": 507.75148878,
    "usd_gtq": 7.68478114,
    "usd_mxn": 19.41941375,
    "usd_pen": 3.66360401,
    "usd_usd": 1
}