{
    "clp_clp": 1,
    "clp_cop": 4.50466067,
    "clp_crc": 0.52160415,
    "clp_gtq": 0.00789418,
    "clp_mxn": 0.021156316,
    "clp_pen": 0.0038621493,
    "clp_usd": 0.0010228538,
    "cop_clp": 0.2219923,
    "cop_cop": 1,
    "cop_crc": 0.11579211,
    "cop_gtq": 0.0017524472,
    "cop_mxn": 0.0046965392,
    "cop_pen": 0.00085736741,
    "cop_usd": 0.00022706566,
    "crc_clp": 1.91716265,
    "crc_cop": 8.6361672,
    "crc_crc": 1,
    "crc_gtq": 0.015134427,
    "crc_mxn": 0.040560098,
    "crc_pen": 0.0074043683,
    "crc_usd": 0.001960977,
    "gtq_clp": 126.67560155,
    "gtq_cop": 570.63060029,
    "gtq_crc": 66.07451976,
    "gtq_gtq": 1,
    "gtq_mxn": 2.679989,
    "gtq_pen": 0.48924008,
    "gtq_usd": 0.12957062,
    "mxn_clp": 47.26720947,
    "mxn_cop": 212.92273954,
    "mxn_crc": 24.65477273,
    "mxn_gtq": 0.37313586,
    "mxn_mxn": 1,
    "mxn_pen": 0.18255302,
    "mxn_usd": 0.048347443,
    "pen_clp": 258.92318888,
    "pen_cop": 1166.36110583,
    "pen_crc": 135.05541044,
    "pen_gtq": 2.04398626,
    "pen_mxn": 5.47786069,
    "pen_pen": 1,
    "pen_usd": 0.26484056,
    "timestamp": "2024-11-27 19:27:15",
    "usd_clp": 977.65685703,
    "usd_cop": 4404.01239385,
    "usd_crc": 509.94987613,
    "usd_gtq": 7.71779921,
    "usd_mxn": 20.68361699,
    "usd_pen": 3.7758567,
    "usd_usd": 1
}