{
    "clp_clp": 1,
    "clp_cop": 4.27349321,
    "clp_crc": 0.55667013,
    "clp_gtq": 0.008870212,
    "clp_mxn": 0.019973789,
    "clp_pen": 0.003883645,
    "clp_usd": 0.0011556441,
    "cop_clp": 0.23400061,
    "cop_cop": 1,
    "cop_crc": 0.13026115,
    "cop_gtq": 0.002075635,
    "cop_mxn": 0.0046738786,
    "cop_pen": 0.00090877529,
    "cop_usd": 0.00027042141,
    "crc_clp": 1.79639602,
    "crc_cop": 7.67688621,
    "crc_crc": 1,
    "crc_gtq": 0.015934414,
    "crc_mxn": 0.035880834,
    "crc_pen": 0.0069765645,
    "crc_usd": 0.0020759944,
    "gtq_clp": 112.73687649,
    "gtq_cop": 481.78027632,
    "gtq_crc": 62.75725122,
    "gtq_gtq": 1,
    "gtq_mxn": 2.25178253,
    "gtq_pen": 0.43783001,
    "gtq_usd": 0.1302837,
    "mxn_clp": 50.06561457,
    "mxn_cop": 213.95506399,
    "mxn_crc": 27.87003197,
    "mxn_gtq": 0.44409262,
    "mxn_mxn": 1,
    "mxn_pen": 0.19443708,
    "mxn_usd": 0.057858031,
    "pen_clp": 257.49006092,
    "pen_cop": 1100.38202727,
    "pen_crc": 143.33702462,
    "pen_gtq": 2.28399144,
    "pen_mxn": 5.14305204,
    "pen_pen": 1,
    "pen_usd": 0.29756686,
    "timestamp": "2026-02-20 20:07:02",
    "usd_clp": 865.31833139,
    "usd_cop": 3697.9320146,
    "usd_crc": 481.69686444,
    "usd_gtq": 7.67555709,
    "usd_mxn": 17.28368539,
    "usd_pen": 3.36058925,
    "usd_usd": 1
}