{
    "clp_clp": 1,
    "clp_cop": 4.01215459,
    "clp_crc": 0.51978198,
    "clp_gtq": 0.0080830277,
    "clp_mxn": 0.017384032,
    "clp_pen": 0.0038294735,
    "clp_usd": 0.001034691,
    "cop_clp": 0.24924264,
    "cop_cop": 1,
    "cop_crc": 0.12955183,
    "cop_gtq": 0.0020146352,
    "cop_mxn": 0.004332842,
    "cop_pen": 0.00095446807,
    "cop_usd": 0.00025788911,
    "crc_clp": 1.92388354,
    "crc_cop": 7.71891819,
    "crc_crc": 1,
    "crc_gtq": 0.015550804,
    "crc_mxn": 0.033444853,
    "crc_pen": 0.007367461,
    "crc_usd": 0.0019906249,
    "gtq_clp": 123.71601738,
    "gtq_cop": 496.36778669,
    "gtq_crc": 64.30535662,
    "gtq_gtq": 1,
    "gtq_mxn": 2.1506832,
    "gtq_pen": 0.47376721,
    "gtq_usd": 0.12800785,
    "mxn_clp": 57.52405438,
    "mxn_cop": 230.79539867,
    "mxn_crc": 29.89996695,
    "mxn_gtq": 0.46496853,
    "mxn_mxn": 1,
    "mxn_pen": 0.22028684,
    "mxn_usd": 0.05951962,
    "pen_clp": 261.13250552,
    "pen_cop": 1047.70397995,
    "pen_crc": 135.73197107,
    "pen_gtq": 2.11074129,
    "pen_mxn": 4.53953582,
    "pen_pen": 1,
    "pen_usd": 0.27019145,
    "timestamp": "2024-03-20 19:03:01",
    "usd_clp": 966.47214244,
    "usd_cop": 3877.63563992,
    "usd_crc": 502.35480496,
    "usd_gtq": 7.81202113,
    "usd_mxn": 16.80118262,
    "usd_pen": 3.70107942,
    "usd_usd": 1
}