{
    "clp_clp": 1,
    "clp_cop": 4.59811334,
    "clp_crc": 0.57589407,
    "clp_gtq": 0.0085271623,
    "clp_mxn": 0.021670535,
    "clp_pen": 0.0041139847,
    "clp_usd": 0.0011037593,
    "cop_clp": 0.2174805,
    "cop_cop": 1,
    "cop_crc": 0.12524573,
    "cop_gtq": 0.0018544915,
    "cop_mxn": 0.0047129188,
    "cop_pen": 0.00089471145,
    "cop_usd": 0.00024004614,
    "crc_clp": 1.73643045,
    "crc_cop": 7.98430403,
    "crc_crc": 1,
    "crc_gtq": 0.014806824,
    "crc_mxn": 0.037629376,
    "crc_pen": 0.0071436483,
    "crc_usd": 0.0019166013,
    "gtq_clp": 117.27230754,
    "gtq_cop": 539.23136156,
    "gtq_crc": 67.5364264,
    "gtq_gtq": 1,
    "gtq_mxn": 2.5413536,
    "gtq_pen": 0.48245648,
    "gtq_usd": 0.1294404,
    "mxn_clp": 46.14560819,
    "mxn_cop": 212.18273654,
    "mxn_crc": 26.57498208,
    "mxn_gtq": 0.39349109,
    "mxn_mxn": 1,
    "mxn_pen": 0.18984232,
    "mxn_usd": 0.050933646,
    "pen_clp": 243.0733413,
    "pen_cop": 1117.67877289,
    "pen_crc": 139.98449564,
    "pen_gtq": 2.07272583,
    "pen_mxn": 5.26752926,
    "pen_pen": 1,
    "pen_usd": 0.26829447,
    "timestamp": "2024-09-27 19:20:31",
    "usd_clp": 905.99460177,
    "usd_cop": 4165.86586305,
    "usd_crc": 521.7569179,
    "usd_gtq": 7.72556301,
    "usd_mxn": 19.63338739,
    "usd_pen": 3.7272479,
    "usd_usd": 1
}