{
    "clp_clp": 1,
    "clp_cop": 4.43320226,
    "clp_crc": 0.54981049,
    "clp_gtq": 0.0081917547,
    "clp_mxn": 0.021142784,
    "clp_pen": 0.0040161906,
    "clp_usd": 0.0010600201,
    "cop_clp": 0.22557058,
    "cop_cop": 1,
    "cop_crc": 0.12402107,
    "cop_gtq": 0.0018478189,
    "cop_mxn": 0.0047691901,
    "cop_pen": 0.00090593443,
    "cop_usd": 0.00023910935,
    "crc_clp": 1.81880851,
    "crc_cop": 8.06314601,
    "crc_crc": 1,
    "crc_gtq": 0.014899233,
    "crc_mxn": 0.038454676,
    "crc_pen": 0.0073046816,
    "crc_usd": 0.0019279736,
    "gtq_clp": 122.07396772,
    "gtq_cop": 541.17858962,
    "gtq_crc": 67.11754805,
    "gtq_gtq": 1,
    "gtq_mxn": 2.58098356,
    "gtq_pen": 0.49027232,
    "gtq_usd": 0.12940086,
    "mxn_clp": 47.29746039,
    "mxn_cop": 209.67920831,
    "mxn_crc": 26.00463989,
    "mxn_gtq": 0.38744919,
    "mxn_mxn": 1,
    "mxn_pen": 0.18995561,
    "mxn_usd": 0.05013626,
    "pen_clp": 248.99216876,
    "pen_cop": 1103.83264535,
    "pen_crc": 136.8985064,
    "pen_gtq": 2.03968277,
    "pen_mxn": 5.2643877,
    "pen_pen": 1,
    "pen_usd": 0.26393671,
    "timestamp": "2024-09-05 06:34:01",
    "usd_clp": 943.37831569,
    "usd_cop": 4182.18688142,
    "usd_crc": 518.67929433,
    "usd_gtq": 7.72792376,
    "usd_mxn": 19.94564418,
    "usd_pen": 3.78878709,
    "usd_usd": 1
}