{
    "clp_clp": 1,
    "clp_cop": 4.39258578,
    "clp_crc": 0.53694719,
    "clp_gtq": 0.0081220429,
    "clp_mxn": 0.020565047,
    "clp_pen": 0.0038560026,
    "clp_usd": 0.0010577467,
    "cop_clp": 0.22780073,
    "cop_cop": 1,
    "cop_crc": 0.12241448,
    "cop_gtq": 0.0018502198,
    "cop_mxn": 0.0046824371,
    "cop_pen": 0.00087229764,
    "cop_usd": 0.00024100657,
    "crc_clp": 1.86238054,
    "crc_cop": 8.18066627,
    "crc_crc": 1,
    "crc_gtq": 0.015126335,
    "crc_mxn": 0.038299943,
    "crc_pen": 0.0071813442,
    "crc_usd": 0.0019699269,
    "gtq_clp": 123.12173287,
    "gtq_cop": 540.82277356,
    "gtq_crc": 66.1098688,
    "gtq_gtq": 1,
    "gtq_mxn": 2.53200421,
    "gtq_pen": 0.47475772,
    "gtq_usd": 0.13023161,
    "mxn_clp": 48.62619598,
    "mxn_cop": 213.5947372,
    "mxn_crc": 26.10969941,
    "mxn_gtq": 0.39494405,
    "mxn_mxn": 1,
    "mxn_pen": 0.18750274,
    "mxn_usd": 0.0514342,
    "pen_clp": 259.33592536,
    "pen_cop": 1139.15529918,
    "pen_crc": 139.24969703,
    "pen_gtq": 2.10633752,
    "pen_mxn": 5.33325546,
    "pen_pen": 1,
    "pen_usd": 0.27431173,
    "timestamp": "2025-06-01 06:38:29",
    "usd_clp": 945.40589649,
    "usd_cop": 4152.77650156,
    "usd_crc": 507.63304188,
    "usd_gtq": 7.67862728,
    "usd_mxn": 19.44231658,
    "usd_pen": 3.64548759,
    "usd_usd": 1
}