{
    "clp_clp": 1,
    "clp_cop": 4.20815765,
    "clp_crc": 0.55159258,
    "clp_gtq": 0.0081231521,
    "clp_mxn": 0.019348052,
    "clp_pen": 0.0039430043,
    "clp_usd": 0.0010481244,
    "cop_clp": 0.23763368,
    "cop_cop": 1,
    "cop_crc": 0.13107698,
    "cop_gtq": 0.0019303345,
    "cop_mxn": 0.0045977488,
    "cop_pen": 0.00093699064,
    "cop_usd": 0.00024906967,
    "crc_clp": 1.8129323,
    "crc_cop": 7.62910494,
    "crc_crc": 1,
    "crc_gtq": 0.014726725,
    "crc_mxn": 0.035076708,
    "crc_pen": 0.0071484,
    "crc_usd": 0.0019001786,
    "gtq_clp": 123.10492204,
    "gtq_cop": 518.04491938,
    "gtq_crc": 67.90376112,
    "gtq_gtq": 1,
    "gtq_mxn": 2.3818404,
    "gtq_pen": 0.48540324,
    "gtq_usd": 0.12902928,
    "mxn_clp": 51.6847904,
    "mxn_cop": 217.49774609,
    "mxn_crc": 28.5089467,
    "mxn_gtq": 0.41984341,
    "mxn_mxn": 1,
    "mxn_pen": 0.20379335,
    "mxn_usd": 0.054172091,
    "pen_clp": 253.61371979,
    "pen_cop": 1067.24651498,
    "pen_crc": 139.89144513,
    "pen_gtq": 2.06014281,
    "pen_mxn": 4.90693138,
    "pen_pen": 1,
    "pen_usd": 0.26581873,
    "timestamp": "2024-07-28 06:28:22",
    "usd_clp": 954.08520092,
    "usd_cop": 4014.94093667,
    "usd_crc": 526.26631416,
    "usd_gtq": 7.75017916,
    "usd_mxn": 18.45968985,
    "usd_pen": 3.7619621,
    "usd_usd": 1
}