{
    "clp_clp": 1,
    "clp_cop": 4.20262109,
    "clp_crc": 0.56428951,
    "clp_gtq": 0.0084624234,
    "clp_mxn": 0.018503688,
    "clp_pen": 0.0040835376,
    "clp_usd": 0.0010890337,
    "cop_clp": 0.23794674,
    "cop_cop": 1,
    "cop_crc": 0.13427085,
    "cop_gtq": 0.0020136061,
    "cop_mxn": 0.0044028922,
    "cop_pen": 0.00097166447,
    "cop_usd": 0.00025913202,
    "crc_clp": 1.77213999,
    "crc_cop": 7.44763292,
    "crc_crc": 1,
    "crc_gtq": 0.014996599,
    "crc_mxn": 0.032791125,
    "crc_pen": 0.0072366003,
    "crc_usd": 0.0019299202,
    "gtq_clp": 118.1694594,
    "gtq_cop": 496.62146254,
    "gtq_crc": 66.68178575,
    "gtq_gtq": 1,
    "gtq_mxn": 2.18657077,
    "gtq_pen": 0.48254943,
    "gtq_usd": 0.12869052,
    "mxn_clp": 54.04328147,
    "mxn_cop": 227.12343462,
    "mxn_crc": 30.49605655,
    "mxn_gtq": 0.45733713,
    "mxn_mxn": 1,
    "mxn_pen": 0.22068777,
    "mxn_usd": 0.058854955,
    "pen_clp": 244.88570921,
    "pen_cop": 1029.16184679,
    "pen_crc": 138.18643563,
    "pen_gtq": 2.07232656,
    "pen_mxn": 4.53128867,
    "pen_pen": 1,
    "pen_usd": 0.26668879,
    "timestamp": "2024-06-01 19:12:21",
    "usd_clp": 918.24522519,
    "usd_cop": 3859.03675147,
    "usd_crc": 518.1561436,
    "usd_gtq": 7.77057989,
    "usd_mxn": 16.99092283,
    "usd_pen": 3.7496889,
    "usd_usd": 1
}