{
    "clp_clp": 1,
    "clp_cop": 4.20792148,
    "clp_crc": 0.5157118,
    "clp_gtq": 0.0085660816,
    "clp_mxn": 0.019272736,
    "clp_pen": 0.0038534058,
    "clp_usd": 0.0011219685,
    "cop_clp": 0.23764702,
    "cop_cop": 1,
    "cop_crc": 0.12255737,
    "cop_gtq": 0.0020357038,
    "cop_mxn": 0.0045801082,
    "cop_pen": 0.0009157504,
    "cop_usd": 0.00026663246,
    "crc_clp": 1.93906752,
    "crc_cop": 8.15944387,
    "crc_crc": 1,
    "crc_gtq": 0.016610211,
    "crc_mxn": 0.037371136,
    "crc_pen": 0.007472014,
    "crc_usd": 0.0021755726,
    "gtq_clp": 116.73948981,
    "gtq_cop": 491.23060645,
    "gtq_crc": 60.20393231,
    "gtq_gtq": 1,
    "gtq_mxn": 2.24988934,
    "gtq_pen": 0.44984462,
    "gtq_usd": 0.13097802,
    "mxn_clp": 51.88676956,
    "mxn_cop": 218.33545202,
    "mxn_crc": 26.75861927,
    "mxn_gtq": 0.4444663,
    "mxn_mxn": 1,
    "mxn_pen": 0.19994078,
    "mxn_usd": 0.058215319,
    "pen_clp": 259.51069278,
    "pen_cop": 1092.00061779,
    "pen_crc": 133.83272624,
    "pen_gtq": 2.22298978,
    "pen_mxn": 5.00148101,
    "pen_pen": 1,
    "pen_usd": 0.29116281,
    "timestamp": "2026-05-09 21:28:54",
    "usd_clp": 891.29065824,
    "usd_cop": 3750.48110354,
    "usd_crc": 459.64910884,
    "usd_gtq": 7.63486854,
    "usd_mxn": 17.17760936,
    "usd_pen": 3.43450456,
    "usd_usd": 1
}