{
    "clp_clp": 1,
    "clp_cop": 4.1665174,
    "clp_crc": 0.5477511,
    "clp_gtq": 0.0083835861,
    "clp_mxn": 0.019719654,
    "clp_pen": 0.0036824147,
    "clp_usd": 0.0010951379,
    "cop_clp": 0.24048392,
    "cop_cop": 1,
    "cop_crc": 0.13112101,
    "cop_gtq": 0.0020157119,
    "cop_mxn": 0.0047426593,
    "cop_pen": 0.0008866463,
    "cop_usd": 0.00026327625,
    "crc_clp": 1.82564673,
    "crc_cop": 7.60658888,
    "crc_crc": 1,
    "crc_gtq": 0.015305467,
    "crc_mxn": 0.036001122,
    "crc_pen": 0.0067227883,
    "crc_usd": 0.001999335,
    "gtq_clp": 119.30471107,
    "gtq_cop": 496.10264889,
    "gtq_crc": 65.0494782,
    "gtq_gtq": 1,
    "gtq_mxn": 2.35284583,
    "gtq_pen": 0.43986758,
    "gtq_usd": 0.13061204,
    "mxn_clp": 50.70655704,
    "mxn_cop": 210.85217035,
    "mxn_crc": 27.64714861,
    "mxn_gtq": 0.42501722,
    "mxn_mxn": 1,
    "mxn_pen": 0.1869513,
    "mxn_usd": 0.055512368,
    "pen_clp": 271.22869986,
    "pen_cop": 1127.84545764,
    "pen_crc": 147.88423056,
    "pen_gtq": 2.27341148,
    "pen_mxn": 5.34898671,
    "pen_pen": 1,
    "pen_usd": 0.29693492,
    "timestamp": "2025-12-15 06:50:46",
    "usd_clp": 913.12699986,
    "usd_cop": 3804.55953578,
    "usd_crc": 500.16631556,
    "usd_gtq": 7.6552788,
    "usd_mxn": 18.00654865,
    "usd_pen": 3.36251228,
    "usd_usd": 1
}