{
    "clp_clp": 1,
    "clp_cop": 4.34326307,
    "clp_crc": 0.57873159,
    "clp_gtq": 0.0085669042,
    "clp_mxn": 0.019461078,
    "clp_pen": 0.0041226928,
    "clp_usd": 0.0011042179,
    "cop_clp": 0.23024164,
    "cop_cop": 1,
    "cop_crc": 0.13324811,
    "cop_gtq": 0.0019724581,
    "cop_mxn": 0.0044807504,
    "cop_pen": 0.00094921553,
    "cop_usd": 0.00025423694,
    "crc_clp": 1.72791673,
    "crc_cop": 7.50479691,
    "crc_crc": 1,
    "crc_gtq": 0.014802897,
    "crc_mxn": 0.033627121,
    "crc_pen": 0.0071236698,
    "crc_usd": 0.0019079966,
    "gtq_clp": 116.72828071,
    "gtq_cop": 506.98163075,
    "gtq_crc": 67.55434378,
    "gtq_gtq": 1,
    "gtq_mxn": 2.27165812,
    "gtq_pen": 0.48123484,
    "gtq_usd": 0.12889346,
    "mxn_clp": 51.38461615,
    "mxn_cop": 223.17690566,
    "mxn_crc": 29.73790073,
    "mxn_gtq": 0.44020708,
    "mxn_mxn": 1,
    "mxn_pen": 0.21184298,
    "mxn_usd": 0.056739814,
    "pen_clp": 242.55991398,
    "pen_cop": 1053.50151646,
    "pen_crc": 140.37708528,
    "pen_gtq": 2.07798755,
    "pen_mxn": 4.7204773,
    "pen_pen": 1,
    "pen_usd": 0.267839,
    "timestamp": "2024-07-13 19:17:07",
    "usd_clp": 905.61834605,
    "usd_cop": 3933.33871721,
    "usd_crc": 524.10994756,
    "usd_gtq": 7.75834563,
    "usd_mxn": 17.62430887,
    "usd_pen": 3.73358619,
    "usd_usd": 1
}