{
    "clp_clp": 1,
    "clp_cop": 4.64799641,
    "clp_crc": 0.57700922,
    "clp_gtq": 0.0085830903,
    "clp_mxn": 0.021873948,
    "clp_pen": 0.0041261736,
    "clp_usd": 0.0011106501,
    "cop_clp": 0.21514647,
    "cop_cop": 1,
    "cop_crc": 0.12414149,
    "cop_gtq": 0.0018466215,
    "cop_mxn": 0.0047061025,
    "cop_pen": 0.00088773166,
    "cop_usd": 0.00023895245,
    "crc_clp": 1.73307456,
    "crc_cop": 8.05532433,
    "crc_crc": 1,
    "crc_gtq": 0.014875135,
    "crc_mxn": 0.037909182,
    "crc_pen": 0.0071509665,
    "crc_usd": 0.0019248395,
    "gtq_clp": 116.50815318,
    "gtq_cop": 541.52947807,
    "gtq_crc": 67.2262787,
    "gtq_gtq": 1,
    "gtq_mxn": 2.54849323,
    "gtq_pen": 0.48073286,
    "gtq_usd": 0.1293998,
    "mxn_clp": 45.7164853,
    "mxn_cop": 212.49005966,
    "mxn_crc": 26.37883356,
    "mxn_gtq": 0.39238872,
    "mxn_mxn": 1,
    "mxn_pen": 0.18863415,
    "mxn_usd": 0.050775021,
    "pen_clp": 242.35529125,
    "pen_cop": 1126.46652436,
    "pen_crc": 139.84123778,
    "pen_gtq": 2.08015735,
    "pen_mxn": 5.30126692,
    "pen_pen": 1,
    "pen_usd": 0.26917194,
    "timestamp": "2024-09-30 19:35:50",
    "usd_clp": 900.37354574,
    "usd_cop": 4184.93301083,
    "usd_crc": 519.52383813,
    "usd_gtq": 7.72798745,
    "usd_mxn": 19.69472369,
    "usd_pen": 3.71509754,
    "usd_usd": 1
}