{
    "clp_clp": 1,
    "clp_cop": 4.1271952,
    "clp_crc": 0.53608688,
    "clp_gtq": 0.0082526033,
    "clp_mxn": 0.017627143,
    "clp_pen": 0.003886453,
    "clp_usd": 0.001057256,
    "cop_clp": 0.2422953,
    "cop_cop": 1,
    "cop_crc": 0.12989133,
    "cop_gtq": 0.001999567,
    "cop_mxn": 0.0042709739,
    "cop_pen": 0.0009416693,
    "cop_usd": 0.00025616817,
    "crc_clp": 1.86536928,
    "crc_cop": 7.69874314,
    "crc_crc": 1,
    "crc_gtq": 0.015394153,
    "crc_mxn": 0.032881131,
    "crc_pen": 0.0072496701,
    "crc_usd": 0.0019721729,
    "gtq_clp": 121.89989028,
    "gtq_cop": 502.04913345,
    "gtq_crc": 65.11293262,
    "gtq_gtq": 1,
    "gtq_mxn": 2.15220201,
    "gtq_pen": 0.47301651,
    "gtq_usd": 0.12812829,
    "mxn_clp": 56.73069037,
    "mxn_cop": 234.13863314,
    "mxn_crc": 30.41257891,
    "mxn_gtq": 0.46817588,
    "mxn_mxn": 1,
    "mxn_pen": 0.22048116,
    "mxn_usd": 0.059978865,
    "pen_clp": 257.70747259,
    "pen_cop": 1061.3776026,
    "pen_crc": 137.65467106,
    "pen_gtq": 2.1140911,
    "pen_mxn": 4.54995111,
    "pen_pen": 1,
    "pen_usd": 0.27087487,
    "timestamp": "2024-03-14 06:26:58",
    "usd_clp": 945.84467981,
    "usd_cop": 3903.68562472,
    "usd_crc": 507.05492513,
    "usd_gtq": 7.80568092,
    "usd_mxn": 16.67253957,
    "usd_pen": 3.67598092,
    "usd_usd": 1
}