{
    "clp_clp": 1,
    "clp_cop": 4.06768205,
    "clp_crc": 0.52715894,
    "clp_gtq": 0.0080161148,
    "clp_mxn": 0.019266371,
    "clp_pen": 0.0036529736,
    "clp_usd": 0.0010466339,
    "cop_clp": 0.24584026,
    "cop_cop": 1,
    "cop_crc": 0.12959689,
    "cop_gtq": 0.0019706837,
    "cop_mxn": 0.0047364496,
    "cop_pen": 0.00089804797,
    "cop_usd": 0.00025730475,
    "crc_clp": 1.8969611,
    "crc_cop": 7.71623463,
    "crc_crc": 1,
    "crc_gtq": 0.015206258,
    "crc_mxn": 0.036547557,
    "crc_pen": 0.0069295489,
    "crc_usd": 0.0019854238,
    "gtq_clp": 124.74871251,
    "gtq_cop": 507.43809912,
    "gtq_crc": 65.76239884,
    "gtq_gtq": 1,
    "gtq_mxn": 2.403455,
    "gtq_pen": 0.45570376,
    "gtq_usd": 0.13056623,
    "mxn_clp": 51.93597155,
    "mxn_cop": 211.64810457,
    "mxn_crc": 27.42270605,
    "mxn_gtq": 0.41644238,
    "mxn_mxn": 1,
    "mxn_pen": 0.18946781,
    "mxn_usd": 0.054359803,
    "pen_clp": 274.11501973,
    "pen_cop": 1117.06631518,
    "pen_crc": 144.73543837,
    "pen_gtq": 2.19795851,
    "pen_mxn": 5.2779415,
    "pen_pen": 1,
    "pen_usd": 0.28690786,
    "timestamp": "2025-09-21 06:36:35",
    "usd_clp": 955.44391163,
    "usd_cop": 3886.4420527,
    "usd_crc": 503.67079807,
    "usd_gtq": 7.65894808,
    "usd_mxn": 18.40793705,
    "usd_pen": 3.49021141,
    "usd_usd": 1
}