{
    "clp_clp": 1,
    "clp_cop": 4.47948923,
    "clp_crc": 0.53992007,
    "clp_gtq": 0.0081716502,
    "clp_mxn": 0.02064973,
    "clp_pen": 0.0038957115,
    "clp_usd": 0.001063355,
    "cop_clp": 0.22323974,
    "cop_cop": 1,
    "cop_crc": 0.12053161,
    "cop_gtq": 0.001824237,
    "cop_mxn": 0.0046098403,
    "cop_pen": 0.00086967762,
    "cop_usd": 0.00023738308,
    "crc_clp": 1.85212601,
    "crc_cop": 8.29657851,
    "crc_crc": 1,
    "crc_gtq": 0.015134926,
    "crc_mxn": 0.038245902,
    "crc_pen": 0.0072153486,
    "crc_usd": 0.0019694674,
    "gtq_clp": 123.05187018,
    "gtq_cop": 549.59306218,
    "gtq_crc": 66.01386037,
    "gtq_gtq": 1,
    "gtq_mxn": 2.55263316,
    "gtq_pen": 0.47469036,
    "gtq_usd": 0.13003354,
    "mxn_clp": 48.4267831,
    "mxn_cop": 216.92725357,
    "mxn_crc": 26.14659203,
    "mxn_gtq": 0.39572673,
    "mxn_mxn": 1,
    "mxn_pen": 0.18865678,
    "mxn_usd": 0.05149486,
    "pen_clp": 256.69251763,
    "pen_cop": 1149.85136939,
    "pen_crc": 138.59344158,
    "pen_gtq": 2.09760146,
    "pen_mxn": 5.3006312,
    "pen_pen": 1,
    "pen_usd": 0.27295526,
    "timestamp": "2025-05-14 06:40:46",
    "usd_clp": 940.41973772,
    "usd_cop": 4212.60009137,
    "usd_crc": 507.75148878,
    "usd_gtq": 7.68478114,
    "usd_mxn": 19.41941375,
    "usd_pen": 3.66360401,
    "usd_usd": 1
}