{
    "clp_clp": 1,
    "clp_cop": 4.4151561,
    "clp_crc": 0.54110133,
    "clp_gtq": 0.0083548292,
    "clp_mxn": 0.021636192,
    "clp_pen": 0.0039620972,
    "clp_usd": 0.0010839228,
    "cop_clp": 0.22649256,
    "cop_cop": 1,
    "cop_crc": 0.12255542,
    "cop_gtq": 0.0018923066,
    "cop_mxn": 0.0049004364,
    "cop_pen": 0.00089738553,
    "cop_usd": 0.00024550046,
    "crc_clp": 1.84808269,
    "crc_cop": 8.15957355,
    "crc_crc": 1,
    "crc_gtq": 0.015440415,
    "crc_mxn": 0.039985471,
    "crc_pen": 0.0073222832,
    "crc_usd": 0.002003179,
    "gtq_clp": 119.69125558,
    "gtq_cop": 528.45557693,
    "gtq_crc": 64.76509755,
    "gtq_gtq": 1,
    "gtq_mxn": 2.58966296,
    "gtq_pen": 0.47422839,
    "gtq_usd": 0.12973609,
    "mxn_clp": 46.21885455,
    "mxn_cop": 204.06345749,
    "mxn_crc": 25.00908365,
    "mxn_gtq": 0.38615064,
    "mxn_mxn": 1,
    "mxn_pen": 0.18312359,
    "mxn_usd": 0.050097672,
    "pen_clp": 252.39158715,
    "pen_cop": 1114.34825503,
    "pen_crc": 136.56942341,
    "pen_gtq": 2.10868861,
    "pen_mxn": 5.46079278,
    "pen_pen": 1,
    "pen_usd": 0.27357301,
    "timestamp": "2025-03-18 19:26:47",
    "usd_clp": 922.57489066,
    "usd_cop": 4073.31215412,
    "usd_crc": 499.20650006,
    "usd_gtq": 7.70795566,
    "usd_mxn": 19.96100725,
    "usd_pen": 3.65533139,
    "usd_usd": 1
}