{
    "clp_clp": 1,
    "clp_cop": 4.14070513,
    "clp_crc": 0.55455951,
    "clp_gtq": 0.0085494867,
    "clp_mxn": 0.020052869,
    "clp_pen": 0.0037511464,
    "clp_usd": 0.0011146089,
    "cop_clp": 0.24150476,
    "cop_cop": 1,
    "cop_crc": 0.13392876,
    "cop_gtq": 0.0020647417,
    "cop_mxn": 0.0048428634,
    "cop_pen": 0.00090591972,
    "cop_usd": 0.00026918335,
    "crc_clp": 1.803233,
    "crc_cop": 7.46665613,
    "crc_crc": 1,
    "crc_gtq": 0.015416717,
    "crc_mxn": 0.036159996,
    "crc_pen": 0.006764191,
    "crc_usd": 0.0020098995,
    "gtq_clp": 116.79488833,
    "gtq_cop": 489.08905764,
    "gtq_crc": 64.85812485,
    "gtq_gtq": 1,
    "gtq_mxn": 2.34585353,
    "gtq_pen": 0.43869803,
    "gtq_usd": 0.1304179,
    "mxn_clp": 49.78780087,
    "mxn_cop": 208.49087627,
    "mxn_crc": 27.64798572,
    "mxn_gtq": 0.42628407,
    "mxn_mxn": 1,
    "mxn_pen": 0.18700998,
    "mxn_usd": 0.055595076,
    "pen_clp": 266.23071185,
    "pen_cop": 1114.86495545,
    "pen_crc": 147.84229854,
    "pen_gtq": 2.27947229,
    "pen_mxn": 5.34730812,
    "pen_pen": 1,
    "pen_usd": 0.297284,
    "timestamp": "2026-01-09 06:49:17",
    "usd_clp": 895.54336067,
    "usd_cop": 3750.16804768,
    "usd_crc": 497.30997586,
    "usd_gtq": 7.66765886,
    "usd_mxn": 17.9872046,
    "usd_pen": 3.36378682,
    "usd_usd": 1
}