{
    "clp_clp": 1,
    "clp_cop": 4.12669277,
    "clp_crc": 0.52818131,
    "clp_gtq": 0.0080414951,
    "clp_mxn": 0.019411393,
    "clp_pen": 0.0035916365,
    "clp_usd": 0.0010514102,
    "cop_clp": 0.2423248,
    "cop_cop": 1,
    "cop_crc": 0.12799143,
    "cop_gtq": 0.0019486537,
    "cop_mxn": 0.0047038619,
    "cop_pen": 0.00087034259,
    "cop_usd": 0.00025478276,
    "crc_clp": 1.89328927,
    "crc_cop": 7.81302315,
    "crc_crc": 1,
    "crc_gtq": 0.015224876,
    "crc_mxn": 0.036751382,
    "crc_pen": 0.0068000068,
    "crc_usd": 0.0019906236,
    "gtq_clp": 124.35498443,
    "gtq_cop": 513.17481576,
    "gtq_crc": 65.68197815,
    "gtq_gtq": 1,
    "gtq_mxn": 2.41390344,
    "gtq_pen": 0.4466379,
    "gtq_usd": 0.1307481,
    "mxn_clp": 51.5161387,
    "mxn_cop": 212.59127734,
    "mxn_crc": 27.20986144,
    "mxn_gtq": 0.41426678,
    "mxn_mxn": 1,
    "mxn_pen": 0.18502724,
    "mxn_usd": 0.054164592,
    "pen_clp": 278.42461434,
    "pen_cop": 1148.97284434,
    "pen_crc": 147.05867657,
    "pen_gtq": 2.23895018,
    "pen_mxn": 5.40460953,
    "pen_pen": 1,
    "pen_usd": 0.29273847,
    "timestamp": "2025-10-13 19:27:14",
    "usd_clp": 951.10359875,
    "usd_cop": 3924.9123491,
    "usd_crc": 502.35514143,
    "usd_gtq": 7.64829494,
    "usd_mxn": 18.46224548,
    "usd_pen": 3.41601838,
    "usd_usd": 1
}