{
    "clp_clp": 1,
    "clp_cop": 4.05400095,
    "clp_crc": 0.5100564,
    "clp_gtq": 0.0085671059,
    "clp_mxn": 0.01950998,
    "clp_pen": 0.0039433763,
    "clp_usd": 0.0011215535,
    "cop_clp": 0.2466699,
    "cop_cop": 1,
    "cop_crc": 0.12581556,
    "cop_gtq": 0.0021132471,
    "cop_mxn": 0.0048125248,
    "cop_pen": 0.00097271224,
    "cop_usd": 0.0002766535,
    "crc_clp": 1.96500418,
    "crc_cop": 7.95610027,
    "crc_crc": 1,
    "crc_gtq": 0.016826076,
    "crc_mxn": 0.03816289,
    "crc_pen": 0.007674504,
    "crc_usd": 0.002195634,
    "gtq_clp": 116.72553206,
    "gtq_cop": 473.20541819,
    "gtq_crc": 59.53660427,
    "gtq_gtq": 1,
    "gtq_mxn": 2.27731281,
    "gtq_pen": 0.4602927,
    "gtq_usd": 0.13091393,
    "mxn_clp": 51.25581856,
    "mxn_cop": 207.7911373,
    "mxn_crc": 26.14335812,
    "mxn_gtq": 0.43911403,
    "mxn_mxn": 1,
    "mxn_pen": 0.20212098,
    "mxn_usd": 0.057486145,
    "pen_clp": 256.04315062,
    "pen_cop": 1036.6924383,
    "pen_crc": 130.30158032,
    "pen_gtq": 2.19246431,
    "pen_mxn": 4.97268485,
    "pen_pen": 1,
    "pen_usd": 0.28609458,
    "timestamp": "2026-04-29 08:01:01",
    "usd_clp": 891.62038727,
    "usd_cop": 3614.62989947,
    "usd_crc": 454.77668187,
    "usd_gtq": 7.63860632,
    "usd_mxn": 17.39549601,
    "usd_pen": 3.51599473,
    "usd_usd": 1
}