{
    "clp_clp": 1,
    "clp_cop": 4.42658337,
    "clp_crc": 0.54571318,
    "clp_gtq": 0.0083239663,
    "clp_mxn": 0.021846948,
    "clp_pen": 0.0039430411,
    "clp_usd": 0.001077948,
    "cop_clp": 0.22590787,
    "cop_cop": 1,
    "cop_crc": 0.1232809,
    "cop_gtq": 0.0018804495,
    "cop_mxn": 0.0049353975,
    "cop_pen": 0.000890764,
    "cop_usd": 0.00024351694,
    "crc_clp": 1.83246446,
    "crc_cop": 8.11155669,
    "crc_crc": 1,
    "crc_gtq": 0.015253372,
    "crc_mxn": 0.040033756,
    "crc_pen": 0.0072254827,
    "crc_usd": 0.0019753015,
    "gtq_clp": 120.13503683,
    "gtq_cop": 531.78775657,
    "gtq_crc": 65.55927263,
    "gtq_gtq": 1,
    "gtq_mxn": 2.62458395,
    "gtq_pen": 0.47369739,
    "gtq_usd": 0.12949933,
    "mxn_clp": 45.77298308,
    "mxn_cop": 202.61792583,
    "mxn_crc": 24.97892002,
    "mxn_gtq": 0.38101277,
    "mxn_mxn": 1,
    "mxn_pen": 0.18048475,
    "mxn_usd": 0.049340897,
    "pen_clp": 253.61135625,
    "pen_cop": 1122.63181281,
    "pen_crc": 138.39905896,
    "pen_gtq": 2.11105239,
    "pen_mxn": 5.54063422,
    "pen_pen": 1,
    "pen_usd": 0.27337986,
    "timestamp": "2025-03-09 19:12:16",
    "usd_clp": 927.68849836,
    "usd_cop": 4106.4904822,
    "usd_crc": 506.25183776,
    "usd_gtq": 7.72204781,
    "usd_mxn": 20.26716277,
    "usd_pen": 3.65791387,
    "usd_usd": 1
}