{
    "clp_clp": 1,
    "clp_cop": 4.47616546,
    "clp_crc": 0.54055391,
    "clp_gtq": 0.0081169692,
    "clp_mxn": 0.020851375,
    "clp_pen": 0.0039482037,
    "clp_usd": 0.0010488462,
    "cop_clp": 0.22326213,
    "cop_cop": 1,
    "cop_crc": 0.12057429,
    "cop_gtq": 0.0018100759,
    "cop_mxn": 0.0046569876,
    "cop_pen": 0.00087918381,
    "cop_usd": 0.00023421563,
    "crc_clp": 1.85165627,
    "crc_cop": 8.29364235,
    "crc_crc": 1,
    "crc_gtq": 0.015012122,
    "crc_mxn": 0.03862339,
    "crc_pen": 0.0072916361,
    "crc_usd": 0.0019425007,
    "gtq_clp": 123.3440717,
    "gtq_cop": 552.46302113,
    "gtq_crc": 66.61283402,
    "gtq_gtq": 1,
    "gtq_mxn": 2.57281344,
    "gtq_pen": 0.48571655,
    "gtq_usd": 0.12939547,
    "mxn_clp": 47.94131978,
    "mxn_cop": 214.73108513,
    "mxn_crc": 25.89104716,
    "mxn_gtq": 0.38867956,
    "mxn_mxn": 1,
    "mxn_pen": 0.18878809,
    "mxn_usd": 0.050293376,
    "pen_clp": 253.9424958,
    "pen_cop": 1137.41857623,
    "pen_crc": 137.14343211,
    "pen_gtq": 2.05881395,
    "pen_mxn": 5.2969442,
    "pen_pen": 1,
    "pen_usd": 0.26640121,
    "timestamp": "2024-10-20 19:23:16",
    "usd_clp": 953.23327995,
    "usd_cop": 4269.56991461,
    "usd_crc": 514.80034171,
    "usd_gtq": 7.7282456,
    "usd_mxn": 19.88333413,
    "usd_pen": 3.75373675,
    "usd_usd": 1
}