{
    "clp_clp": 1,
    "clp_cop": 4.42998964,
    "clp_crc": 0.53908034,
    "clp_gtq": 0.0081375987,
    "clp_mxn": 0.02046748,
    "clp_pen": 0.0038892016,
    "clp_usd": 0.0010604194,
    "cop_clp": 0.22573416,
    "cop_cop": 1,
    "cop_crc": 0.12168885,
    "cop_gtq": 0.001836934,
    "cop_mxn": 0.0046202093,
    "cop_pen": 0.00087792567,
    "cop_usd": 0.00023937288,
    "crc_clp": 1.85501107,
    "crc_cop": 8.2176798,
    "crc_crc": 1,
    "crc_gtq": 0.015095336,
    "crc_mxn": 0.037967401,
    "crc_pen": 0.0072145121,
    "crc_usd": 0.0019670897,
    "gtq_clp": 122.90658808,
    "gtq_cop": 543.47336079,
    "gtq_crc": 66.14882367,
    "gtq_gtq": 1,
    "gtq_mxn": 2.52373718,
    "gtq_pen": 0.47979936,
    "gtq_usd": 0.13023088,
    "mxn_clp": 48.85799441,
    "mxn_cop": 216.44040896,
    "mxn_crc": 26.33838433,
    "mxn_gtq": 0.39758675,
    "mxn_mxn": 1,
    "mxn_pen": 0.19001859,
    "mxn_usd": 0.051809963,
    "pen_clp": 257.12217896,
    "pen_cop": 1139.04858845,
    "pen_crc": 138.60951211,
    "pen_gtq": 2.0923571,
    "pen_mxn": 5.26264293,
    "pen_pen": 1,
    "pen_usd": 0.27265734,
    "timestamp": "2025-05-23 06:40:22",
    "usd_clp": 943.75915378,
    "usd_cop": 4173.15269343,
    "usd_crc": 507.93500031,
    "usd_gtq": 7.67867019,
    "usd_mxn": 19.37894548,
    "usd_pen": 3.68422102,
    "usd_usd": 1
}