{
    "clp_clp": 1,
    "clp_cop": 4.49482943,
    "clp_crc": 0.52907822,
    "clp_gtq": 0.0079767395,
    "clp_mxn": 0.020754884,
    "clp_pen": 0.0038831206,
    "clp_usd": 0.0010306002,
    "cop_clp": 0.22247785,
    "cop_cop": 1,
    "cop_crc": 0.11770819,
    "cop_gtq": 0.0017746479,
    "cop_mxn": 0.004617502,
    "cop_pen": 0.00086390833,
    "cop_usd": 0.00022928572,
    "crc_clp": 1.89007969,
    "crc_cop": 8.49558582,
    "crc_crc": 1,
    "crc_gtq": 0.015076673,
    "crc_mxn": 0.039228385,
    "crc_pen": 0.0073394074,
    "crc_usd": 0.0019479165,
    "gtq_clp": 125.36450463,
    "gtq_cop": 563.49206468,
    "gtq_crc": 66.32762905,
    "gtq_gtq": 1,
    "gtq_mxn": 2.60192575,
    "gtq_pen": 0.48680549,
    "gtq_usd": 0.12920069,
    "mxn_clp": 48.18143045,
    "mxn_cop": 216.5673115,
    "mxn_crc": 25.49174549,
    "mxn_gtq": 0.38433072,
    "mxn_mxn": 1,
    "mxn_pen": 0.1870943,
    "mxn_usd": 0.049655793,
    "pen_clp": 257.52483751,
    "pen_cop": 1157.53021821,
    "pen_crc": 136.25078282,
    "pen_gtq": 2.05420855,
    "pen_mxn": 5.34489813,
    "pen_pen": 1,
    "pen_usd": 0.26540515,
    "timestamp": "2024-11-11 19:19:25",
    "usd_clp": 970.30834893,
    "usd_cop": 4361.37052144,
    "usd_crc": 513.36901479,
    "usd_gtq": 7.73989697,
    "usd_mxn": 20.13863723,
    "usd_pen": 3.76782433,
    "usd_usd": 1
}