{
    "clp_clp": 1,
    "clp_cop": 4.45977893,
    "clp_crc": 0.56585825,
    "clp_gtq": 0.0083654273,
    "clp_mxn": 0.020001771,
    "clp_pen": 0.0040905427,
    "clp_usd": 0.0010790659,
    "cop_clp": 0.22422636,
    "cop_cop": 1,
    "cop_crc": 0.12688034,
    "cop_gtq": 0.0018757493,
    "cop_mxn": 0.0044849243,
    "cop_pen": 0.0009172075,
    "cop_usd": 0.00024195501,
    "crc_clp": 1.76722705,
    "crc_cop": 7.88144197,
    "crc_crc": 1,
    "crc_gtq": 0.014783609,
    "crc_mxn": 0.035347671,
    "crc_pen": 0.0072289177,
    "crc_usd": 0.0019069544,
    "gtq_clp": 119.53961944,
    "gtq_cop": 533.12027637,
    "gtq_crc": 67.64247941,
    "gtq_gtq": 1,
    "gtq_mxn": 2.39100409,
    "gtq_pen": 0.48898192,
    "gtq_usd": 0.12899112,
    "mxn_clp": 49.99557302,
    "mxn_cop": 222.96920327,
    "mxn_crc": 28.29040727,
    "mxn_gtq": 0.41823433,
    "mxn_mxn": 1,
    "mxn_pen": 0.20450903,
    "mxn_usd": 0.053948517,
    "pen_clp": 244.46634034,
    "pen_cop": 1090.2658344,
    "pen_crc": 138.33329461,
    "pen_gtq": 2.04506541,
    "pen_mxn": 4.88975974,
    "pen_pen": 1,
    "pen_usd": 0.26379529,
    "timestamp": "2024-06-18 19:09:57",
    "usd_clp": 926.72748084,
    "usd_cop": 4132.99969533,
    "usd_crc": 524.39638704,
    "usd_gtq": 7.7524714,
    "usd_mxn": 18.5361908,
    "usd_pen": 3.79081832,
    "usd_usd": 1
}