{
    "clp_clp": 1,
    "clp_cop": 4.40342583,
    "clp_crc": 0.51427172,
    "clp_gtq": 0.0077917805,
    "clp_mxn": 0.020753209,
    "clp_pen": 0.0037237476,
    "clp_usd": 0.0010097277,
    "cop_clp": 0.22709591,
    "cop_cop": 1,
    "cop_crc": 0.11678901,
    "cop_gtq": 0.0017694815,
    "cop_mxn": 0.004712969,
    "cop_pen": 0.00084564786,
    "cop_usd": 0.00022930503,
    "crc_clp": 1.94449735,
    "crc_cop": 8.56244983,
    "crc_crc": 1,
    "crc_gtq": 0.015151096,
    "crc_mxn": 0.04035456,
    "crc_pen": 0.0072408174,
    "crc_usd": 0.0019634128,
    "gtq_clp": 128.34037132,
    "gtq_cop": 565.13730575,
    "gtq_crc": 66.00182388,
    "gtq_gtq": 1,
    "gtq_mxn": 2.66347459,
    "gtq_pen": 0.47790716,
    "gtq_usd": 0.12958882,
    "mxn_clp": 48.18531846,
    "mxn_cop": 212.1804758,
    "mxn_crc": 24.78034674,
    "mxn_gtq": 0.37544942,
    "mxn_mxn": 1,
    "mxn_pen": 0.17942997,
    "mxn_usd": 0.048654049,
    "pen_clp": 268.54666213,
    "pen_cop": 1182.52530781,
    "pen_crc": 138.10595461,
    "pen_gtq": 2.09245664,
    "pen_mxn": 5.57320509,
    "pen_pen": 1,
    "pen_usd": 0.271159,
    "timestamp": "2025-04-11 19:27:02",
    "usd_clp": 990.36604628,
    "usd_cop": 4361.00342647,
    "usd_crc": 509.31725292,
    "usd_gtq": 7.71671483,
    "usd_mxn": 20.55327386,
    "usd_pen": 3.68787323,
    "usd_usd": 1
}