{
    "clp_clp": 1,
    "clp_cop": 4.49667339,
    "clp_crc": 0.56660501,
    "clp_gtq": 0.0084507668,
    "clp_mxn": 0.021695402,
    "clp_pen": 0.0040967417,
    "clp_usd": 0.0010926999,
    "cop_clp": 0.2225449,
    "cop_cop": 1,
    "cop_crc": 0.12794558,
    "cop_gtq": 0.0018827147,
    "cop_mxn": 0.0048025745,
    "cop_pen": 0.00091209832,
    "cop_usd": 0.00024381433,
    "crc_clp": 1.7393715,
    "crc_cop": 7.81582284,
    "crc_crc": 1,
    "crc_gtq": 0.014714965,
    "crc_mxn": 0.037536071,
    "crc_pen": 0.0071287989,
    "crc_usd": 0.0019056096,
    "gtq_clp": 118.20425902,
    "gtq_cop": 531.14791756,
    "gtq_crc": 67.95802928,
    "gtq_gtq": 1,
    "gtq_mxn": 2.55087742,
    "gtq_pen": 0.48445912,
    "gtq_usd": 0.12950147,
    "mxn_clp": 46.09271531,
    "mxn_cop": 207.26388626,
    "mxn_crc": 26.11636364,
    "mxn_gtq": 0.38951879,
    "mxn_mxn": 1,
    "mxn_pen": 0.18882995,
    "mxn_usd": 0.050365507,
    "pen_clp": 243.9922243,
    "pen_cop": 1096.37303183,
    "pen_crc": 140.27608531,
    "pen_gtq": 2.06415764,
    "pen_mxn": 5.26541312,
    "pen_pen": 1,
    "pen_usd": 0.26731145,
    "timestamp": "2024-08-30 06:32:20",
    "usd_clp": 915.16432601,
    "usd_cop": 4115.1950689,
    "usd_crc": 518.5366964,
    "usd_gtq": 7.73384026,
    "usd_mxn": 19.85485819,
    "usd_pen": 3.74919186,
    "usd_usd": 1
}