{
    "clp_clp": 1,
    "clp_cop": 4.4010257,
    "clp_crc": 0.55587972,
    "clp_gtq": 0.0082476393,
    "clp_mxn": 0.019233879,
    "clp_pen": 0.004038589,
    "clp_usd": 0.0010619941,
    "cop_clp": 0.22721976,
    "cop_cop": 1,
    "cop_crc": 0.12630686,
    "cop_gtq": 0.0018740266,
    "cop_mxn": 0.0043703173,
    "cop_pen": 0.00091764723,
    "cop_usd": 0.00024130604,
    "crc_clp": 1.79895031,
    "crc_cop": 7.91722653,
    "crc_crc": 1,
    "crc_gtq": 0.014837093,
    "crc_mxn": 0.034600792,
    "crc_pen": 0.007265221,
    "crc_usd": 0.0019104746,
    "gtq_clp": 121.35256066,
    "gtq_cop": 535.33565993,
    "gtq_crc": 67.48729056,
    "gtq_gtq": 1,
    "gtq_mxn": 2.33441222,
    "gtq_pen": 0.48626825,
    "gtq_usd": 0.12896478,
    "mxn_clp": 51.99159373,
    "mxn_cop": 228.81634016,
    "mxn_crc": 28.90107279,
    "mxn_gtq": 0.42880791,
    "mxn_mxn": 1,
    "mxn_pen": 0.20997268,
    "mxn_usd": 0.055214765,
    "pen_clp": 247.61123066,
    "pen_cop": 1089.74338969,
    "pen_crc": 137.64206264,
    "pen_gtq": 2.04220812,
    "pen_mxn": 4.76252434,
    "pen_pen": 1,
    "pen_usd": 0.26296166,
    "timestamp": "2024-06-23 06:28:07",
    "usd_clp": 941.62482298,
    "usd_cop": 4144.11504557,
    "usd_crc": 523.43014702,
    "usd_gtq": 7.7661819,
    "usd_mxn": 18.1110975,
    "usd_pen": 3.80283568,
    "usd_usd": 1
}