{
    "clp_clp": 1,
    "clp_cop": 4.41867455,
    "clp_crc": 0.52505385,
    "clp_gtq": 0.0081128971,
    "clp_mxn": 0.021427982,
    "clp_pen": 0.0038225097,
    "clp_usd": 0.0010515816,
    "cop_clp": 0.22381783,
    "cop_cop": 1,
    "cop_crc": 0.11978751,
    "cop_gtq": 0.0018495589,
    "cop_mxn": 0.0048735116,
    "cop_pen": 0.00087369753,
    "cop_usd": 0.00023983038,
    "crc_clp": 1.90456656,
    "crc_cop": 8.41565979,
    "crc_crc": 1,
    "crc_gtq": 0.015451553,
    "crc_mxn": 0.040811019,
    "crc_pen": 0.0072802242,
    "crc_usd": 0.0020028072,
    "gtq_clp": 121.01146122,
    "gtq_cop": 540.669449,
    "gtq_crc": 64.76544813,
    "gtq_gtq": 1,
    "gtq_mxn": 2.63495885,
    "gtq_pen": 0.47238156,
    "gtq_usd": 0.12966896,
    "mxn_clp": 45.92537038,
    "mxn_cop": 205.19085092,
    "mxn_crc": 24.57930153,
    "mxn_gtq": 0.37951257,
    "mxn_mxn": 1,
    "mxn_pen": 0.17927474,
    "mxn_usd": 0.049210999,
    "pen_clp": 256.17312515,
    "pen_cop": 1144.56086246,
    "pen_crc": 137.10409809,
    "pen_gtq": 2.11693275,
    "pen_mxn": 5.57803068,
    "pen_pen": 1,
    "pen_usd": 0.27450046,
    "timestamp": "2025-03-29 06:34:36",
    "usd_clp": 933.23385767,
    "usd_cop": 4169.61360954,
    "usd_crc": 499.46764046,
    "usd_gtq": 7.71194603,
    "usd_mxn": 20.32066045,
    "usd_pen": 3.64298112,
    "usd_usd": 1
}