{
    "clp_clp": 1,
    "clp_cop": 4.0799032,
    "clp_crc": 0.54669506,
    "clp_gtq": 0.0084553808,
    "clp_mxn": 0.019748754,
    "clp_pen": 0.0037167544,
    "clp_usd": 0.0011036132,
    "cop_clp": 0.24510385,
    "cop_cop": 1,
    "cop_crc": 0.13399707,
    "cop_gtq": 0.0020724464,
    "cop_mxn": 0.0048404958,
    "cop_pen": 0.00091099083,
    "cop_usd": 0.00027049986,
    "crc_clp": 1.82917328,
    "crc_cop": 7.46284991,
    "crc_crc": 1,
    "crc_gtq": 0.015466357,
    "crc_mxn": 0.036123893,
    "crc_pen": 0.0067985878,
    "crc_usd": 0.0020186998,
    "gtq_clp": 118.26788467,
    "gtq_cop": 482.52152088,
    "gtq_crc": 64.65646856,
    "gtq_gtq": 1,
    "gtq_mxn": 2.33564338,
    "gtq_pen": 0.43957268,
    "gtq_usd": 0.130522,
    "mxn_clp": 50.63610546,
    "mxn_cop": 206.59040862,
    "mxn_crc": 27.68250883,
    "mxn_gtq": 0.42814755,
    "mxn_mxn": 1,
    "mxn_pen": 0.18820197,
    "mxn_usd": 0.055882676,
    "pen_clp": 269.05194581,
    "pen_cop": 1097.70589414,
    "pen_crc": 147.08937025,
    "pen_gtq": 2.27493665,
    "pen_mxn": 5.31344074,
    "pen_pen": 1,
    "pen_usd": 0.29692929,
    "timestamp": "2025-12-29 19:49:56",
    "usd_clp": 906.11454675,
    "usd_cop": 3696.85963703,
    "usd_crc": 495.36834849,
    "usd_gtq": 7.66154353,
    "usd_mxn": 17.89463345,
    "usd_pen": 3.36780522,
    "usd_usd": 1
}