{
    "clp_clp": 1,
    "clp_cop": 4.43231087,
    "clp_crc": 0.5104555,
    "clp_gtq": 0.0077585828,
    "clp_mxn": 0.020982404,
    "clp_pen": 0.0037813409,
    "clp_usd": 0.0010056242,
    "cop_clp": 0.22561594,
    "cop_cop": 1,
    "cop_crc": 0.1151669,
    "cop_gtq": 0.00175046,
    "cop_mxn": 0.004733965,
    "cop_pen": 0.00085313079,
    "cop_usd": 0.00022688485,
    "crc_clp": 1.95903464,
    "crc_cop": 8.68305053,
    "crc_crc": 1,
    "crc_gtq": 0.015199333,
    "crc_mxn": 0.041105257,
    "crc_pen": 0.0074077777,
    "crc_usd": 0.0019700526,
    "gtq_clp": 129.02364485,
    "gtq_cop": 570.90865591,
    "gtq_crc": 65.92533491,
    "gtq_gtq": 1,
    "gtq_mxn": 2.69973067,
    "gtq_pen": 0.48722511,
    "gtq_usd": 0.12961444,
    "mxn_clp": 47.79130246,
    "mxn_cop": 211.46874498,
    "mxn_crc": 24.4192266,
    "mxn_gtq": 0.37040732,
    "mxn_mxn": 1,
    "mxn_pen": 0.18047175,
    "mxn_usd": 0.048010139,
    "pen_clp": 264.81320707,
    "pen_cop": 1171.75539636,
    "pen_crc": 135.3077522,
    "pen_gtq": 2.05243936,
    "pen_mxn": 5.54103348,
    "pen_pen": 1,
    "pen_usd": 0.26602579,
    "timestamp": "2025-01-02 06:35:03",
    "usd_clp": 995.44186958,
    "usd_cop": 4404.66846554,
    "usd_crc": 508.62645148,
    "usd_gtq": 7.7151895,
    "usd_mxn": 20.82893368,
    "usd_pen": 3.75903408,
    "usd_usd": 1
}