{
    "clp_clp": 1,
    "clp_cop": 4.23062406,
    "clp_crc": 0.51321347,
    "clp_gtq": 0.0078574278,
    "clp_mxn": 0.021014577,
    "clp_pen": 0.0037776834,
    "clp_usd": 0.0010159181,
    "cop_clp": 0.23637175,
    "cop_cop": 1,
    "cop_crc": 0.12130916,
    "cop_gtq": 0.0018572739,
    "cop_mxn": 0.0049672523,
    "cop_pen": 0.00089293761,
    "cop_usd": 0.00024013433,
    "crc_clp": 1.94850694,
    "crc_cop": 8.24340033,
    "crc_crc": 1,
    "crc_gtq": 0.015310253,
    "crc_mxn": 0.040947049,
    "crc_pen": 0.0073608422,
    "crc_usd": 0.0019795234,
    "gtq_clp": 127.26811236,
    "gtq_cop": 538.42353763,
    "gtq_crc": 65.31570904,
    "gtq_gtq": 1,
    "gtq_mxn": 2.67448553,
    "gtq_pen": 0.48077863,
    "gtq_usd": 0.12929398,
    "mxn_clp": 47.58601636,
    "mxn_cop": 201.31854552,
    "mxn_crc": 24.42178439,
    "mxn_gtq": 0.37390369,
    "mxn_mxn": 1,
    "mxn_pen": 0.1797649,
    "mxn_usd": 0.048343494,
    "pen_clp": 264.71249886,
    "pen_cop": 1119.89906544,
    "pen_crc": 135.85401901,
    "pen_gtq": 2.07995934,
    "pen_mxn": 5.56282116,
    "pen_pen": 1,
    "pen_usd": 0.26892621,
    "timestamp": "2025-01-31 19:24:20",
    "usd_clp": 984.33133321,
    "usd_cop": 4164.33581679,
    "usd_crc": 505.17209512,
    "usd_gtq": 7.73431235,
    "usd_mxn": 20.68530649,
    "usd_pen": 3.71849209,
    "usd_usd": 1
}