{
    "clp_clp": 1,
    "clp_cop": 4.17663982,
    "clp_crc": 0.54585817,
    "clp_gtq": 0.008369798,
    "clp_mxn": 0.019671899,
    "clp_pen": 0.0036822622,
    "clp_usd": 0.0010932016,
    "cop_clp": 0.23942692,
    "cop_cop": 1,
    "cop_crc": 0.13069314,
    "cop_gtq": 0.0020039549,
    "cop_mxn": 0.0047099822,
    "cop_pen": 0.0008816327,
    "cop_usd": 0.00026174189,
    "crc_clp": 1.8319777,
    "crc_cop": 7.65151103,
    "crc_crc": 1,
    "crc_gtq": 0.015333283,
    "crc_mxn": 0.03603848,
    "crc_pen": 0.0067458223,
    "crc_usd": 0.002002721,
    "gtq_clp": 119.4771967,
    "gtq_cop": 499.01321739,
    "gtq_crc": 65.21760415,
    "gtq_gtq": 1,
    "gtq_mxn": 2.35034335,
    "gtq_pen": 0.43994637,
    "gtq_usd": 0.13061266,
    "mxn_clp": 50.83393311,
    "mxn_cop": 212.31502926,
    "mxn_crc": 27.74811779,
    "mxn_gtq": 0.42546975,
    "mxn_mxn": 1,
    "mxn_pen": 0.18718387,
    "mxn_usd": 0.055571737,
    "pen_clp": 271.57218486,
    "pen_cop": 1134.25920147,
    "pen_crc": 148.2398963,
    "pen_gtq": 2.27300433,
    "pen_mxn": 5.3423406,
    "pen_pen": 1,
    "pen_usd": 0.29688315,
    "timestamp": "2025-12-16 19:44:31",
    "usd_clp": 914.74436121,
    "usd_cop": 3820.55772481,
    "usd_crc": 499.32068456,
    "usd_gtq": 7.65622551,
    "usd_mxn": 17.99475872,
    "usd_pen": 3.36832861,
    "usd_usd": 1
}