{
    "clp_clp": 1,
    "clp_cop": 4.48197425,
    "clp_crc": 0.54104379,
    "clp_gtq": 0.008127188,
    "clp_mxn": 0.020932671,
    "clp_pen": 0.0039601581,
    "clp_usd": 0.0010522762,
    "cop_clp": 0.22311596,
    "cop_cop": 1,
    "cop_crc": 0.12071551,
    "cop_gtq": 0.0018133054,
    "cop_mxn": 0.0046704131,
    "cop_pen": 0.00088357448,
    "cop_usd": 0.00023477963,
    "crc_clp": 1.84827922,
    "crc_cop": 8.28393986,
    "crc_crc": 1,
    "crc_gtq": 0.015021313,
    "crc_mxn": 0.038689421,
    "crc_pen": 0.0073194779,
    "crc_usd": 0.0019449003,
    "gtq_clp": 123.04378797,
    "gtq_cop": 551.47908983,
    "gtq_crc": 66.57207791,
    "gtq_gtq": 1,
    "gtq_mxn": 2.57563516,
    "gtq_pen": 0.48727285,
    "gtq_usd": 0.12947606,
    "mxn_clp": 47.77221165,
    "mxn_cop": 214.11382269,
    "mxn_crc": 25.84685866,
    "mxn_gtq": 0.38825375,
    "mxn_mxn": 1,
    "mxn_pen": 0.18918551,
    "mxn_usd": 0.050269564,
    "pen_clp": 252.51517204,
    "pen_cop": 1131.76649985,
    "pen_crc": 136.6217668,
    "pen_gtq": 2.05223828,
    "pen_mxn": 5.28581707,
    "pen_pen": 1,
    "pen_usd": 0.26571572,
    "timestamp": "2024-10-21 19:22:22",
    "usd_clp": 950.3207957,
    "usd_cop": 4259.31333955,
    "usd_crc": 514.16516913,
    "usd_gtq": 7.72343579,
    "usd_mxn": 19.89275277,
    "usd_pen": 3.76342058,
    "usd_usd": 1
}