{
    "clp_clp": 1,
    "clp_cop": 4.07654036,
    "clp_crc": 0.52783806,
    "clp_gtq": 0.0081042258,
    "clp_mxn": 0.017657484,
    "clp_pen": 0.0039110567,
    "clp_usd": 0.0010412556,
    "cop_clp": 0.24530605,
    "cop_cop": 1,
    "cop_crc": 0.12948187,
    "cop_gtq": 0.0019880156,
    "cop_mxn": 0.0043314877,
    "cop_pen": 0.00095940585,
    "cop_usd": 0.0002554263,
    "crc_clp": 1.89452044,
    "crc_cop": 7.72308904,
    "crc_crc": 1,
    "crc_gtq": 0.015353621,
    "crc_mxn": 0.033452465,
    "crc_pen": 0.0074095768,
    "crc_usd": 0.0019726801,
    "gtq_clp": 123.3924164,
    "gtq_cop": 503.01416614,
    "gtq_crc": 65.13121412,
    "gtq_gtq": 1,
    "gtq_mxn": 2.17879967,
    "gtq_pen": 0.48259473,
    "gtq_usd": 0.12848305,
    "mxn_clp": 56.63320858,
    "mxn_cop": 230.86756074,
    "mxn_crc": 29.89316314,
    "mxn_gtq": 0.45896831,
    "mxn_mxn": 1,
    "mxn_pen": 0.22149569,
    "mxn_usd": 0.058969648,
    "pen_clp": 255.68537808,
    "pen_cop": 1042.31176438,
    "pen_crc": 134.96047482,
    "pen_gtq": 2.07213203,
    "pen_mxn": 4.51476059,
    "pen_pen": 1,
    "pen_usd": 0.26623384,
    "timestamp": "2024-05-02 19:07:11",
    "usd_clp": 960.37895119,
    "usd_cop": 3915.02355979,
    "usd_crc": 506.92456578,
    "usd_gtq": 7.78312784,
    "usd_mxn": 16.9578764,
    "usd_pen": 3.75609649,
    "usd_usd": 1
}