{
    "clp_clp": 1,
    "clp_cop": 4.10375184,
    "clp_crc": 0.50146524,
    "clp_gtq": 0.0084122216,
    "clp_mxn": 0.019129196,
    "clp_pen": 0.0038644157,
    "clp_usd": 0.0011045811,
    "cop_clp": 0.24367945,
    "cop_cop": 1,
    "cop_crc": 0.12219678,
    "cop_gtq": 0.0020498855,
    "cop_mxn": 0.0046613919,
    "cop_pen": 0.00094167869,
    "cop_usd": 0.00026916371,
    "crc_clp": 1.99415615,
    "crc_cop": 8.183522,
    "crc_crc": 1,
    "crc_gtq": 0.016775283,
    "crc_mxn": 0.038146603,
    "crc_pen": 0.0077062483,
    "crc_usd": 0.0022027072,
    "gtq_clp": 118.87466257,
    "gtq_cop": 487.83211576,
    "gtq_crc": 59.61151153,
    "gtq_gtq": 1,
    "gtq_mxn": 2.27397668,
    "gtq_pen": 0.45938111,
    "gtq_usd": 0.1313067,
    "mxn_clp": 52.27611336,
    "mxn_cop": 214.52819664,
    "mxn_crc": 26.21465388,
    "mxn_gtq": 0.43975825,
    "mxn_mxn": 1,
    "mxn_pen": 0.20201663,
    "mxn_usd": 0.057743206,
    "pen_clp": 258.77133472,
    "pen_cop": 1061.93334211,
    "pen_crc": 129.7648302,
    "pen_gtq": 2.1768418,
    "pen_mxn": 4.95008749,
    "pen_pen": 1,
    "pen_usd": 0.28583392,
    "timestamp": "2026-05-06 21:22:24",
    "usd_clp": 905.32059037,
    "usd_cop": 3715.2110425,
    "usd_crc": 453.98680968,
    "usd_gtq": 7.61575739,
    "usd_mxn": 17.31805469,
    "usd_pen": 3.49853507,
    "usd_usd": 1
}