{
    "clp_clp": 1,
    "clp_cop": 4.43730963,
    "clp_crc": 0.50646513,
    "clp_gtq": 0.0077412664,
    "clp_mxn": 0.020468252,
    "clp_pen": 0.0037415084,
    "clp_usd": 0.0010069418,
    "cop_clp": 0.22536178,
    "cop_cop": 1,
    "cop_crc": 0.11413788,
    "cop_gtq": 0.0017445856,
    "cop_mxn": 0.0046127618,
    "cop_pen": 0.00084319299,
    "cop_usd": 0.00022692619,
    "crc_clp": 1.9744696,
    "crc_cop": 8.76133298,
    "crc_crc": 1,
    "crc_gtq": 0.015284895,
    "crc_mxn": 0.040413942,
    "crc_pen": 0.0073874946,
    "crc_usd": 0.0019881759,
    "gtq_clp": 129.1778302,
    "gtq_cop": 573.20203009,
    "gtq_crc": 65.42406636,
    "gtq_gtq": 1,
    "gtq_mxn": 2.64404443,
    "gtq_pen": 0.48331993,
    "gtq_usd": 0.13007455,
    "mxn_clp": 48.85614955,
    "mxn_cop": 216.78986296,
    "mxn_crc": 24.74393606,
    "mxn_gtq": 0.37820847,
    "mxn_mxn": 1,
    "mxn_pen": 0.18279569,
    "mxn_usd": 0.049195298,
    "pen_clp": 264.63972692,
    "pen_cop": 1181.42051429,
    "pen_crc": 135.16863542,
    "pen_gtq": 2.05973813,
    "pen_mxn": 5.41072524,
    "pen_pen": 1,
    "pen_usd": 0.26752037,
    "timestamp": "2024-12-28 06:32:45",
    "usd_clp": 993.10607348,
    "usd_cop": 4406.71914468,
    "usd_crc": 502.97359504,
    "usd_gtq": 7.6878987,
    "usd_mxn": 20.32714577,
    "usd_pen": 3.7157147,
    "usd_usd": 1
}