{
    "clp_clp": 1,
    "clp_cop": 4.43773923,
    "clp_crc": 0.53887988,
    "clp_gtq": 0.0081742924,
    "clp_mxn": 0.020553588,
    "clp_pen": 0.0039305691,
    "clp_usd": 0.0010635998,
    "cop_clp": 0.22533996,
    "cop_cop": 1,
    "cop_crc": 0.12143117,
    "cop_gtq": 0.0018419948,
    "cop_mxn": 0.0046315448,
    "cop_pen": 0.0008857143,
    "cop_usd": 0.00023967154,
    "crc_clp": 1.86619472,
    "crc_cop": 8.29941473,
    "crc_crc": 1,
    "crc_gtq": 0.015183933,
    "crc_mxn": 0.038461703,
    "crc_pen": 0.0073024266,
    "crc_usd": 0.0019771386,
    "gtq_clp": 122.90588553,
    "gtq_cop": 546.59189888,
    "gtq_crc": 65.85908965,
    "gtq_gtq": 1,
    "gtq_mxn": 2.53305277,
    "gtq_pen": 0.48093117,
    "gtq_usd": 0.13021255,
    "mxn_clp": 48.65330569,
    "mxn_cop": 215.91068323,
    "mxn_crc": 26.21828766,
    "mxn_gtq": 0.39770635,
    "mxn_mxn": 1,
    "mxn_pen": 0.19123518,
    "mxn_usd": 0.051747646,
    "pen_clp": 254.41608403,
    "pen_cop": 1129.03223624,
    "pen_crc": 137.09970948,
    "pen_gtq": 2.07967147,
    "pen_mxn": 5.22916337,
    "pen_pen": 1,
    "pen_usd": 0.27059689,
    "timestamp": "2025-05-20 06:42:23",
    "usd_clp": 943.88663191,
    "usd_cop": 4197.68983604,
    "usd_crc": 505.78142817,
    "usd_gtq": 7.67975128,
    "usd_mxn": 19.45321529,
    "usd_pen": 3.69343175,
    "usd_usd": 1
}