{
    "clp_clp": 1,
    "clp_cop": 4.2954755,
    "clp_crc": 0.53517682,
    "clp_gtq": 0.0081498208,
    "clp_mxn": 0.019735582,
    "clp_pen": 0.0037619994,
    "clp_usd": 0.0010604735,
    "cop_clp": 0.2328031,
    "cop_cop": 1,
    "cop_crc": 0.12459082,
    "cop_gtq": 0.0018973035,
    "cop_mxn": 0.0045945047,
    "cop_pen": 0.00087580511,
    "cop_usd": 0.00024688152,
    "crc_clp": 1.86854132,
    "crc_cop": 8.02627343,
    "crc_crc": 1,
    "crc_gtq": 0.015228277,
    "crc_mxn": 0.036876751,
    "crc_pen": 0.0070294513,
    "crc_usd": 0.0019815386,
    "gtq_clp": 122.70208483,
    "gtq_cop": 527.06379873,
    "gtq_crc": 65.66731162,
    "gtq_gtq": 1,
    "gtq_mxn": 2.42159708,
    "gtq_pen": 0.46160517,
    "gtq_usd": 0.13012231,
    "mxn_clp": 50.6699013,
    "mxn_cop": 217.65131944,
    "mxn_crc": 27.11735667,
    "mxn_gtq": 0.41295061,
    "mxn_mxn": 1,
    "mxn_pen": 0.19062014,
    "mxn_usd": 0.053734088,
    "pen_clp": 265.81609836,
    "pen_cop": 1141.80653697,
    "pen_crc": 142.25861434,
    "pen_gtq": 2.16635356,
    "pen_mxn": 5.24603545,
    "pen_pen": 1,
    "pen_usd": 0.28189093,
    "timestamp": "2025-07-09 06:43:29",
    "usd_clp": 942.97499321,
    "usd_cop": 4050.5259768,
    "usd_crc": 504.6583586,
    "usd_gtq": 7.68507719,
    "usd_mxn": 18.61016045,
    "usd_pen": 3.54747135,
    "usd_usd": 1
}