{
    "clp_clp": 1,
    "clp_cop": 4.2550714,
    "clp_crc": 0.51062534,
    "clp_gtq": 0.0078633785,
    "clp_mxn": 0.020646707,
    "clp_pen": 0.0037891577,
    "clp_usd": 0.0010185334,
    "cop_clp": 0.23501368,
    "cop_cop": 1,
    "cop_crc": 0.12000394,
    "cop_gtq": 0.0018480016,
    "cop_mxn": 0.0048522586,
    "cop_pen": 0.0008905039,
    "cop_usd": 0.00023936928,
    "crc_clp": 1.95838302,
    "crc_cop": 8.33305959,
    "crc_crc": 1,
    "crc_gtq": 0.015399507,
    "crc_mxn": 0.04043416,
    "crc_pen": 0.0074206221,
    "crc_usd": 0.0019946784,
    "gtq_clp": 127.17179954,
    "gtq_cop": 541.12508673,
    "gtq_crc": 64.93714356,
    "gtq_gtq": 1,
    "gtq_mxn": 2.62567887,
    "gtq_pen": 0.481874,
    "gtq_usd": 0.12952872,
    "mxn_clp": 48.43387397,
    "mxn_cop": 206.08959179,
    "mxn_crc": 24.73156343,
    "mxn_gtq": 0.38085389,
    "mxn_mxn": 1,
    "mxn_pen": 0.18352359,
    "mxn_usd": 0.049331517,
    "pen_clp": 263.91089677,
    "pen_cop": 1122.95970821,
    "pen_crc": 134.75959177,
    "pen_gtq": 2.07523128,
    "pen_mxn": 5.44889093,
    "pen_pen": 1,
    "pen_usd": 0.26880205,
    "timestamp": "2025-01-25 19:22:19",
    "usd_clp": 981.80387275,
    "usd_cop": 4177.64557638,
    "usd_crc": 501.33393772,
    "usd_gtq": 7.72029551,
    "usd_mxn": 20.27101679,
    "usd_pen": 3.72020968,
    "usd_usd": 1
}