{
    "clp_clp": 1,
    "clp_cop": 3.89971209,
    "clp_crc": 0.51198012,
    "clp_gtq": 0.0085925023,
    "clp_mxn": 0.019464753,
    "clp_pen": 0.0038302428,
    "clp_usd": 0.0011273214,
    "cop_clp": 0.25642919,
    "cop_cop": 1,
    "cop_crc": 0.13128664,
    "cop_gtq": 0.0022033684,
    "cop_mxn": 0.0049913307,
    "cop_pen": 0.00098218606,
    "cop_usd": 0.00028907811,
    "crc_clp": 1.95320085,
    "crc_cop": 7.61692099,
    "crc_crc": 1,
    "crc_gtq": 0.016782883,
    "crc_mxn": 0.038018571,
    "crc_pen": 0.0074812336,
    "crc_usd": 0.0022018851,
    "gtq_clp": 116.38053391,
    "gtq_cop": 453.85057545,
    "gtq_crc": 59.58451929,
    "gtq_gtq": 1,
    "gtq_mxn": 2.2653183,
    "gtq_pen": 0.44576571,
    "gtq_usd": 0.13119827,
    "mxn_clp": 51.3749144,
    "mxn_cop": 200.34737498,
    "mxn_crc": 26.30293466,
    "mxn_gtq": 0.44143907,
    "mxn_mxn": 1,
    "mxn_pen": 0.1967784,
    "mxn_usd": 0.057916041,
    "pen_clp": 261.08005195,
    "pen_cop": 1018.13703582,
    "pen_crc": 133.66779538,
    "pen_gtq": 2.24333094,
    "pen_mxn": 5.08185863,
    "pen_pen": 1,
    "pen_usd": 0.29432113,
    "timestamp": "2026-06-18 22:26:01",
    "usd_clp": 887.05847111,
    "usd_cop": 3459.27264693,
    "usd_crc": 454.15629926,
    "usd_gtq": 7.62205191,
    "usd_mxn": 17.2663737,
    "usd_pen": 3.39764936,
    "usd_usd": 1
}