{
    "clp_clp": 1,
    "clp_cop": 4.48685412,
    "clp_crc": 0.55636506,
    "clp_gtq": 0.008310396,
    "clp_mxn": 0.020741465,
    "clp_pen": 0.0040339988,
    "clp_usd": 0.0010745117,
    "cop_clp": 0.2228733,
    "cop_cop": 1,
    "cop_crc": 0.12399892,
    "cop_gtq": 0.0018521654,
    "cop_mxn": 0.0046227189,
    "cop_pen": 0.00089907064,
    "cop_usd": 0.00023947998,
    "crc_clp": 1.79868699,
    "crc_cop": 8.05386384,
    "crc_crc": 1,
    "crc_gtq": 0.014943585,
    "crc_mxn": 0.03733971,
    "crc_pen": 0.0072427439,
    "crc_usd": 0.001932368,
    "gtq_clp": 120.33120924,
    "gtq_cop": 539.9085817,
    "gtq_crc": 66.94808034,
    "gtq_gtq": 1,
    "gtq_mxn": 2.4958456,
    "gtq_pen": 0.48541595,
    "gtq_usd": 0.1292973,
    "mxn_clp": 48.21260142,
    "mxn_cop": 216.32290921,
    "mxn_crc": 26.82380684,
    "mxn_gtq": 0.40066581,
    "mxn_mxn": 1,
    "mxn_pen": 0.19448958,
    "mxn_usd": 0.051805006,
    "pen_clp": 248.34330853,
    "pen_cop": 1111.99069165,
    "pen_crc": 138.06921917,
    "pen_gtq": 2.06324904,
    "pen_mxn": 5.1554646,
    "pen_pen": 1,
    "pen_usd": 0.26680054,
    "timestamp": "2024-09-20 06:34:09",
    "usd_clp": 930.65525856,
    "usd_cop": 4175.71437916,
    "usd_crc": 517.78406794,
    "usd_gtq": 7.73411374,
    "usd_mxn": 19.30315376,
    "usd_pen": 3.75426219,
    "usd_usd": 1
}