{
    "clp_clp": 1,
    "clp_cop": 4.40383605,
    "clp_crc": 0.5280574,
    "clp_gtq": 0.0079387089,
    "clp_mxn": 0.020922872,
    "clp_pen": 0.0038193225,
    "clp_usd": 0.0010291738,
    "cop_clp": 0.22709591,
    "cop_cop": 1,
    "cop_crc": 0.11678901,
    "cop_gtq": 0.0017694815,
    "cop_mxn": 0.004712969,
    "cop_pen": 0.00084564786,
    "cop_usd": 0.00022930503,
    "crc_clp": 1.89373352,
    "crc_cop": 8.33969193,
    "crc_crc": 1,
    "crc_gtq": 0.015033799,
    "crc_mxn": 0.039622344,
    "crc_pen": 0.007232779,
    "crc_usd": 0.0019489809,
    "gtq_clp": 125.96506721,
    "gtq_cop": 554.72950373,
    "gtq_crc": 66.516786,
    "gtq_gtq": 1,
    "gtq_mxn": 2.63555099,
    "gtq_pen": 0.48110121,
    "gtq_usd": 0.12963995,
    "mxn_clp": 47.79458545,
    "mxn_cop": 210.47951828,
    "mxn_crc": 25.23828457,
    "mxn_gtq": 0.3794273,
    "mxn_mxn": 1,
    "mxn_pen": 0.18254293,
    "mxn_usd": 0.049188936,
    "pen_clp": 261.82654353,
    "pen_cop": 1153.04117069,
    "pen_crc": 138.25944409,
    "pen_gtq": 2.07856471,
    "pen_mxn": 5.47816329,
    "pen_pen": 1,
    "pen_usd": 0.26946502,
    "timestamp": "2025-04-12 06:34:42",
    "usd_clp": 971.65317034,
    "usd_cop": 4279.00125757,
    "usd_crc": 513.08864779,
    "usd_gtq": 7.71367167,
    "usd_mxn": 20.32977504,
    "usd_pen": 3.71105678,
    "usd_usd": 1
}