{
    "clp_clp": 1,
    "clp_cop": 3.75067503,
    "clp_crc": 0.49737891,
    "clp_gtq": 0.0083490954,
    "clp_mxn": 0.019225379,
    "clp_pen": 0.0037106423,
    "clp_usd": 0.0010940325,
    "cop_clp": 0.26661867,
    "cop_cop": 1,
    "cop_crc": 0.1326105,
    "cop_gtq": 0.0022260247,
    "cop_mxn": 0.0051258451,
    "cop_pen": 0.00098932651,
    "cop_usd": 0.0002916895,
    "crc_clp": 2.01053963,
    "crc_cop": 7.5408808,
    "crc_crc": 1,
    "crc_gtq": 0.016786187,
    "crc_mxn": 0.038653387,
    "crc_pen": 0.0074603933,
    "crc_usd": 0.0021995957,
    "gtq_clp": 119.77345452,
    "gtq_cop": 449.2313055,
    "gtq_crc": 59.57278966,
    "gtq_gtq": 1,
    "gtq_mxn": 2.30269007,
    "gtq_pen": 0.44443644,
    "gtq_usd": 0.13103605,
    "mxn_clp": 52.01457896,
    "mxn_cop": 195.08978265,
    "mxn_crc": 25.87095433,
    "mxn_gtq": 0.43427468,
    "mxn_mxn": 1,
    "mxn_pen": 0.19300749,
    "mxn_usd": 0.056905641,
    "pen_clp": 269.49512524,
    "pen_cop": 1010.7886378,
    "pen_crc": 134.0411903,
    "pen_gtq": 2.25004051,
    "pen_mxn": 5.18114595,
    "pen_pen": 1,
    "pen_usd": 0.29483643,
    "timestamp": "2026-06-24 21:42:03",
    "usd_clp": 914.04961747,
    "usd_cop": 3428.30307938,
    "usd_crc": 454.62899787,
    "usd_gtq": 7.63148747,
    "usd_mxn": 17.57295043,
    "usd_pen": 3.39171114,
    "usd_usd": 1
}