{
    "clp_clp": 1,
    "clp_cop": 4.34977644,
    "clp_crc": 0.58056803,
    "clp_gtq": 0.008506274,
    "clp_mxn": 0.019543436,
    "clp_pen": 0.004146525,
    "clp_usd": 0.001095854,
    "cop_clp": 0.22989687,
    "cop_cop": 1,
    "cop_crc": 0.13347077,
    "cop_gtq": 0.0019555658,
    "cop_mxn": 0.0044929749,
    "cop_pen": 0.00095327314,
    "cop_usd": 0.0002519334,
    "crc_clp": 1.72245104,
    "crc_cop": 7.49227695,
    "crc_crc": 1,
    "crc_gtq": 0.014651641,
    "crc_mxn": 0.033662612,
    "crc_pen": 0.0071421864,
    "crc_usd": 0.0018875548,
    "gtq_clp": 117.56028547,
    "gtq_cop": 511.36095962,
    "gtq_crc": 68.25174281,
    "gtq_gtq": 1,
    "gtq_mxn": 2.29753194,
    "gtq_pen": 0.48746667,
    "gtq_usd": 0.12882891,
    "mxn_clp": 51.16807457,
    "mxn_cop": 222.56968507,
    "mxn_crc": 29.70654802,
    "mxn_gtq": 0.43524966,
    "mxn_mxn": 1,
    "mxn_pen": 0.2121697,
    "mxn_usd": 0.056072738,
    "pen_clp": 241.16579315,
    "pen_cop": 1049.0172844,
    "pen_crc": 140.01314835,
    "pen_gtq": 2.05142232,
    "pen_mxn": 4.71320829,
    "pen_pen": 1,
    "pen_usd": 0.26428249,
    "timestamp": "2024-07-11 19:10:33",
    "usd_clp": 912.53034209,
    "usd_cop": 3969.30297985,
    "usd_crc": 529.78593891,
    "usd_gtq": 7.76223313,
    "usd_mxn": 17.83397851,
    "usd_pen": 3.78382991,
    "usd_usd": 1
}