{
    "clp_clp": 1,
    "clp_cop": 4.37585464,
    "clp_crc": 0.53572481,
    "clp_gtq": 0.0082121254,
    "clp_mxn": 0.021496324,
    "clp_pen": 0.0039012562,
    "clp_usd": 0.0010650675,
    "cop_clp": 0.22852679,
    "cop_cop": 1,
    "cop_crc": 0.12242747,
    "cop_gtq": 0.0018766906,
    "cop_mxn": 0.0049124858,
    "cop_pen": 0.00089154155,
    "cop_usd": 0.00024339645,
    "crc_clp": 1.86663,
    "crc_cop": 8.16810155,
    "crc_crc": 1,
    "crc_gtq": 0.015329,
    "crc_mxn": 0.040125683,
    "crc_pen": 0.0072822019,
    "crc_usd": 0.0019880869,
    "gtq_clp": 121.77115629,
    "gtq_cop": 532.85287918,
    "gtq_crc": 65.23582941,
    "gtq_gtq": 1,
    "gtq_mxn": 2.61763218,
    "gtq_pen": 0.47506048,
    "gtq_usd": 0.1296945,
    "mxn_clp": 46.5195825,
    "mxn_cop": 203.56293091,
    "mxn_crc": 24.92169444,
    "mxn_gtq": 0.38202464,
    "mxn_mxn": 1,
    "mxn_pen": 0.18148481,
    "mxn_usd": 0.049546494,
    "pen_clp": 256.32768975,
    "pen_cop": 1121.65271038,
    "pen_crc": 137.32110255,
    "pen_gtq": 2.10499512,
    "pen_mxn": 5.51010297,
    "pen_pen": 1,
    "pen_usd": 0.27300628,
    "timestamp": "2025-03-13 06:38:02",
    "usd_clp": 938.90765835,
    "usd_cop": 4108.52343277,
    "usd_crc": 502.99612566,
    "usd_gtq": 7.71042739,
    "usd_mxn": 20.18306287,
    "usd_pen": 3.66291936,
    "usd_usd": 1
}