{
    "clp_clp": 1,
    "clp_cop": 4.51787652,
    "clp_crc": 0.52210744,
    "clp_gtq": 0.0078873375,
    "clp_mxn": 0.020915323,
    "clp_pen": 0.003840181,
    "clp_usd": 0.0010224757,
    "cop_clp": 0.22134292,
    "cop_cop": 1,
    "cop_crc": 0.11556479,
    "cop_gtq": 0.0017458063,
    "cop_mxn": 0.0046294588,
    "cop_pen": 0.00084999689,
    "cop_usd": 0.00022631777,
    "crc_clp": 1.917461,
    "crc_cop": 8.60334551,
    "crc_crc": 1,
    "crc_gtq": 0.015141167,
    "crc_mxn": 0.040025982,
    "crc_pen": 0.0073813993,
    "crc_usd": 0.0019619614,
    "gtq_clp": 126.7854963,
    "gtq_cop": 572.80121699,
    "gtq_crc": 66.19565117,
    "gtq_gtq": 1,
    "gtq_mxn": 2.65175963,
    "gtq_pen": 0.48687925,
    "gtq_usd": 0.12963509,
    "mxn_clp": 47.81183594,
    "mxn_cop": 216.00797103,
    "mxn_crc": 24.96291536,
    "mxn_gtq": 0.37710809,
    "mxn_mxn": 1,
    "mxn_pen": 0.1836061,
    "mxn_usd": 0.048886442,
    "pen_clp": 259.76930885,
    "pen_cop": 1165.54397606,
    "pen_crc": 135.47566761,
    "pen_gtq": 2.0512597,
    "pen_mxn": 5.42254668,
    "pen_pen": 1,
    "pen_usd": 0.26579803,
    "timestamp": "2024-11-29 06:37:35",
    "usd_clp": 977.31840677,
    "usd_cop": 4385.07376705,
    "usd_crc": 509.69402125,
    "usd_gtq": 7.71736228,
    "usd_mxn": 20.4010039,
    "usd_pen": 3.7622551,
    "usd_usd": 1
}