{
    "clp_clp": 1,
    "clp_cop": 4.00239675,
    "clp_crc": 0.53583433,
    "clp_gtq": 0.0081700444,
    "clp_mxn": 0.019612886,
    "clp_pen": 0.0035946637,
    "clp_usd": 0.0010662716,
    "cop_clp": 0.24985029,
    "cop_cop": 1,
    "cop_crc": 0.13387836,
    "cop_gtq": 0.002041288,
    "cop_mxn": 0.0049002854,
    "cop_pen": 0.00089812778,
    "cop_usd": 0.00026640828,
    "crc_clp": 1.86624847,
    "crc_cop": 7.4694668,
    "crc_crc": 1,
    "crc_gtq": 0.015247333,
    "crc_mxn": 0.036602519,
    "crc_pen": 0.0067085357,
    "crc_usd": 0.0019899278,
    "gtq_clp": 122.12102062,
    "gtq_cop": 489.02965549,
    "gtq_crc": 65.57669092,
    "gtq_gtq": 1,
    "gtq_mxn": 2.39143065,
    "gtq_pen": 0.43930581,
    "gtq_usd": 0.13051206,
    "mxn_clp": 51.0660932,
    "mxn_cop": 204.49250945,
    "mxn_crc": 27.42153147,
    "mxn_gtq": 0.41815973,
    "mxn_mxn": 1,
    "mxn_pen": 0.1837,
    "mxn_usd": 0.054574887,
    "pen_clp": 277.9863517,
    "pen_cop": 1113.18730484,
    "pen_crc": 149.27344181,
    "pen_gtq": 2.27631861,
    "pen_mxn": 5.4436581,
    "pen_pen": 1,
    "pen_usd": 0.29708703,
    "timestamp": "2025-11-12 06:44:39",
    "usd_clp": 937.84734132,
    "usd_cop": 3753.6371474,
    "usd_crc": 502.53080309,
    "usd_gtq": 7.66225446,
    "usd_mxn": 18.39389344,
    "usd_pen": 3.37124581,
    "usd_usd": 1
}