{
    "clp_clp": 1,
    "clp_cop": 4.36339965,
    "clp_crc": 0.53441359,
    "clp_gtq": 0.0081361984,
    "clp_mxn": 0.021451307,
    "clp_pen": 0.0039033561,
    "clp_usd": 0.0010552977,
    "cop_clp": 0.2291791,
    "cop_cop": 1,
    "cop_crc": 0.12247643,
    "cop_gtq": 0.0018646466,
    "cop_mxn": 0.0049161912,
    "cop_pen": 0.00089456764,
    "cop_usd": 0.00024185218,
    "crc_clp": 1.87623393,
    "crc_cop": 8.15170057,
    "crc_crc": 1,
    "crc_gtq": 0.015245778,
    "crc_mxn": 0.040114446,
    "crc_pen": 0.0073330725,
    "crc_usd": 0.0019768472,
    "gtq_clp": 122.90752462,
    "gtq_cop": 536.29465012,
    "gtq_crc": 65.68345153,
    "gtq_gtq": 1,
    "gtq_mxn": 2.63652705,
    "gtq_pen": 0.47975184,
    "gtq_usd": 0.12970403,
    "mxn_clp": 46.61720608,
    "mxn_cop": 203.40950077,
    "mxn_crc": 24.91286848,
    "mxn_gtq": 0.37928684,
    "mxn_mxn": 1,
    "mxn_pen": 0.18196356,
    "mxn_usd": 0.049195031,
    "pen_clp": 256.1897939,
    "pen_cop": 1117.85845752,
    "pen_crc": 136.9113076,
    "pen_gtq": 2.08441098,
    "pen_mxn": 5.49560592,
    "pen_pen": 1,
    "pen_usd": 0.2703565,
    "timestamp": "2025-02-18 06:34:44",
    "usd_clp": 949.10415247,
    "usd_cop": 4123.58646802,
    "usd_crc": 505.85597872,
    "usd_gtq": 7.71216778,
    "usd_mxn": 20.29213211,
    "usd_pen": 3.70947857,
    "usd_usd": 1
}