{
    "clp_clp": 1,
    "clp_cop": 4.25772274,
    "clp_crc": 0.5749604,
    "clp_gtq": 0.0088556719,
    "clp_mxn": 0.020043287,
    "clp_pen": 0.0038752872,
    "clp_usd": 0.0011561733,
    "cop_clp": 0.23486734,
    "cop_cop": 1,
    "cop_crc": 0.13503942,
    "cop_gtq": 0.0020799081,
    "cop_mxn": 0.0047075134,
    "cop_pen": 0.0009101784,
    "cop_usd": 0.00027154734,
    "crc_clp": 1.73925023,
    "crc_cop": 7.40524525,
    "crc_crc": 1,
    "crc_gtq": 0.015402229,
    "crc_mxn": 0.034860291,
    "crc_pen": 0.0067400942,
    "crc_usd": 0.0020108746,
    "gtq_clp": 112.92197895,
    "gtq_cop": 480.79047752,
    "gtq_crc": 64.92566572,
    "gtq_gtq": 1,
    "gtq_mxn": 2.26332762,
    "gtq_pen": 0.43760511,
    "gtq_usd": 0.13055737,
    "mxn_clp": 49.8920165,
    "mxn_cop": 212.42637315,
    "mxn_crc": 28.68593356,
    "mxn_gtq": 0.44182733,
    "mxn_mxn": 1,
    "mxn_pen": 0.1933459,
    "mxn_usd": 0.057683816,
    "pen_clp": 258.04538751,
    "pen_cop": 1098.68571408,
    "pen_crc": 148.36587815,
    "pen_gtq": 2.2851653,
    "pen_mxn": 5.17207773,
    "pen_pen": 1,
    "pen_usd": 0.29834518,
    "timestamp": "2026-01-27 19:55:28",
    "usd_clp": 864.92225711,
    "usd_cop": 3682.59916157,
    "usd_crc": 497.29604334,
    "usd_gtq": 7.65946776,
    "usd_mxn": 17.33588493,
    "usd_pen": 3.35182219,
    "usd_usd": 1
}