{
    "clp_clp": 1,
    "clp_cop": 3.90870365,
    "clp_crc": 0.51198019,
    "clp_gtq": 0.0079813098,
    "clp_mxn": 0.016977609,
    "clp_pen": 0.0037988476,
    "clp_usd": 0.001024541,
    "cop_clp": 0.2558393,
    "cop_cop": 1,
    "cop_crc": 0.13098465,
    "cop_gtq": 0.0020419327,
    "cop_mxn": 0.0043435395,
    "cop_pen": 0.0009718945,
    "cop_usd": 0.00026211786,
    "crc_clp": 1.95320059,
    "crc_cop": 7.63448225,
    "crc_crc": 1,
    "crc_gtq": 0.015589099,
    "crc_mxn": 0.033160675,
    "crc_pen": 0.0074199113,
    "crc_usd": 0.0020011342,
    "gtq_clp": 125.29271897,
    "gtq_cop": 489.73210747,
    "gtq_crc": 64.14738964,
    "gtq_gtq": 1,
    "gtq_mxn": 2.12717075,
    "gtq_pen": 0.47596794,
    "gtq_usd": 0.12836753,
    "mxn_clp": 58.90111042,
    "mxn_cop": 230.22698508,
    "mxn_crc": 30.15620151,
    "mxn_gtq": 0.47010801,
    "mxn_mxn": 1,
    "mxn_pen": 0.22375634,
    "mxn_usd": 0.060346605,
    "pen_clp": 263.23772721,
    "pen_cop": 1028.91826415,
    "pen_crc": 134.7725007,
    "pen_gtq": 2.10098184,
    "pen_mxn": 4.46914711,
    "pen_pen": 1,
    "pen_usd": 0.26969786,
    "timestamp": "2024-04-03 19:03:41",
    "usd_clp": 976.04678979,
    "usd_cop": 3815.07764606,
    "usd_crc": 499.71661756,
    "usd_gtq": 7.79013176,
    "usd_mxn": 16.57094039,
    "usd_pen": 3.70785297,
    "usd_usd": 1
}