{
    "clp_clp": 1,
    "clp_cop": 4.14070513,
    "clp_crc": 0.55455951,
    "clp_gtq": 0.0085494867,
    "clp_mxn": 0.020052869,
    "clp_pen": 0.0037511464,
    "clp_usd": 0.0011146089,
    "cop_clp": 0.24150476,
    "cop_cop": 1,
    "cop_crc": 0.13392876,
    "cop_gtq": 0.0020647417,
    "cop_mxn": 0.0048428634,
    "cop_pen": 0.00090591972,
    "cop_usd": 0.00026918335,
    "crc_clp": 1.803233,
    "crc_cop": 7.46665613,
    "crc_crc": 1,
    "crc_gtq": 0.015416717,
    "crc_mxn": 0.036159996,
    "crc_pen": 0.006764191,
    "crc_usd": 0.0020098995,
    "gtq_clp": 116.96608627,
    "gtq_cop": 484.32207345,
    "gtq_crc": 64.86465495,
    "gtq_gtq": 1,
    "gtq_mxn": 2.34550564,
    "gtq_pen": 0.43875692,
    "gtq_usd": 0.13037144,
    "mxn_clp": 49.86817519,
    "mxn_cop": 206.48940884,
    "mxn_crc": 27.65487057,
    "mxn_gtq": 0.4263473,
    "mxn_mxn": 1,
    "mxn_pen": 0.18706283,
    "mxn_usd": 0.05558351,
    "pen_clp": 266.58516798,
    "pen_cop": 1103.85057262,
    "pen_crc": 147.83733889,
    "pen_gtq": 2.27916635,
    "pen_mxn": 5.34579753,
    "pen_pen": 1,
    "pen_usd": 0.29713819,
    "timestamp": "2026-01-09 19:48:48",
    "usd_clp": 897.17571051,
    "usd_cop": 3714.94006702,
    "usd_crc": 497.53731825,
    "usd_gtq": 7.67039181,
    "usd_mxn": 17.99094727,
    "usd_pen": 3.36543746,
    "usd_usd": 1
}