{
    "clp_clp": 1,
    "clp_cop": 4.52628048,
    "clp_crc": 0.55768378,
    "clp_gtq": 0.0083231638,
    "clp_mxn": 0.020926338,
    "clp_pen": 0.0040241768,
    "clp_usd": 0.0010754858,
    "cop_clp": 0.22093196,
    "cop_cop": 1,
    "cop_crc": 0.12321017,
    "cop_gtq": 0.0018388529,
    "cop_mxn": 0.0046232968,
    "cop_pen": 0.00088906926,
    "cop_usd": 0.00023760918,
    "crc_clp": 1.79313086,
    "crc_cop": 8.11621322,
    "crc_crc": 1,
    "crc_gtq": 0.014924522,
    "crc_mxn": 0.037523663,
    "crc_pen": 0.0072158757,
    "crc_usd": 0.0019284867,
    "gtq_clp": 120.14661984,
    "gtq_cop": 543.81730071,
    "gtq_crc": 67.00382132,
    "gtq_gtq": 1,
    "gtq_mxn": 2.51422881,
    "gtq_pen": 0.48349125,
    "gtq_usd": 0.12921598,
    "mxn_clp": 47.78666903,
    "mxn_cop": 216.29586745,
    "mxn_crc": 26.6498503,
    "mxn_gtq": 0.39773627,
    "mxn_mxn": 1,
    "mxn_pen": 0.19230201,
    "mxn_usd": 0.051393883,
    "pen_clp": 248.49802542,
    "pen_cop": 1124.77176295,
    "pen_crc": 138.58331858,
    "pen_gtq": 2.06828978,
    "pen_mxn": 5.20015373,
    "pen_pen": 1,
    "pen_usd": 0.26725609,
    "timestamp": "2024-10-11 19:19:06",
    "usd_clp": 929.81238683,
    "usd_cop": 4208.591661,
    "usd_crc": 518.54128824,
    "usd_gtq": 7.73898082,
    "usd_mxn": 19.45756852,
    "usd_pen": 3.74172948,
    "usd_usd": 1
}