{
    "clp_clp": 1,
    "clp_cop": 4.30727988,
    "clp_crc": 0.50164134,
    "clp_gtq": 0.0076507707,
    "clp_mxn": 0.020559616,
    "clp_pen": 0.0037425927,
    "clp_usd": 0.00099132673,
    "cop_clp": 0.23294993,
    "cop_cop": 1,
    "cop_crc": 0.11656609,
    "cop_gtq": 0.0017751088,
    "cop_mxn": 0.0047688723,
    "cop_pen": 0.00086754428,
    "cop_usd": 0.00023018533,
    "crc_clp": 1.99345613,
    "crc_cop": 8.58637348,
    "crc_crc": 1,
    "crc_gtq": 0.015251476,
    "crc_mxn": 0.040984693,
    "crc_pen": 0.0074606945,
    "crc_usd": 0.0019761663,
    "gtq_clp": 130.70578701,
    "gtq_cop": 562.98640617,
    "gtq_crc": 65.56742578,
    "gtq_gtq": 1,
    "gtq_mxn": 2.68726082,
    "gtq_pen": 0.48917853,
    "gtq_usd": 0.12957214,
    "mxn_clp": 48.63904015,
    "mxn_cop": 209.50195886,
    "mxn_crc": 24.39935314,
    "mxn_gtq": 0.37212614,
    "mxn_mxn": 1,
    "mxn_pen": 0.18203612,
    "mxn_usd": 0.04821718,
    "pen_clp": 267.19444747,
    "pen_cop": 1150.88126676,
    "pen_crc": 134.03577993,
    "pen_gtq": 2.04424344,
    "pen_mxn": 5.4934153,
    "pen_pen": 1,
    "pen_usd": 0.264877,
    "timestamp": "2025-01-13 06:37:22",
    "usd_clp": 1008.74915779,
    "usd_cop": 4344.96494805,
    "usd_crc": 506.03027645,
    "usd_gtq": 7.71770846,
    "usd_mxn": 20.73949557,
    "usd_pen": 3.77533728,
    "usd_usd": 1
}