{
    "clp_clp": 1,
    "clp_cop": 4.1703036,
    "clp_crc": 0.52450013,
    "clp_gtq": 0.0079600053,
    "clp_mxn": 0.019504799,
    "clp_pen": 0.0036963109,
    "clp_usd": 0.0010381242,
    "cop_clp": 0.2397907,
    "cop_cop": 1,
    "cop_crc": 0.12577025,
    "cop_gtq": 0.0019087352,
    "cop_mxn": 0.0046770694,
    "cop_pen": 0.00088634096,
    "cop_usd": 0.00024893253,
    "crc_clp": 1.9065772,
    "crc_cop": 7.95100577,
    "crc_crc": 1,
    "crc_gtq": 0.015176365,
    "crc_mxn": 0.037187405,
    "crc_pen": 0.0070473021,
    "crc_usd": 0.001979264,
    "gtq_clp": 125.62805731,
    "gtq_cop": 523.90713971,
    "gtq_crc": 65.89193301,
    "gtq_gtq": 1,
    "gtq_mxn": 2.45035003,
    "gtq_pen": 0.46436036,
    "gtq_usd": 0.13041753,
    "mxn_clp": 51.26943324,
    "mxn_cop": 213.80910205,
    "mxn_crc": 26.89082465,
    "mxn_gtq": 0.40810496,
    "mxn_mxn": 1,
    "mxn_pen": 0.18950777,
    "mxn_usd": 0.053224041,
    "pen_clp": 270.54001243,
    "pen_cop": 1128.23398788,
    "pen_crc": 141.89827302,
    "pen_gtq": 2.15349993,
    "pen_mxn": 5.27682862,
    "pen_pen": 1,
    "pen_usd": 0.28085414,
    "timestamp": "2025-08-16 19:53:13",
    "usd_clp": 963.2758539,
    "usd_cop": 4017.15276172,
    "usd_crc": 505.23831534,
    "usd_gtq": 7.66768089,
    "usd_mxn": 18.78850209,
    "usd_pen": 3.56056705,
    "usd_usd": 1
}