{
    "clp_clp": 1,
    "clp_cop": 3.87366726,
    "clp_crc": 0.51407183,
    "clp_gtq": 0.0086065458,
    "clp_mxn": 0.0194239,
    "clp_pen": 0.0038490607,
    "clp_usd": 0.0011289898,
    "cop_clp": 0.2581533,
    "cop_cop": 1,
    "cop_crc": 0.13270934,
    "cop_gtq": 0.0022218082,
    "cop_mxn": 0.0050143441,
    "cop_pen": 0.00099364775,
    "cop_usd": 0.00029145245,
    "crc_clp": 1.94525344,
    "crc_cop": 7.53526455,
    "crc_crc": 1,
    "crc_gtq": 0.016741913,
    "crc_mxn": 0.037784409,
    "crc_pen": 0.0074873986,
    "crc_usd": 0.0021961713,
    "gtq_clp": 116.19063299,
    "gtq_cop": 450.08385105,
    "gtq_crc": 59.73033171,
    "gtq_gtq": 1,
    "gtq_mxn": 2.25687529,
    "gtq_pen": 0.4472248,
    "gtq_usd": 0.13117804,
    "mxn_clp": 51.48296567,
    "mxn_cop": 199.42787861,
    "mxn_crc": 26.46594254,
    "mxn_gtq": 0.4430905,
    "mxn_mxn": 1,
    "mxn_pen": 0.19816106,
    "mxn_usd": 0.058123744,
    "pen_clp": 259.80364202,
    "pen_cop": 1006.39286242,
    "pen_crc": 133.55773455,
    "pen_gtq": 2.23601193,
    "pen_mxn": 5.04640008,
    "pen_pen": 1,
    "pen_usd": 0.29331567,
    "timestamp": "2026-06-17 22:08:15",
    "usd_clp": 885.74758102,
    "usd_cop": 3431.09140624,
    "usd_crc": 455.33788283,
    "usd_gtq": 7.62322709,
    "usd_mxn": 17.20467284,
    "usd_pen": 3.40929624,
    "usd_usd": 1
}