{
    "clp_clp": 1,
    "clp_cop": 4.08320843,
    "clp_crc": 0.52875277,
    "clp_gtq": 0.008056286,
    "clp_mxn": 0.019350088,
    "clp_pen": 0.0035478672,
    "clp_usd": 0.0010517174,
    "cop_clp": 0.24490545,
    "cop_cop": 1,
    "cop_crc": 0.12949444,
    "cop_gtq": 0.0019730284,
    "cop_mxn": 0.004738942,
    "cop_pen": 0.00086889202,
    "cop_usd": 0.00025757133,
    "crc_clp": 1.89124305,
    "crc_cop": 7.72233957,
    "crc_crc": 1,
    "crc_gtq": 0.015236395,
    "crc_mxn": 0.036595719,
    "crc_pen": 0.0067098792,
    "crc_usd": 0.0019890533,
    "gtq_clp": 124.12667565,
    "gtq_cop": 506.83508803,
    "gtq_crc": 65.63232336,
    "gtq_gtq": 1,
    "gtq_mxn": 2.40186207,
    "gtq_pen": 0.44038496,
    "gtq_usd": 0.13054619,
    "mxn_clp": 51.67935208,
    "mxn_cop": 211.01756591,
    "mxn_crc": 27.32560047,
    "mxn_gtq": 0.41634364,
    "mxn_mxn": 1,
    "mxn_pen": 0.18335148,
    "mxn_usd": 0.054352075,
    "pen_clp": 281.85947682,
    "pen_cop": 1150.89099099,
    "pen_crc": 149.03397863,
    "pen_gtq": 2.27074056,
    "pen_mxn": 5.45400562,
    "pen_pen": 1,
    "pen_usd": 0.29643652,
    "timestamp": "2025-10-21 19:41:38",
    "usd_clp": 950.82574132,
    "usd_cop": 3882.41967952,
    "usd_crc": 502.75174283,
    "usd_gtq": 7.66012411,
    "usd_mxn": 18.39856157,
    "usd_pen": 3.37340348,
    "usd_usd": 1
}