{
    "clp_clp": 1,
    "clp_cop": 4.26040856,
    "clp_crc": 0.56747138,
    "clp_gtq": 0.00864066,
    "clp_mxn": 0.018582675,
    "clp_pen": 0.0041556912,
    "clp_usd": 0.0011128175,
    "cop_clp": 0.23471927,
    "cop_cop": 1,
    "cop_crc": 0.13319647,
    "cop_gtq": 0.0020281294,
    "cop_mxn": 0.004361712,
    "cop_pen": 0.00097542082,
    "cop_usd": 0.00026119971,
    "crc_clp": 1.76220339,
    "crc_cop": 7.50770642,
    "crc_crc": 1,
    "crc_gtq": 0.0152266,
    "crc_mxn": 0.032746453,
    "crc_pen": 0.0073231731,
    "crc_usd": 0.0019610108,
    "gtq_clp": 115.73189973,
    "gtq_cop": 493.06517621,
    "gtq_crc": 65.67454141,
    "gtq_gtq": 1,
    "gtq_mxn": 2.15060827,
    "gtq_pen": 0.48094604,
    "gtq_usd": 0.12878848,
    "mxn_clp": 53.81356576,
    "mxn_cop": 229.26777618,
    "mxn_crc": 30.53765869,
    "mxn_gtq": 0.46498473,
    "mxn_mxn": 1,
    "mxn_pen": 0.22363256,
    "mxn_usd": 0.059884677,
    "pen_clp": 240.63385687,
    "pen_cop": 1025.19854349,
    "pen_crc": 136.552828,
    "pen_gtq": 2.07923535,
    "pen_mxn": 4.47162074,
    "pen_pen": 1,
    "pen_usd": 0.26778156,
    "timestamp": "2024-05-17 19:05:24",
    "usd_clp": 898.61995425,
    "usd_cop": 3828.48814469,
    "usd_crc": 509.94110989,
    "usd_gtq": 7.76466952,
    "usd_mxn": 16.69876251,
    "usd_pen": 3.73438703,
    "usd_usd": 1
}