{
    "clp_clp": 1,
    "clp_cop": 4.34996702,
    "clp_crc": 0.55600037,
    "clp_gtq": 0.0082421043,
    "clp_mxn": 0.019276476,
    "clp_pen": 0.0040547613,
    "clp_usd": 0.0010625467,
    "cop_clp": 0.2298868,
    "cop_cop": 1,
    "cop_crc": 0.12781715,
    "cop_gtq": 0.001894751,
    "cop_mxn": 0.0044314075,
    "cop_pen": 0.00093213611,
    "cop_usd": 0.00024426545,
    "crc_clp": 1.79855995,
    "crc_cop": 7.82367648,
    "crc_crc": 1,
    "crc_gtq": 0.014823919,
    "crc_mxn": 0.034669899,
    "crc_pen": 0.0072927314,
    "crc_usd": 0.0019110539,
    "gtq_clp": 121.32823882,
    "gtq_cop": 527.77383805,
    "gtq_crc": 67.4585458,
    "gtq_gtq": 1,
    "gtq_mxn": 2.33878094,
    "gtq_pen": 0.49195705,
    "gtq_usd": 0.12891692,
    "mxn_clp": 51.87670078,
    "mxn_cop": 225.66193773,
    "mxn_crc": 28.84346488,
    "mxn_gtq": 0.42757318,
    "mxn_mxn": 1,
    "mxn_pen": 0.21034764,
    "mxn_usd": 0.055121416,
    "pen_clp": 246.62363961,
    "pen_cop": 1072.80469985,
    "pen_crc": 137.12283513,
    "pen_gtq": 2.03269776,
    "pen_mxn": 4.75403478,
    "pen_pen": 1,
    "pen_usd": 0.26204913,
    "timestamp": "2024-06-26 19:09:47",
    "usd_clp": 941.1351312,
    "usd_cop": 4093.90678663,
    "usd_crc": 523.27148214,
    "usd_gtq": 7.75693392,
    "usd_mxn": 18.14176918,
    "usd_pen": 3.81607835,
    "usd_usd": 1
}