{
    "clp_clp": 1,
    "clp_cop": 4.07505177,
    "clp_crc": 0.52788053,
    "clp_gtq": 0.00801668,
    "clp_mxn": 0.019241269,
    "clp_pen": 0.0036470018,
    "clp_usd": 0.0010468527,
    "cop_clp": 0.24539566,
    "cop_cop": 1,
    "cop_crc": 0.12953959,
    "cop_gtq": 0.0019672584,
    "cop_mxn": 0.0047217238,
    "cop_pen": 0.00089495841,
    "cop_usd": 0.0002568931,
    "crc_clp": 1.89436804,
    "crc_cop": 7.71964783,
    "crc_crc": 1,
    "crc_gtq": 0.015186542,
    "crc_mxn": 0.036450045,
    "crc_pen": 0.0069087637,
    "crc_usd": 0.0019831242,
    "gtq_clp": 124.7399169,
    "gtq_cop": 508.32161922,
    "gtq_crc": 65.84777315,
    "gtq_gtq": 1,
    "gtq_mxn": 2.40015429,
    "gtq_pen": 0.45492671,
    "gtq_usd": 0.13058431,
    "mxn_clp": 51.98185501,
    "mxn_cop": 211.49932327,
    "mxn_crc": 27.49073653,
    "mxn_gtq": 0.41785035,
    "mxn_mxn": 1,
    "mxn_pen": 0.18983492,
    "mxn_usd": 0.054568849,
    "pen_clp": 273.82662602,
    "pen_cop": 1114.12234295,
    "pen_crc": 144.81390921,
    "pen_gtq": 2.20112484,
    "pen_mxn": 5.26773479,
    "pen_pen": 1,
    "pen_usd": 0.28745422,
    "timestamp": "2025-09-19 06:40:14",
    "usd_clp": 955.24426115,
    "usd_cop": 3892.66981758,
    "usd_crc": 504.25484459,
    "usd_gtq": 7.65788759,
    "usd_mxn": 18.38011174,
    "usd_pen": 3.48377759,
    "usd_usd": 1
}