{
    "clp_clp": 1,
    "clp_cop": 4.38329549,
    "clp_crc": 0.51857288,
    "clp_gtq": 0.0079847365,
    "clp_mxn": 0.021377817,
    "clp_pen": 0.0037960173,
    "clp_usd": 0.0010351969,
    "cop_clp": 0.22813885,
    "cop_cop": 1,
    "cop_crc": 0.11830662,
    "cop_gtq": 0.0018216286,
    "cop_mxn": 0.0048771106,
    "cop_pen": 0.00086601903,
    "cop_usd": 0.00023616862,
    "crc_clp": 1.92836927,
    "crc_cop": 8.4526123,
    "crc_crc": 1,
    "crc_gtq": 0.01539752,
    "crc_mxn": 0.041224325,
    "crc_pen": 0.0073201231,
    "crc_usd": 0.0019962418,
    "gtq_clp": 125.23894792,
    "gtq_cop": 548.95931568,
    "gtq_crc": 64.94552168,
    "gtq_gtq": 1,
    "gtq_mxn": 2.67733531,
    "gtq_pen": 0.47540921,
    "gtq_usd": 0.12964696,
    "mxn_clp": 47.93157431,
    "mxn_cop": 209.17720907,
    "mxn_crc": 24.8509077,
    "mxn_gtq": 0.37757242,
    "mxn_mxn": 1,
    "mxn_pen": 0.18000517,
    "mxn_usd": 0.048934447,
    "pen_clp": 263.43399369,
    "pen_cop": 1154.70903669,
    "pen_crc": 136.60972431,
    "pen_gtq": 2.10345103,
    "pen_mxn": 5.6316437,
    "pen_pen": 1,
    "pen_usd": 0.27270604,
    "timestamp": "2025-04-07 06:39:47",
    "usd_clp": 965.9998447,
    "usd_cop": 4234.26276346,
    "usd_crc": 500.94131977,
    "usd_gtq": 7.71325423,
    "usd_mxn": 20.65096789,
    "usd_pen": 3.66695213,
    "usd_usd": 1
}