{
    "clp_clp": 1,
    "clp_cop": 4.28407222,
    "clp_crc": 0.56037023,
    "clp_gtq": 0.0082520383,
    "clp_mxn": 0.019831576,
    "clp_pen": 0.0039874347,
    "clp_usd": 0.0010638128,
    "cop_clp": 0.23342277,
    "cop_cop": 1,
    "cop_crc": 0.13080317,
    "cop_gtq": 0.0019262136,
    "cop_mxn": 0.0046291413,
    "cop_pen": 0.00093075805,
    "cop_usd": 0.00024831813,
    "crc_clp": 1.78453447,
    "crc_cop": 7.64507456,
    "crc_crc": 1,
    "crc_gtq": 0.014726047,
    "crc_mxn": 0.03539013,
    "crc_pen": 0.0071157147,
    "crc_usd": 0.0018984106,
    "gtq_clp": 121.18218117,
    "gtq_cop": 519.15321632,
    "gtq_crc": 67.90688724,
    "gtq_gtq": 1,
    "gtq_mxn": 2.40323358,
    "gtq_pen": 0.48320604,
    "gtq_usd": 0.12891516,
    "mxn_clp": 50.42463711,
    "mxn_cop": 216.02278722,
    "mxn_crc": 28.25646571,
    "mxn_gtq": 0.41610604,
    "mxn_mxn": 1,
    "mxn_pen": 0.20106495,
    "mxn_usd": 0.053642375,
    "pen_clp": 250.78780418,
    "pen_cop": 1074.39306585,
    "pen_crc": 140.53402056,
    "pen_gtq": 2.06951056,
    "pen_mxn": 4.97351728,
    "pen_pen": 1,
    "pen_usd": 0.26679128,
    "timestamp": "2024-08-17 19:17:40",
    "usd_clp": 935.12807979,
    "usd_cop": 4015.7926254,
    "usd_crc": 519.95393872,
    "usd_gtq": 7.76335849,
    "usd_mxn": 18.64958154,
    "usd_pen": 3.74421313,
    "usd_usd": 1
}