{
    "clp_clp": 1,
    "clp_cop": 4.41417858,
    "clp_crc": 0.54045397,
    "clp_gtq": 0.0081551119,
    "clp_mxn": 0.020461486,
    "clp_pen": 0.0038883965,
    "clp_usd": 0.0010633906,
    "cop_clp": 0.22654272,
    "cop_cop": 1,
    "cop_crc": 0.12243591,
    "cop_gtq": 0.0018474812,
    "cop_mxn": 0.0046354007,
    "cop_pen": 0.0008808879,
    "cop_usd": 0.0002409034,
    "crc_clp": 1.85029634,
    "crc_cop": 8.16753845,
    "crc_crc": 1,
    "crc_gtq": 0.015089374,
    "crc_mxn": 0.037859813,
    "crc_pen": 0.0071946858,
    "crc_usd": 0.0019675878,
    "gtq_clp": 122.62247398,
    "gtq_cop": 541.27749803,
    "gtq_crc": 66.27180284,
    "gtq_gtq": 1,
    "gtq_mxn": 2.50903808,
    "gtq_pen": 0.4768048,
    "gtq_usd": 0.13039559,
    "mxn_clp": 48.87230489,
    "mxn_cop": 215.73108138,
    "mxn_crc": 26.41323119,
    "mxn_gtq": 0.39855912,
    "mxn_mxn": 1,
    "mxn_pen": 0.1900349,
    "mxn_usd": 0.051970351,
    "pen_clp": 257.17541784,
    "pen_cop": 1135.21822065,
    "pen_crc": 138.99147549,
    "pen_gtq": 2.09729432,
    "pen_mxn": 5.2621913,
    "pen_pen": 1,
    "pen_usd": 0.27347793,
    "timestamp": "2025-05-27 19:43:24",
    "usd_clp": 940.38819319,
    "usd_cop": 4151.04141894,
    "usd_crc": 508.23653208,
    "usd_gtq": 7.66897097,
    "usd_mxn": 19.24174019,
    "usd_pen": 3.65660218,
    "usd_usd": 1
}