{
    "clp_clp": 1,
    "clp_cop": 4.40569106,
    "clp_crc": 0.53776464,
    "clp_gtq": 0.0081981958,
    "clp_mxn": 0.020214477,
    "clp_pen": 0.0038572811,
    "clp_usd": 0.0010664475,
    "cop_clp": 0.22641566,
    "cop_cop": 1,
    "cop_crc": 0.1216282,
    "cop_gtq": 0.0018557409,
    "cop_mxn": 0.0045794638,
    "cop_pen": 0.00087457443,
    "cop_usd": 0.00024150609,
    "crc_clp": 1.86153915,
    "crc_cop": 8.22177753,
    "crc_crc": 1,
    "crc_gtq": 0.015257489,
    "crc_mxn": 0.037651332,
    "crc_pen": 0.0071905564,
    "crc_usd": 0.0019856094,
    "gtq_clp": 122.00822395,
    "gtq_cop": 538.86831983,
    "gtq_crc": 65.54158368,
    "gtq_gtq": 1,
    "gtq_mxn": 2.46772795,
    "gtq_pen": 0.47128045,
    "gtq_usd": 0.13013998,
    "mxn_clp": 49.44152128,
    "mxn_cop": 218.36617765,
    "mxn_crc": 26.55948509,
    "mxn_gtq": 0.40523105,
    "mxn_mxn": 1,
    "mxn_pen": 0.19097747,
    "mxn_usd": 0.052736763,
    "pen_clp": 258.88666396,
    "pen_cop": 1143.41326445,
    "pen_crc": 139.071297,
    "pen_gtq": 2.1218788,
    "pen_mxn": 5.23621962,
    "pen_pen": 1,
    "pen_usd": 0.27614127,
    "timestamp": "2025-06-15 06:38:28",
    "usd_clp": 937.51528818,
    "usd_cop": 4140.68225744,
    "usd_crc": 503.62372899,
    "usd_gtq": 7.68403357,
    "usd_mxn": 18.9621044,
    "usd_pen": 3.62133481,
    "usd_usd": 1
}