{
    "clp_clp": 1,
    "clp_cop": 4.34253971,
    "clp_crc": 0.53931258,
    "clp_gtq": 0.0081822993,
    "clp_mxn": 0.021672402,
    "clp_pen": 0.0039113865,
    "clp_usd": 0.0010610028,
    "cop_clp": 0.23027999,
    "cop_cop": 1,
    "cop_crc": 0.12419289,
    "cop_gtq": 0.0018842198,
    "cop_mxn": 0.0049907205,
    "cop_pen": 0.00090071405,
    "cop_usd": 0.00024432771,
    "crc_clp": 1.85421227,
    "crc_cop": 8.05199042,
    "crc_crc": 1,
    "crc_gtq": 0.01517172,
    "crc_mxn": 0.040185233,
    "crc_pen": 0.0072525409,
    "crc_usd": 0.0019673244,
    "gtq_clp": 122.21503484,
    "gtq_cop": 530.72364227,
    "gtq_crc": 65.91210553,
    "gtq_gtq": 1,
    "gtq_mxn": 2.64869335,
    "gtq_pen": 0.47803024,
    "gtq_usd": 0.12967049,
    "mxn_clp": 46.14163239,
    "mxn_cop": 200.37187105,
    "mxn_crc": 24.88476273,
    "mxn_gtq": 0.37754465,
    "mxn_mxn": 1,
    "mxn_pen": 0.18047776,
    "mxn_usd": 0.0489564,
    "pen_clp": 255.66381331,
    "pen_cop": 1110.23026239,
    "pen_crc": 137.88271031,
    "pen_gtq": 2.09191785,
    "pen_mxn": 5.54084891,
    "pen_pen": 1,
    "pen_usd": 0.27126002,
    "timestamp": "2025-02-23 19:24:18",
    "usd_clp": 942.50460278,
    "usd_cop": 4092.86366691,
    "usd_crc": 508.3045873,
    "usd_gtq": 7.7118548,
    "usd_mxn": 20.42633851,
    "usd_pen": 3.68649982,
    "usd_usd": 1
}