{
    "clp_clp": 1,
    "clp_cop": 4.45319242,
    "clp_crc": 0.55848192,
    "clp_gtq": 0.0083047095,
    "clp_mxn": 0.019752679,
    "clp_pen": 0.0040927405,
    "clp_usd": 0.0010709372,
    "cop_clp": 0.224558,
    "cop_cop": 1,
    "cop_crc": 0.12541159,
    "cop_gtq": 0.001864889,
    "cop_mxn": 0.0044356221,
    "cop_pen": 0.00091905764,
    "cop_usd": 0.00024048751,
    "crc_clp": 1.79056825,
    "crc_cop": 7.97374498,
    "crc_crc": 1,
    "crc_gtq": 0.014870149,
    "crc_mxn": 0.03536852,
    "crc_pen": 0.0073283313,
    "crc_usd": 0.0019175861,
    "gtq_clp": 120.41360372,
    "gtq_cop": 536.22494761,
    "gtq_crc": 67.24882085,
    "gtq_gtq": 1,
    "gtq_mxn": 2.37849125,
    "gtq_pen": 0.49282164,
    "gtq_usd": 0.1289554,
    "mxn_clp": 50.62604446,
    "mxn_cop": 225.44751753,
    "mxn_crc": 28.27373061,
    "mxn_gtq": 0.42043459,
    "mxn_mxn": 1,
    "mxn_pen": 0.20719926,
    "mxn_usd": 0.054217313,
    "pen_clp": 244.33505903,
    "pen_cop": 1088.07103329,
    "pen_crc": 136.45671339,
    "pen_gtq": 2.02913169,
    "pen_mxn": 4.82627196,
    "pen_pen": 1,
    "pen_usd": 0.2616675,
    "timestamp": "2024-06-20 19:08:34",
    "usd_clp": 933.76158859,
    "usd_cop": 4158.22003031,
    "usd_crc": 521.48896675,
    "usd_gtq": 7.75461875,
    "usd_mxn": 18.44429283,
    "usd_pen": 3.8216439,
    "usd_usd": 1
}