{
    "clp_clp": 1,
    "clp_cop": 4.35525529,
    "clp_crc": 0.5548762,
    "clp_gtq": 0.0081826129,
    "clp_mxn": 0.019289305,
    "clp_pen": 0.0040354922,
    "clp_usd": 0.0010557165,
    "cop_clp": 0.22960767,
    "cop_cop": 1,
    "cop_crc": 0.12740383,
    "cop_gtq": 0.0018787907,
    "cop_mxn": 0.0044289723,
    "cop_pen": 0.00092657995,
    "cop_usd": 0.0002424006,
    "crc_clp": 1.80220381,
    "crc_cop": 7.84905766,
    "crc_crc": 1,
    "crc_gtq": 0.014746736,
    "crc_mxn": 0.034763259,
    "crc_pen": 0.0072727795,
    "crc_usd": 0.0019026163,
    "gtq_clp": 122.21035116,
    "gtq_cop": 532.25727782,
    "gtq_crc": 67.81161517,
    "gtq_gtq": 1,
    "gtq_mxn": 2.35735272,
    "gtq_pen": 0.49317892,
    "gtq_usd": 0.12901949,
    "mxn_clp": 51.84219994,
    "mxn_cop": 225.78601529,
    "mxn_crc": 28.76600287,
    "mxn_gtq": 0.42420466,
    "mxn_mxn": 1,
    "mxn_pen": 0.2092088,
    "mxn_usd": 0.054730666,
    "pen_clp": 247.80124514,
    "pen_cop": 1079.23768264,
    "pen_crc": 137.49901309,
    "pen_gtq": 2.02766167,
    "pen_mxn": 4.77991377,
    "pen_pen": 1,
    "pen_usd": 0.26160787,
    "timestamp": "2024-07-03 19:10:19",
    "usd_clp": 947.22398518,
    "usd_cop": 4125.40226802,
    "usd_crc": 525.59204482,
    "usd_gtq": 7.75076723,
    "usd_mxn": 18.27129224,
    "usd_pen": 3.82251503,
    "usd_usd": 1
}