{
    "clp_clp": 1,
    "clp_cop": 4.43273349,
    "clp_crc": 0.5368772,
    "clp_gtq": 0.0081302531,
    "clp_mxn": 0.020614018,
    "clp_pen": 0.0038864229,
    "clp_usd": 0.0010589009,
    "cop_clp": 0.22559443,
    "cop_cop": 1,
    "cop_crc": 0.12111651,
    "cop_gtq": 0.0018341399,
    "cop_mxn": 0.0046504077,
    "cop_pen": 0.00087675537,
    "cop_usd": 0.00023888215,
    "crc_clp": 1.85319471,
    "crc_cop": 8.28926955,
    "crc_crc": 1,
    "crc_gtq": 0.015152899,
    "crc_mxn": 0.038480067,
    "crc_pen": 0.0072720053,
    "crc_usd": 0.0019729582,
    "gtq_clp": 122.29967873,
    "gtq_cop": 547.04181823,
    "gtq_crc": 65.99397149,
    "gtq_gtq": 1,
    "gtq_mxn": 2.53945244,
    "gtq_pen": 0.47990851,
    "gtq_usd": 0.13020335,
    "mxn_clp": 48.51067876,
    "mxn_cop": 215.03491043,
    "mxn_crc": 26.04427742,
    "mxn_gtq": 0.3944041,
    "mxn_mxn": 1,
    "mxn_pen": 0.18853301,
    "mxn_usd": 0.051368003,
    "pen_clp": 257.30601917,
    "pen_cop": 1140.56900883,
    "pen_crc": 138.1417353,
    "pen_gtq": 2.09196307,
    "pen_mxn": 5.30411088,
    "pen_pen": 1,
    "pen_usd": 0.27246158,
    "timestamp": "2025-05-17 06:36:48",
    "usd_clp": 939.29749253,
    "usd_cop": 4201.44201129,
    "usd_crc": 506.85310528,
    "usd_gtq": 7.68029403,
    "usd_mxn": 19.5037414,
    "usd_pen": 3.68583849,
    "usd_usd": 1
}