{
    "clp_clp": 1,
    "clp_cop": 4.01001727,
    "clp_crc": 0.52206973,
    "clp_gtq": 0.0079349252,
    "clp_mxn": 0.019060169,
    "clp_pen": 0.0035883763,
    "clp_usd": 0.001035819,
    "cop_clp": 0.24937548,
    "cop_cop": 1,
    "cop_crc": 0.13019139,
    "cop_gtq": 0.0019787758,
    "cop_mxn": 0.0047531388,
    "cop_pen": 0.00089485308,
    "cop_usd": 0.00025830787,
    "crc_clp": 1.92057887,
    "crc_cop": 7.70472592,
    "crc_crc": 1,
    "crc_gtq": 0.015249823,
    "crc_mxn": 0.03660013,
    "crc_pen": 0.00688819,
    "crc_usd": 0.0019893705,
    "gtq_clp": 126.0251323,
    "gtq_cop": 505.36295728,
    "gtq_crc": 65.79390695,
    "gtq_gtq": 1,
    "gtq_mxn": 2.40206027,
    "gtq_pen": 0.4522256,
    "gtq_usd": 0.13053923,
    "mxn_clp": 52.46543311,
    "mxn_cop": 210.38729297,
    "mxn_crc": 27.39061456,
    "mxn_gtq": 0.41630929,
    "mxn_mxn": 1,
    "mxn_pen": 0.18826572,
    "mxn_usd": 0.054344693,
    "pen_clp": 278.6775732,
    "pen_cop": 1117.50188195,
    "pen_crc": 145.48912574,
    "pen_gtq": 2.2112857,
    "pen_mxn": 5.31164153,
    "pen_pen": 1,
    "pen_usd": 0.28865953,
    "timestamp": "2025-10-05 19:27:57",
    "usd_clp": 965.41962184,
    "usd_cop": 3871.34935867,
    "usd_crc": 504.0163625,
    "usd_gtq": 7.6605325,
    "usd_mxn": 18.40106075,
    "usd_pen": 3.46428889,
    "usd_usd": 1
}