{
    "clp_clp": 1,
    "clp_cop": 4.48711119,
    "clp_crc": 0.52180296,
    "clp_gtq": 0.007908103,
    "clp_mxn": 0.021101162,
    "clp_pen": 0.0038703686,
    "clp_usd": 0.0010242756,
    "cop_clp": 0.22286053,
    "cop_cop": 1,
    "cop_crc": 0.11628929,
    "cop_gtq": 0.0017624041,
    "cop_mxn": 0.0047026162,
    "cop_pen": 0.00086255241,
    "cop_usd": 0.0002282706,
    "crc_clp": 1.9164322,
    "crc_cop": 8.59924437,
    "crc_crc": 1,
    "crc_gtq": 0.015155343,
    "crc_mxn": 0.040438946,
    "crc_pen": 0.0074172989,
    "crc_usd": 0.0019629547,
    "gtq_clp": 126.45257588,
    "gtq_cop": 567.40676847,
    "gtq_crc": 65.98332878,
    "gtq_gtq": 1,
    "gtq_mxn": 2.66829628,
    "gtq_pen": 0.48941807,
    "gtq_usd": 0.12952229,
    "mxn_clp": 47.39075519,
    "mxn_cop": 212.64758801,
    "mxn_crc": 24.72863648,
    "mxn_gtq": 0.37477098,
    "mxn_mxn": 1,
    "mxn_pen": 0.18341969,
    "mxn_usd": 0.048541193,
    "pen_clp": 258.37332655,
    "pen_cop": 1159.34984522,
    "pen_crc": 134.81996736,
    "pen_gtq": 2.04324289,
    "pen_mxn": 5.45197741,
    "pen_pen": 1,
    "pen_usd": 0.26464549,
    "timestamp": "2024-11-26 19:27:41",
    "usd_clp": 976.29975964,
    "usd_cop": 4380.76557799,
    "usd_crc": 509.43610737,
    "usd_gtq": 7.7206791,
    "usd_mxn": 20.60105933,
    "usd_pen": 3.7786399,
    "usd_usd": 1
}