{
    "clp_clp": 1,
    "clp_cop": 4.40005201,
    "clp_crc": 0.53785971,
    "clp_gtq": 0.0082244876,
    "clp_mxn": 0.021613989,
    "clp_pen": 0.0039066477,
    "clp_usd": 0.0010665408,
    "cop_clp": 0.22537975,
    "cop_cop": 1,
    "cop_crc": 0.12075081,
    "cop_gtq": 0.0018446623,
    "cop_mxn": 0.0048725644,
    "cop_pen": 0.00087642798,
    "cop_usd": 0.00023918093,
    "crc_clp": 1.85922089,
    "crc_cop": 8.18066861,
    "crc_crc": 1,
    "crc_gtq": 0.015291139,
    "crc_mxn": 0.040185179,
    "crc_pen": 0.0072633211,
    "crc_usd": 0.001982935,
    "gtq_clp": 121.58812247,
    "gtq_cop": 534.99406227,
    "gtq_crc": 65.3973517,
    "gtq_gtq": 1,
    "gtq_mxn": 2.6280043,
    "gtq_pen": 0.47500196,
    "gtq_usd": 0.1296787,
    "mxn_clp": 46.26633324,
    "mxn_cop": 203.57427242,
    "mxn_crc": 24.88479635,
    "mxn_gtq": 0.38051688,
    "mxn_mxn": 1,
    "mxn_pen": 0.18074627,
    "mxn_usd": 0.049344934,
    "pen_clp": 255.97393761,
    "pen_cop": 1126.29863781,
    "pen_crc": 137.6780666,
    "pen_gtq": 2.10525446,
    "pen_mxn": 5.53261777,
    "pen_pen": 1,
    "pen_usd": 0.27300666,
    "timestamp": "2025-03-12 06:37:23",
    "usd_clp": 937.61060334,
    "usd_cop": 4125.53541658,
    "usd_crc": 504.30296261,
    "usd_gtq": 7.71136674,
    "usd_mxn": 20.26550491,
    "usd_pen": 3.66291433,
    "usd_usd": 1
}