{
    "clp_clp": 1,
    "clp_cop": 4.48041941,
    "clp_crc": 0.51574333,
    "clp_gtq": 0.0078544998,
    "clp_mxn": 0.02052932,
    "clp_pen": 0.0038229145,
    "clp_usd": 0.0010204515,
    "cop_clp": 0.22351223,
    "cop_cop": 1,
    "cop_crc": 0.11495168,
    "cop_gtq": 0.0017482846,
    "cop_mxn": 0.0045685551,
    "cop_pen": 0.00085186413,
    "cop_usd": 0.00022713995,
    "crc_clp": 1.9444015,
    "crc_cop": 8.69930712,
    "crc_crc": 1,
    "crc_gtq": 0.015208865,
    "crc_mxn": 0.039743264,
    "crc_pen": 0.0074106277,
    "crc_usd": 0.0019759602,
    "gtq_clp": 127.8465917,
    "gtq_cop": 571.98925583,
    "gtq_crc": 65.751128,
    "gtq_gtq": 1,
    "gtq_mxn": 2.61316441,
    "gtq_pen": 0.48725713,
    "gtq_usd": 0.12992161,
    "mxn_clp": 48.71081959,
    "mxn_cop": 218.24490166,
    "mxn_crc": 25.12228014,
    "mxn_gtq": 0.38259912,
    "mxn_mxn": 1,
    "mxn_pen": 0.1862173,
    "mxn_usd": 0.049707027,
    "pen_clp": 262.380136,
    "pen_cop": 1173.89612614,
    "pen_crc": 134.94133616,
    "pen_gtq": 2.0523045,
    "pen_mxn": 5.36300908,
    "pen_pen": 1,
    "pen_usd": 0.26663871,
    "timestamp": "2024-12-17 06:38:49",
    "usd_clp": 979.95842521,
    "usd_cop": 4390.62475119,
    "usd_crc": 505.40701814,
    "usd_gtq": 7.69708325,
    "usd_mxn": 20.11788004,
    "usd_pen": 3.74629726,
    "usd_usd": 1
}