{
    "clp_clp": 1,
    "clp_cop": 4.1665174,
    "clp_crc": 0.5477511,
    "clp_gtq": 0.0083835861,
    "clp_mxn": 0.019719654,
    "clp_pen": 0.0036824147,
    "clp_usd": 0.0010951379,
    "cop_clp": 0.2400086,
    "cop_cop": 1,
    "cop_crc": 0.13146497,
    "cop_gtq": 0.0020121327,
    "cop_mxn": 0.0047328865,
    "cop_pen": 0.00088381119,
    "cop_usd": 0.00026284252,
    "crc_clp": 1.82564673,
    "crc_cop": 7.60658888,
    "crc_crc": 1,
    "crc_gtq": 0.015305467,
    "crc_mxn": 0.036001122,
    "crc_pen": 0.0067227883,
    "crc_usd": 0.001999335,
    "gtq_clp": 119.28069816,
    "gtq_cop": 496.98510468,
    "gtq_crc": 65.33613322,
    "gtq_gtq": 1,
    "gtq_mxn": 2.35217412,
    "gtq_pen": 0.439241,
    "gtq_usd": 0.13062882,
    "mxn_clp": 50.71082846,
    "mxn_cop": 211.28754928,
    "mxn_crc": 27.7769119,
    "mxn_gtq": 0.4251386,
    "mxn_mxn": 1,
    "mxn_pen": 0.1867383,
    "mxn_usd": 0.055535351,
    "pen_clp": 271.56094142,
    "pen_cop": 1131.46338832,
    "pen_crc": 148.74780347,
    "pen_gtq": 2.27665453,
    "pen_mxn": 5.35508785,
    "pen_pen": 1,
    "pen_usd": 0.29739668,
    "timestamp": "2025-12-15 19:49:14",
    "usd_clp": 913.12699986,
    "usd_cop": 3804.55953578,
    "usd_crc": 500.16631556,
    "usd_gtq": 7.6552788,
    "usd_mxn": 18.00654865,
    "usd_pen": 3.36251228,
    "usd_usd": 1
}