{
    "clp_clp": 1,
    "clp_cop": 4.28544315,
    "clp_crc": 0.54242226,
    "clp_gtq": 0.0082509087,
    "clp_mxn": 0.020022749,
    "clp_pen": 0.0038146411,
    "clp_usd": 0.0010747813,
    "cop_clp": 0.2333481,
    "cop_cop": 1,
    "cop_crc": 0.1265732,
    "cop_gtq": 0.0019253338,
    "cop_mxn": 0.0046722703,
    "cop_pen": 0.00089013924,
    "cop_usd": 0.00025079818,
    "crc_clp": 1.84358216,
    "crc_cop": 7.90056654,
    "crc_crc": 1,
    "crc_gtq": 0.015211228,
    "crc_mxn": 0.036913583,
    "crc_pen": 0.0070326043,
    "crc_usd": 0.0019814477,
    "gtq_clp": 121.1987713,
    "gtq_cop": 519.39044401,
    "gtq_crc": 65.74091126,
    "gtq_gtq": 1,
    "gtq_mxn": 2.42673255,
    "gtq_pen": 0.46232981,
    "gtq_usd": 0.13026218,
    "mxn_clp": 49.94319259,
    "mxn_cop": 214.02871249,
    "mxn_crc": 27.09029932,
    "mxn_gtq": 0.41207672,
    "mxn_mxn": 1,
    "mxn_pen": 0.19051535,
    "mxn_usd": 0.053678011,
    "pen_clp": 262.14786031,
    "pen_cop": 1123.41975171,
    "pen_crc": 142.19483445,
    "pen_gtq": 2.16295807,
    "pen_mxn": 5.24892076,
    "pen_pen": 1,
    "pen_usd": 0.28175163,
    "timestamp": "2025-07-07 06:43:00",
    "usd_clp": 930.42181524,
    "usd_cop": 3987.26979283,
    "usd_crc": 504.68150238,
    "usd_gtq": 7.67682548,
    "usd_mxn": 18.62960229,
    "usd_pen": 3.54922529,
    "usd_usd": 1
}