{
    "clp_clp": 1,
    "clp_cop": 4.38980163,
    "clp_crc": 0.53737529,
    "clp_gtq": 0.0081220977,
    "clp_mxn": 0.02055497,
    "clp_pen": 0.0038292136,
    "clp_usd": 0.001057971,
    "cop_clp": 0.22780073,
    "cop_cop": 1,
    "cop_crc": 0.12241448,
    "cop_gtq": 0.0018502198,
    "cop_mxn": 0.0046824371,
    "cop_pen": 0.00087229764,
    "cop_usd": 0.00024100657,
    "crc_clp": 1.86089688,
    "crc_cop": 8.16896814,
    "crc_crc": 1,
    "crc_gtq": 0.015114386,
    "crc_mxn": 0.038250679,
    "crc_pen": 0.0071257716,
    "crc_usd": 0.001968775,
    "gtq_clp": 123.12173287,
    "gtq_cop": 540.82277356,
    "gtq_crc": 66.1098688,
    "gtq_gtq": 1,
    "gtq_mxn": 2.53200421,
    "gtq_pen": 0.47475772,
    "gtq_usd": 0.13023161,
    "mxn_clp": 48.65003457,
    "mxn_cop": 213.56400111,
    "mxn_crc": 26.14332648,
    "mxn_gtq": 0.39514033,
    "mxn_mxn": 1,
    "mxn_pen": 0.18629137,
    "mxn_usd": 0.051470328,
    "pen_clp": 261.15022727,
    "pen_cop": 1146.39769359,
    "pen_crc": 140.33567936,
    "pen_gtq": 2.12108766,
    "pen_mxn": 5.36793508,
    "pen_pen": 1,
    "pen_usd": 0.27628938,
    "timestamp": "2025-06-01 19:48:22",
    "usd_clp": 945.2054564,
    "usd_cop": 4149.26445414,
    "usd_crc": 507.93005713,
    "usd_gtq": 7.67705105,
    "usd_mxn": 19.42866978,
    "usd_pen": 3.61939358,
    "usd_usd": 1
}