{
    "clp_clp": 1,
    "clp_cop": 4.51077918,
    "clp_crc": 0.54079685,
    "clp_gtq": 0.0082264424,
    "clp_mxn": 0.020886337,
    "clp_pen": 0.0039221372,
    "clp_usd": 0.0010686663,
    "cop_clp": 0.22079216,
    "cop_cop": 1,
    "cop_crc": 0.11961904,
    "cop_gtq": 0.0018167984,
    "cop_mxn": 0.0046052358,
    "cop_pen": 0.00086635451,
    "cop_usd": 0.00023602004,
    "crc_clp": 1.84912321,
    "crc_cop": 8.34098645,
    "crc_crc": 1,
    "crc_gtq": 0.015211705,
    "crc_mxn": 0.038621411,
    "crc_pen": 0.007252515,
    "crc_usd": 0.0019760956,
    "gtq_clp": 121.55923,
    "gtq_cop": 548.32684363,
    "gtq_crc": 65.73884836,
    "gtq_gtq": 1,
    "gtq_mxn": 2.53892706,
    "gtq_pen": 0.47677198,
    "gtq_usd": 0.12990625,
    "mxn_clp": 47.87818924,
    "mxn_cop": 215.96793911,
    "mxn_crc": 25.8923738,
    "mxn_gtq": 0.39386716,
    "mxn_mxn": 1,
    "mxn_pen": 0.18778483,
    "mxn_usd": 0.051165806,
    "pen_clp": 254.96303135,
    "pen_cop": 1150.0819331,
    "pen_crc": 137.88320356,
    "pen_gtq": 2.09743868,
    "pen_mxn": 5.32524382,
    "pen_pen": 1,
    "pen_usd": 0.27247039,
    "timestamp": "2025-04-28 06:43:10",
    "usd_clp": 935.74581898,
    "usd_cop": 4220.94275664,
    "usd_crc": 506.04838887,
    "usd_gtq": 7.69785905,
    "usd_mxn": 19.54430261,
    "usd_pen": 3.67012352,
    "usd_usd": 1
}