{
    "clp_clp": 1,
    "clp_cop": 4.23156223,
    "clp_crc": 0.57577677,
    "clp_gtq": 0.0089068565,
    "clp_mxn": 0.02011832,
    "clp_pen": 0.0039043241,
    "clp_usd": 0.0011612459,
    "cop_clp": 0.23631934,
    "cop_cop": 1,
    "cop_crc": 0.13606719,
    "cop_gtq": 0.0021048625,
    "cop_mxn": 0.004754348,
    "cop_pen": 0.0009226673,
    "cop_usd": 0.00027442488,
    "crc_clp": 1.7367842,
    "crc_cop": 7.34931042,
    "crc_crc": 1,
    "crc_gtq": 0.015469288,
    "crc_mxn": 0.03494118,
    "crc_pen": 0.0067809684,
    "crc_usd": 0.0020168336,
    "gtq_clp": 112.27305592,
    "gtq_cop": 475.0904224,
    "gtq_crc": 64.64421764,
    "gtq_gtq": 1,
    "gtq_mxn": 2.25874522,
    "gtq_pen": 0.4383504,
    "gtq_usd": 0.13037663,
    "mxn_clp": 49.70594069,
    "mxn_cop": 210.33378101,
    "mxn_crc": 28.61952604,
    "mxn_gtq": 0.44272368,
    "mxn_mxn": 1,
    "mxn_pen": 0.1940681,
    "mxn_usd": 0.057720822,
    "pen_clp": 256.12627808,
    "pen_cop": 1083.81428337,
    "pen_crc": 147.47156144,
    "pen_gtq": 2.28128001,
    "pen_mxn": 5.15283032,
    "pen_pen": 1,
    "pen_usd": 0.2974256,
    "timestamp": "2026-02-05 20:12:24",
    "usd_clp": 861.14401756,
    "usd_cop": 3643.9844957,
    "usd_crc": 495.82672207,
    "usd_gtq": 7.67008621,
    "usd_mxn": 17.32477055,
    "usd_pen": 3.36218534,
    "usd_usd": 1
}