{
    "clp_clp": 1,
    "clp_cop": 4.54359651,
    "clp_crc": 0.52029661,
    "clp_gtq": 0.0078805399,
    "clp_mxn": 0.02076214,
    "clp_pen": 0.0038855548,
    "clp_usd": 0.0010207023,
    "cop_clp": 0.22008997,
    "cop_cop": 1,
    "cop_crc": 0.11451206,
    "cop_gtq": 0.0017344278,
    "cop_mxn": 0.0045695387,
    "cop_pen": 0.00085517161,
    "cop_usd": 0.00022464633,
    "crc_clp": 1.91676895,
    "crc_cop": 8.68143456,
    "crc_crc": 1,
    "crc_gtq": 0.015134028,
    "crc_mxn": 0.039799149,
    "crc_pen": 0.0074422751,
    "crc_usd": 0.0019552473,
    "gtq_clp": 126.65293095,
    "gtq_cop": 573.63675993,
    "gtq_crc": 66.07626381,
    "gtq_gtq": 1,
    "gtq_mxn": 2.62977905,
    "gtq_pen": 0.49175773,
    "gtq_usd": 0.12919544,
    "mxn_clp": 48.161054,
    "mxn_cop": 218.13116178,
    "mxn_crc": 25.12616554,
    "mxn_gtq": 0.38026008,
    "mxn_mxn": 1,
    "mxn_pen": 0.18699584,
    "mxn_usd": 0.049127867,
    "pen_clp": 257.36350752,
    "pen_cop": 1169.35593528,
    "pen_crc": 133.90535991,
    "pen_gtq": 2.02816339,
    "pen_mxn": 5.34341724,
    "pen_pen": 1,
    "pen_usd": 0.26269152,
    "timestamp": "2024-11-17 06:33:44",
    "usd_clp": 980.32046857,
    "usd_cop": 4440.06982752,
    "usd_crc": 511.44425488,
    "usd_gtq": 7.74021147,
    "usd_mxn": 20.35504598,
    "usd_pen": 3.80630885,
    "usd_usd": 1
}