{
    "clp_clp": 1,
    "clp_cop": 4.16240528,
    "clp_crc": 0.54215328,
    "clp_gtq": 0.0082902612,
    "clp_mxn": 0.018094443,
    "clp_pen": 0.0039649336,
    "clp_usd": 0.0010662479,
    "cop_clp": 0.24024571,
    "cop_cop": 1,
    "cop_crc": 0.13025,
    "cop_gtq": 0.0019916997,
    "cop_mxn": 0.0043471122,
    "cop_pen": 0.00095255827,
    "cop_usd": 0.00025616149,
    "crc_clp": 1.84449682,
    "crc_cop": 7.6775433,
    "crc_crc": 1,
    "crc_gtq": 0.01529136,
    "crc_mxn": 0.033375142,
    "crc_pen": 0.0073133074,
    "crc_usd": 0.0019666909,
    "gtq_clp": 120.62346177,
    "gtq_cop": 502.08373469,
    "gtq_crc": 65.39640545,
    "gtq_gtq": 1,
    "gtq_mxn": 2.18261433,
    "gtq_pen": 0.47826401,
    "gtq_usd": 0.12861452,
    "mxn_clp": 55.26558685,
    "mxn_cop": 230.03777074,
    "mxn_crc": 29.96241918,
    "mxn_gtq": 0.45816615,
    "mxn_mxn": 1,
    "mxn_pen": 0.21912438,
    "mxn_usd": 0.058926817,
    "pen_clp": 252.21103523,
    "pen_cop": 1049.80454581,
    "pen_crc": 136.73704001,
    "pen_gtq": 2.09089535,
    "pen_mxn": 4.56361815,
    "pen_pen": 1,
    "pen_usd": 0.26891949,
    "timestamp": "2024-05-05 19:06:08",
    "usd_clp": 937.86817825,
    "usd_cop": 3903.78746125,
    "usd_crc": 508.46830908,
    "usd_gtq": 7.77517213,
    "usd_mxn": 16.97020211,
    "usd_pen": 3.71858502,
    "usd_usd": 1
}