{
    "clp_clp": 1,
    "clp_cop": 4.36407967,
    "clp_crc": 0.51846634,
    "clp_gtq": 0.0078773215,
    "clp_mxn": 0.020863074,
    "clp_pen": 0.0037554612,
    "clp_usd": 0.001020923,
    "cop_clp": 0.22914339,
    "cop_cop": 1,
    "cop_crc": 0.11880313,
    "cop_gtq": 0.0018050361,
    "cop_mxn": 0.0047806355,
    "cop_pen": 0.00086053909,
    "cop_usd": 0.00023393775,
    "crc_clp": 1.92876554,
    "crc_cop": 8.41728647,
    "crc_crc": 1,
    "crc_gtq": 0.015193506,
    "crc_mxn": 0.040239979,
    "crc_pen": 0.007243404,
    "crc_usd": 0.0019691211,
    "gtq_clp": 126.94670373,
    "gtq_cop": 554.00552913,
    "gtq_crc": 65.81759233,
    "gtq_gtq": 1,
    "gtq_mxn": 2.64849852,
    "gtq_pen": 0.47674341,
    "gtq_usd": 0.12960281,
    "mxn_clp": 47.93157431,
    "mxn_cop": 209.17720907,
    "mxn_crc": 24.8509077,
    "mxn_gtq": 0.37757242,
    "mxn_mxn": 1,
    "mxn_pen": 0.18000517,
    "mxn_usd": 0.048934447,
    "pen_clp": 266.27888267,
    "pen_cop": 1162.06225885,
    "pen_crc": 138.05663662,
    "pen_gtq": 2.09756437,
    "pen_mxn": 5.55539614,
    "pen_pen": 1,
    "pen_usd": 0.27185024,
    "timestamp": "2025-04-06 19:38:53",
    "usd_clp": 979.50580079,
    "usd_cop": 4274.64135349,
    "usd_crc": 507.84078351,
    "usd_gtq": 7.71588211,
    "usd_mxn": 20.43550238,
    "usd_pen": 3.67849598,
    "usd_usd": 1
}