{
    "clp_clp": 1,
    "clp_cop": 4.26809232,
    "clp_crc": 0.52069971,
    "clp_gtq": 0.0079267969,
    "clp_mxn": 0.02099451,
    "clp_pen": 0.0038119,
    "clp_usd": 0.0010247894,
    "cop_clp": 0.23429671,
    "cop_cop": 1,
    "cop_crc": 0.12199823,
    "cop_gtq": 0.0018572224,
    "cop_mxn": 0.0049189448,
    "cop_pen": 0.00089311563,
    "cop_usd": 0.0002401048,
    "crc_clp": 1.92049271,
    "crc_cop": 8.19684017,
    "crc_crc": 1,
    "crc_gtq": 0.015223356,
    "crc_mxn": 0.040319804,
    "crc_pen": 0.0073207261,
    "crc_usd": 0.0019681007,
    "gtq_clp": 126.15436177,
    "gtq_cop": 538.43846261,
    "gtq_crc": 65.68853992,
    "gtq_gtq": 1,
    "gtq_mxn": 2.64854907,
    "gtq_pen": 0.48088781,
    "gtq_usd": 0.12928166,
    "mxn_clp": 47.63149881,
    "mxn_cop": 203.29563427,
    "mxn_crc": 24.80170774,
    "mxn_gtq": 0.37756522,
    "mxn_mxn": 1,
    "mxn_pen": 0.18156651,
    "mxn_usd": 0.048812257,
    "pen_clp": 262.33636944,
    "pen_cop": 1119.67584367,
    "pen_crc": 136.59847217,
    "pen_gtq": 2.07948711,
    "pen_mxn": 5.50762365,
    "pen_pen": 1,
    "pen_usd": 0.26883954,
    "timestamp": "2025-02-06 06:35:39",
    "usd_clp": 970.70033517,
    "usd_cop": 4176.4784979,
    "usd_crc": 508.80385949,
    "usd_gtq": 7.73269768,
    "usd_mxn": 20.58754643,
    "usd_pen": 3.7155829,
    "usd_usd": 1
}