{
    "clp_clp": 1,
    "clp_cop": 4.48463691,
    "clp_crc": 0.539375,
    "clp_gtq": 0.0081107914,
    "clp_mxn": 0.02095915,
    "clp_pen": 0.0039499751,
    "clp_usd": 0.0010502092,
    "cop_clp": 0.22245028,
    "cop_cop": 1,
    "cop_crc": 0.12073764,
    "cop_gtq": 0.0018109625,
    "cop_mxn": 0.0046803464,
    "cop_pen": 0.00088180526,
    "cop_usd": 0.00023440235,
    "crc_clp": 1.8539977,
    "crc_cop": 8.31450651,
    "crc_crc": 1,
    "crc_gtq": 0.015037389,
    "crc_mxn": 0.038858215,
    "crc_pen": 0.0073232448,
    "crc_usd": 0.0019470855,
    "gtq_clp": 122.83538606,
    "gtq_cop": 552.19254601,
    "gtq_crc": 66.67042239,
    "gtq_gtq": 1,
    "gtq_mxn": 2.58445241,
    "gtq_pen": 0.48692629,
    "gtq_usd": 0.12943523,
    "mxn_clp": 47.52859271,
    "mxn_cop": 213.65939783,
    "mxn_crc": 25.79673051,
    "mxn_gtq": 0.38692916,
    "mxn_mxn": 1,
    "mxn_pen": 0.18840598,
    "mxn_usd": 0.050082266,
    "pen_clp": 252.26690104,
    "pen_cop": 1134.03724149,
    "pen_crc": 136.9209752,
    "pen_gtq": 2.05369893,
    "pen_mxn": 5.30768716,
    "pen_pen": 1,
    "pen_usd": 0.265821,
    "timestamp": "2024-10-23 06:35:30",
    "usd_clp": 952.19122507,
    "usd_cop": 4270.23191349,
    "usd_crc": 513.5881379,
    "usd_gtq": 7.72302443,
    "usd_mxn": 19.95711828,
    "usd_pen": 3.76113166,
    "usd_usd": 1
}