{
    "clp_clp": 1,
    "clp_cop": 4.43273349,
    "clp_crc": 0.5368772,
    "clp_gtq": 0.0081302531,
    "clp_mxn": 0.020614018,
    "clp_pen": 0.0038864229,
    "clp_usd": 0.0010589009,
    "cop_clp": 0.22521569,
    "cop_cop": 1,
    "cop_crc": 0.12081533,
    "cop_gtq": 0.0018295657,
    "cop_mxn": 0.0046435673,
    "cop_pen": 0.00087969622,
    "cop_usd": 0.0002384851,
    "crc_clp": 1.86262333,
    "crc_cop": 8.25651282,
    "crc_crc": 1,
    "crc_gtq": 0.015143599,
    "crc_mxn": 0.038396151,
    "crc_pen": 0.0072389419,
    "crc_usd": 0.0019723336,
    "gtq_clp": 122.99740019,
    "gtq_cop": 545.21469522,
    "gtq_crc": 66.03449991,
    "gtq_gtq": 1,
    "gtq_mxn": 2.53547061,
    "gtq_pen": 0.47801991,
    "gtq_usd": 0.13024206,
    "mxn_clp": 48.50057592,
    "mxn_cop": 215.35167356,
    "mxn_crc": 26.01778368,
    "mxn_gtq": 0.39400003,
    "mxn_mxn": 1,
    "mxn_pen": 0.18944405,
    "mxn_usd": 0.051358166,
    "pen_clp": 256.01529803,
    "pen_cop": 1136.7560454,
    "pen_crc": 137.33755767,
    "pen_gtq": 2.07976982,
    "pen_mxn": 5.27860326,
    "pen_pen": 1,
    "pen_usd": 0.27109938,
    "timestamp": "2025-05-18 19:47:13",
    "usd_clp": 944.37541168,
    "usd_cop": 4186.16451621,
    "usd_crc": 507.01362745,
    "usd_gtq": 7.67801116,
    "usd_mxn": 19.46737164,
    "usd_pen": 3.67024221,
    "usd_usd": 1
}