{
    "clp_clp": 1,
    "clp_cop": 4.46392571,
    "clp_crc": 0.55723385,
    "clp_gtq": 0.0083111485,
    "clp_mxn": 0.020858768,
    "clp_pen": 0.004036324,
    "clp_usd": 0.0010745971,
    "cop_clp": 0.22401807,
    "cop_cop": 1,
    "cop_crc": 0.12483045,
    "cop_gtq": 0.0018618474,
    "cop_mxn": 0.0046727408,
    "cop_pen": 0.0009042095,
    "cop_usd": 0.00024072917,
    "crc_clp": 1.79457871,
    "crc_cop": 8.01086603,
    "crc_crc": 1,
    "crc_gtq": 0.01491501,
    "crc_mxn": 0.0374327,
    "crc_pen": 0.0072435012,
    "crc_usd": 0.0019284492,
    "gtq_clp": 120.32031382,
    "gtq_cop": 537.10094211,
    "gtq_crc": 67.04655152,
    "gtq_gtq": 1,
    "gtq_mxn": 2.50973347,
    "gtq_pen": 0.48565177,
    "gtq_usd": 0.12929587,
    "mxn_clp": 47.94147082,
    "mxn_cop": 214.0071641,
    "mxn_crc": 26.71461029,
    "mxn_gtq": 0.39844869,
    "mxn_mxn": 1,
    "mxn_pen": 0.19350731,
    "mxn_usd": 0.051517768,
    "pen_clp": 247.75017828,
    "pen_cop": 1105.93839011,
    "pen_crc": 138.05478532,
    "pen_gtq": 2.05908853,
    "pen_mxn": 5.1677634,
    "pen_pen": 1,
    "pen_usd": 0.26623164,
    "timestamp": "2024-09-21 19:26:01",
    "usd_clp": 930.58128899,
    "usd_cop": 4154.04573973,
    "usd_crc": 518.55139302,
    "usd_gtq": 7.73419932,
    "usd_mxn": 19.41077887,
    "usd_pen": 3.75612763,
    "usd_usd": 1
}