{
    "clp_clp": 1,
    "clp_cop": 4.3447011,
    "clp_crc": 0.5564256,
    "clp_gtq": 0.0081442839,
    "clp_mxn": 0.020168378,
    "clp_pen": 0.0039279486,
    "clp_usd": 0.0010509377,
    "cop_clp": 0.23016543,
    "cop_cop": 1,
    "cop_crc": 0.12806994,
    "cop_gtq": 0.0018745326,
    "cop_mxn": 0.0046420634,
    "cop_pen": 0.00090407797,
    "cop_usd": 0.00024188954,
    "crc_clp": 1.79718545,
    "crc_cop": 7.8082336,
    "crc_crc": 1,
    "crc_gtq": 0.014636789,
    "crc_mxn": 0.036246315,
    "crc_pen": 0.007059252,
    "crc_usd": 0.00188873,
    "gtq_clp": 122.785503,
    "gtq_cop": 533.46631001,
    "gtq_crc": 68.32099769,
    "gtq_gtq": 1,
    "gtq_mxn": 2.47638442,
    "gtq_pen": 0.48229514,
    "gtq_usd": 0.12903992,
    "mxn_clp": 49.58256961,
    "mxn_cop": 215.42144477,
    "mxn_crc": 27.58901125,
    "mxn_gtq": 0.40381453,
    "mxn_mxn": 1,
    "mxn_pen": 0.19475778,
    "mxn_usd": 0.052108193,
    "pen_clp": 254.5858179,
    "pen_cop": 1106.09928323,
    "pen_crc": 141.65806754,
    "pen_gtq": 2.07341919,
    "pen_mxn": 5.13458298,
    "pen_pen": 1,
    "pen_usd": 0.26755384,
    "timestamp": "2024-08-03 19:17:50",
    "usd_clp": 948.54370816,
    "usd_cop": 4090.07194009,
    "usd_crc": 522.50022466,
    "usd_gtq": 7.75010464,
    "usd_mxn": 18.91462701,
    "usd_pen": 3.74240333,
    "usd_usd": 1
}