{
    "clp_clp": 1,
    "clp_cop": 4.2998622,
    "clp_crc": 0.55056044,
    "clp_gtq": 0.0088919353,
    "clp_mxn": 0.019909375,
    "clp_pen": 0.0038936043,
    "clp_usd": 0.0011592468,
    "cop_clp": 0.23256559,
    "cop_cop": 1,
    "cop_crc": 0.12804141,
    "cop_gtq": 0.0020679582,
    "cop_mxn": 0.0046302356,
    "cop_pen": 0.00090551838,
    "cop_usd": 0.00026960093,
    "crc_clp": 1.81633102,
    "crc_cop": 7.80997312,
    "crc_crc": 1,
    "crc_gtq": 0.016150698,
    "crc_mxn": 0.036162016,
    "crc_pen": 0.0070720742,
    "crc_usd": 0.002105576,
    "gtq_clp": 112.46145734,
    "gtq_cop": 483.56876975,
    "gtq_crc": 61.91682893,
    "gtq_gtq": 1,
    "gtq_mxn": 2.23903734,
    "gtq_pen": 0.43788041,
    "gtq_usd": 0.13037059,
    "mxn_clp": 50.22759359,
    "mxn_cop": 215.97173124,
    "mxn_crc": 27.6533258,
    "mxn_gtq": 0.44662051,
    "mxn_mxn": 1,
    "mxn_pen": 0.19556637,
    "mxn_usd": 0.058226179,
    "pen_clp": 256.83144194,
    "pen_cop": 1104.33980979,
    "pen_crc": 141.40123053,
    "pen_gtq": 2.28372856,
    "pen_mxn": 5.11335351,
    "pen_pen": 1,
    "pen_usd": 0.29773104,
    "timestamp": "2026-02-25 20:12:04",
    "usd_clp": 862.62904791,
    "usd_cop": 3709.18603847,
    "usd_crc": 474.9294243,
    "usd_gtq": 7.67044166,
    "usd_mxn": 17.17440527,
    "usd_pen": 3.35873615,
    "usd_usd": 1
}