{
    "clp_clp": 1,
    "clp_cop": 4.49960655,
    "clp_crc": 0.55533384,
    "clp_gtq": 0.0082425021,
    "clp_mxn": 0.020883315,
    "clp_pen": 0.004038226,
    "clp_usd": 0.0010703901,
    "cop_clp": 0.22224165,
    "cop_cop": 1,
    "cop_crc": 0.12341831,
    "cop_gtq": 0.0018318273,
    "cop_mxn": 0.0046411424,
    "cop_pen": 0.00089746203,
    "cop_usd": 0.00023788526,
    "crc_clp": 1.80071866,
    "crc_cop": 8.10252547,
    "crc_crc": 1,
    "crc_gtq": 0.014842427,
    "crc_mxn": 0.037604974,
    "crc_pen": 0.0072717089,
    "crc_usd": 0.0019274714,
    "gtq_clp": 121.32238403,
    "gtq_cop": 545.90299374,
    "gtq_crc": 67.37442493,
    "gtq_gtq": 1,
    "gtq_mxn": 2.53361352,
    "gtq_pen": 0.48992721,
    "gtq_usd": 0.12986228,
    "mxn_clp": 47.88511866,
    "mxn_cop": 215.46419356,
    "mxn_crc": 26.59222664,
    "mxn_gtq": 0.39469319,
    "mxn_mxn": 1,
    "mxn_pen": 0.19337093,
    "mxn_usd": 0.051255756,
    "pen_clp": 247.63348973,
    "pen_cop": 1114.2532722,
    "pen_crc": 137.5192558,
    "pen_gtq": 2.04111955,
    "pen_mxn": 5.17140808,
    "pen_pen": 1,
    "pen_usd": 0.26506443,
    "timestamp": "2024-09-13 19:16:38",
    "usd_clp": 934.23885828,
    "usd_cop": 4203.7072853,
    "usd_crc": 518.81444901,
    "usd_gtq": 7.70046571,
    "usd_mxn": 19.51000403,
    "usd_pen": 3.77266766,
    "usd_usd": 1
}