{
    "clp_clp": 1,
    "clp_cop": 4.08209098,
    "clp_crc": 0.52300192,
    "clp_gtq": 0.0079568883,
    "clp_mxn": 0.0192332,
    "clp_pen": 0.0035545972,
    "clp_usd": 0.0010402095,
    "cop_clp": 0.24497249,
    "cop_cop": 1,
    "cop_crc": 0.12812108,
    "cop_gtq": 0.0019492187,
    "cop_mxn": 0.0047116048,
    "cop_pen": 0.00087077852,
    "cop_usd": 0.00025482272,
    "crc_clp": 1.91203889,
    "crc_cop": 7.80511669,
    "crc_crc": 1,
    "crc_gtq": 0.01521388,
    "crc_mxn": 0.036774625,
    "crc_pen": 0.006796528,
    "crc_usd": 0.0019889211,
    "gtq_clp": 125.6772707,
    "gtq_cop": 513.02605298,
    "gtq_crc": 65.72945326,
    "gtq_gtq": 1,
    "gtq_mxn": 2.41717602,
    "gtq_pen": 0.44673207,
    "gtq_usd": 0.13073069,
    "mxn_clp": 51.99342933,
    "mxn_cop": 212.24190882,
    "mxn_crc": 27.19266311,
    "mxn_gtq": 0.41370591,
    "mxn_mxn": 1,
    "mxn_pen": 0.1848157,
    "mxn_usd": 0.05408406,
    "pen_clp": 281.3258316,
    "pen_cop": 1148.39763934,
    "pen_crc": 147.13394869,
    "pen_gtq": 2.23847821,
    "pen_mxn": 5.41079585,
    "pen_pen": 1,
    "pen_usd": 0.29263781,
    "timestamp": "2025-10-15 19:37:10",
    "usd_clp": 961.34478635,
    "usd_cop": 3924.29688011,
    "usd_crc": 502.78516434,
    "usd_gtq": 7.64931305,
    "usd_mxn": 18.48973608,
    "usd_pen": 3.41719344,
    "usd_usd": 1
}