{
    "clp_clp": 1,
    "clp_cop": 4.36184137,
    "clp_crc": 0.56754059,
    "clp_gtq": 0.008307375,
    "clp_mxn": 0.020172072,
    "clp_pen": 0.0039982255,
    "clp_usd": 0.0010720684,
    "cop_clp": 0.22926097,
    "cop_cop": 1,
    "cop_crc": 0.13011491,
    "cop_gtq": 0.0019045569,
    "cop_mxn": 0.0046246689,
    "cop_pen": 0.00091663707,
    "cop_usd": 0.00024578345,
    "crc_clp": 1.76198851,
    "crc_cop": 7.68551439,
    "crc_crc": 1,
    "crc_gtq": 0.014637499,
    "crc_mxn": 0.03554296,
    "crc_pen": 0.0070448274,
    "crc_usd": 0.0018889722,
    "gtq_clp": 120.3749676,
    "gtq_cop": 525.05651353,
    "gtq_crc": 68.31768007,
    "gtq_gtq": 1,
    "gtq_mxn": 2.42821255,
    "gtq_pen": 0.48128626,
    "gtq_usd": 0.1290502,
    "mxn_clp": 49.57348869,
    "mxn_cop": 216.23169378,
    "mxn_crc": 28.13496699,
    "mxn_gtq": 0.41182556,
    "mxn_mxn": 1,
    "mxn_pen": 0.19820599,
    "mxn_usd": 0.053146172,
    "pen_clp": 250.11095565,
    "pen_cop": 1090.94431329,
    "pen_crc": 141.9481192,
    "pen_gtq": 2.07776551,
    "pen_mxn": 5.04525629,
    "pen_pen": 1,
    "pen_usd": 0.26813606,
    "timestamp": "2024-08-12 19:14:53",
    "usd_clp": 932.7762868,
    "usd_cop": 4068.6221961,
    "usd_crc": 529.38840363,
    "usd_gtq": 7.74892243,
    "usd_mxn": 18.81603074,
    "usd_pen": 3.72944993,
    "usd_usd": 1
}