{
    "clp_clp": 1,
    "clp_cop": 4.33071778,
    "clp_crc": 0.52622466,
    "clp_gtq": 0.0080297034,
    "clp_mxn": 0.021375251,
    "clp_pen": 0.0038332796,
    "clp_usd": 0.0010412732,
    "cop_clp": 0.2309086,
    "cop_cop": 1,
    "cop_crc": 0.1215098,
    "cop_gtq": 0.0018541276,
    "cop_mxn": 0.0049357294,
    "cop_pen": 0.00088513725,
    "cop_usd": 0.00024043894,
    "crc_clp": 1.90032904,
    "crc_cop": 8.22978876,
    "crc_crc": 1,
    "crc_gtq": 0.015259078,
    "crc_mxn": 0.040620011,
    "crc_pen": 0.0072844926,
    "crc_usd": 0.0019787617,
    "gtq_clp": 124.53760179,
    "gtq_cop": 539.33720685,
    "gtq_crc": 65.53475702,
    "gtq_gtq": 1,
    "gtq_mxn": 2.66202252,
    "gtq_pen": 0.47738745,
    "gtq_usd": 0.12967767,
    "mxn_clp": 46.783076,
    "mxn_cop": 202.60429923,
    "mxn_crc": 24.61840821,
    "mxn_gtq": 0.37565422,
    "mxn_mxn": 1,
    "mxn_pen": 0.17933261,
    "mxn_usd": 0.048713964,
    "pen_clp": 260.87322017,
    "pen_cop": 1129.76829398,
    "pen_crc": 137.27792129,
    "pen_gtq": 2.09473457,
    "pen_mxn": 5.5762306,
    "pen_pen": 1,
    "pen_usd": 0.27164029,
    "timestamp": "2025-03-01 19:35:21",
    "usd_clp": 960.36274824,
    "usd_cop": 4159.06003303,
    "usd_crc": 505.36655959,
    "usd_gtq": 7.71142799,
    "usd_mxn": 20.52799496,
    "usd_pen": 3.68133896,
    "usd_usd": 1
}