{
    "clp_clp": 1,
    "clp_cop": 4.36306156,
    "clp_crc": 0.56977823,
    "clp_gtq": 0.008311689,
    "clp_mxn": 0.020202383,
    "clp_pen": 0.0040029446,
    "clp_usd": 0.0010727801,
    "cop_clp": 0.22919686,
    "cop_cop": 1,
    "cop_crc": 0.13059138,
    "cop_gtq": 0.001905013,
    "cop_mxn": 0.0046303228,
    "cop_pen": 0.00091746232,
    "cop_usd": 0.00024587783,
    "crc_clp": 1.75506881,
    "crc_cop": 7.65747324,
    "crc_crc": 1,
    "crc_gtq": 0.014587586,
    "crc_mxn": 0.035456573,
    "crc_pen": 0.0070254432,
    "crc_usd": 0.0018828029,
    "gtq_clp": 120.31248962,
    "gtq_cop": 524.93079851,
    "gtq_crc": 68.55143755,
    "gtq_gtq": 1,
    "gtq_mxn": 2.43059905,
    "gtq_pen": 0.48160423,
    "gtq_usd": 0.12906885,
    "mxn_clp": 49.49910991,
    "mxn_cop": 215.96766365,
    "mxn_crc": 28.2035153,
    "mxn_gtq": 0.41142121,
    "mxn_mxn": 1,
    "mxn_pen": 0.19814219,
    "mxn_usd": 0.05310166,
    "pen_clp": 250.03122937,
    "pen_cop": 1090.84788266,
    "pen_crc": 141.79422179,
    "pen_gtq": 2.07712308,
    "pen_mxn": 5.04862682,
    "pen_pen": 1,
    "pen_usd": 0.26804217,
    "timestamp": "2024-08-11 06:29:30",
    "usd_clp": 932.15748206,
    "usd_cop": 4067.06047663,
    "usd_crc": 531.12304153,
    "usd_gtq": 7.74780312,
    "usd_mxn": 18.83180291,
    "usd_pen": 3.73137476,
    "usd_usd": 1
}