{
    "clp_clp": 1,
    "clp_cop": 4.38671724,
    "clp_crc": 0.54202791,
    "clp_gtq": 0.0082490655,
    "clp_mxn": 0.020128711,
    "clp_pen": 0.0038011686,
    "clp_usd": 0.0010730499,
    "cop_clp": 0.2279609,
    "cop_cop": 1,
    "cop_crc": 0.12356117,
    "cop_gtq": 0.0018804644,
    "cop_mxn": 0.004588559,
    "cop_pen": 0.00086651781,
    "cop_usd": 0.00024461341,
    "crc_clp": 1.85956214,
    "crc_cop": 8.0491985,
    "crc_crc": 1,
    "crc_gtq": 0.015239028,
    "crc_mxn": 0.037306371,
    "crc_pen": 0.0070344168,
    "crc_usd": 0.0019823876,
    "gtq_clp": 121.22585283,
    "gtq_cop": 531.78353831,
    "gtq_crc": 65.70779546,
    "gtq_gtq": 1,
    "gtq_mxn": 2.44012013,
    "gtq_pen": 0.46079991,
    "gtq_usd": 0.13008138,
    "mxn_clp": 49.68028062,
    "mxn_cop": 217.93334339,
    "mxn_crc": 26.92809859,
    "mxn_gtq": 0.40981589,
    "mxn_mxn": 1,
    "mxn_pen": 0.18884312,
    "mxn_usd": 0.053309418,
    "pen_clp": 263.07699128,
    "pen_cop": 1154.04437263,
    "pen_crc": 142.59507134,
    "pen_gtq": 2.17013933,
    "pen_mxn": 5.29540067,
    "pen_pen": 1,
    "pen_usd": 0.28229473,
    "timestamp": "2025-07-01 06:43:17",
    "usd_clp": 931.92315123,
    "usd_cop": 4088.08335222,
    "usd_crc": 505.12835649,
    "usd_gtq": 7.68749511,
    "usd_mxn": 18.75841158,
    "usd_pen": 3.54239702,
    "usd_usd": 1
}