{
    "clp_clp": 1,
    "clp_cop": 4.14757183,
    "clp_crc": 0.52245944,
    "clp_gtq": 0.008404385,
    "clp_mxn": 0.019560021,
    "clp_pen": 0.0038170686,
    "clp_usd": 0.0010966009,
    "cop_clp": 0.24110493,
    "cop_cop": 1,
    "cop_crc": 0.12596755,
    "cop_gtq": 0.0020263386,
    "cop_mxn": 0.0047160174,
    "cop_pen": 0.00092031406,
    "cop_usd": 0.00026439587,
    "crc_clp": 1.91402417,
    "crc_cop": 7.93855272,
    "crc_crc": 1,
    "crc_gtq": 0.016086196,
    "crc_mxn": 0.037438353,
    "crc_pen": 0.0073059617,
    "crc_usd": 0.0020989205,
    "gtq_clp": 118.9855053,
    "gtq_cop": 493.50092953,
    "gtq_crc": 62.16510075,
    "gtq_gtq": 1,
    "gtq_mxn": 2.32735898,
    "gtq_pen": 0.45417584,
    "gtq_usd": 0.13047961,
    "mxn_clp": 51.12468945,
    "mxn_cop": 212.04332159,
    "mxn_crc": 26.71057674,
    "mxn_gtq": 0.42967157,
    "mxn_mxn": 1,
    "mxn_pen": 0.19514645,
    "mxn_usd": 0.056063378,
    "pen_clp": 261.98114097,
    "pen_cop": 1086.5855993,
    "pen_crc": 136.87452081,
    "pen_gtq": 2.20179038,
    "pen_mxn": 5.12435662,
    "pen_pen": 1,
    "pen_usd": 0.28728874,
    "timestamp": "2026-03-08 20:23:27",
    "usd_clp": 911.9088259,
    "usd_cop": 3782.20735442,
    "usd_crc": 476.43537664,
    "usd_gtq": 7.66403289,
    "usd_mxn": 17.8369558,
    "usd_pen": 3.48081859,
    "usd_usd": 1
}