{
    "clp_clp": 1,
    "clp_cop": 4.19104033,
    "clp_crc": 0.55289646,
    "clp_gtq": 0.0085192383,
    "clp_mxn": 0.01996848,
    "clp_pen": 0.0037338917,
    "clp_usd": 0.001111019,
    "cop_clp": 0.23860424,
    "cop_cop": 1,
    "cop_crc": 0.13192344,
    "cop_gtq": 0.0020327264,
    "cop_mxn": 0.0047645641,
    "cop_pen": 0.00089092239,
    "cop_usd": 0.00026509384,
    "crc_clp": 1.80865691,
    "crc_cop": 7.58015404,
    "crc_crc": 1,
    "crc_gtq": 0.015408379,
    "crc_mxn": 0.03611613,
    "crc_pen": 0.006753329,
    "crc_usd": 0.0020094521,
    "gtq_clp": 117.38138618,
    "gtq_cop": 491.95012321,
    "gtq_crc": 64.89975275,
    "gtq_gtq": 1,
    "gtq_mxn": 2.34392788,
    "gtq_pen": 0.43828938,
    "gtq_usd": 0.13041294,
    "mxn_clp": 50.07892409,
    "mxn_cop": 209.88279043,
    "mxn_crc": 27.68845979,
    "mxn_gtq": 0.42663429,
    "mxn_mxn": 1,
    "mxn_pen": 0.18698928,
    "mxn_usd": 0.055638634,
    "pen_clp": 267.81708952,
    "pen_cop": 1122.43222264,
    "pen_crc": 148.07512041,
    "pen_gtq": 2.2815976,
    "pen_mxn": 5.34790023,
    "pen_pen": 1,
    "pen_usd": 0.29754986,
    "timestamp": "2026-01-02 06:44:48",
    "usd_clp": 900.07465312,
    "usd_cop": 3772.24916916,
    "usd_crc": 497.64808838,
    "usd_gtq": 7.66795045,
    "usd_mxn": 17.97312282,
    "usd_pen": 3.36078125,
    "usd_usd": 1
}