{
    "clp_clp": 1,
    "clp_cop": 4.3438857,
    "clp_crc": 0.53410132,
    "clp_gtq": 0.0081331841,
    "clp_mxn": 0.020128387,
    "clp_pen": 0.0038251467,
    "clp_usd": 0.0010591322,
    "cop_clp": 0.23020864,
    "cop_cop": 1,
    "cop_crc": 0.12295474,
    "cop_gtq": 0.0018723292,
    "cop_mxn": 0.0046337285,
    "cop_pen": 0.00088058181,
    "cop_usd": 0.00024382137,
    "crc_clp": 1.87230392,
    "crc_cop": 8.13307425,
    "crc_crc": 1,
    "crc_gtq": 0.015227793,
    "crc_mxn": 0.037686458,
    "crc_pen": 0.0071618372,
    "crc_usd": 0.0019830173,
    "gtq_clp": 122.9530751,
    "gtq_cop": 534.09410501,
    "gtq_crc": 65.66939988,
    "gtq_gtq": 1,
    "gtq_mxn": 2.4748471,
    "gtq_pen": 0.47031355,
    "gtq_usd": 0.13022356,
    "mxn_clp": 49.68107936,
    "mxn_cop": 215.80893033,
    "mxn_crc": 26.53473014,
    "mxn_gtq": 0.40406537,
    "mxn_mxn": 1,
    "mxn_pen": 0.19003742,
    "mxn_usd": 0.05261883,
    "pen_clp": 262.485298,
    "pen_cop": 1133.24843525,
    "pen_crc": 140.55767032,
    "pen_gtq": 2.13860437,
    "pen_mxn": 5.30695824,
    "pen_pen": 1,
    "pen_usd": 0.27838719,
    "timestamp": "2025-06-19 06:42:23",
    "usd_clp": 944.16921267,
    "usd_cop": 4101.36314374,
    "usd_crc": 504.28202413,
    "usd_gtq": 7.67910206,
    "usd_mxn": 19.00460346,
    "usd_pen": 3.61158578,
    "usd_usd": 1
}