{
    "clp_clp": 1,
    "clp_cop": 4.26996484,
    "clp_crc": 0.57254713,
    "clp_gtq": 0.0088562869,
    "clp_mxn": 0.020160853,
    "clp_pen": 0.0038861372,
    "clp_usd": 0.0011545185,
    "cop_clp": 0.23419397,
    "cop_cop": 1,
    "cop_crc": 0.13408708,
    "cop_gtq": 0.002074089,
    "cop_mxn": 0.0047215502,
    "cop_pen": 0.00091010989,
    "cop_usd": 0.00027038126,
    "crc_clp": 1.74658112,
    "crc_cop": 7.45783996,
    "crc_crc": 1,
    "crc_gtq": 0.015468224,
    "crc_mxn": 0.035212566,
    "crc_pen": 0.0067874539,
    "crc_usd": 0.0020164602,
    "gtq_clp": 112.91413752,
    "gtq_cop": 482.13939675,
    "gtq_crc": 64.64866496,
    "gtq_gtq": 1,
    "gtq_mxn": 2.27644535,
    "gtq_pen": 0.43879983,
    "gtq_usd": 0.13036146,
    "mxn_clp": 49.60107544,
    "mxn_cop": 211.79484797,
    "mxn_crc": 28.3989532,
    "mxn_gtq": 0.43928136,
    "mxn_mxn": 1,
    "mxn_pen": 0.19275658,
    "mxn_usd": 0.057265359,
    "pen_clp": 257.32493394,
    "pen_cop": 1098.76841947,
    "pen_crc": 147.33065146,
    "pen_gtq": 2.27894345,
    "pen_mxn": 5.18789022,
    "pen_pen": 1,
    "pen_usd": 0.29708639,
    "timestamp": "2026-02-06 07:03:20",
    "usd_clp": 866.16196257,
    "usd_cop": 3698.48112288,
    "usd_crc": 495.91854259,
    "usd_gtq": 7.67097887,
    "usd_mxn": 17.46256417,
    "usd_pen": 3.36602423,
    "usd_usd": 1
}