{
    "clp_clp": 1,
    "clp_cop": 4.00735018,
    "clp_crc": 0.53981554,
    "clp_gtq": 0.0082670863,
    "clp_mxn": 0.017404539,
    "clp_pen": 0.0039242152,
    "clp_usd": 0.0010622786,
    "cop_clp": 0.24954146,
    "cop_cop": 1,
    "cop_crc": 0.13470636,
    "cop_gtq": 0.0020629807,
    "cop_mxn": 0.004343154,
    "cop_pen": 0.00097925436,
    "cop_usd": 0.00026508256,
    "crc_clp": 1.85248464,
    "crc_cop": 7.42355467,
    "crc_crc": 1,
    "crc_gtq": 0.01531465,
    "crc_mxn": 0.032241641,
    "crc_pen": 0.0072695483,
    "crc_usd": 0.0019678549,
    "gtq_clp": 120.96160217,
    "gtq_cop": 484.73549825,
    "gtq_crc": 65.29695268,
    "gtq_gtq": 1,
    "gtq_mxn": 2.1052809,
    "gtq_pen": 0.47467935,
    "gtq_usd": 0.12849493,
    "mxn_clp": 57.45627694,
    "mxn_cop": 230.24742176,
    "mxn_crc": 31.0157912,
    "mxn_gtq": 0.474996,
    "mxn_mxn": 1,
    "mxn_pen": 0.22547079,
    "mxn_usd": 0.061034576,
    "pen_clp": 254.82802556,
    "pen_cop": 1021.18513415,
    "pen_crc": 137.56012841,
    "pen_gtq": 2.10668527,
    "pen_mxn": 4.43516425,
    "pen_pen": 1,
    "pen_usd": 0.27069837,
    "timestamp": "2024-04-10 19:03:46",
    "usd_clp": 941.37259297,
    "usd_cop": 3772.40963007,
    "usd_crc": 508.16755529,
    "usd_gtq": 7.78240843,
    "usd_mxn": 16.3841558,
    "usd_pen": 3.6941486,
    "usd_usd": 1
}