{
    "clp_clp": 1,
    "clp_cop": 4.42184076,
    "clp_crc": 0.53820405,
    "clp_gtq": 0.0081362604,
    "clp_mxn": 0.020533783,
    "clp_pen": 0.0039037725,
    "clp_usd": 0.0010595924,
    "cop_clp": 0.22615016,
    "cop_cop": 1,
    "cop_crc": 0.12171493,
    "cop_gtq": 0.0018400166,
    "cop_mxn": 0.0046437183,
    "cop_pen": 0.00088283878,
    "cop_usd": 0.00023962699,
    "crc_clp": 1.85803135,
    "crc_cop": 8.21591875,
    "crc_crc": 1,
    "crc_gtq": 0.015117427,
    "crc_mxn": 0.038152412,
    "crc_pen": 0.0072533317,
    "crc_usd": 0.0019687558,
    "gtq_clp": 122.90658808,
    "gtq_cop": 543.47336079,
    "gtq_crc": 66.14882367,
    "gtq_gtq": 1,
    "gtq_mxn": 2.52373718,
    "gtq_pen": 0.47979936,
    "gtq_usd": 0.13023088,
    "mxn_clp": 48.70023267,
    "mxn_cop": 215.34467383,
    "mxn_crc": 26.21066254,
    "mxn_gtq": 0.39623777,
    "mxn_mxn": 1,
    "mxn_pen": 0.19011463,
    "mxn_usd": 0.051602395,
    "pen_clp": 256.16246901,
    "pen_cop": 1132.70964654,
    "pen_crc": 137.86767869,
    "pen_gtq": 2.08420454,
    "pen_mxn": 5.2599845,
    "pen_pen": 1,
    "pen_usd": 0.2714278,
    "timestamp": "2025-05-22 19:42:24",
    "usd_clp": 943.75915378,
    "usd_cop": 4173.15269343,
    "usd_crc": 507.93500031,
    "usd_gtq": 7.67867019,
    "usd_mxn": 19.37894548,
    "usd_pen": 3.68422102,
    "usd_usd": 1
}