{
    "clp_clp": 1,
    "clp_cop": 4.05675772,
    "clp_crc": 0.52023196,
    "clp_gtq": 0.0078959845,
    "clp_mxn": 0.019213088,
    "clp_pen": 0.0036193292,
    "clp_usd": 0.0010304059,
    "cop_clp": 0.24364435,
    "cop_cop": 1,
    "cop_crc": 0.12741533,
    "cop_gtq": 0.001930604,
    "cop_mxn": 0.0047163361,
    "cop_pen": 0.00088636533,
    "cop_usd": 0.00025197007,
    "crc_clp": 1.92221946,
    "crc_cop": 7.79797863,
    "crc_crc": 1,
    "crc_gtq": 0.015177815,
    "crc_mxn": 0.036931772,
    "crc_pen": 0.006957145,
    "crc_usd": 0.0019806663,
    "gtq_clp": 126.64665216,
    "gtq_cop": 513.77478448,
    "gtq_crc": 65.88563641,
    "gtq_gtq": 1,
    "gtq_mxn": 2.43327329,
    "gtq_pen": 0.45837593,
    "gtq_usd": 0.13049746,
    "mxn_clp": 52.04785369,
    "mxn_cop": 211.14553249,
    "mxn_crc": 27.07695707,
    "mxn_gtq": 0.41096904,
    "mxn_mxn": 1,
    "mxn_pen": 0.18837832,
    "mxn_usd": 0.053630417,
    "pen_clp": 276.29429146,
    "pen_cop": 1120.85900118,
    "pen_crc": 143.7371215,
    "pen_gtq": 2.18161544,
    "pen_mxn": 5.30846657,
    "pen_pen": 1,
    "pen_usd": 0.28469528,
    "timestamp": "2025-09-09 06:42:29",
    "usd_clp": 970.49130995,
    "usd_cop": 3937.0481184,
    "usd_crc": 504.88059885,
    "usd_gtq": 7.66298432,
    "usd_mxn": 18.64613507,
    "usd_pen": 3.51252755,
    "usd_usd": 1
}