{
    "clp_clp": 1,
    "clp_cop": 4.48463691,
    "clp_crc": 0.539375,
    "clp_gtq": 0.0081107914,
    "clp_mxn": 0.02095915,
    "clp_pen": 0.0039499751,
    "clp_usd": 0.0010502092,
    "cop_clp": 0.22298349,
    "cop_cop": 1,
    "cop_crc": 0.12027172,
    "cop_gtq": 0.0018085726,
    "cop_mxn": 0.0046735444,
    "cop_pen": 0.00088077925,
    "cop_usd": 0.00023417932,
    "crc_clp": 1.8539977,
    "crc_cop": 8.31450651,
    "crc_crc": 1,
    "crc_gtq": 0.015037389,
    "crc_mxn": 0.038858215,
    "crc_pen": 0.0073232448,
    "crc_usd": 0.0019470855,
    "gtq_clp": 123.29253051,
    "gtq_cop": 552.92223308,
    "gtq_crc": 66.50090811,
    "gtq_gtq": 1,
    "gtq_mxn": 2.58410658,
    "gtq_pen": 0.48700243,
    "gtq_usd": 0.12948295,
    "mxn_clp": 47.71185958,
    "mxn_cop": 213.97036653,
    "mxn_crc": 25.73458406,
    "mxn_gtq": 0.38698094,
    "mxn_mxn": 1,
    "mxn_pen": 0.18846066,
    "mxn_usd": 0.050107435,
    "pen_clp": 253.16615103,
    "pen_cop": 1135.35826532,
    "pen_crc": 136.55149162,
    "pen_gtq": 2.05337785,
    "pen_mxn": 5.30614722,
    "pen_pen": 1,
    "pen_usd": 0.26587743,
    "timestamp": "2024-10-22 19:21:10",
    "usd_clp": 952.19122507,
    "usd_cop": 4270.23191349,
    "usd_crc": 513.5881379,
    "usd_gtq": 7.72302443,
    "usd_mxn": 19.95711828,
    "usd_pen": 3.76113166,
    "usd_usd": 1
}