{
    "clp_clp": 1,
    "clp_cop": 4.06430065,
    "clp_crc": 0.50691577,
    "clp_gtq": 0.0085188643,
    "clp_mxn": 0.019479889,
    "clp_pen": 0.003812557,
    "clp_usd": 0.0011175442,
    "cop_clp": 0.24604479,
    "cop_cop": 1,
    "cop_crc": 0.12472398,
    "cop_gtq": 0.0020960222,
    "cop_mxn": 0.0047929252,
    "cop_pen": 0.00093805979,
    "cop_usd": 0.00027496592,
    "crc_clp": 1.97271434,
    "crc_cop": 8.01770418,
    "crc_crc": 1,
    "crc_gtq": 0.016805286,
    "crc_mxn": 0.038428256,
    "crc_pen": 0.0075210859,
    "crc_usd": 0.0022045954,
    "gtq_clp": 117.38653899,
    "gtq_cop": 477.09418679,
    "gtq_crc": 59.50508726,
    "gtq_gtq": 1,
    "gtq_mxn": 2.28667673,
    "gtq_pen": 0.44754287,
    "gtq_usd": 0.13118464,
    "mxn_clp": 51.33499514,
    "mxn_cop": 208.64085416,
    "mxn_crc": 26.02251835,
    "mxn_gtq": 0.43731586,
    "mxn_mxn": 1,
    "mxn_pen": 0.1957176,
    "mxn_usd": 0.057369124,
    "pen_clp": 262.2911594,
    "pen_cop": 1066.03012983,
    "pen_crc": 132.95952382,
    "pen_gtq": 2.2344228,
    "pen_mxn": 5.10940263,
    "pen_pen": 1,
    "pen_usd": 0.29312195,
    "timestamp": "2026-05-28 21:48:49",
    "usd_clp": 894.81923199,
    "usd_cop": 3636.8143869,
    "usd_crc": 453.59797587,
    "usd_gtq": 7.62284364,
    "usd_mxn": 17.43097919,
    "usd_pen": 3.41154934,
    "usd_usd": 1
}