{
    "clp_clp": 1,
    "clp_cop": 4.08731053,
    "clp_crc": 0.53064259,
    "clp_gtq": 0.0081226545,
    "clp_mxn": 0.017893003,
    "clp_pen": 0.0039342033,
    "clp_usd": 0.0010439448,
    "cop_clp": 0.24465966,
    "cop_cop": 1,
    "cop_crc": 0.12982683,
    "cop_gtq": 0.0019872859,
    "cop_mxn": 0.0043776961,
    "cop_pen": 0.00096254083,
    "cop_usd": 0.00025541118,
    "crc_clp": 1.88450762,
    "crc_cop": 7.70256785,
    "crc_crc": 1,
    "crc_gtq": 0.015307204,
    "crc_mxn": 0.033719501,
    "crc_pen": 0.007414036,
    "crc_usd": 0.0019673219,
    "gtq_clp": 123.11246332,
    "gtq_cop": 503.19886816,
    "gtq_crc": 65.32871607,
    "gtq_gtq": 1,
    "gtq_mxn": 2.20285174,
    "gtq_pen": 0.48434946,
    "gtq_usd": 0.12852261,
    "mxn_clp": 55.88776644,
    "mxn_cop": 228.43065645,
    "mxn_crc": 29.65642898,
    "mxn_gtq": 0.45395702,
    "mxn_mxn": 1,
    "mxn_pen": 0.21987383,
    "mxn_usd": 0.058343743,
    "pen_clp": 254.18107079,
    "pen_cop": 1038.91696807,
    "pen_crc": 134.87930105,
    "pen_gtq": 2.06462501,
    "pen_mxn": 4.54806279,
    "pen_pen": 1,
    "pen_usd": 0.265351,
    "timestamp": "2024-05-01 19:03:58",
    "usd_clp": 957.90506174,
    "usd_cop": 3915.25544898,
    "usd_crc": 508.30522037,
    "usd_gtq": 7.78073183,
    "usd_mxn": 17.13979861,
    "usd_pen": 3.76859323,
    "usd_usd": 1
}