{
    "clp_clp": 1,
    "clp_cop": 3.72833975,
    "clp_crc": 0.49132361,
    "clp_gtq": 0.0082638126,
    "clp_mxn": 0.018973416,
    "clp_pen": 0.0037051208,
    "clp_usd": 0.0010839378,
    "cop_clp": 0.2682159,
    "cop_cop": 1,
    "cop_crc": 0.1317808,
    "cop_gtq": 0.0022164859,
    "cop_mxn": 0.0050889719,
    "cop_pen": 0.00099377231,
    "cop_usd": 0.00029072935,
    "crc_clp": 2.03531843,
    "crc_cop": 7.58835862,
    "crc_crc": 1,
    "crc_gtq": 0.01681949,
    "crc_mxn": 0.038616944,
    "crc_pen": 0.0075411007,
    "crc_usd": 0.0022061586,
    "gtq_clp": 121.00952021,
    "gtq_cop": 451.16460465,
    "gtq_crc": 59.45483432,
    "gtq_gtq": 1,
    "gtq_mxn": 2.29596399,
    "gtq_pen": 0.44835489,
    "gtq_usd": 0.13116679,
    "mxn_clp": 52.70532139,
    "mxn_cop": 196.50334492,
    "mxn_crc": 25.89536878,
    "mxn_gtq": 0.4355469,
    "mxn_mxn": 1,
    "mxn_pen": 0.19527958,
    "mxn_usd": 0.05712929,
    "pen_clp": 269.89673266,
    "pen_cop": 1006.26671752,
    "pen_crc": 132.60663704,
    "pen_gtq": 2.23037602,
    "pen_mxn": 5.12086305,
    "pen_pen": 1,
    "pen_usd": 0.29255127,
    "timestamp": "2026-06-28 22:04:44",
    "usd_clp": 922.56216081,
    "usd_cop": 3439.62517861,
    "usd_crc": 453.27657139,
    "usd_gtq": 7.62388083,
    "usd_mxn": 17.50415587,
    "usd_pen": 3.41820426,
    "usd_usd": 1
}