{
    "clp_clp": 1,
    "clp_cop": 3.98614081,
    "clp_crc": 0.51221472,
    "clp_gtq": 0.0085115898,
    "clp_mxn": 0.019285805,
    "clp_pen": 0.0038053438,
    "clp_usd": 0.0011161107,
    "cop_clp": 0.25086921,
    "cop_cop": 1,
    "cop_crc": 0.1284989,
    "cop_gtq": 0.0021352958,
    "cop_mxn": 0.0048382146,
    "cop_pen": 0.00095464361,
    "cop_usd": 0.0002799978,
    "crc_clp": 1.95230624,
    "crc_cop": 7.78216758,
    "crc_crc": 1,
    "crc_gtq": 0.01661723,
    "crc_mxn": 0.037651797,
    "crc_pen": 0.0074291965,
    "crc_usd": 0.0021789898,
    "gtq_clp": 117.48686419,
    "gtq_cop": 468.3191842,
    "gtq_crc": 60.17850158,
    "gtq_gtq": 1,
    "gtq_mxn": 2.26582872,
    "gtq_pen": 0.44707791,
    "gtq_usd": 0.13112834,
    "mxn_clp": 51.85160868,
    "mxn_cop": 206.68781354,
    "mxn_crc": 26.55915737,
    "mxn_gtq": 0.44133963,
    "mxn_mxn": 1,
    "mxn_pen": 0.1973132,
    "mxn_usd": 0.057872133,
    "pen_clp": 262.78834263,
    "pen_cop": 1047.51133745,
    "pen_crc": 134.60405809,
    "pen_gtq": 2.23674659,
    "pen_mxn": 5.06808466,
    "pen_pen": 1,
    "pen_usd": 0.29330087,
    "timestamp": "2026-06-05 21:38:18",
    "usd_clp": 895.96851115,
    "usd_cop": 3571.45664845,
    "usd_crc": 458.92826263,
    "usd_gtq": 7.62611648,
    "usd_mxn": 17.27947375,
    "usd_pen": 3.40946825,
    "usd_usd": 1
}