{
    "clp_clp": 1,
    "clp_cop": 4.27528899,
    "clp_crc": 0.51362401,
    "clp_gtq": 0.0078662007,
    "clp_mxn": 0.021026491,
    "clp_pen": 0.0037819281,
    "clp_usd": 0.0010169824,
    "cop_clp": 0.23390232,
    "cop_cop": 1,
    "cop_crc": 0.12013785,
    "cop_gtq": 0.0018399226,
    "cop_mxn": 0.0049181449,
    "cop_pen": 0.00088460174,
    "cop_usd": 0.00023787455,
    "crc_clp": 1.94694949,
    "crc_cop": 8.32377174,
    "crc_crc": 1,
    "crc_gtq": 0.015315095,
    "crc_mxn": 0.040937516,
    "crc_pen": 0.0073632229,
    "crc_usd": 0.0019800135,
    "gtq_clp": 127.12617442,
    "gtq_cop": 543.50113431,
    "gtq_crc": 65.2950551,
    "gtq_gtq": 1,
    "gtq_mxn": 2.67301735,
    "gtq_pen": 0.48078205,
    "gtq_usd": 0.12928509,
    "mxn_clp": 47.55905328,
    "mxn_cop": 203.32869702,
    "mxn_crc": 24.42747151,
    "mxn_gtq": 0.37410906,
    "mxn_mxn": 1,
    "mxn_pen": 0.17986492,
    "mxn_usd": 0.048366722,
    "pen_clp": 264.41539354,
    "pen_cop": 1130.45222174,
    "pen_crc": 135.81009394,
    "pen_gtq": 2.07994455,
    "pen_mxn": 5.55972786,
    "pen_pen": 1,
    "pen_usd": 0.26890581,
    "timestamp": "2025-02-01 19:23:48",
    "usd_clp": 983.30114431,
    "usd_cop": 4203.89655971,
    "usd_crc": 505.04707381,
    "usd_gtq": 7.73484413,
    "usd_mxn": 20.67537254,
    "usd_pen": 3.7187742,
    "usd_usd": 1
}