{
    "clp_clp": 1,
    "clp_cop": 4.26992418,
    "clp_crc": 0.55709317,
    "clp_gtq": 0.0081861615,
    "clp_mxn": 0.019424924,
    "clp_pen": 0.003951019,
    "clp_usd": 0.0010552936,
    "cop_clp": 0.2341962,
    "cop_cop": 1,
    "cop_crc": 0.1304691,
    "cop_gtq": 0.0019171679,
    "cop_mxn": 0.0045492433,
    "cop_pen": 0.00092531361,
    "cop_usd": 0.00024714575,
    "crc_clp": 1.79503186,
    "crc_cop": 7.66464996,
    "crc_crc": 1,
    "crc_gtq": 0.014694421,
    "crc_mxn": 0.034868357,
    "crc_pen": 0.0070922049,
    "crc_usd": 0.0018942857,
    "gtq_clp": 122.15737533,
    "gtq_cop": 521.60273055,
    "gtq_crc": 68.05304004,
    "gtq_gtq": 1,
    "gtq_mxn": 2.37289771,
    "gtq_pen": 0.48264611,
    "gtq_usd": 0.1289119,
    "mxn_clp": 52.04654858,
    "mxn_cop": 220.8134261,
    "mxn_crc": 29.07992453,
    "mxn_gtq": 0.42653963,
    "mxn_mxn": 1,
    "mxn_pen": 0.20657793,
    "mxn_usd": 0.054979536,
    "pen_clp": 253.09926659,
    "pen_cop": 1080.71467807,
    "pen_crc": 140.99987394,
    "pen_gtq": 2.07191147,
    "pen_mxn": 4.91643398,
    "pen_pen": 1,
    "pen_usd": 0.26709404,
    "timestamp": "2024-07-25 19:11:16",
    "usd_clp": 947.60356878,
    "usd_cop": 4046.19539029,
    "usd_crc": 527.9034805,
    "usd_gtq": 7.75723583,
    "usd_mxn": 18.40712715,
    "usd_pen": 3.74399966,
    "usd_usd": 1
}