{
    "clp_clp": 1,
    "clp_cop": 4.12673551,
    "clp_crc": 0.52665822,
    "clp_gtq": 0.0085473984,
    "clp_mxn": 0.019801314,
    "clp_pen": 0.0038207569,
    "clp_usd": 0.0011144453,
    "cop_clp": 0.24232229,
    "cop_cop": 1,
    "cop_crc": 0.12762103,
    "cop_gtq": 0.0020712252,
    "cop_mxn": 0.0047982997,
    "cop_pen": 0.00092585457,
    "cop_usd": 0.00027005493,
    "crc_clp": 1.89876463,
    "crc_cop": 7.83569941,
    "crc_crc": 1,
    "crc_gtq": 0.016229498,
    "crc_mxn": 0.037598034,
    "crc_pen": 0.0072547181,
    "crc_usd": 0.0021160692,
    "gtq_clp": 116.9946635,
    "gtq_cop": 482.80603239,
    "gtq_crc": 61.61620133,
    "gtq_gtq": 1,
    "gtq_mxn": 2.31664806,
    "gtq_pen": 0.44700817,
    "gtq_usd": 0.13038415,
    "mxn_clp": 50.50169926,
    "mxn_cop": 208.40715566,
    "mxn_crc": 26.59713508,
    "mxn_gtq": 0.43165814,
    "mxn_mxn": 1,
    "mxn_pen": 0.19295472,
    "mxn_usd": 0.056281379,
    "pen_clp": 261.72824276,
    "pen_cop": 1080.08323346,
    "pen_crc": 137.84133068,
    "pen_gtq": 2.23709556,
    "pen_mxn": 5.18256309,
    "pen_pen": 1,
    "pen_usd": 0.2916818,
    "timestamp": "2026-03-12 20:11:42",
    "usd_clp": 897.30742563,
    "usd_cop": 3702.95041696,
    "usd_crc": 472.57433235,
    "usd_gtq": 7.66964406,
    "usd_mxn": 17.76786601,
    "usd_pen": 3.42839357,
    "usd_usd": 1
}