{
    "clp_clp": 1,
    "clp_cop": 4.55279209,
    "clp_crc": 0.52251762,
    "clp_gtq": 0.0079542397,
    "clp_mxn": 0.020877552,
    "clp_pen": 0.0038584772,
    "clp_usd": 0.0010312994,
    "cop_clp": 0.21964544,
    "cop_cop": 1,
    "cop_crc": 0.11476861,
    "cop_gtq": 0.0017471124,
    "cop_mxn": 0.004585659,
    "cop_pen": 0.00084749691,
    "cop_usd": 0.0002265202,
    "crc_clp": 1.91381106,
    "crc_cop": 8.71318383,
    "crc_crc": 1,
    "crc_gtq": 0.015222912,
    "crc_mxn": 0.039955689,
    "crc_pen": 0.0073843963,
    "crc_usd": 0.0019737122,
    "gtq_clp": 126.38830279,
    "gtq_cop": 574.6992135,
    "gtq_crc": 65.78555359,
    "gtq_gtq": 1,
    "gtq_mxn": 2.61718023,
    "gtq_pen": 0.48731302,
    "gtq_usd": 0.12961325,
    "mxn_clp": 47.89833641,
    "mxn_cop": 218.0711669,
    "mxn_crc": 25.02772478,
    "mxn_gtq": 0.38099485,
    "mxn_mxn": 1,
    "mxn_pen": 0.18481464,
    "mxn_usd": 0.049397525,
    "pen_clp": 259.1696016,
    "pen_cop": 1179.94531083,
    "pen_crc": 135.42068362,
    "pen_gtq": 2.06149713,
    "pen_mxn": 5.41082678,
    "pen_pen": 1,
    "pen_usd": 0.26728145,
    "timestamp": "2024-12-10 06:39:21",
    "usd_clp": 975.11865639,
    "usd_cop": 4433.95403294,
    "usd_crc": 507.55267065,
    "usd_gtq": 7.71526031,
    "usd_mxn": 20.19222673,
    "usd_pen": 3.75974679,
    "usd_usd": 1
}