{
    "clp_clp": 1,
    "clp_cop": 4.03393604,
    "clp_crc": 0.53220206,
    "clp_gtq": 0.0081436084,
    "clp_mxn": 0.019675901,
    "clp_pen": 0.0035961196,
    "clp_usd": 0.0010632723,
    "cop_clp": 0.24789684,
    "cop_cop": 1,
    "cop_crc": 0.13193121,
    "cop_gtq": 0.0020187748,
    "cop_mxn": 0.0048775937,
    "cop_pen": 0.00089146668,
    "cop_usd": 0.00026358185,
    "crc_clp": 1.87898557,
    "crc_cop": 7.57970762,
    "crc_crc": 1,
    "crc_gtq": 0.015301723,
    "crc_mxn": 0.036970734,
    "crc_pen": 0.0067570568,
    "crc_usd": 0.0019978734,
    "gtq_clp": 122.79568783,
    "gtq_cop": 495.34995122,
    "gtq_crc": 65.35211861,
    "gtq_gtq": 1,
    "gtq_mxn": 2.41611578,
    "gtq_pen": 0.44158798,
    "gtq_usd": 0.13056526,
    "mxn_clp": 50.82359419,
    "mxn_cop": 205.01912851,
    "mxn_crc": 27.04842177,
    "mxn_gtq": 0.41388745,
    "mxn_mxn": 1,
    "mxn_pen": 0.18276772,
    "mxn_usd": 0.054039322,
    "pen_clp": 278.07751736,
    "pen_cop": 1121.74692041,
    "pen_crc": 147.99342891,
    "pen_gtq": 2.26455442,
    "pen_mxn": 5.47142566,
    "pen_pen": 1,
    "pen_usd": 0.29567213,
    "timestamp": "2025-11-25 06:45:03",
    "usd_clp": 940.49282078,
    "usd_cop": 3793.88788916,
    "usd_crc": 500.53222111,
    "usd_gtq": 7.65900527,
    "usd_mxn": 18.50504349,
    "usd_pen": 3.38212463,
    "usd_usd": 1
}