{
    "clp_clp": 1,
    "clp_cop": 3.47379831,
    "clp_crc": 0.48875174,
    "clp_gtq": 0.0081962758,
    "clp_mxn": 0.018792249,
    "clp_pen": 0.003674784,
    "clp_usd": 0.0010732766,
    "cop_clp": 0.28786933,
    "cop_cop": 1,
    "cop_crc": 0.14069664,
    "cop_gtq": 0.0023594564,
    "cop_mxn": 0.0054097122,
    "cop_pen": 0.0010578576,
    "cop_usd": 0.00030896342,
    "crc_clp": 2.04602853,
    "crc_cop": 7.10749046,
    "crc_crc": 1,
    "crc_gtq": 0.016769814,
    "crc_mxn": 0.038449478,
    "crc_pen": 0.007518713,
    "crc_usd": 0.0021959545,
    "gtq_clp": 122.00663122,
    "gtq_cop": 423.8264298,
    "gtq_crc": 59.63095305,
    "gtq_gtq": 1,
    "gtq_mxn": 2.29277899,
    "gtq_pen": 0.44834802,
    "gtq_usd": 0.13094686,
    "mxn_clp": 53.2134287,
    "mxn_cop": 184.8527189,
    "mxn_crc": 26.00815576,
    "mxn_gtq": 0.43615194,
    "mxn_mxn": 1,
    "mxn_pen": 0.19554786,
    "mxn_usd": 0.057112727,
    "pen_clp": 272.12483496,
    "pen_cop": 945.30679279,
    "pen_crc": 133.00148603,
    "pen_gtq": 2.2304102,
    "pen_mxn": 5.11383765,
    "pen_pen": 1,
    "pen_usd": 0.29206522,
    "timestamp": "2026-07-14 20:33:39",
    "usd_clp": 931.72627511,
    "usd_cop": 3236.62916332,
    "usd_crc": 455.38283627,
    "usd_gtq": 7.63668553,
    "usd_mxn": 17.50923212,
    "usd_pen": 3.42389284,
    "usd_usd": 1
}