{
    "clp_clp": 1,
    "clp_cop": 4.14910229,
    "clp_crc": 0.5280776,
    "clp_gtq": 0.0082745537,
    "clp_mxn": 0.019643891,
    "clp_pen": 0.0036360569,
    "clp_usd": 0.0010807766,
    "cop_clp": 0.24101599,
    "cop_cop": 1,
    "cop_crc": 0.12727515,
    "cop_gtq": 0.0019942998,
    "cop_mxn": 0.0047344918,
    "cop_pen": 0.00087634785,
    "cop_usd": 0.00026048445,
    "crc_clp": 1.89366107,
    "crc_cop": 7.8569935,
    "crc_crc": 1,
    "crc_gtq": 0.0156692,
    "crc_mxn": 0.037198871,
    "crc_pen": 0.0068854593,
    "crc_usd": 0.0020466247,
    "gtq_clp": 120.85243913,
    "gtq_cop": 501.4291322,
    "gtq_crc": 63.81946635,
    "gtq_gtq": 1,
    "gtq_mxn": 2.37401209,
    "gtq_pen": 0.43942634,
    "gtq_usd": 0.13061449,
    "mxn_clp": 50.90641258,
    "mxn_cop": 211.21591311,
    "mxn_crc": 26.88253632,
    "mxn_gtq": 0.42122785,
    "mxn_mxn": 1,
    "mxn_pen": 0.18509861,
    "mxn_usd": 0.055018462,
    "pen_clp": 275.02320181,
    "pen_cop": 1141.09939704,
    "pen_crc": 145.23359313,
    "pen_gtq": 2.27569426,
    "pen_mxn": 5.40252569,
    "pen_pen": 1,
    "pen_usd": 0.29723865,
    "timestamp": "2025-12-07 19:46:39",
    "usd_clp": 925.26055782,
    "usd_cop": 3839.00070134,
    "usd_crc": 488.60937735,
    "usd_gtq": 7.65611819,
    "usd_mxn": 18.17571718,
    "usd_pen": 3.3643,
    "usd_usd": 1
}