{
    "clp_clp": 1,
    "clp_cop": 4.1677939,
    "clp_crc": 0.53767168,
    "clp_gtq": 0.0082939172,
    "clp_mxn": 0.019766597,
    "clp_pen": 0.0036486982,
    "clp_usd": 0.001085339,
    "cop_clp": 0.24067755,
    "cop_cop": 1,
    "cop_crc": 0.12732858,
    "cop_gtq": 0.0019968772,
    "cop_mxn": 0.0047634731,
    "cop_pen": 0.00087682719,
    "cop_usd": 0.00026074005,
    "crc_clp": 1.89020843,
    "crc_cop": 7.85369633,
    "crc_crc": 1,
    "crc_gtq": 0.015682867,
    "crc_mxn": 0.037410871,
    "crc_pen": 0.0068863345,
    "crc_usd": 0.0020477731,
    "gtq_clp": 120.52696766,
    "gtq_cop": 500.78191895,
    "gtq_crc": 63.76385055,
    "gtq_gtq": 1,
    "gtq_mxn": 2.38546118,
    "gtq_pen": 0.4390992,
    "gtq_usd": 0.1305739,
    "mxn_clp": 50.52564617,
    "mxn_cop": 209.93086058,
    "mxn_crc": 26.73019834,
    "mxn_gtq": 0.41920615,
    "mxn_mxn": 1,
    "mxn_pen": 0.18407309,
    "mxn_usd": 0.054737382,
    "pen_clp": 274.0703522,
    "pen_cop": 1142.26874127,
    "pen_crc": 147.35986646,
    "pen_gtq": 2.2731168,
    "pen_mxn": 5.41743809,
    "pen_pen": 1,
    "pen_usd": 0.29745925,
    "timestamp": "2025-12-11 06:49:49",
    "usd_clp": 923.05558234,
    "usd_cop": 3835.23749754,
    "usd_crc": 488.33534389,
    "usd_gtq": 7.65849835,
    "usd_mxn": 18.26905052,
    "usd_pen": 3.36284053,
    "usd_usd": 1
}