{
    "clp_clp": 1,
    "clp_cop": 4.00109798,
    "clp_crc": 0.51143379,
    "clp_gtq": 0.0079387768,
    "clp_mxn": 0.017385276,
    "clp_pen": 0.0038375506,
    "clp_usd": 0.0010199559,
    "cop_clp": 0.2499314,
    "cop_cop": 1,
    "cop_crc": 0.12782336,
    "cop_gtq": 0.0019841496,
    "cop_mxn": 0.0043451264,
    "cop_pen": 0.00095912437,
    "cop_usd": 0.00025491901,
    "crc_clp": 1.95528731,
    "crc_cop": 7.82329611,
    "crc_crc": 1,
    "crc_gtq": 0.015522589,
    "crc_mxn": 0.03399321,
    "crc_pen": 0.0075035139,
    "crc_usd": 0.0019943069,
    "gtq_clp": 125.96399047,
    "gtq_cop": 503.99426744,
    "gtq_crc": 64.42224103,
    "gtq_gtq": 1,
    "gtq_mxn": 2.18991878,
    "gtq_pen": 0.48339318,
    "gtq_usd": 0.12847772,
    "mxn_clp": 57.51993704,
    "mxn_cop": 230.14290373,
    "mxn_crc": 29.41763939,
    "mxn_gtq": 0.45663794,
    "mxn_mxn": 1,
    "mxn_pen": 0.22073567,
    "mxn_usd": 0.058667801,
    "pen_clp": 260.58288556,
    "pen_cop": 1042.61765623,
    "pen_crc": 133.27089273,
    "pen_gtq": 2.06870936,
    "pen_mxn": 4.53030547,
    "pen_pen": 1,
    "pen_usd": 0.26578306,
    "timestamp": "2024-04-17 19:02:51",
    "usd_clp": 980.43451729,
    "usd_cop": 3922.81456354,
    "usd_crc": 501.42734087,
    "usd_gtq": 7.78345076,
    "usd_mxn": 17.04512501,
    "usd_pen": 3.76246704,
    "usd_usd": 1
}