{
    "clp_clp": 1,
    "clp_cop": 4.58785083,
    "clp_crc": 0.54297385,
    "clp_gtq": 0.0081613515,
    "clp_mxn": 0.021159485,
    "clp_pen": 0.0039696687,
    "clp_usd": 0.0010560569,
    "cop_clp": 0.21796698,
    "cop_cop": 1,
    "cop_crc": 0.11835037,
    "cop_gtq": 0.0017789052,
    "cop_mxn": 0.004612069,
    "cop_pen": 0.0008652567,
    "cop_usd": 0.00023018554,
    "crc_clp": 1.84170933,
    "crc_cop": 8.44948768,
    "crc_crc": 1,
    "crc_gtq": 0.015030837,
    "crc_mxn": 0.03896962,
    "crc_pen": 0.0073109758,
    "crc_usd": 0.0019449499,
    "gtq_clp": 122.52872512,
    "gtq_cop": 562.14351353,
    "gtq_crc": 66.52989323,
    "gtq_gtq": 1,
    "gtq_mxn": 2.59264466,
    "gtq_pen": 0.48639844,
    "gtq_usd": 0.12939731,
    "mxn_clp": 47.26013048,
    "mxn_cop": 216.82242896,
    "mxn_crc": 25.66101485,
    "mxn_gtq": 0.38570654,
    "mxn_mxn": 1,
    "mxn_pen": 0.18760706,
    "mxn_usd": 0.049909389,
    "pen_clp": 251.91019328,
    "pen_cop": 1155.72638994,
    "pen_crc": 136.78064672,
    "pen_gtq": 2.05592765,
    "pen_mxn": 5.33028984,
    "pen_pen": 1,
    "pen_usd": 0.26603151,
    "timestamp": "2024-10-29 19:22:16",
    "usd_clp": 946.91864219,
    "usd_cop": 4344.32148077,
    "usd_crc": 514.15205786,
    "usd_gtq": 7.72813592,
    "usd_mxn": 20.03631037,
    "usd_pen": 3.75895326,
    "usd_usd": 1
}