{
    "clp_clp": 1,
    "clp_cop": 3.46726868,
    "clp_crc": 0.48188473,
    "clp_gtq": 0.0081715299,
    "clp_mxn": 0.018796653,
    "clp_pen": 0.0036386994,
    "clp_usd": 0.0010719128,
    "cop_clp": 0.28841145,
    "cop_cop": 1,
    "cop_crc": 0.13898108,
    "cop_gtq": 0.0023567628,
    "cop_mxn": 0.0054211699,
    "cop_pen": 0.0010494426,
    "cop_usd": 0.00030915193,
    "crc_clp": 2.0562525,
    "crc_cop": 7.20935805,
    "crc_crc": 1,
    "crc_gtq": 0.016805555,
    "crc_mxn": 0.038669277,
    "crc_pen": 0.007472991,
    "crc_usd": 0.0022040712,
    "gtq_clp": 122.37610534,
    "gtq_cop": 424.31083745,
    "gtq_crc": 58.97117679,
    "gtq_gtq": 1,
    "gtq_mxn": 2.30026115,
    "gtq_pen": 0.44528986,
    "gtq_usd": 0.13117651,
    "mxn_clp": 53.20096164,
    "mxn_cop": 184.46202811,
    "mxn_crc": 25.63673117,
    "mxn_gtq": 0.43473325,
    "mxn_mxn": 1,
    "mxn_pen": 0.1935823,
    "mxn_usd": 0.057026791,
    "pen_clp": 274.82347436,
    "pen_cop": 952.88682565,
    "pen_crc": 132.43323644,
    "pen_gtq": 2.24572823,
    "pen_mxn": 5.16576141,
    "pen_pen": 1,
    "pen_usd": 0.2945868,
    "timestamp": "2026-07-19 07:19:32",
    "usd_clp": 932.93376887,
    "usd_cop": 3270.92786014,
    "usd_crc": 453.70584151,
    "usd_gtq": 7.62477862,
    "usd_mxn": 17.54447697,
    "usd_pen": 3.39053968,
    "usd_usd": 1
}