{
    "clp_clp": 1,
    "clp_cop": 4.26425347,
    "clp_crc": 0.56049144,
    "clp_gtq": 0.0089100046,
    "clp_mxn": 0.019955362,
    "clp_pen": 0.0038897176,
    "clp_usd": 0.0011599354,
    "cop_clp": 0.23450764,
    "cop_cop": 1,
    "cop_crc": 0.13143952,
    "cop_gtq": 0.0020894641,
    "cop_mxn": 0.0046796847,
    "cop_pen": 0.00091216848,
    "cop_usd": 0.0002720137,
    "crc_clp": 1.78414858,
    "crc_cop": 7.60806175,
    "crc_crc": 1,
    "crc_gtq": 0.015896772,
    "crc_mxn": 0.03560333,
    "crc_pen": 0.0069398341,
    "crc_usd": 0.0020694971,
    "gtq_clp": 112.23338793,
    "gtq_cop": 478.59161382,
    "gtq_crc": 62.90585293,
    "gtq_gtq": 1,
    "gtq_mxn": 2.23965785,
    "gtq_pen": 0.43655618,
    "gtq_usd": 0.13018348,
    "mxn_clp": 50.11184543,
    "mxn_cop": 213.68961073,
    "mxn_crc": 28.08726028,
    "mxn_gtq": 0.44649677,
    "mxn_mxn": 1,
    "mxn_pen": 0.19492093,
    "mxn_usd": 0.058126502,
    "pen_clp": 257.08807302,
    "pen_cop": 1096.28870717,
    "pen_crc": 144.09566359,
    "pen_gtq": 2.29065591,
    "pen_mxn": 5.13028548,
    "pen_pen": 1,
    "pen_usd": 0.29820555,
    "timestamp": "2026-02-19 20:20:08",
    "usd_clp": 862.11699385,
    "usd_cop": 3676.28538158,
    "usd_crc": 483.20919312,
    "usd_gtq": 7.68146636,
    "usd_mxn": 17.20385642,
    "usd_pen": 3.35339164,
    "usd_usd": 1
}