{
    "clp_clp": 1,
    "clp_cop": 4.31985915,
    "clp_crc": 0.50867786,
    "clp_gtq": 0.0077053553,
    "clp_mxn": 0.020386211,
    "clp_pen": 0.0037712141,
    "clp_usd": 0.00099854606,
    "cop_clp": 0.23148903,
    "cop_cop": 1,
    "cop_crc": 0.11775334,
    "cop_gtq": 0.0017837052,
    "cop_mxn": 0.0047191842,
    "cop_pen": 0.0008729947,
    "cop_usd": 0.00023115246,
    "crc_clp": 1.97349888,
    "crc_cop": 8.51700795,
    "crc_crc": 1,
    "crc_gtq": 0.015154424,
    "crc_mxn": 0.039896249,
    "crc_pen": 0.0074006289,
    "crc_usd": 0.0019636555,
    "gtq_clp": 129.77986931,
    "gtq_cop": 560.6307555,
    "gtq_crc": 66.01614559,
    "gtq_gtq": 1,
    "gtq_mxn": 2.64571979,
    "gtq_pen": 0.48942768,
    "gtq_usd": 0.12959118,
    "mxn_clp": 49.05276427,
    "mxn_cop": 211.9010324,
    "mxn_crc": 24.95205493,
    "mxn_gtq": 0.37796898,
    "mxn_mxn": 1,
    "mxn_pen": 0.18498848,
    "mxn_usd": 0.048981444,
    "pen_clp": 265.16659199,
    "pen_cop": 1145.48232785,
    "pen_crc": 134.88437332,
    "pen_gtq": 2.0432028,
    "pen_mxn": 5.40574208,
    "pen_pen": 1,
    "pen_usd": 0.26478105,
    "timestamp": "2025-01-09 06:36:04",
    "usd_clp": 1001.45606063,
    "usd_cop": 4326.14912365,
    "usd_crc": 509.41852115,
    "usd_gtq": 7.71657474,
    "usd_mxn": 20.41589451,
    "usd_pen": 3.77670525,
    "usd_usd": 1
}