{
    "clp_clp": 1,
    "clp_cop": 4.46168121,
    "clp_crc": 0.51954601,
    "clp_gtq": 0.0079716726,
    "clp_mxn": 0.020411828,
    "clp_pen": 0.0038685922,
    "clp_usd": 0.0010350852,
    "cop_clp": 0.22413076,
    "cop_cop": 1,
    "cop_crc": 0.11644624,
    "cop_gtq": 0.001786697,
    "cop_mxn": 0.0045749186,
    "cop_pen": 0.0008670705,
    "cop_usd": 0.00023199443,
    "crc_clp": 1.92475734,
    "crc_cop": 8.58765367,
    "crc_crc": 1,
    "crc_gtq": 0.015343535,
    "crc_mxn": 0.039287816,
    "crc_pen": 0.0074461012,
    "crc_usd": 0.0019922878,
    "gtq_clp": 125.7012304,
    "gtq_cop": 559.79962133,
    "gtq_crc": 65.21102575,
    "gtq_gtq": 1,
    "gtq_mxn": 2.55847829,
    "gtq_pen": 0.48608634,
    "gtq_usd": 0.12985751,
    "mxn_clp": 49.13124767,
    "mxn_cop": 218.80178703,
    "mxn_crc": 25.48820761,
    "mxn_gtq": 0.39085733,
    "mxn_mxn": 1,
    "mxn_pen": 0.18999041,
    "mxn_usd": 0.050755758,
    "pen_clp": 258.59856619,
    "pen_cop": 1151.64647926,
    "pen_crc": 134.15523226,
    "pen_gtq": 2.05724769,
    "pen_mxn": 5.26342355,
    "pen_pen": 1,
    "pen_usd": 0.26714905,
    "timestamp": "2025-04-19 19:43:22",
    "usd_clp": 966.10405057,
    "usd_cop": 4310.44828651,
    "usd_crc": 501.93550573,
    "usd_gtq": 7.70146515,
    "usd_mxn": 19.71994993,
    "usd_pen": 3.73746256,
    "usd_usd": 1
}