{
    "clp_clp": 1,
    "clp_cop": 3.48387002,
    "clp_crc": 0.48579063,
    "clp_gtq": 0.0081688247,
    "clp_mxn": 0.018638969,
    "clp_pen": 0.0036361301,
    "clp_usd": 0.0010703019,
    "cop_clp": 0.28703712,
    "cop_cop": 1,
    "cop_crc": 0.13943994,
    "cop_gtq": 0.0023447559,
    "cop_mxn": 0.0053500758,
    "cop_pen": 0.0010437043,
    "cop_usd": 0.00030721638,
    "crc_clp": 2.05835233,
    "crc_cop": 7.15704907,
    "crc_crc": 1,
    "crc_gtq": 0.016811225,
    "crc_mxn": 0.038601824,
    "crc_pen": 0.0074778926,
    "crc_usd": 0.0022044861,
    "gtq_clp": 122.41663065,
    "gtq_cop": 426.48362941,
    "gtq_crc": 59.46885162,
    "gtq_gtq": 1,
    "gtq_mxn": 2.28171976,
    "gtq_pen": 0.44512279,
    "gtq_usd": 0.13102276,
    "mxn_clp": 53.65103669,
    "mxn_cop": 186.91323825,
    "mxn_crc": 26.06317069,
    "mxn_gtq": 0.43826592,
    "mxn_mxn": 1,
    "mxn_pen": 0.19508215,
    "mxn_usd": 0.057422808,
    "pen_clp": 275.01766261,
    "pen_cop": 958.12578962,
    "pen_crc": 133.60100244,
    "pen_gtq": 2.24657108,
    "pen_mxn": 5.12604564,
    "pen_pen": 1,
    "pen_usd": 0.29435193,
    "timestamp": "2026-07-21 07:52:42",
    "usd_clp": 933.71072319,
    "usd_cop": 3246.58386652,
    "usd_crc": 453.62045675,
    "usd_gtq": 7.62591542,
    "usd_mxn": 17.51057704,
    "usd_pen": 3.39212505,
    "usd_usd": 1
}