{
    "clp_clp": 1,
    "clp_cop": 4.03986867,
    "clp_crc": 0.52451957,
    "clp_gtq": 0.0079835195,
    "clp_mxn": 0.019193234,
    "clp_pen": 0.0035935069,
    "clp_usd": 0.0010417927,
    "cop_clp": 0.24451556,
    "cop_cop": 1,
    "cop_crc": 0.1293761,
    "cop_gtq": 0.0019697434,
    "cop_mxn": 0.0047133341,
    "cop_pen": 0.00088537104,
    "cop_usd": 0.00025712226,
    "crc_clp": 1.90650655,
    "crc_cop": 7.70203609,
    "crc_crc": 1,
    "crc_gtq": 0.015220632,
    "crc_mxn": 0.036592026,
    "crc_pen": 0.0068510444,
    "crc_usd": 0.0019861847,
    "gtq_clp": 125.25803913,
    "gtq_cop": 506.02602825,
    "gtq_crc": 65.70029304,
    "gtq_gtq": 1,
    "gtq_mxn": 2.40410681,
    "gtq_pen": 0.45011562,
    "gtq_usd": 0.13049291,
    "mxn_clp": 52.10169466,
    "mxn_cop": 210.48400403,
    "mxn_crc": 27.32835857,
    "mxn_gtq": 0.4159549,
    "mxn_mxn": 1,
    "mxn_pen": 0.1872278,
    "mxn_usd": 0.054279166,
    "pen_clp": 278.27969764,
    "pen_cop": 1124.21343266,
    "pen_crc": 145.96314782,
    "pen_gtq": 2.2216514,
    "pen_mxn": 5.34108726,
    "pen_pen": 1,
    "pen_usd": 0.28990976,
    "timestamp": "2025-10-09 06:41:34",
    "usd_clp": 959.88383887,
    "usd_cop": 3877.80464983,
    "usd_crc": 503.47786006,
    "usd_gtq": 7.66325136,
    "usd_mxn": 18.42327481,
    "usd_pen": 3.44934915,
    "usd_usd": 1
}