{
    "clp_clp": 1,
    "clp_cop": 4.59033454,
    "clp_crc": 0.53325573,
    "clp_gtq": 0.0080304067,
    "clp_mxn": 0.020965614,
    "clp_pen": 0.0039198294,
    "clp_usd": 0.0010396664,
    "cop_clp": 0.21753735,
    "cop_cop": 1,
    "cop_crc": 0.11686665,
    "cop_gtq": 0.0017574836,
    "cop_mxn": 0.0045602995,
    "cop_pen": 0.00085560812,
    "cop_usd": 0.00022746047,
    "crc_clp": 1.87527285,
    "crc_cop": 8.60812975,
    "crc_crc": 1,
    "crc_gtq": 0.015059204,
    "crc_mxn": 0.039316246,
    "crc_pen": 0.0073507496,
    "crc_usd": 0.0019496581,
    "gtq_clp": 124.52669382,
    "gtq_cop": 571.61918347,
    "gtq_crc": 66.40457337,
    "gtq_gtq": 1,
    "gtq_mxn": 2.61077857,
    "gtq_pen": 0.48812339,
    "gtq_usd": 0.12946622,
    "mxn_clp": 47.6971487,
    "mxn_cop": 218.94586901,
    "mxn_crc": 25.43477798,
    "mxn_gtq": 0.3830275,
    "mxn_mxn": 1,
    "mxn_pen": 0.18696469,
    "mxn_usd": 0.049589122,
    "pen_clp": 254.24881524,
    "pen_cop": 1168.75936207,
    "pen_crc": 136.58899618,
    "pen_gtq": 2.05407539,
    "pen_mxn": 5.32989276,
    "pen_pen": 1,
    "pen_usd": 0.26584656,
    "timestamp": "2024-10-31 06:35:27",
    "usd_clp": 961.84700822,
    "usd_cop": 4415.19954153,
    "usd_crc": 512.91043126,
    "usd_gtq": 7.72402269,
    "usd_mxn": 20.16571293,
    "usd_pen": 3.77027617,
    "usd_usd": 1
}