{
    "clp_clp": 1,
    "clp_cop": 4.22169049,
    "clp_crc": 0.56463724,
    "clp_gtq": 0.0085778426,
    "clp_mxn": 0.018435131,
    "clp_pen": 0.0041063332,
    "clp_usd": 0.001104651,
    "cop_clp": 0.23687194,
    "cop_cop": 1,
    "cop_crc": 0.13374672,
    "cop_gtq": 0.0020318502,
    "cop_mxn": 0.0043667652,
    "cop_pen": 0.0009726751,
    "cop_usd": 0.00026166083,
    "crc_clp": 1.7710486,
    "crc_cop": 7.47681905,
    "crc_crc": 1,
    "crc_gtq": 0.015191776,
    "crc_mxn": 0.032649513,
    "crc_pen": 0.0072725157,
    "crc_usd": 0.0019563907,
    "gtq_clp": 116.5794293,
    "gtq_cop": 492.16226824,
    "gtq_crc": 65.82508754,
    "gtq_gtq": 1,
    "gtq_mxn": 2.14915706,
    "gtq_pen": 0.47871398,
    "gtq_usd": 0.12877959,
    "mxn_clp": 54.24425767,
    "mxn_cop": 229.00246685,
    "mxn_crc": 30.62832809,
    "mxn_gtq": 0.46529871,
    "mxn_mxn": 1,
    "mxn_pen": 0.222745,
    "mxn_usd": 0.059920975,
    "pen_clp": 243.52626669,
    "pen_cop": 1028.09252465,
    "pen_crc": 137.5039998,
    "pen_gtq": 2.08893,
    "pen_mxn": 4.48943865,
    "pen_pen": 1,
    "pen_usd": 0.26901154,
    "timestamp": "2024-05-16 19:06:49",
    "usd_clp": 905.26327191,
    "usd_cop": 3821.74134778,
    "usd_crc": 511.14535795,
    "usd_gtq": 7.7652059,
    "usd_mxn": 16.68864707,
    "usd_pen": 3.71731265,
    "usd_usd": 1
}