{
    "clp_clp": 1,
    "clp_cop": 3.93438513,
    "clp_crc": 0.50405574,
    "clp_gtq": 0.0083399444,
    "clp_mxn": 0.01911497,
    "clp_pen": 0.0037984332,
    "clp_usd": 0.0010942672,
    "cop_clp": 0.25416932,
    "cop_cop": 1,
    "cop_crc": 0.12811551,
    "cop_gtq": 0.002119758,
    "cop_mxn": 0.0048584389,
    "cop_pen": 0.00096544518,
    "cop_usd": 0.00027812915,
    "crc_clp": 1.98390757,
    "crc_cop": 7.80545643,
    "crc_crc": 1,
    "crc_gtq": 0.016545679,
    "crc_mxn": 0.037922333,
    "crc_pen": 0.0075357403,
    "crc_usd": 0.002170925,
    "gtq_clp": 119.90487678,
    "gtq_cop": 471.75196446,
    "gtq_crc": 60.43874162,
    "gtq_gtq": 1,
    "gtq_mxn": 2.29197809,
    "gtq_pen": 0.45545066,
    "gtq_usd": 0.13120797,
    "mxn_clp": 52.31501866,
    "mxn_cop": 205.82743161,
    "mxn_crc": 26.36968554,
    "mxn_gtq": 0.43630434,
    "mxn_mxn": 1,
    "mxn_pen": 0.1987151,
    "mxn_usd": 0.057246609,
    "pen_clp": 263.26644692,
    "pen_cop": 1035.79159456,
    "pen_crc": 132.70096421,
    "pen_gtq": 2.19562752,
    "pen_mxn": 5.03233017,
    "pen_pen": 1,
    "pen_usd": 0.28808384,
    "timestamp": "2026-06-06 22:05:32",
    "usd_clp": 913.85358815,
    "usd_cop": 3595.45197016,
    "usd_crc": 460.63314833,
    "usd_gtq": 7.62148807,
    "usd_mxn": 17.46828371,
    "usd_pen": 3.47121177,
    "usd_usd": 1
}