{
    "clp_clp": 1,
    "clp_cop": 4.36284653,
    "clp_crc": 0.56710605,
    "clp_gtq": 0.0083074546,
    "clp_mxn": 0.020191985,
    "clp_pen": 0.0039995004,
    "clp_usd": 0.0010720348,
    "cop_clp": 0.22920815,
    "cop_cop": 1,
    "cop_crc": 0.12998533,
    "cop_gtq": 0.0019041363,
    "cop_mxn": 0.0046281676,
    "cop_pen": 0.0009167181,
    "cop_usd": 0.00024571911,
    "crc_clp": 1.76333863,
    "crc_cop": 7.69317585,
    "crc_crc": 1,
    "crc_gtq": 0.014648856,
    "crc_mxn": 0.035605307,
    "crc_pen": 0.0070524736,
    "crc_usd": 0.0018903603,
    "gtq_clp": 120.37381504,
    "gtq_cop": 525.17248183,
    "gtq_crc": 68.26471825,
    "gtq_gtq": 1,
    "gtq_mxn": 2.43058626,
    "gtq_pen": 0.48143512,
    "gtq_usd": 0.12904492,
    "mxn_clp": 49.52460113,
    "mxn_cop": 216.06823445,
    "mxn_crc": 28.08570071,
    "mxn_gtq": 0.41142337,
    "mxn_mxn": 1,
    "mxn_pen": 0.19807366,
    "mxn_usd": 0.053092094,
    "pen_clp": 250.03122937,
    "pen_cop": 1090.84788266,
    "pen_crc": 141.79422179,
    "pen_gtq": 2.07712308,
    "pen_mxn": 5.04862682,
    "pen_pen": 1,
    "pen_usd": 0.26804217,
    "timestamp": "2024-08-10 19:18:57",
    "usd_clp": 932.80556499,
    "usd_cop": 4069.68752691,
    "usd_crc": 528.99967538,
    "usd_gtq": 7.74923985,
    "usd_mxn": 18.83519592,
    "usd_pen": 3.73075622,
    "usd_usd": 1
}