{
    "clp_clp": 1,
    "clp_cop": 4.18268435,
    "clp_crc": 0.52267618,
    "clp_gtq": 0.007919981,
    "clp_mxn": 0.019201798,
    "clp_pen": 0.0036528248,
    "clp_usd": 0.0010333115,
    "cop_clp": 0.23908091,
    "cop_cop": 1,
    "cop_crc": 0.1249619,
    "cop_gtq": 0.0018935163,
    "cop_mxn": 0.0045907833,
    "cop_pen": 0.00087332069,
    "cop_usd": 0.00024704507,
    "crc_clp": 1.91323047,
    "crc_cop": 8.00243912,
    "crc_crc": 1,
    "crc_gtq": 0.015152749,
    "crc_mxn": 0.036737464,
    "crc_pen": 0.0069886956,
    "crc_usd": 0.0019769631,
    "gtq_clp": 126.2629291,
    "gtq_cop": 528.11797693,
    "gtq_crc": 65.99462598,
    "gtq_gtq": 1,
    "gtq_mxn": 2.42447521,
    "gtq_pen": 0.46121635,
    "gtq_usd": 0.13046894,
    "mxn_clp": 52.07845738,
    "mxn_cop": 217.82774839,
    "mxn_crc": 27.22016938,
    "mxn_gtq": 0.41246039,
    "mxn_mxn": 1,
    "mxn_pen": 0.19023348,
    "mxn_usd": 0.053813271,
    "pen_clp": 273.76073722,
    "pen_cop": 1145.05474988,
    "pen_crc": 143.0882175,
    "pen_gtq": 2.16817984,
    "pen_mxn": 5.25669828,
    "pen_pen": 1,
    "pen_usd": 0.28288013,
    "timestamp": "2025-08-11 19:45:04",
    "usd_clp": 967.76235373,
    "usd_cop": 4047.84444673,
    "usd_crc": 505.82633421,
    "usd_gtq": 7.66465946,
    "usd_mxn": 18.58277688,
    "usd_pen": 3.53506629,
    "usd_usd": 1
}