{
    "clp_clp": 1,
    "clp_cop": 4.23933015,
    "clp_crc": 0.51163921,
    "clp_gtq": 0.0078446714,
    "clp_mxn": 0.021537779,
    "clp_pen": 0.0037737204,
    "clp_usd": 0.0010135839,
    "cop_clp": 0.23588632,
    "cop_cop": 1,
    "cop_crc": 0.12068869,
    "cop_gtq": 0.0018504507,
    "cop_mxn": 0.0050804675,
    "cop_pen": 0.00089016903,
    "cop_usd": 0.00023909057,
    "crc_clp": 1.95450226,
    "crc_cop": 8.28578035,
    "crc_crc": 1,
    "crc_gtq": 0.015332428,
    "crc_mxn": 0.042095637,
    "crc_pen": 0.0073757451,
    "crc_usd": 0.001981052,
    "gtq_clp": 127.47506544,
    "gtq_cop": 540.40888809,
    "gtq_crc": 65.22124233,
    "gtq_gtq": 1,
    "gtq_mxn": 2.74552977,
    "gtq_pen": 0.48105526,
    "gtq_usd": 0.12920667,
    "mxn_clp": 47.48934922,
    "mxn_cop": 202.57693983,
    "mxn_crc": 24.65769031,
    "mxn_gtq": 0.37394184,
    "mxn_mxn": 1,
    "mxn_pen": 0.18032049,
    "mxn_usd": 0.048352737,
    "pen_clp": 264.99048411,
    "pen_cop": 1123.38214832,
    "pen_crc": 135.5795231,
    "pen_gtq": 2.07876327,
    "pen_mxn": 5.70730645,
    "pen_pen": 1,
    "pen_usd": 0.26859008,
    "timestamp": "2025-02-03 06:34:48",
    "usd_clp": 986.59818265,
    "usd_cop": 4182.51542003,
    "usd_crc": 504.78231905,
    "usd_gtq": 7.73953855,
    "usd_mxn": 21.24913349,
    "usd_pen": 3.7231457,
    "usd_usd": 1
}