{
    "clp_clp": 1,
    "clp_cop": 4.04810582,
    "clp_crc": 0.51694757,
    "clp_gtq": 0.0083952103,
    "clp_mxn": 0.019481968,
    "clp_pen": 0.0037667665,
    "clp_usd": 0.0010939608,
    "cop_clp": 0.24702912,
    "cop_cop": 1,
    "cop_crc": 0.1277011,
    "cop_gtq": 0.0020738614,
    "cop_mxn": 0.0048126133,
    "cop_pen": 0.000930501,
    "cop_usd": 0.00027024017,
    "crc_clp": 1.93443217,
    "crc_cop": 7.83078611,
    "crc_crc": 1,
    "crc_gtq": 0.016239965,
    "crc_mxn": 0.037686545,
    "crc_pen": 0.0072865543,
    "crc_usd": 0.002116193,
    "gtq_clp": 119.11553884,
    "gtq_cop": 482.19230576,
    "gtq_crc": 61.57648784,
    "gtq_gtq": 1,
    "gtq_mxn": 2.32060509,
    "gtq_pen": 0.44868042,
    "gtq_usd": 0.13030773,
    "mxn_clp": 51.32951725,
    "mxn_cop": 207.78731741,
    "mxn_crc": 26.53466899,
    "mxn_gtq": 0.43092209,
    "mxn_mxn": 1,
    "mxn_pen": 0.19334631,
    "mxn_usd": 0.056152479,
    "pen_clp": 265.47968748,
    "pen_cop": 1074.68986741,
    "pen_crc": 137.23907819,
    "pen_gtq": 2.22875781,
    "pen_mxn": 5.17206671,
    "pen_pen": 1,
    "pen_usd": 0.29042437,
    "timestamp": "2026-03-13 20:09:43",
    "usd_clp": 914.10954126,
    "usd_cop": 3700.41215206,
    "usd_crc": 472.54670216,
    "usd_gtq": 7.67414185,
    "usd_mxn": 17.80865261,
    "usd_pen": 3.44323722,
    "usd_usd": 1
}