{
    "clp_clp": 1,
    "clp_cop": 4.45341402,
    "clp_crc": 0.51877794,
    "clp_gtq": 0.0079553716,
    "clp_mxn": 0.020353646,
    "clp_pen": 0.0038669975,
    "clp_usd": 0.0010330647,
    "cop_clp": 0.22454683,
    "cop_cop": 1,
    "cop_crc": 0.11648994,
    "cop_gtq": 0.0017863535,
    "cop_mxn": 0.0045703466,
    "cop_pen": 0.00086832202,
    "cop_usd": 0.00023197141,
    "crc_clp": 1.92760701,
    "crc_cop": 8.58443208,
    "crc_crc": 1,
    "crc_gtq": 0.01533483,
    "crc_mxn": 0.03923383,
    "crc_pen": 0.0074540514,
    "crc_usd": 0.0019913428,
    "gtq_clp": 125.7012304,
    "gtq_cop": 559.79962133,
    "gtq_crc": 65.21102575,
    "gtq_gtq": 1,
    "gtq_mxn": 2.55847829,
    "gtq_pen": 0.48608634,
    "gtq_usd": 0.12985751,
    "mxn_clp": 49.13124767,
    "mxn_cop": 218.80178703,
    "mxn_crc": 25.48820761,
    "mxn_gtq": 0.39085733,
    "mxn_mxn": 1,
    "mxn_pen": 0.18999041,
    "mxn_usd": 0.050755758,
    "pen_clp": 258.59856619,
    "pen_cop": 1151.64647926,
    "pen_crc": 134.15523226,
    "pen_gtq": 2.05724769,
    "pen_mxn": 5.26342355,
    "pen_pen": 1,
    "pen_usd": 0.26714905,
    "timestamp": "2025-04-18 19:26:11",
    "usd_clp": 967.99356779,
    "usd_cop": 4310.87612245,
    "usd_crc": 502.17371203,
    "usd_gtq": 7.70074855,
    "usd_mxn": 19.70219796,
    "usd_pen": 3.74322867,
    "usd_usd": 1
}