{
    "clp_clp": 1,
    "clp_cop": 4.18758958,
    "clp_crc": 0.55531647,
    "clp_gtq": 0.0085620185,
    "clp_mxn": 0.020085241,
    "clp_pen": 0.0037561407,
    "clp_usd": 0.0011166405,
    "cop_clp": 0.23880086,
    "cop_cop": 1,
    "cop_crc": 0.13261005,
    "cop_gtq": 0.0020446174,
    "cop_mxn": 0.004796373,
    "cop_pen": 0.00089696962,
    "cop_usd": 0.00026665472,
    "crc_clp": 1.80077498,
    "crc_cop": 7.54090654,
    "crc_crc": 1,
    "crc_gtq": 0.015418269,
    "crc_mxn": 0.036169,
    "crc_pen": 0.0067639641,
    "crc_usd": 0.0020108183,
    "gtq_clp": 116.79488833,
    "gtq_cop": 489.08905764,
    "gtq_crc": 64.85812485,
    "gtq_gtq": 1,
    "gtq_mxn": 2.34585353,
    "gtq_pen": 0.43869803,
    "gtq_usd": 0.1304179,
    "mxn_clp": 49.78780087,
    "mxn_cop": 208.49087627,
    "mxn_crc": 27.64798572,
    "mxn_gtq": 0.42628407,
    "mxn_mxn": 1,
    "mxn_pen": 0.18700998,
    "mxn_usd": 0.055595076,
    "pen_clp": 266.23071185,
    "pen_cop": 1114.86495545,
    "pen_crc": 147.84229854,
    "pen_gtq": 2.27947229,
    "pen_mxn": 5.34730812,
    "pen_pen": 1,
    "pen_usd": 0.297284,
    "timestamp": "2026-01-08 19:52:31",
    "usd_clp": 895.54336067,
    "usd_cop": 3750.16804768,
    "usd_crc": 497.30997586,
    "usd_gtq": 7.66765886,
    "usd_mxn": 17.9872046,
    "usd_pen": 3.36378682,
    "usd_usd": 1
}