{
    "clp_clp": 1,
    "clp_cop": 4.36760101,
    "clp_crc": 0.55668172,
    "clp_gtq": 0.0082033157,
    "clp_mxn": 0.01942216,
    "clp_pen": 0.0040565479,
    "clp_usd": 0.0010560313,
    "cop_clp": 0.22895864,
    "cop_cop": 1,
    "cop_crc": 0.12745709,
    "cop_gtq": 0.00187822,
    "cop_mxn": 0.0044468715,
    "cop_pen": 0.00092878169,
    "cop_usd": 0.00024178749,
    "crc_clp": 1.7963586,
    "crc_cop": 7.84577765,
    "crc_crc": 1,
    "crc_gtq": 0.014736097,
    "crc_mxn": 0.034889165,
    "crc_pen": 0.0072870147,
    "crc_usd": 0.0018970108,
    "gtq_clp": 121.9019283,
    "gtq_cop": 532.41898555,
    "gtq_crc": 67.86057536,
    "gtq_gtq": 1,
    "gtq_mxn": 2.36759881,
    "gtq_pen": 0.49450101,
    "gtq_usd": 0.12873225,
    "mxn_clp": 51.48757785,
    "mxn_cop": 224.87719719,
    "mxn_crc": 28.6621935,
    "mxn_gtq": 0.42236885,
    "mxn_mxn": 1,
    "mxn_pen": 0.20886182,
    "mxn_usd": 0.054372492,
    "pen_clp": 246.51502531,
    "pen_cop": 1076.67927431,
    "pen_crc": 137.23040879,
    "pen_gtq": 2.02224057,
    "pen_mxn": 4.78785438,
    "pen_pen": 1,
    "pen_usd": 0.26032757,
    "timestamp": "2024-07-02 19:10:03",
    "usd_clp": 946.94166059,
    "usd_cop": 4135.86335617,
    "usd_crc": 527.14511427,
    "usd_gtq": 7.76806137,
    "usd_mxn": 18.3916529,
    "usd_pen": 3.84131417,
    "usd_usd": 1
}