{
    "clp_clp": 1,
    "clp_cop": 4.19970891,
    "clp_crc": 0.56266325,
    "clp_gtq": 0.0087711533,
    "clp_mxn": 0.019988617,
    "clp_pen": 0.0038409118,
    "clp_usd": 0.0011430768,
    "cop_clp": 0.23811174,
    "cop_cop": 1,
    "cop_crc": 0.13397673,
    "cop_gtq": 0.0020885146,
    "cop_mxn": 0.0047595245,
    "cop_pen": 0.00091456619,
    "cop_usd": 0.00027218001,
    "crc_clp": 1.77726199,
    "crc_cop": 7.463983,
    "crc_crc": 1,
    "crc_gtq": 0.015588637,
    "crc_mxn": 0.03552501,
    "crc_pen": 0.0068263065,
    "crc_usd": 0.002031547,
    "gtq_clp": 115.48259457,
    "gtq_cop": 478.85076464,
    "gtq_crc": 63.56200901,
    "gtq_gtq": 1,
    "gtq_mxn": 2.29156108,
    "gtq_pen": 0.43768694,
    "gtq_usd": 0.1303425,
    "mxn_clp": 50.39472685,
    "mxn_cop": 208.96268893,
    "mxn_crc": 27.73742739,
    "mxn_gtq": 0.43638374,
    "mxn_mxn": 1,
    "mxn_pen": 0.19099947,
    "mxn_usd": 0.056879348,
    "pen_clp": 260.35484816,
    "pen_cop": 1093.41457489,
    "pen_crc": 146.49210405,
    "pen_gtq": 2.28361228,
    "pen_mxn": 5.20413346,
    "pen_pen": 1,
    "pen_usd": 0.29760559,
    "timestamp": "2026-01-22 06:53:55",
    "usd_clp": 874.83185441,
    "usd_cop": 3674.0391314,
    "usd_crc": 492.23573113,
    "usd_gtq": 7.67328428,
    "usd_mxn": 17.48667926,
    "usd_pen": 3.36015196,
    "usd_usd": 1
}