{
    "clp_clp": 1,
    "clp_cop": 4.10823983,
    "clp_crc": 0.53103228,
    "clp_gtq": 0.0082052598,
    "clp_mxn": 0.018096923,
    "clp_pen": 0.0039522619,
    "clp_usd": 0.0010541331,
    "cop_clp": 0.24401555,
    "cop_cop": 1,
    "cop_crc": 0.12926613,
    "cop_gtq": 0.0019965227,
    "cop_mxn": 0.0044051608,
    "cop_pen": 0.00096379257,
    "cop_usd": 0.0002567396,
    "crc_clp": 1.88312468,
    "crc_cop": 7.73632783,
    "crc_crc": 1,
    "crc_gtq": 0.015451527,
    "crc_mxn": 0.034078762,
    "crc_pen": 0.007442602,
    "crc_usd": 0.0019850641,
    "gtq_clp": 122.22027703,
    "gtq_cop": 500.87084767,
    "gtq_crc": 64.74563424,
    "gtq_gtq": 1,
    "gtq_mxn": 2.2064166,
    "gtq_pen": 0.4827356,
    "gtq_usd": 0.12859338,
    "mxn_clp": 55.2580137,
    "mxn_cop": 227.01317308,
    "mxn_crc": 29.34378921,
    "mxn_gtq": 0.45340636,
    "mxn_mxn": 1,
    "mxn_pen": 0.21839414,
    "mxn_usd": 0.058249302,
    "pen_clp": 253.01966675,
    "pen_cop": 1039.46547399,
    "pen_crc": 134.36161146,
    "pen_gtq": 2.07609209,
    "pen_mxn": 4.57887734,
    "pen_pen": 1,
    "pen_usd": 0.26671641,
    "timestamp": "2024-04-29 06:28:06",
    "usd_clp": 948.6467904,
    "usd_cop": 3897.26853361,
    "usd_crc": 503.76207154,
    "usd_gtq": 7.78389334,
    "usd_mxn": 17.16758759,
    "usd_pen": 3.74930061,
    "usd_usd": 1
}