{
    "clp_clp": 1,
    "clp_cop": 4.1729318,
    "clp_crc": 0.52184026,
    "clp_gtq": 0.0078696271,
    "clp_mxn": 0.019192721,
    "clp_pen": 0.0036566503,
    "clp_usd": 0.0010306413,
    "cop_clp": 0.23963967,
    "cop_cop": 1,
    "cop_crc": 0.12505363,
    "cop_gtq": 0.0018858748,
    "cop_mxn": 0.0045993374,
    "cop_pen": 0.00087627848,
    "cop_usd": 0.00024698255,
    "crc_clp": 1.91629522,
    "crc_cop": 7.99656928,
    "crc_crc": 1,
    "crc_gtq": 0.015080529,
    "crc_mxn": 0.03677892,
    "crc_pen": 0.0070072216,
    "crc_usd": 0.0019750131,
    "gtq_clp": 127.07082415,
    "gtq_cop": 530.25788346,
    "gtq_crc": 66.31067211,
    "gtq_gtq": 1,
    "gtq_mxn": 2.43883491,
    "gtq_pen": 0.46465357,
    "gtq_usd": 0.13096445,
    "mxn_clp": 52.37964231,
    "mxn_cop": 217.53318256,
    "mxn_crc": 27.19500371,
    "mxn_gtq": 0.40983132,
    "mxn_mxn": 1,
    "mxn_pen": 0.19079377,
    "mxn_usd": 0.053753564,
    "pen_clp": 273.47432974,
    "pen_cop": 1141.18972817,
    "pen_crc": 142.70991576,
    "pen_gtq": 2.15214099,
    "pen_mxn": 5.24871659,
    "pen_pen": 1,
    "pen_usd": 0.28185395,
    "timestamp": "2025-08-08 19:46:00",
    "usd_clp": 970.26963043,
    "usd_cop": 4048.86899938,
    "usd_crc": 506.32575773,
    "usd_gtq": 7.63566017,
    "usd_mxn": 18.62211459,
    "usd_pen": 3.54793677,
    "usd_usd": 1
}