{
    "clp_clp": 1,
    "clp_cop": 3.97513259,
    "clp_crc": 0.50673136,
    "clp_gtq": 0.0085245113,
    "clp_mxn": 0.019383702,
    "clp_pen": 0.00388914,
    "clp_usd": 0.0011153136,
    "cop_clp": 0.25156394,
    "cop_cop": 1,
    "cop_crc": 0.12747534,
    "cop_gtq": 0.0021444596,
    "cop_mxn": 0.0048762404,
    "cop_pen": 0.00097836735,
    "cop_usd": 0.00028057267,
    "crc_clp": 1.97343222,
    "crc_cop": 7.84465474,
    "crc_crc": 1,
    "crc_gtq": 0.016822545,
    "crc_mxn": 0.038252423,
    "crc_pen": 0.0076749541,
    "crc_usd": 0.0022009958,
    "gtq_clp": 117.30877781,
    "gtq_cop": 466.31794622,
    "gtq_crc": 59.44403692,
    "gtq_gtq": 1,
    "gtq_mxn": 2.27387842,
    "gtq_pen": 0.45623025,
    "gtq_usd": 0.13083607,
    "mxn_clp": 51.58973174,
    "mxn_cop": 205.07602416,
    "mxn_crc": 26.14213511,
    "mxn_gtq": 0.43977725,
    "mxn_mxn": 1,
    "mxn_pen": 0.20063969,
    "mxn_usd": 0.057538728,
    "pen_clp": 257.12625738,
    "pen_cop": 1022.11096643,
    "pen_crc": 130.29393898,
    "pen_gtq": 2.19187568,
    "pen_mxn": 4.98405882,
    "pen_pen": 1,
    "pen_usd": 0.28677641,
    "timestamp": "2026-04-25 20:53:12",
    "usd_clp": 896.60882572,
    "usd_cop": 3564.13896704,
    "usd_crc": 454.33981274,
    "usd_gtq": 7.64315205,
    "usd_mxn": 17.37959853,
    "usd_pen": 3.4870372,
    "usd_usd": 1
}