{
    "clp_clp": 1,
    "clp_cop": 4.30829657,
    "clp_crc": 0.53201383,
    "clp_gtq": 0.008108835,
    "clp_mxn": 0.021508175,
    "clp_pen": 0.0038802729,
    "clp_usd": 0.0010513503,
    "cop_clp": 0.2321103,
    "cop_cop": 1,
    "cop_crc": 0.12348589,
    "cop_gtq": 0.0018821441,
    "cop_mxn": 0.0049922688,
    "cop_pen": 0.00090065131,
    "cop_usd": 0.00024402923,
    "crc_clp": 1.87965038,
    "crc_cop": 8.09809128,
    "crc_crc": 1,
    "crc_gtq": 0.015241775,
    "crc_mxn": 0.040427849,
    "crc_pen": 0.0072935565,
    "crc_usd": 0.001976171,
    "gtq_clp": 123.32227762,
    "gtq_cop": 531.30894606,
    "gtq_crc": 65.60915749,
    "gtq_gtq": 1,
    "gtq_mxn": 2.65243709,
    "gtq_pen": 0.4785241,
    "gtq_usd": 0.12965491,
    "mxn_clp": 46.49395008,
    "mxn_cop": 200.30972582,
    "mxn_crc": 24.73542455,
    "mxn_gtq": 0.37701177,
    "mxn_mxn": 1,
    "mxn_pen": 0.18040922,
    "mxn_usd": 0.048881428,
    "pen_clp": 257.71383032,
    "pen_cop": 1110.307612,
    "pen_crc": 137.10732244,
    "pen_gtq": 2.08975893,
    "pen_mxn": 5.54295408,
    "pen_pen": 1,
    "pen_usd": 0.27094751,
    "timestamp": "2025-02-20 19:22:27",
    "usd_clp": 951.15777282,
    "usd_cop": 4097.86977314,
    "usd_crc": 506.0290916,
    "usd_gtq": 7.71278143,
    "usd_mxn": 20.45766753,
    "usd_pen": 3.69075176,
    "usd_usd": 1
}