{
    "clp_clp": 1,
    "clp_cop": 3.96838868,
    "clp_crc": 0.52914153,
    "clp_gtq": 0.0082008462,
    "clp_mxn": 0.017332845,
    "clp_pen": 0.0038972299,
    "clp_usd": 0.0010532636,
    "cop_clp": 0.25199145,
    "cop_cop": 1,
    "cop_crc": 0.13333914,
    "cop_gtq": 0.0020665431,
    "cop_mxn": 0.0043677286,
    "cop_pen": 0.00098206859,
    "cop_usd": 0.00026541342,
    "crc_clp": 1.88193186,
    "crc_cop": 7.4708978,
    "crc_crc": 1,
    "crc_gtq": 0.015443982,
    "crc_mxn": 0.032651652,
    "crc_pen": 0.0073186311,
    "crc_usd": 0.0019835735,
    "gtq_clp": 121.85535232,
    "gtq_cop": 483.74168352,
    "gtq_crc": 64.75014064,
    "gtq_gtq": 1,
    "gtq_mxn": 2.11419905,
    "gtq_pen": 0.47388239,
    "gtq_usd": 0.12843666,
    "mxn_clp": 57.69393407,
    "mxn_cop": 228.95195507,
    "mxn_crc": 30.52825653,
    "mxn_gtq": 0.47313908,
    "mxn_mxn": 1,
    "mxn_pen": 0.22484652,
    "mxn_usd": 0.060766922,
    "pen_clp": 257.14260383,
    "pen_cop": 1020.80535417,
    "pen_crc": 136.63757435,
    "pen_gtq": 2.11022823,
    "pen_mxn": 4.46144251,
    "pen_pen": 1,
    "pen_usd": 0.27103068,
    "timestamp": "2024-04-07 06:24:05",
    "usd_clp": 948.75830485,
    "usd_cop": 3766.38310026,
    "usd_crc": 504.14062662,
    "usd_gtq": 7.78593871,
    "usd_mxn": 16.46102425,
    "usd_pen": 3.68961926,
    "usd_usd": 1
}