{
    "clp_clp": 1,
    "clp_cop": 3.89028423,
    "clp_crc": 0.49944384,
    "clp_gtq": 0.0082533633,
    "clp_mxn": 0.018898109,
    "clp_pen": 0.0037599446,
    "clp_usd": 0.0010831141,
    "cop_clp": 0.25705063,
    "cop_cop": 1,
    "cop_crc": 0.12838235,
    "cop_gtq": 0.0021215322,
    "cop_mxn": 0.0048577707,
    "cop_pen": 0.00096649611,
    "cop_usd": 0.00027841515,
    "crc_clp": 2.00222711,
    "crc_cop": 7.78923254,
    "crc_crc": 1,
    "crc_gtq": 0.016525108,
    "crc_mxn": 0.037838306,
    "crc_pen": 0.007528263,
    "crc_usd": 0.0021686404,
    "gtq_clp": 120.30328999,
    "gtq_cop": 469.19348515,
    "gtq_crc": 60.55876587,
    "gtq_gtq": 1,
    "gtq_mxn": 2.28865438,
    "gtq_pen": 0.44799709,
    "gtq_usd": 0.13121419,
    "mxn_clp": 52.91534774,
    "mxn_cop": 205.8557429,
    "mxn_crc": 26.42824462,
    "mxn_gtq": 0.43672959,
    "mxn_mxn": 1,
    "mxn_pen": 0.19895877,
    "mxn_usd": 0.057313358,
    "pen_clp": 268.53587629,
    "pen_cop": 1047.31369935,
    "pen_crc": 135.176696,
    "pen_gtq": 2.23215738,
    "pen_mxn": 5.10863676,
    "pen_pen": 1,
    "pen_usd": 0.29289072,
    "timestamp": "2026-06-10 09:37:23",
    "usd_clp": 916.84666293,
    "usd_cop": 3575.78318235,
    "usd_crc": 461.52605136,
    "usd_gtq": 7.62112709,
    "usd_mxn": 17.44212592,
    "usd_pen": 3.41424273,
    "usd_usd": 1
}