{
    "clp_clp": 1,
    "clp_cop": 4.29226246,
    "clp_crc": 0.56846993,
    "clp_gtq": 0.0083061774,
    "clp_mxn": 0.019149702,
    "clp_pen": 0.0040516398,
    "clp_usd": 0.0010702008,
    "cop_clp": 0.23297737,
    "cop_cop": 1,
    "cop_crc": 0.13244063,
    "cop_gtq": 0.0019351513,
    "cop_mxn": 0.0044614471,
    "cop_pen": 0.00094394038,
    "cop_usd": 0.00024933257,
    "crc_clp": 1.75910799,
    "crc_cop": 7.55055321,
    "crc_crc": 1,
    "crc_gtq": 0.014611463,
    "crc_mxn": 0.033686394,
    "crc_pen": 0.007127272,
    "crc_usd": 0.0018825988,
    "gtq_clp": 120.39232403,
    "gtq_cop": 516.75545269,
    "gtq_crc": 68.4394161,
    "gtq_gtq": 1,
    "gtq_mxn": 2.30547713,
    "gtq_pen": 0.48778634,
    "gtq_usd": 0.12884397,
    "mxn_clp": 52.22013364,
    "mxn_cop": 224.14251917,
    "mxn_crc": 29.68557575,
    "mxn_gtq": 0.43374969,
    "mxn_mxn": 1,
    "mxn_pen": 0.21157717,
    "mxn_usd": 0.055886031,
    "pen_clp": 246.81364601,
    "pen_cop": 1059.38894698,
    "pen_crc": 140.30613625,
    "pen_gtq": 2.05007793,
    "pen_mxn": 4.72640778,
    "pen_pen": 1,
    "pen_usd": 0.26414017,
    "timestamp": "2024-07-10 19:11:56",
    "usd_clp": 934.40405525,
    "usd_cop": 4010.70744725,
    "usd_crc": 531.18060856,
    "usd_gtq": 7.76132584,
    "usd_mxn": 17.89355925,
    "usd_pen": 3.78586869,
    "usd_usd": 1
}