{
    "clp_clp": 1,
    "clp_cop": 4.37566653,
    "clp_crc": 0.53235359,
    "clp_gtq": 0.0081352084,
    "clp_mxn": 0.021745068,
    "clp_pen": 0.0038787625,
    "clp_usd": 0.0010551115,
    "cop_clp": 0.22853661,
    "cop_cop": 1,
    "cop_crc": 0.12166229,
    "cop_gtq": 0.001859193,
    "cop_mxn": 0.0049695441,
    "cop_pen": 0.00088643924,
    "cop_usd": 0.00024113161,
    "crc_clp": 1.87845075,
    "crc_cop": 8.21947407,
    "crc_crc": 1,
    "crc_gtq": 0.015281588,
    "crc_mxn": 0.040847039,
    "crc_pen": 0.0072860644,
    "crc_usd": 0.001981975,
    "gtq_clp": 122.92248061,
    "gtq_cop": 537.86778431,
    "gtq_crc": 65.4382239,
    "gtq_gtq": 1,
    "gtq_mxn": 2.67295768,
    "gtq_pen": 0.47678711,
    "gtq_usd": 0.12969692,
    "mxn_clp": 45.98743992,
    "mxn_cop": 201.2257017,
    "mxn_crc": 24.48157876,
    "mxn_gtq": 0.37411741,
    "mxn_mxn": 1,
    "mxn_pen": 0.17837436,
    "mxn_usd": 0.048521877,
    "pen_clp": 257.81418496,
    "pen_cop": 1128.10890036,
    "pen_crc": 137.24830704,
    "pen_gtq": 2.09737213,
    "pen_mxn": 5.60618694,
    "pen_pen": 1,
    "pen_usd": 0.27202271,
    "timestamp": "2025-03-05 19:25:23",
    "usd_clp": 947.76712901,
    "usd_cop": 4147.11290566,
    "usd_crc": 504.54723406,
    "usd_gtq": 7.71028313,
    "usd_mxn": 20.6092605,
    "usd_pen": 3.67616363,
    "usd_usd": 1
}