{
    "clp_clp": 1,
    "clp_cop": 4.08566711,
    "clp_crc": 0.52998231,
    "clp_gtq": 0.00803912,
    "clp_mxn": 0.019395826,
    "clp_pen": 0.0036553828,
    "clp_usd": 0.0010497886,
    "cop_clp": 0.24475807,
    "cop_cop": 1,
    "cop_crc": 0.12971745,
    "cop_gtq": 0.0019676395,
    "cop_mxn": 0.0047472849,
    "cop_pen": 0.00089468443,
    "cop_usd": 0.00025694424,
    "crc_clp": 1.88685543,
    "crc_cop": 7.70906317,
    "crc_crc": 1,
    "crc_gtq": 0.015168657,
    "crc_mxn": 0.036597119,
    "crc_pen": 0.0068971788,
    "crc_usd": 0.0019807994,
    "gtq_clp": 124.39172488,
    "gtq_cop": 508.22317956,
    "gtq_crc": 65.92541384,
    "gtq_gtq": 1,
    "gtq_mxn": 2.41268021,
    "gtq_pen": 0.45469937,
    "gtq_usd": 0.13058502,
    "mxn_clp": 51.55748542,
    "mxn_cop": 210.64672264,
    "mxn_crc": 27.32455528,
    "mxn_gtq": 0.41447681,
    "mxn_mxn": 1,
    "mxn_pen": 0.18846234,
    "mxn_usd": 0.054124462,
    "pen_clp": 273.56916259,
    "pen_cop": 1117.71253091,
    "pen_crc": 144.98681704,
    "pen_gtq": 2.19925532,
    "pen_mxn": 5.30609979,
    "pen_pen": 1,
    "pen_usd": 0.2871898,
    "timestamp": "2025-09-12 19:20:50",
    "usd_clp": 952.57270632,
    "usd_cop": 3891.89497954,
    "usd_crc": 504.8466844,
    "usd_gtq": 7.65784627,
    "usd_mxn": 18.47593416,
    "usd_pen": 3.48201785,
    "usd_usd": 1
}