{
    "clp_clp": 1,
    "clp_cop": 4.54728294,
    "clp_crc": 0.5229561,
    "clp_gtq": 0.0079258554,
    "clp_mxn": 0.020922897,
    "clp_pen": 0.0038456441,
    "clp_usd": 0.001026902,
    "cop_clp": 0.21995642,
    "cop_cop": 1,
    "cop_crc": 0.11489722,
    "cop_gtq": 0.0017420672,
    "cop_mxn": 0.0046134057,
    "cop_pen": 0.00084680513,
    "cop_usd": 0.00022572922,
    "crc_clp": 1.91437553,
    "crc_cop": 8.70343114,
    "crc_crc": 1,
    "crc_gtq": 0.015161962,
    "crc_mxn": 0.040152458,
    "crc_pen": 0.0073701102,
    "crc_usd": 0.0019646187,
    "gtq_clp": 126.16934748,
    "gtq_cop": 573.72772123,
    "gtq_crc": 65.9810293,
    "gtq_gtq": 1,
    "gtq_mxn": 2.63982825,
    "gtq_pen": 0.4852024,
    "gtq_usd": 0.12956356,
    "mxn_clp": 47.79452891,
    "mxn_cop": 217.33524588,
    "mxn_crc": 24.99444021,
    "mxn_gtq": 0.37881252,
    "mxn_mxn": 1,
    "mxn_pen": 0.18380075,
    "mxn_usd": 0.049080297,
    "pen_clp": 259.74856304,
    "pen_cop": 1180.90923058,
    "pen_crc": 135.68318187,
    "pen_gtq": 2.05722322,
    "pen_mxn": 5.44801332,
    "pen_pen": 1,
    "pen_usd": 0.26656572,
    "timestamp": "2024-12-02 06:39:35",
    "usd_clp": 973.80275548,
    "usd_cop": 4428.15665588,
    "usd_crc": 509.25608652,
    "usd_gtq": 7.7182198,
    "usd_mxn": 20.37477464,
    "usd_pen": 3.74489878,
    "usd_usd": 1
}