{
    "clp_clp": 1,
    "clp_cop": 4.10823983,
    "clp_crc": 0.53103228,
    "clp_gtq": 0.0082052598,
    "clp_mxn": 0.018096923,
    "clp_pen": 0.0039522619,
    "clp_usd": 0.0010541331,
    "cop_clp": 0.24411278,
    "cop_cop": 1,
    "cop_crc": 0.1310391,
    "cop_gtq": 0.0020171926,
    "cop_mxn": 0.0044129534,
    "cop_pen": 0.00096685802,
    "cop_usd": 0.00025913136,
    "crc_clp": 1.86290025,
    "crc_cop": 7.63130994,
    "crc_crc": 1,
    "crc_gtq": 0.015393822,
    "crc_mxn": 0.033676615,
    "crc_pen": 0.0073783932,
    "crc_usd": 0.0019775117,
    "gtq_clp": 121.8730459,
    "gtq_cop": 500.68370196,
    "gtq_crc": 64.71852189,
    "gtq_gtq": 1,
    "gtq_mxn": 2.20552709,
    "gtq_pen": 0.4816742,
    "gtq_usd": 0.12847041,
    "mxn_clp": 55.31732462,
    "mxn_cop": 226.60561108,
    "mxn_crc": 29.69419574,
    "mxn_gtq": 0.45710716,
    "mxn_mxn": 1,
    "mxn_pen": 0.21909545,
    "mxn_usd": 0.058720619,
    "pen_clp": 253.01966675,
    "pen_cop": 1039.46547399,
    "pen_crc": 134.36161146,
    "pen_gtq": 2.07609209,
    "pen_mxn": 4.57887734,
    "pen_pen": 1,
    "pen_usd": 0.26671641,
    "timestamp": "2024-04-30 06:26:58",
    "usd_clp": 942.0425951,
    "usd_cop": 3859.04668036,
    "usd_crc": 505.68601076,
    "usd_gtq": 7.78444029,
    "usd_mxn": 17.02979314,
    "usd_pen": 3.73115025,
    "usd_usd": 1
}