{
    "clp_clp": 1,
    "clp_cop": 4.48413734,
    "clp_crc": 0.51891552,
    "clp_gtq": 0.0078320604,
    "clp_mxn": 0.020725573,
    "clp_pen": 0.0038537497,
    "clp_usd": 0.0010148431,
    "cop_clp": 0.22300833,
    "cop_cop": 1,
    "cop_crc": 0.11572249,
    "cop_gtq": 0.0017466148,
    "cop_mxn": 0.0046219756,
    "cop_pen": 0.00085941829,
    "cop_usd": 0.00022631848,
    "crc_clp": 1.92709595,
    "crc_cop": 8.64136293,
    "crc_crc": 1,
    "crc_gtq": 0.015093132,
    "crc_mxn": 0.039940168,
    "crc_pen": 0.0074265454,
    "crc_usd": 0.0019557001,
    "gtq_clp": 127.6803221,
    "gtq_cop": 572.53610017,
    "gtq_crc": 66.2553008,
    "gtq_gtq": 1,
    "gtq_mxn": 2.64624787,
    "gtq_pen": 0.492048,
    "gtq_usd": 0.1295755,
    "mxn_clp": 48.24957014,
    "mxn_cop": 216.35769921,
    "mxn_crc": 25.0374508,
    "mxn_gtq": 0.37789355,
    "mxn_mxn": 1,
    "mxn_pen": 0.18594176,
    "mxn_usd": 0.048965745,
    "pen_clp": 259.4875357,
    "pen_cop": 1163.57774862,
    "pen_crc": 134.65210965,
    "pen_gtq": 2.03232206,
    "pen_mxn": 5.37802793,
    "pen_pen": 1,
    "pen_usd": 0.26333914,
    "timestamp": "2024-11-24 19:26:58",
    "usd_clp": 986.6558824,
    "usd_cop": 4419.3050897,
    "usd_crc": 508.14193867,
    "usd_gtq": 7.71662887,
    "usd_mxn": 20.4279127,
    "usd_pen": 3.80370946,
    "usd_usd": 1
}