{
    "clp_clp": 1,
    "clp_cop": 4.18633954,
    "clp_crc": 0.52510428,
    "clp_gtq": 0.0079893588,
    "clp_mxn": 0.019399133,
    "clp_pen": 0.0036502513,
    "clp_usd": 0.0010428235,
    "cop_clp": 0.23887217,
    "cop_cop": 1,
    "cop_crc": 0.1254328,
    "cop_gtq": 0.0019084355,
    "cop_mxn": 0.0046339129,
    "cop_pen": 0.00087194343,
    "cop_usd": 0.00024910152,
    "crc_clp": 1.90438363,
    "crc_cop": 7.97239648,
    "crc_crc": 1,
    "crc_gtq": 0.015214804,
    "crc_mxn": 0.036943391,
    "crc_pen": 0.0069514787,
    "crc_usd": 0.0019859361,
    "gtq_clp": 125.16649004,
    "gtq_cop": 523.98942664,
    "gtq_crc": 65.72546007,
    "gtq_gtq": 1,
    "gtq_mxn": 2.42812137,
    "gtq_pen": 0.45688914,
    "gtq_usd": 0.13052656,
    "mxn_clp": 51.54869579,
    "mxn_cop": 215.80034354,
    "mxn_crc": 27.06844097,
    "mxn_gtq": 0.41184103,
    "mxn_mxn": 1,
    "mxn_pen": 0.18816569,
    "mxn_usd": 0.053756194,
    "pen_clp": 273.95374426,
    "pen_cop": 1146.86339235,
    "pen_crc": 143.85428458,
    "pen_gtq": 2.18871476,
    "pen_mxn": 5.31446509,
    "pen_pen": 1,
    "pen_usd": 0.28568542,
    "timestamp": "2025-08-24 19:44:15",
    "usd_clp": 958.93500165,
    "usd_cop": 4014.42751584,
    "usd_crc": 503.54087692,
    "usd_gtq": 7.6612758,
    "usd_mxn": 18.60250753,
    "usd_pen": 3.5003537,
    "usd_usd": 1
}