{
    "clp_clp": 1,
    "clp_cop": 4.35635446,
    "clp_crc": 0.51686656,
    "clp_gtq": 0.007817478,
    "clp_mxn": 0.020636531,
    "clp_pen": 0.0037861276,
    "clp_usd": 0.0010126563,
    "cop_clp": 0.22954973,
    "cop_cop": 1,
    "cop_crc": 0.11864658,
    "cop_gtq": 0.0017945,
    "cop_mxn": 0.0047371101,
    "cop_pen": 0.00086910458,
    "cop_usd": 0.00023245498,
    "crc_clp": 1.93473534,
    "crc_cop": 8.42839294,
    "crc_crc": 1,
    "crc_gtq": 0.015124751,
    "crc_mxn": 0.039926225,
    "crc_pen": 0.0073251549,
    "crc_usd": 0.0019592219,
    "gtq_clp": 127.91849313,
    "gtq_cop": 557.25829863,
    "gtq_crc": 66.11679149,
    "gtq_gtq": 1,
    "gtq_mxn": 2.63979389,
    "gtq_pen": 0.48431574,
    "gtq_usd": 0.12953747,
    "mxn_clp": 48.45775792,
    "mxn_cop": 211.09917003,
    "mxn_crc": 25.04619463,
    "mxn_gtq": 0.37881745,
    "mxn_mxn": 1,
    "mxn_pen": 0.18346726,
    "mxn_usd": 0.049071053,
    "pen_clp": 264.12210657,
    "pen_cop": 1150.60951809,
    "pen_crc": 136.51588461,
    "pen_gtq": 2.06476875,
    "pen_mxn": 5.45056391,
    "pen_pen": 1,
    "pen_usd": 0.26746491,
    "timestamp": "2025-04-10 19:37:11",
    "usd_clp": 987.50189451,
    "usd_cop": 4301.90828673,
    "usd_crc": 510.40670709,
    "usd_gtq": 7.71977429,
    "usd_mxn": 20.37861298,
    "usd_pen": 3.73880819,
    "usd_usd": 1
}