{
    "clp_clp": 1,
    "clp_cop": 4.163746,
    "clp_crc": 0.52368105,
    "clp_gtq": 0.0079854388,
    "clp_mxn": 0.019390537,
    "clp_pen": 0.0036363366,
    "clp_usd": 0.0010415883,
    "cop_clp": 0.24016835,
    "cop_cop": 1,
    "cop_crc": 0.12577161,
    "cop_gtq": 0.0019178497,
    "cop_mxn": 0.0046569933,
    "cop_pen": 0.00087333295,
    "cop_usd": 0.00025015654,
    "crc_clp": 1.90955925,
    "crc_cop": 7.9509197,
    "crc_crc": 1,
    "crc_gtq": 0.015248669,
    "crc_mxn": 0.03702738,
    "crc_pen": 0.0069438002,
    "crc_usd": 0.0019889745,
    "gtq_clp": 125.2279329,
    "gtq_cop": 521.41730485,
    "gtq_crc": 65.57949579,
    "gtq_gtq": 1,
    "gtq_mxn": 2.42823691,
    "gtq_pen": 0.45537092,
    "gtq_usd": 0.13043595,
    "mxn_clp": 51.57154661,
    "mxn_cop": 214.73082096,
    "mxn_crc": 27.00704184,
    "mxn_gtq": 0.41182143,
    "mxn_mxn": 1,
    "mxn_pen": 0.1875315,
    "mxn_usd": 0.053716319,
    "pen_clp": 275.00204476,
    "pen_cop": 1145.03866421,
    "pen_crc": 144.01336043,
    "pen_gtq": 2.19601201,
    "pen_mxn": 5.33243742,
    "pen_pen": 1,
    "pen_usd": 0.28643891,
    "timestamp": "2025-08-25 19:40:44",
    "usd_clp": 960.07224091,
    "usd_cop": 3997.49695408,
    "usd_crc": 502.77164227,
    "usd_gtq": 7.66659817,
    "usd_mxn": 18.61631663,
    "usd_pen": 3.49114583,
    "usd_usd": 1
}