{
    "clp_clp": 1,
    "clp_cop": 4.27597274,
    "clp_crc": 0.57622662,
    "clp_gtq": 0.0084316952,
    "clp_mxn": 0.020028098,
    "clp_pen": 0.0041099003,
    "clp_usd": 0.0010864951,
    "cop_clp": 0.23386491,
    "cop_cop": 1,
    "cop_crc": 0.13475919,
    "cop_gtq": 0.0019718777,
    "cop_mxn": 0.0046838694,
    "cop_pen": 0.00096116149,
    "cop_usd": 0.00025409307,
    "crc_clp": 1.71787159,
    "crc_cop": 7.4308121,
    "crc_crc": 1,
    "crc_gtq": 0.014702135,
    "crc_mxn": 0.03443562,
    "crc_pen": 0.00711211,
    "crc_usd": 0.0018728504,
    "gtq_clp": 116.84504368,
    "gtq_cop": 505.42402009,
    "gtq_crc": 68.01733285,
    "gtq_gtq": 1,
    "gtq_mxn": 2.34221903,
    "gtq_pen": 0.48374676,
    "gtq_usd": 0.12738629,
    "mxn_clp": 49.9298538,
    "mxn_cop": 213.49869369,
    "mxn_crc": 28.77091091,
    "mxn_gtq": 0.42099331,
    "mxn_mxn": 1,
    "mxn_pen": 0.20520672,
    "mxn_usd": 0.05424854,
    "pen_clp": 243.31490297,
    "pen_cop": 1040.40789187,
    "pen_crc": 140.20452422,
    "pen_gtq": 2.05155711,
    "pen_mxn": 4.8731347,
    "pen_pen": 1,
    "pen_usd": 0.26436044,
    "timestamp": "2024-06-11 06:30:33",
    "usd_clp": 917.24977384,
    "usd_cop": 3967.64855,
    "usd_crc": 533.94548204,
    "usd_gtq": 7.85013848,
    "usd_mxn": 18.38674374,
    "usd_pen": 3.79747902,
    "usd_usd": 1
}