{
    "clp_clp": 1,
    "clp_cop": 4.29277232,
    "clp_crc": 0.55553548,
    "clp_gtq": 0.0082454111,
    "clp_mxn": 0.01987354,
    "clp_pen": 0.0039929761,
    "clp_usd": 0.0010659278,
    "cop_clp": 0.23294969,
    "cop_cop": 1,
    "cop_crc": 0.12941182,
    "cop_gtq": 0.001920766,
    "cop_mxn": 0.004629535,
    "cop_pen": 0.00093016255,
    "cop_usd": 0.00024830755,
    "crc_clp": 1.80006506,
    "crc_cop": 7.72726947,
    "crc_crc": 1,
    "crc_gtq": 0.014842277,
    "crc_mxn": 0.035773665,
    "crc_pen": 0.0071876167,
    "crc_usd": 0.0019187394,
    "gtq_clp": 121.27957986,
    "gtq_cop": 520.62562375,
    "gtq_crc": 67.37510909,
    "gtq_gtq": 1,
    "gtq_mxn": 2.41025456,
    "gtq_pen": 0.48426646,
    "gtq_usd": 0.12927528,
    "mxn_clp": 50.31816222,
    "mxn_cop": 216.00441409,
    "mxn_crc": 27.95352418,
    "mxn_gtq": 0.41489394,
    "mxn_mxn": 1,
    "mxn_pen": 0.20091922,
    "mxn_usd": 0.053635528,
    "pen_clp": 250.43976887,
    "pen_cop": 1075.08090829,
    "pen_crc": 139.12817613,
    "pen_gtq": 2.06497886,
    "pen_mxn": 4.97712472,
    "pen_pen": 1,
    "pen_usd": 0.26695071,
    "timestamp": "2024-08-18 19:14:35",
    "usd_clp": 938.14984705,
    "usd_cop": 4027.26369792,
    "usd_crc": 521.17552155,
    "usd_gtq": 7.73543121,
    "usd_mxn": 18.64435833,
    "usd_pen": 3.74600987,
    "usd_usd": 1
}