{
    "clp_clp": 1,
    "clp_cop": 3.82431083,
    "clp_crc": 0.5030714,
    "clp_gtq": 0.0084556057,
    "clp_mxn": 0.019234379,
    "clp_pen": 0.0037530483,
    "clp_usd": 0.0011091276,
    "cop_clp": 0.26148502,
    "cop_cop": 1,
    "cop_crc": 0.13154564,
    "cop_gtq": 0.0022110143,
    "cop_mxn": 0.0050295019,
    "cop_pen": 0.00098136592,
    "cop_usd": 0.00029002026,
    "crc_clp": 1.9877894,
    "crc_cop": 7.60192451,
    "crc_crc": 1,
    "crc_gtq": 0.016807963,
    "crc_mxn": 0.038233894,
    "crc_pen": 0.0074602696,
    "crc_usd": 0.0022047121,
    "gtq_clp": 118.26473821,
    "gtq_cop": 452.28111898,
    "gtq_crc": 59.49560774,
    "gtq_gtq": 1,
    "gtq_mxn": 2.27474876,
    "gtq_pen": 0.44385327,
    "gtq_usd": 0.13117069,
    "mxn_clp": 52.09340308,
    "mxn_cop": 199.07165171,
    "mxn_crc": 26.12756995,
    "mxn_gtq": 0.43909339,
    "mxn_mxn": 1,
    "mxn_pen": 0.19501346,
    "mxn_usd": 0.057647915,
    "pen_clp": 266.45007465,
    "pen_cop": 1018.98790577,
    "pen_crc": 134.0434128,
    "pen_gtq": 2.25299678,
    "pen_mxn": 5.12500165,
    "pen_pen": 1,
    "pen_usd": 0.29552714,
    "timestamp": "2026-06-22 10:59:40",
    "usd_clp": 901.60949046,
    "usd_cop": 3448.03493749,
    "usd_crc": 453.57395105,
    "usd_gtq": 7.62365439,
    "usd_mxn": 17.34189839,
    "usd_pen": 3.38378397,
    "usd_usd": 1
}