{
    "clp_clp": 1,
    "clp_cop": 4.01660926,
    "clp_crc": 0.50355065,
    "clp_gtq": 0.0083436166,
    "clp_mxn": 0.019128823,
    "clp_pen": 0.0037219651,
    "clp_usd": 0.001090718,
    "cop_clp": 0.24896621,
    "cop_cop": 1,
    "cop_crc": 0.1253671,
    "cop_gtq": 0.0020772786,
    "cop_mxn": 0.0047624307,
    "cop_pen": 0.00092664357,
    "cop_usd": 0.00027155194,
    "crc_clp": 1.93010511,
    "crc_cop": 7.85125533,
    "crc_crc": 1,
    "crc_gtq": 0.016446087,
    "crc_mxn": 0.037554278,
    "crc_pen": 0.0073220062,
    "crc_usd": 0.0021511585,
    "gtq_clp": 119.85210387,
    "gtq_cop": 481.39907081,
    "gtq_crc": 60.35160506,
    "gtq_gtq": 1,
    "gtq_mxn": 2.29262973,
    "gtq_pen": 0.44608535,
    "gtq_usd": 0.13072485,
    "mxn_clp": 51.39507964,
    "mxn_cop": 209.06420643,
    "mxn_crc": 26.62812477,
    "mxn_gtq": 0.43792847,
    "mxn_mxn": 1,
    "mxn_pen": 0.1949713,
    "mxn_usd": 0.057281316,
    "pen_clp": 263.60331363,
    "pen_cop": 1072.28197638,
    "pen_crc": 136.57458991,
    "pen_gtq": 2.24611764,
    "pen_mxn": 5.12896012,
    "pen_pen": 1,
    "pen_usd": 0.29379359,
    "timestamp": "2026-04-09 07:44:03",
    "usd_clp": 897.23985168,
    "usd_cop": 3649.78007364,
    "usd_crc": 464.86579817,
    "usd_gtq": 7.64522353,
    "usd_mxn": 17.45769941,
    "usd_pen": 3.40375028,
    "usd_usd": 1
}