{
    "clp_clp": 1,
    "clp_cop": 4.30627093,
    "clp_crc": 0.56264454,
    "clp_gtq": 0.0082545901,
    "clp_mxn": 0.019147624,
    "clp_pen": 0.0040325614,
    "clp_usd": 0.0010638106,
    "cop_clp": 0.23221948,
    "cop_cop": 1,
    "cop_crc": 0.13065702,
    "cop_gtq": 0.0019168766,
    "cop_mxn": 0.0044464514,
    "cop_pen": 0.00093643932,
    "cop_usd": 0.00024703754,
    "crc_clp": 1.77732109,
    "crc_cop": 7.65362614,
    "crc_crc": 1,
    "crc_gtq": 0.014671057,
    "crc_mxn": 0.034031477,
    "crc_pen": 0.0071671565,
    "crc_usd": 0.0018907329,
    "gtq_clp": 121.14471988,
    "gtq_cop": 521.681986,
    "gtq_crc": 68.16141483,
    "gtq_gtq": 1,
    "gtq_mxn": 2.3196336,
    "gtq_pen": 0.48852353,
    "gtq_usd": 0.12887503,
    "mxn_clp": 52.22579972,
    "mxn_cop": 224.89844331,
    "mxn_crc": 29.3845609,
    "mxn_gtq": 0.43110257,
    "mxn_mxn": 1,
    "mxn_pen": 0.21060375,
    "mxn_usd": 0.055558357,
    "pen_clp": 247.9813427,
    "pen_cop": 1067.87484815,
    "pen_crc": 139.52534775,
    "pen_gtq": 2.04698433,
    "pen_mxn": 4.74825362,
    "pen_pen": 1,
    "pen_usd": 0.26380517,
    "timestamp": "2024-07-09 19:11:42",
    "usd_clp": 940.01699101,
    "usd_cop": 4047.96784548,
    "usd_crc": 528.89542468,
    "usd_gtq": 7.75945491,
    "usd_mxn": 17.99909233,
    "usd_pen": 3.79067627,
    "usd_usd": 1
}