{
    "clp_clp": 1,
    "clp_cop": 4.16415636,
    "clp_crc": 0.54183025,
    "clp_gtq": 0.0082788073,
    "clp_mxn": 0.018074822,
    "clp_pen": 0.0039962779,
    "clp_usd": 0.001065245,
    "cop_clp": 0.24014468,
    "cop_cop": 1,
    "cop_crc": 0.13011765,
    "cop_gtq": 0.0019881115,
    "cop_mxn": 0.0043405723,
    "cop_pen": 0.00095968489,
    "cop_usd": 0.00025581292,
    "crc_clp": 1.84559648,
    "crc_cop": 7.68535232,
    "crc_crc": 1,
    "crc_gtq": 0.015279338,
    "crc_mxn": 0.033358828,
    "crc_pen": 0.0073755165,
    "crc_usd": 0.0019660124,
    "gtq_clp": 120.79034583,
    "gtq_cop": 502.98988656,
    "gtq_crc": 65.4478631,
    "gtq_gtq": 1,
    "gtq_mxn": 2.18326399,
    "gtq_pen": 0.48271179,
    "gtq_usd": 0.12867131,
    "mxn_clp": 55.32557961,
    "mxn_cop": 230.3843641,
    "mxn_crc": 29.97707255,
    "mxn_gtq": 0.45802981,
    "mxn_mxn": 1,
    "mxn_pen": 0.22109639,
    "mxn_usd": 0.058935297,
    "pen_clp": 250.23284618,
    "pen_cop": 1042.00869739,
    "pen_crc": 135.58372523,
    "pen_gtq": 2.07162952,
    "pen_mxn": 4.52291414,
    "pen_pen": 1,
    "pen_usd": 0.26655929,
    "timestamp": "2024-05-04 19:08:58",
    "usd_clp": 938.75118373,
    "usd_cop": 3909.10671034,
    "usd_crc": 508.64378717,
    "usd_gtq": 7.77174018,
    "usd_mxn": 16.96776049,
    "usd_pen": 3.75151064,
    "usd_usd": 1
}