{
    "clp_clp": 1,
    "clp_cop": 4.29806254,
    "clp_crc": 0.57151299,
    "clp_gtq": 0.0086908482,
    "clp_mxn": 0.018629119,
    "clp_pen": 0.0042014078,
    "clp_usd": 0.0011222795,
    "cop_clp": 0.23266297,
    "cop_cop": 1,
    "cop_crc": 0.13296991,
    "cop_gtq": 0.0020220386,
    "cop_mxn": 0.0043343061,
    "cop_pen": 0.00097751202,
    "cop_usd": 0.00026111289,
    "crc_clp": 1.74974152,
    "crc_cop": 7.52049848,
    "crc_crc": 1,
    "crc_gtq": 0.015206738,
    "crc_mxn": 0.032596142,
    "crc_pen": 0.0073513777,
    "crc_usd": 0.0019636991,
    "gtq_clp": 115.06356792,
    "gtq_cop": 494.55041078,
    "gtq_crc": 65.76032318,
    "gtq_gtq": 1,
    "gtq_mxn": 2.14353285,
    "gtq_pen": 0.48342897,
    "gtq_usd": 0.12913349,
    "mxn_clp": 53.67940489,
    "mxn_cop": 230.71743925,
    "mxn_crc": 30.67847693,
    "mxn_gtq": 0.46651956,
    "mxn_mxn": 1,
    "mxn_pen": 0.22552907,
    "mxn_usd": 0.060243296,
    "pen_clp": 238.01545715,
    "pen_cop": 1023.00531991,
    "pen_crc": 136.02892443,
    "pen_gtq": 2.0685562,
    "pen_mxn": 4.43401818,
    "pen_pen": 1,
    "pen_usd": 0.26711987,
    "timestamp": "2024-05-20 19:06:32",
    "usd_clp": 891.04361886,
    "usd_cop": 3829.76119823,
    "usd_crc": 509.24299853,
    "usd_gtq": 7.74392481,
    "usd_mxn": 16.59935725,
    "usd_pen": 3.74363762,
    "usd_usd": 1
}