{
    "clp_clp": 1,
    "clp_cop": 4.00239675,
    "clp_crc": 0.53583433,
    "clp_gtq": 0.0081700444,
    "clp_mxn": 0.019612886,
    "clp_pen": 0.0035946637,
    "clp_usd": 0.0010662716,
    "cop_clp": 0.24985029,
    "cop_cop": 1,
    "cop_crc": 0.13387836,
    "cop_gtq": 0.002041288,
    "cop_mxn": 0.0049002854,
    "cop_pen": 0.00089812778,
    "cop_usd": 0.00026640828,
    "crc_clp": 1.86624847,
    "crc_cop": 7.4694668,
    "crc_crc": 1,
    "crc_gtq": 0.015247333,
    "crc_mxn": 0.036602519,
    "crc_pen": 0.0067085357,
    "crc_usd": 0.0019899278,
    "gtq_clp": 122.39835491,
    "gtq_cop": 489.88677745,
    "gtq_crc": 65.58524067,
    "gtq_gtq": 1,
    "gtq_mxn": 2.40058504,
    "gtq_pen": 0.43998093,
    "gtq_usd": 0.13050989,
    "mxn_clp": 50.98688563,
    "mxn_cop": 204.06974515,
    "mxn_crc": 27.32052377,
    "mxn_gtq": 0.41656512,
    "mxn_mxn": 1,
    "mxn_pen": 0.18328071,
    "mxn_usd": 0.054365869,
    "pen_clp": 278.1901394,
    "pen_cop": 1113.42730876,
    "pen_crc": 149.06382735,
    "pen_gtq": 2.2728258,
    "pen_mxn": 5.45611162,
    "pen_pen": 1,
    "pen_usd": 0.29662625,
    "timestamp": "2025-11-11 19:42:13",
    "usd_clp": 942.45000327,
    "usd_cop": 3780.70896599,
    "usd_crc": 502.59029481,
    "usd_gtq": 7.65790788,
    "usd_mxn": 18.43323393,
    "usd_pen": 3.37166509,
    "usd_usd": 1
}