{
    "clp_clp": 1,
    "clp_cop": 4.5292002,
    "clp_crc": 0.55647346,
    "clp_gtq": 0.0083036442,
    "clp_mxn": 0.020734668,
    "clp_pen": 0.0039924232,
    "clp_usd": 0.0010711307,
    "cop_clp": 0.21974201,
    "cop_cop": 1,
    "cop_crc": 0.12356071,
    "cop_gtq": 0.0018368848,
    "cop_mxn": 0.0045774351,
    "cop_pen": 0.00088557015,
    "cop_usd": 0.00023720504,
    "crc_clp": 1.77841324,
    "crc_cop": 8.09318732,
    "crc_crc": 1,
    "crc_gtq": 0.014866253,
    "crc_mxn": 0.03704604,
    "crc_pen": 0.0071670851,
    "crc_usd": 0.0019197448,
    "gtq_clp": 120.4290516,
    "gtq_cop": 545.4472847,
    "gtq_crc": 67.01557079,
    "gtq_gtq": 1,
    "gtq_mxn": 2.49705643,
    "gtq_pen": 0.48080374,
    "gtq_usd": 0.12899526,
    "mxn_clp": 48.00548859,
    "mxn_cop": 218.46295516,
    "mxn_crc": 26.99343861,
    "mxn_gtq": 0.40129128,
    "mxn_mxn": 1,
    "mxn_pen": 0.19346427,
    "mxn_usd": 0.051820514,
    "pen_clp": 250.47444667,
    "pen_cop": 1134.44891416,
    "pen_crc": 139.38238148,
    "pen_gtq": 2.07985069,
    "pen_mxn": 5.19350455,
    "pen_pen": 1,
    "pen_usd": 0.26829088,
    "timestamp": "2024-10-09 06:35:11",
    "usd_clp": 926.38000816,
    "usd_cop": 4215.76199108,
    "usd_crc": 520.90255951,
    "usd_gtq": 7.74386901,
    "usd_mxn": 19.29737693,
    "usd_pen": 3.73335298,
    "usd_usd": 1
}