{
    "clp_clp": 1,
    "clp_cop": 3.9723308,
    "clp_crc": 0.5019846,
    "clp_gtq": 0.0082568104,
    "clp_mxn": 0.019324308,
    "clp_pen": 0.0037646474,
    "clp_usd": 0.0010795104,
    "cop_clp": 0.25174137,
    "cop_cop": 1,
    "cop_crc": 0.12637029,
    "cop_gtq": 0.0020785808,
    "cop_mxn": 0.0048647277,
    "cop_pen": 0.0009477175,
    "cop_usd": 0.00027175743,
    "crc_clp": 1.99209298,
    "crc_cop": 7.91325229,
    "crc_crc": 1,
    "crc_gtq": 0.016448334,
    "crc_mxn": 0.038495817,
    "crc_pen": 0.0074995277,
    "crc_usd": 0.0021504851,
    "gtq_clp": 121.11214316,
    "gtq_cop": 481.0974965,
    "gtq_crc": 60.79643093,
    "gtq_gtq": 1,
    "gtq_mxn": 2.3404083,
    "gtq_pen": 0.45594452,
    "gtq_usd": 0.13074182,
    "mxn_clp": 51.51463427,
    "mxn_cop": 203.23601312,
    "mxn_crc": 25.7301489,
    "mxn_gtq": 0.42346812,
    "mxn_mxn": 1,
    "mxn_pen": 0.19321733,
    "mxn_usd": 0.055318145,
    "pen_clp": 265.62912605,
    "pen_cop": 1055.16675874,
    "pen_crc": 133.34173101,
    "pen_gtq": 2.19324932,
    "pen_mxn": 5.13309891,
    "pen_pen": 1,
    "pen_usd": 0.28674941,
    "timestamp": "2026-04-01 20:30:25",
    "usd_clp": 926.34586033,
    "usd_cop": 3679.75219221,
    "usd_crc": 465.01135764,
    "usd_gtq": 7.64866211,
    "usd_mxn": 17.90099226,
    "usd_pen": 3.48736554,
    "usd_usd": 1
}