{
    "clp_clp": 1,
    "clp_cop": 4.07871118,
    "clp_crc": 0.5302335,
    "clp_gtq": 0.008092387,
    "clp_mxn": 0.019781527,
    "clp_pen": 0.0035715998,
    "clp_usd": 0.0010561179,
    "cop_clp": 0.24517549,
    "cop_cop": 1,
    "cop_crc": 0.13000026,
    "cop_gtq": 0.0019840549,
    "cop_mxn": 0.0048499456,
    "cop_pen": 0.00087566872,
    "cop_usd": 0.00025893422,
    "crc_clp": 1.88596158,
    "crc_cop": 7.69229256,
    "crc_crc": 1,
    "crc_gtq": 0.015261931,
    "crc_mxn": 0.037307201,
    "crc_pen": 0.0067359,
    "crc_usd": 0.0019917978,
    "gtq_clp": 123.57293307,
    "gtq_cop": 504.01830361,
    "gtq_crc": 65.52250833,
    "gtq_gtq": 1,
    "gtq_mxn": 2.44446136,
    "gtq_pen": 0.44135306,
    "gtq_usd": 0.13050759,
    "mxn_clp": 50.55221376,
    "mxn_cop": 206.18787942,
    "mxn_crc": 26.80447704,
    "mxn_gtq": 0.40908808,
    "mxn_mxn": 1,
    "mxn_pen": 0.18055228,
    "mxn_usd": 0.053389098,
    "pen_clp": 279.98657761,
    "pen_cop": 1141.9843842,
    "pen_crc": 148.45826191,
    "pen_gtq": 2.26575975,
    "pen_mxn": 5.53856215,
    "pen_pen": 1,
    "pen_usd": 0.29569883,
    "timestamp": "2025-11-05 06:43:11",
    "usd_clp": 946.8639873,
    "usd_cop": 3861.9847304,
    "usd_crc": 502.05900233,
    "usd_gtq": 7.66238984,
    "usd_mxn": 18.73041588,
    "usd_pen": 3.38181921,
    "usd_usd": 1
}