{
    "clp_clp": 1,
    "clp_cop": 4.24934897,
    "clp_crc": 0.56307214,
    "clp_gtq": 0.0089003779,
    "clp_mxn": 0.0199204,
    "clp_pen": 0.0038911784,
    "clp_usd": 0.0011605288,
    "cop_clp": 0.23533017,
    "cop_cop": 1,
    "cop_crc": 0.13250786,
    "cop_gtq": 0.0020945274,
    "cop_mxn": 0.0046878711,
    "cop_pen": 0.00091571166,
    "cop_usd": 0.00027310745,
    "crc_clp": 1.77597136,
    "crc_cop": 7.54672206,
    "crc_crc": 1,
    "crc_gtq": 0.015806816,
    "crc_mxn": 0.03537806,
    "crc_pen": 0.0069106214,
    "crc_usd": 0.002061066,
    "gtq_clp": 112.35478005,
    "gtq_cop": 477.4346688,
    "gtq_crc": 63.26384689,
    "gtq_gtq": 1,
    "gtq_mxn": 2.23815218,
    "gtq_pen": 0.43719249,
    "gtq_usd": 0.13039096,
    "mxn_clp": 50.19979469,
    "mxn_cop": 213.31644582,
    "mxn_crc": 28.26610602,
    "mxn_gtq": 0.44679714,
    "mxn_mxn": 1,
    "mxn_pen": 0.19533636,
    "mxn_usd": 0.05825831,
    "pen_clp": 256.99155774,
    "pen_cop": 1092.04681099,
    "pen_crc": 144.70478739,
    "pen_gtq": 2.28732198,
    "pen_mxn": 5.11937468,
    "pen_pen": 1,
    "pen_usd": 0.29824612,
    "timestamp": "2026-02-14 20:28:37",
    "usd_clp": 861.67612359,
    "usd_cop": 3661.56254763,
    "usd_crc": 485.18582229,
    "usd_gtq": 7.66924312,
    "usd_mxn": 17.16493322,
    "usd_pen": 3.35293553,
    "usd_usd": 1
}