{
    "clp_clp": 1,
    "clp_cop": 4.29633701,
    "clp_crc": 0.54051816,
    "clp_gtq": 0.0087744556,
    "clp_mxn": 0.019707947,
    "clp_pen": 0.0038406984,
    "clp_usd": 0.0011444878,
    "cop_clp": 0.23275641,
    "cop_cop": 1,
    "cop_crc": 0.12580907,
    "cop_gtq": 0.0020423108,
    "cop_mxn": 0.004587151,
    "cop_pen": 0.0008939472,
    "cop_usd": 0.00026638687,
    "crc_clp": 1.85007661,
    "crc_cop": 7.94855261,
    "crc_crc": 1,
    "crc_gtq": 0.016233415,
    "crc_mxn": 0.036461211,
    "crc_pen": 0.0071055863,
    "crc_usd": 0.0021173901,
    "gtq_clp": 112.80189479,
    "gtq_cop": 490.03345841,
    "gtq_crc": 61.7556824,
    "gtq_gtq": 1,
    "gtq_mxn": 2.24055973,
    "gtq_pen": 0.43736188,
    "gtq_usd": 0.13030065,
    "mxn_clp": 50.74095281,
    "mxn_cop": 218.00023372,
    "mxn_crc": 27.42640633,
    "mxn_gtq": 0.44522424,
    "mxn_mxn": 1,
    "mxn_pen": 0.1948807,
    "mxn_usd": 0.058072401,
    "pen_clp": 260.36930919,
    "pen_cop": 1118.63430061,
    "pen_crc": 140.73433931,
    "pen_gtq": 2.28459893,
    "pen_mxn": 5.1313445,
    "pen_pen": 1,
    "pen_usd": 0.29798949,
    "timestamp": "2026-02-28 06:49:44",
    "usd_clp": 873.7533175,
    "usd_cop": 3753.93871982,
    "usd_crc": 472.27953342,
    "usd_gtq": 7.66670965,
    "usd_mxn": 17.21988392,
    "usd_pen": 3.355823,
    "usd_usd": 1
}