{
    "clp_clp": 1,
    "clp_cop": 4.54822955,
    "clp_crc": 0.52059262,
    "clp_gtq": 0.0079108658,
    "clp_mxn": 0.020819894,
    "clp_pen": 0.0038473286,
    "clp_usd": 0.0010254107,
    "cop_clp": 0.21986577,
    "cop_cop": 1,
    "cop_crc": 0.1144605,
    "cop_gtq": 0.0017393286,
    "cop_mxn": 0.0045775821,
    "cop_pen": 0.00084589586,
    "cop_usd": 0.00022545272,
    "crc_clp": 1.92088778,
    "crc_cop": 8.73663856,
    "crc_crc": 1,
    "crc_gtq": 0.015195885,
    "crc_mxn": 0.03999268,
    "crc_pen": 0.0073902864,
    "crc_usd": 0.0019696989,
    "gtq_clp": 126.40841471,
    "gtq_cop": 574.93448692,
    "gtq_crc": 65.80728767,
    "gtq_gtq": 1,
    "gtq_mxn": 2.6318098,
    "gtq_pen": 0.4863347,
    "gtq_usd": 0.12962054,
    "mxn_clp": 48.0309842,
    "mxn_cop": 218.45594157,
    "mxn_crc": 25.00457586,
    "mxn_gtq": 0.37996667,
    "mxn_mxn": 1,
    "mxn_pen": 0.18479098,
    "mxn_usd": 0.049251486,
    "pen_clp": 259.92061419,
    "pen_cop": 1182.17861762,
    "pen_crc": 135.31275326,
    "pen_gtq": 2.05619709,
    "pen_mxn": 5.41151964,
    "pen_pen": 1,
    "pen_usd": 0.26652539,
    "timestamp": "2024-12-05 06:38:41",
    "usd_clp": 973.11470571,
    "usd_cop": 4437.08165469,
    "usd_crc": 507.9626794,
    "usd_gtq": 7.71742478,
    "usd_mxn": 20.33572461,
    "usd_pen": 3.75271498,
    "usd_usd": 1
}