{
    "clp_clp": 1,
    "clp_cop": 4.10158726,
    "clp_crc": 0.50298218,
    "clp_gtq": 0.0084775742,
    "clp_mxn": 0.019217474,
    "clp_pen": 0.0037860346,
    "clp_usd": 0.0011125563,
    "cop_clp": 0.24380805,
    "cop_cop": 1,
    "cop_crc": 0.1226311,
    "cop_gtq": 0.0020669008,
    "cop_mxn": 0.0046853748,
    "cop_pen": 0.00092306571,
    "cop_usd": 0.00027125018,
    "crc_clp": 1.98814202,
    "crc_cop": 8.15453798,
    "crc_crc": 1,
    "crc_gtq": 0.016854621,
    "crc_mxn": 0.038207067,
    "crc_pen": 0.0075271744,
    "crc_usd": 0.0022119199,
    "gtq_clp": 117.95827203,
    "gtq_cop": 483.81614557,
    "gtq_crc": 59.33090838,
    "gtq_gtq": 1,
    "gtq_mxn": 2.26685998,
    "gtq_pen": 0.4465941,
    "gtq_usd": 0.13123522,
    "mxn_clp": 52.03597629,
    "mxn_cop": 213.43009732,
    "mxn_crc": 26.1731686,
    "mxn_gtq": 0.44113885,
    "mxn_mxn": 1,
    "mxn_pen": 0.19701001,
    "mxn_usd": 0.057892953,
    "pen_clp": 264.12859724,
    "pen_cop": 1083.34648896,
    "pen_crc": 132.85197665,
    "pen_gtq": 2.23916977,
    "pen_mxn": 5.07588434,
    "pen_pen": 1,
    "pen_usd": 0.29385793,
    "timestamp": "2026-05-25 08:55:39",
    "usd_clp": 898.83092628,
    "usd_cop": 3686.63347447,
    "usd_crc": 452.09593539,
    "usd_gtq": 7.61990584,
    "usd_mxn": 17.27325959,
    "usd_pen": 3.40300496,
    "usd_usd": 1
}