{
    "clp_clp": 1,
    "clp_cop": 4.30518069,
    "clp_crc": 0.57848431,
    "clp_gtq": 0.0089470027,
    "clp_mxn": 0.020165581,
    "clp_pen": 0.0039185976,
    "clp_usd": 0.0011677386,
    "cop_clp": 0.23227829,
    "cop_cop": 1,
    "cop_crc": 0.13436935,
    "cop_gtq": 0.0020781945,
    "cop_mxn": 0.0046840266,
    "cop_pen": 0.00091020515,
    "cop_usd": 0.00027124033,
    "crc_clp": 1.72865535,
    "crc_cop": 7.44217363,
    "crc_crc": 1,
    "crc_gtq": 0.015466284,
    "crc_mxn": 0.034859339,
    "crc_pen": 0.0067739047,
    "crc_usd": 0.0020186177,
    "gtq_clp": 111.76927418,
    "gtq_cop": 481.18692081,
    "gtq_crc": 64.65677162,
    "gtq_gtq": 1,
    "gtq_mxn": 2.25389233,
    "gtq_pen": 0.43797881,
    "gtq_usd": 0.1305173,
    "mxn_clp": 49.58944696,
    "mxn_cop": 213.49152942,
    "mxn_crc": 28.68671708,
    "mxn_gtq": 0.44367692,
    "mxn_mxn": 1,
    "mxn_pen": 0.19432109,
    "mxn_usd": 0.057907514,
    "pen_clp": 255.19333613,
    "pen_cop": 1098.65342261,
    "pen_crc": 147.62534135,
    "pen_gtq": 2.28321547,
    "pen_mxn": 5.14612184,
    "pen_pen": 1,
    "pen_usd": 0.29799912,
    "timestamp": "2026-02-09 20:34:52",
    "usd_clp": 856.3560026,
    "usd_cop": 3686.7673251,
    "usd_crc": 495.38851255,
    "usd_gtq": 7.66181948,
    "usd_mxn": 17.26891617,
    "usd_pen": 3.35571459,
    "usd_usd": 1
}