{
    "clp_clp": 1,
    "clp_cop": 4.37103578,
    "clp_crc": 0.55176393,
    "clp_gtq": 0.0081870326,
    "clp_mxn": 0.019332888,
    "clp_pen": 0.0040249561,
    "clp_usd": 0.0010548765,
    "cop_clp": 0.22877873,
    "cop_cop": 1,
    "cop_crc": 0.12623185,
    "cop_gtq": 0.0018730189,
    "cop_mxn": 0.0044229534,
    "cop_pen": 0.00092082434,
    "cop_usd": 0.00024133331,
    "crc_clp": 1.8123693,
    "crc_cop": 7.92193104,
    "crc_crc": 1,
    "crc_gtq": 0.014837926,
    "crc_mxn": 0.035038332,
    "crc_pen": 0.0072947069,
    "crc_usd": 0.0019118258,
    "gtq_clp": 121.32823882,
    "gtq_cop": 527.77383805,
    "gtq_crc": 67.4585458,
    "gtq_gtq": 1,
    "gtq_mxn": 2.33878094,
    "gtq_pen": 0.49195705,
    "gtq_usd": 0.12891692,
    "mxn_clp": 51.72533017,
    "mxn_cop": 226.09326899,
    "mxn_crc": 28.54017131,
    "mxn_gtq": 0.42347696,
    "mxn_mxn": 1,
    "mxn_pen": 0.20819218,
    "mxn_usd": 0.054563836,
    "pen_clp": 248.44991305,
    "pen_cop": 1085.98345994,
    "pen_crc": 137.08569975,
    "pen_gtq": 2.03406753,
    "pen_mxn": 4.80325427,
    "pen_pen": 1,
    "pen_usd": 0.26208398,
    "timestamp": "2024-06-27 06:30:22",
    "usd_clp": 947.97824938,
    "usd_cop": 4143.64684841,
    "usd_crc": 523.06020182,
    "usd_gtq": 7.76112882,
    "usd_mxn": 18.32715705,
    "usd_pen": 3.81557086,
    "usd_usd": 1
}