{
    "clp_clp": 1,
    "clp_cop": 4.32559229,
    "clp_crc": 0.58211569,
    "clp_gtq": 0.0085583433,
    "clp_mxn": 0.020045515,
    "clp_pen": 0.0041400708,
    "clp_usd": 0.0010902156,
    "cop_clp": 0.23118221,
    "cop_cop": 1,
    "cop_crc": 0.13457479,
    "cop_gtq": 0.0019785368,
    "cop_mxn": 0.0046341664,
    "cop_pen": 0.00095711073,
    "cop_usd": 0.00025203845,
    "crc_clp": 1.71787159,
    "crc_cop": 7.4308121,
    "crc_crc": 1,
    "crc_gtq": 0.014702135,
    "crc_mxn": 0.03443562,
    "crc_pen": 0.00711211,
    "crc_usd": 0.0018728504,
    "gtq_clp": 116.84504368,
    "gtq_cop": 505.42402009,
    "gtq_crc": 68.01733285,
    "gtq_gtq": 1,
    "gtq_mxn": 2.34221903,
    "gtq_pen": 0.48374676,
    "gtq_usd": 0.12738629,
    "mxn_clp": 49.88647184,
    "mxn_cop": 215.78853798,
    "mxn_crc": 29.03969782,
    "mxn_gtq": 0.42694555,
    "mxn_mxn": 1,
    "mxn_pen": 0.20653353,
    "mxn_usd": 0.054387009,
    "pen_clp": 241.54176212,
    "pen_cop": 1044.81118402,
    "pen_crc": 140.60524874,
    "pen_gtq": 2.06719733,
    "pen_mxn": 4.84182892,
    "pen_pen": 1,
    "pen_usd": 0.26333259,
    "timestamp": "2024-06-10 06:30:33",
    "usd_clp": 917.24977384,
    "usd_cop": 3967.64855,
    "usd_crc": 533.94548204,
    "usd_gtq": 7.85013848,
    "usd_mxn": 18.38674374,
    "usd_pen": 3.79747902,
    "usd_usd": 1
}