{
    "clp_clp": 1,
    "clp_cop": 4.24427192,
    "clp_crc": 0.55928833,
    "clp_gtq": 0.0088938849,
    "clp_mxn": 0.019897666,
    "clp_pen": 0.00388513,
    "clp_usd": 0.0011589586,
    "cop_clp": 0.23717256,
    "cop_cop": 1,
    "cop_crc": 0.13132182,
    "cop_gtq": 0.002098112,
    "cop_mxn": 0.0046941849,
    "cop_pen": 0.00091550596,
    "cop_usd": 0.00027373601,
    "crc_clp": 1.78798653,
    "crc_cop": 7.58870103,
    "crc_crc": 1,
    "crc_gtq": 0.015902146,
    "crc_mxn": 0.03557676,
    "crc_pen": 0.0069465601,
    "crc_usd": 0.0020722024,
    "gtq_clp": 112.43680454,
    "gtq_cop": 477.2123727,
    "gtq_crc": 62.88459258,
    "gtq_gtq": 1,
    "gtq_mxn": 2.23723004,
    "gtq_pen": 0.4368316,
    "gtq_usd": 0.1303096,
    "mxn_clp": 50.52475758,
    "mxn_cop": 213.0295281,
    "mxn_crc": 27.97542565,
    "mxn_gtq": 0.44695981,
    "mxn_mxn": 1,
    "mxn_pen": 0.1950298,
    "mxn_usd": 0.058313852,
    "pen_clp": 259.06172627,
    "pen_cop": 1092.29217396,
    "pen_crc": 143.44179783,
    "pen_gtq": 2.2917513,
    "pen_mxn": 5.12742146,
    "pen_pen": 1,
    "pen_usd": 0.2989997,
    "timestamp": "2026-02-18 07:08:20",
    "usd_clp": 862.84356904,
    "usd_cop": 3662.14273471,
    "usd_crc": 482.57833834,
    "usd_gtq": 7.6740314,
    "usd_mxn": 17.16857357,
    "usd_pen": 3.35225942,
    "usd_usd": 1
}