{
    "clp_clp": 1,
    "clp_cop": 4.06768205,
    "clp_crc": 0.52715894,
    "clp_gtq": 0.0080161148,
    "clp_mxn": 0.019266371,
    "clp_pen": 0.0036529736,
    "clp_usd": 0.0010466339,
    "cop_clp": 0.24516976,
    "cop_cop": 1,
    "cop_crc": 0.12947058,
    "cop_gtq": 0.0019656718,
    "cop_mxn": 0.004726679,
    "cop_pen": 0.00089497162,
    "cop_usd": 0.00025658349,
    "crc_clp": 1.89363304,
    "crc_cop": 7.72376265,
    "crc_crc": 1,
    "crc_gtq": 0.015182383,
    "crc_mxn": 0.036507747,
    "crc_pen": 0.0069125484,
    "crc_usd": 0.00198179,
    "gtq_clp": 124.7256839,
    "gtq_cop": 508.73192314,
    "gtq_crc": 65.86581514,
    "gtq_gtq": 1,
    "gtq_mxn": 2.40461252,
    "gtq_pen": 0.45530063,
    "gtq_usd": 0.13053221,
    "mxn_clp": 51.90391019,
    "mxn_cop": 211.12860402,
    "mxn_crc": 27.36161019,
    "mxn_gtq": 0.4160677,
    "mxn_mxn": 1,
    "mxn_pen": 0.18960362,
    "mxn_usd": 0.054324393,
    "pen_clp": 273.74958079,
    "pen_cop": 1113.52625699,
    "pen_crc": 144.30953837,
    "pen_gtq": 2.19440806,
    "pen_mxn": 5.27416104,
    "pen_pen": 1,
    "pen_usd": 0.28651559,
    "timestamp": "2025-09-22 06:41:37",
    "usd_clp": 955.51651122,
    "usd_cop": 3897.36690283,
    "usd_crc": 504.59433795,
    "usd_gtq": 7.66094425,
    "usd_mxn": 18.42160248,
    "usd_pen": 3.48803276,
    "usd_usd": 1
}