{
    "clp_clp": 1,
    "clp_cop": 4.41695424,
    "clp_crc": 0.52672929,
    "clp_gtq": 0.0081528225,
    "clp_mxn": 0.021642734,
    "clp_pen": 0.0038747604,
    "clp_usd": 0.0010569422,
    "cop_clp": 0.22606623,
    "cop_cop": 1,
    "cop_crc": 0.12029221,
    "cop_gtq": 0.0018694986,
    "cop_mxn": 0.0049376627,
    "cop_pen": 0.00088652005,
    "cop_usd": 0.00024227266,
    "crc_clp": 1.89850845,
    "crc_cop": 8.38562493,
    "crc_crc": 1,
    "crc_gtq": 0.015478202,
    "crc_mxn": 0.041088914,
    "crc_pen": 0.0073562653,
    "crc_usd": 0.0020066137,
    "gtq_clp": 122.65690831,
    "gtq_cop": 541.76995166,
    "gtq_crc": 64.60698587,
    "gtq_gtq": 1,
    "gtq_mxn": 2.65463087,
    "gtq_pen": 0.47526613,
    "gtq_usd": 0.12964126,
    "mxn_clp": 45.78405633,
    "mxn_cop": 202.52497269,
    "mxn_crc": 24.36217651,
    "mxn_gtq": 0.37862015,
    "mxn_mxn": 1,
    "mxn_pen": 0.17954245,
    "mxn_usd": 0.049066263,
    "pen_clp": 258.0804739,
    "pen_cop": 1139.92964432,
    "pen_crc": 135.93854402,
    "pen_gtq": 2.10408429,
    "pen_mxn": 5.58556711,
    "pen_pen": 1,
    "pen_usd": 0.27277614,
    "timestamp": "2025-04-01 06:40:07",
    "usd_clp": 946.12554753,
    "usd_cop": 4178.99325194,
    "usd_crc": 498.35203513,
    "usd_gtq": 7.71359364,
    "usd_mxn": 20.47674379,
    "usd_pen": 3.6660098,
    "usd_usd": 1
}