{
    "clp_clp": 1,
    "clp_cop": 4.40261132,
    "clp_crc": 0.52760068,
    "clp_gtq": 0.0079253247,
    "clp_mxn": 0.020842572,
    "clp_pen": 0.0038366594,
    "clp_usd": 0.0010283634,
    "cop_clp": 0.22713792,
    "cop_cop": 1,
    "cop_crc": 0.11983812,
    "cop_gtq": 0.0018001418,
    "cop_mxn": 0.0047341385,
    "cop_pen": 0.00087145086,
    "cop_usd": 0.00023358032,
    "crc_clp": 1.89537284,
    "crc_cop": 8.34458993,
    "crc_crc": 1,
    "crc_gtq": 0.015021445,
    "crc_mxn": 0.039504445,
    "crc_pen": 0.0072719001,
    "crc_usd": 0.001949132,
    "gtq_clp": 126.17779589,
    "gtq_cop": 555.51179263,
    "gtq_crc": 66.5714909,
    "gtq_gtq": 1,
    "gtq_mxn": 2.62986979,
    "gtq_pen": 0.48410123,
    "gtq_usd": 0.12975662,
    "mxn_clp": 47.97872371,
    "mxn_cop": 211.23167216,
    "mxn_crc": 25.31360725,
    "mxn_gtq": 0.38024696,
    "mxn_mxn": 1,
    "mxn_pen": 0.18407802,
    "mxn_usd": 0.049339563,
    "pen_clp": 260.64341113,
    "pen_cop": 1147.51163255,
    "pen_crc": 137.51564092,
    "pen_gtq": 2.06568366,
    "pen_mxn": 5.43247904,
    "pen_pen": 1,
    "pen_usd": 0.26803614,
    "timestamp": "2025-04-15 06:39:15",
    "usd_clp": 972.41891097,
    "usd_cop": 4281.18250607,
    "usd_crc": 513.04887855,
    "usd_gtq": 7.7067356,
    "usd_mxn": 20.2677111,
    "usd_pen": 3.73084018,
    "usd_usd": 1
}