{
    "clp_clp": 1,
    "clp_cop": 4.10977142,
    "clp_crc": 0.53464348,
    "clp_gtq": 0.0082053791,
    "clp_mxn": 0.017899315,
    "clp_pen": 0.0039385414,
    "clp_usd": 0.0010550275,
    "cop_clp": 0.24332254,
    "cop_cop": 1,
    "cop_crc": 0.13009081,
    "cop_gtq": 0.0019965536,
    "cop_mxn": 0.0043553068,
    "cop_pen": 0.00095833588,
    "cop_usd": 0.00025671196,
    "crc_clp": 1.8704053,
    "crc_cop": 7.68693826,
    "crc_crc": 1,
    "crc_gtq": 0.015347385,
    "crc_mxn": 0.033478975,
    "crc_pen": 0.0073666688,
    "crc_usd": 0.001973329,
    "gtq_clp": 121.87127377,
    "gtq_cop": 500.86307772,
    "gtq_crc": 65.15768186,
    "gtq_gtq": 1,
    "gtq_mxn": 2.18141237,
    "gtq_pen": 0.47999506,
    "gtq_usd": 0.12857754,
    "mxn_clp": 55.86805843,
    "mxn_cop": 229.60494974,
    "mxn_crc": 29.86949315,
    "mxn_gtq": 0.4584186,
    "mxn_mxn": 1,
    "mxn_pen": 0.22003866,
    "mxn_usd": 0.058942336,
    "pen_clp": 253.90110062,
    "pen_cop": 1043.4754865,
    "pen_crc": 135.74656789,
    "pen_gtq": 2.08335478,
    "pen_mxn": 4.54465589,
    "pen_pen": 1,
    "pen_usd": 0.26787263,
    "timestamp": "2024-05-03 19:03:56",
    "usd_clp": 947.84262606,
    "usd_cop": 3895.41653403,
    "usd_crc": 506.75787963,
    "usd_gtq": 7.77740805,
    "usd_mxn": 16.96573414,
    "usd_pen": 3.73311744,
    "usd_usd": 1
}