{
    "clp_clp": 1,
    "clp_cop": 4.50740091,
    "clp_crc": 0.56087216,
    "clp_gtq": 0.0083859946,
    "clp_mxn": 0.020836126,
    "clp_pen": 0.0040293141,
    "clp_usd": 0.0010816378,
    "cop_clp": 0.22185735,
    "cop_cop": 1,
    "cop_crc": 0.12443361,
    "cop_gtq": 0.0018604945,
    "cop_mxn": 0.0046226476,
    "cop_pen": 0.00089393293,
    "cop_usd": 0.00023996929,
    "crc_clp": 1.78293748,
    "crc_cop": 8.03641401,
    "crc_crc": 1,
    "crc_gtq": 0.014951704,
    "crc_mxn": 0.03714951,
    "crc_pen": 0.0071840151,
    "crc_usd": 0.0019284925,
    "gtq_clp": 119.2464402,
    "gtq_cop": 537.49151288,
    "gtq_crc": 66.88200883,
    "gtq_gtq": 1,
    "gtq_mxn": 2.48463385,
    "gtq_pen": 0.48048136,
    "gtq_usd": 0.12898145,
    "mxn_clp": 47.99356664,
    "mxn_cop": 216.32624588,
    "mxn_crc": 26.91825553,
    "mxn_gtq": 0.40247379,
    "mxn_mxn": 1,
    "mxn_pen": 0.19338115,
    "mxn_usd": 0.051911655,
    "pen_clp": 248.18119893,
    "pen_cop": 1118.65216152,
    "pen_crc": 139.19792583,
    "pen_gtq": 2.08124619,
    "pen_mxn": 5.17113472,
    "pen_pen": 1,
    "pen_usd": 0.26844216,
    "timestamp": "2024-10-07 19:21:15",
    "usd_clp": 924.52391987,
    "usd_cop": 4167.19995625,
    "usd_crc": 518.53973056,
    "usd_gtq": 7.75305257,
    "usd_mxn": 19.26349685,
    "usd_pen": 3.72519725,
    "usd_usd": 1
}