{
    "clp_clp": 1,
    "clp_cop": 4.17823659,
    "clp_crc": 0.55071068,
    "clp_gtq": 0.0084910015,
    "clp_mxn": 0.019895267,
    "clp_pen": 0.0037262146,
    "clp_usd": 0.0011064308,
    "cop_clp": 0.23933542,
    "cop_cop": 1,
    "cop_crc": 0.13180457,
    "cop_gtq": 0.0020321974,
    "cop_mxn": 0.0047616421,
    "cop_pen": 0.00089181512,
    "cop_usd": 0.00026480808,
    "crc_clp": 1.81583549,
    "crc_cop": 7.5869903,
    "crc_crc": 1,
    "crc_gtq": 0.015418262,
    "crc_mxn": 0.036126533,
    "crc_pen": 0.0067661927,
    "crc_usd": 0.0020090964,
    "gtq_clp": 117.77173689,
    "gtq_cop": 492.07818035,
    "gtq_crc": 64.85815334,
    "gtq_gtq": 1,
    "gtq_mxn": 2.3431002,
    "gtq_pen": 0.43884276,
    "gtq_usd": 0.13030628,
    "mxn_clp": 50.26320969,
    "mxn_cop": 210.01158184,
    "mxn_crc": 27.6804864,
    "mxn_gtq": 0.42678499,
    "mxn_mxn": 1,
    "mxn_pen": 0.1872915,
    "mxn_usd": 0.055612765,
    "pen_clp": 268.36887212,
    "pen_cop": 1121.3086411,
    "pen_crc": 147.79360412,
    "pen_gtq": 2.27872051,
    "pen_mxn": 5.33927049,
    "pen_pen": 1,
    "pen_usd": 0.29693159,
    "timestamp": "2026-01-05 19:51:44",
    "usd_clp": 903.80706761,
    "usd_cop": 3776.31976018,
    "usd_crc": 497.736205,
    "usd_gtq": 7.67422721,
    "usd_mxn": 17.98148334,
    "usd_pen": 3.36777906,
    "usd_usd": 1
}