{
    "clp_clp": 1,
    "clp_cop": 4.44969648,
    "clp_crc": 0.57829652,
    "clp_gtq": 0.0084978625,
    "clp_mxn": 0.021702644,
    "clp_pen": 0.0041187821,
    "clp_usd": 0.0011015714,
    "cop_clp": 0.22473443,
    "cop_cop": 1,
    "cop_crc": 0.12996314,
    "cop_gtq": 0.0019097623,
    "cop_mxn": 0.0048773314,
    "cop_pen": 0.00092563214,
    "cop_usd": 0.00024756102,
    "crc_clp": 1.72921671,
    "crc_cop": 7.69448951,
    "crc_crc": 1,
    "crc_gtq": 0.014694646,
    "crc_mxn": 0.037528576,
    "crc_pen": 0.0071222668,
    "crc_usd": 0.0019048557,
    "gtq_clp": 117.6766514,
    "gtq_cop": 523.62538144,
    "gtq_crc": 68.05199753,
    "gtq_gtq": 1,
    "gtq_mxn": 2.55389453,
    "gtq_pen": 0.48468448,
    "gtq_usd": 0.12962923,
    "mxn_clp": 46.07733405,
    "mxn_cop": 205.03015111,
    "mxn_crc": 26.64636175,
    "mxn_gtq": 0.39155885,
    "mxn_mxn": 1,
    "mxn_pen": 0.1897825,
    "mxn_usd": 0.050757473,
    "pen_clp": 242.79021801,
    "pen_cop": 1080.34277831,
    "pen_crc": 140.40473721,
    "pen_gtq": 2.06319788,
    "pen_mxn": 5.26918979,
    "pen_pen": 1,
    "pen_usd": 0.26745076,
    "timestamp": "2024-08-28 19:16:14",
    "usd_clp": 907.79408547,
    "usd_cop": 4039.40814614,
    "usd_crc": 524.97415694,
    "usd_gtq": 7.71430929,
    "usd_mxn": 19.70153231,
    "usd_pen": 3.73900601,
    "usd_usd": 1
}