{
    "clp_clp": 1,
    "clp_cop": 3.87539271,
    "clp_crc": 0.50856932,
    "clp_gtq": 0.0084725444,
    "clp_mxn": 0.019085012,
    "clp_pen": 0.0037769216,
    "clp_usd": 0.0011117096,
    "cop_clp": 0.25803837,
    "cop_cop": 1,
    "cop_crc": 0.1312304,
    "cop_gtq": 0.0021862415,
    "cop_mxn": 0.0049246652,
    "cop_pen": 0.00097459067,
    "cop_usd": 0.00028686373,
    "crc_clp": 1.9663003,
    "crc_cop": 7.62018585,
    "crc_crc": 1,
    "crc_gtq": 0.016659567,
    "crc_mxn": 0.037526864,
    "crc_pen": 0.0074265621,
    "crc_usd": 0.002185955,
    "gtq_clp": 118.02829841,
    "gtq_cop": 457.40600707,
    "gtq_crc": 60.02557104,
    "gtq_gtq": 1,
    "gtq_mxn": 2.25257144,
    "gtq_pen": 0.44578363,
    "gtq_usd": 0.1312132,
    "mxn_clp": 52.39713876,
    "mxn_cop": 203.0594895,
    "mxn_crc": 26.64757704,
    "mxn_gtq": 0.44393709,
    "mxn_mxn": 1,
    "mxn_pen": 0.19789988,
    "mxn_usd": 0.058250403,
    "pen_clp": 264.76588823,
    "pen_cop": 1026.07179276,
    "pen_crc": 134.65180678,
    "pen_gtq": 2.24324075,
    "pen_mxn": 5.05306004,
    "pen_pen": 1,
    "pen_usd": 0.29434279,
    "timestamp": "2026-06-15 22:20:54",
    "usd_clp": 899.51546468,
    "usd_cop": 3485.97567317,
    "usd_crc": 457.46596496,
    "usd_gtq": 7.62118472,
    "usd_mxn": 17.16726306,
    "usd_pen": 3.39739938,
    "usd_usd": 1
}