{
    "clp_clp": 1,
    "clp_cop": 4.53800689,
    "clp_crc": 0.53701477,
    "clp_gtq": 0.0082101305,
    "clp_mxn": 0.02090016,
    "clp_pen": 0.0039296744,
    "clp_usd": 0.0010657607,
    "cop_clp": 0.22036106,
    "cop_cop": 1,
    "cop_crc": 0.11833714,
    "cop_gtq": 0.001809193,
    "cop_mxn": 0.0046055814,
    "cop_pen": 0.00086594722,
    "cop_usd": 0.00023485215,
    "crc_clp": 1.84595511,
    "crc_cop": 8.32730543,
    "crc_crc": 1,
    "crc_gtq": 0.015188987,
    "crc_mxn": 0.038476569,
    "crc_pen": 0.0072640306,
    "crc_usd": 0.0019723937,
    "gtq_clp": 121.53247108,
    "gtq_cop": 548.24627045,
    "gtq_crc": 65.83717565,
    "gtq_gtq": 1,
    "gtq_mxn": 2.53318863,
    "gtq_pen": 0.47824326,
    "gtq_usd": 0.12985683,
    "mxn_clp": 47.97608431,
    "mxn_cop": 216.425364,
    "mxn_crc": 25.98984338,
    "mxn_gtq": 0.39475939,
    "mxn_mxn": 1,
    "mxn_pen": 0.18879102,
    "mxn_usd": 0.051262203,
    "pen_clp": 254.12270477,
    "pen_cop": 1146.37531753,
    "pen_crc": 137.66461753,
    "pen_gtq": 2.09098608,
    "pen_mxn": 5.29686214,
    "pen_pen": 1,
    "pen_usd": 0.27152882,
    "timestamp": "2025-04-26 06:35:13",
    "usd_clp": 935.89587754,
    "usd_cop": 4221.92867326,
    "usd_crc": 506.99817693,
    "usd_gtq": 7.70078868,
    "usd_mxn": 19.50755029,
    "usd_pen": 3.68285029,
    "usd_usd": 1
}