{
    "clp_clp": 1,
    "clp_cop": 4.31949071,
    "clp_crc": 0.58108346,
    "clp_gtq": 0.0085326689,
    "clp_mxn": 0.019222106,
    "clp_pen": 0.0041244815,
    "clp_usd": 0.0010995652,
    "cop_clp": 0.23150877,
    "cop_cop": 1,
    "cop_crc": 0.13452592,
    "cop_gtq": 0.0019753877,
    "cop_mxn": 0.0044500862,
    "cop_pen": 0.00095485365,
    "cop_usd": 0.000254559,
    "crc_clp": 1.72092318,
    "crc_cop": 7.43351171,
    "crc_crc": 1,
    "crc_gtq": 0.014684068,
    "crc_mxn": 0.033079768,
    "crc_pen": 0.0070979158,
    "crc_usd": 0.0018922673,
    "gtq_clp": 117.19662554,
    "gtq_cop": 506.22973582,
    "gtq_crc": 68.10102082,
    "gtq_gtq": 1,
    "gtq_mxn": 2.25276595,
    "gtq_pen": 0.48337531,
    "gtq_usd": 0.12886533,
    "mxn_clp": 52.02343605,
    "mxn_cop": 224.71474898,
    "mxn_crc": 30.22995829,
    "mxn_gtq": 0.44389875,
    "mxn_mxn": 1,
    "mxn_pen": 0.2145697,
    "mxn_usd": 0.057203161,
    "pen_clp": 242.45471889,
    "pen_cop": 1047.28090703,
    "pen_crc": 140.88642726,
    "pen_gtq": 2.06878584,
    "pen_mxn": 4.6604903,
    "pen_pen": 1,
    "pen_usd": 0.26659478,
    "timestamp": "2024-06-06 06:29:42",
    "usd_clp": 909.4503685,
    "usd_cop": 3928.36242238,
    "usd_crc": 528.46656801,
    "usd_gtq": 7.76003886,
    "usd_mxn": 17.48155135,
    "usd_pen": 3.75101121,
    "usd_usd": 1
}