{
    "clp_clp": 1,
    "clp_cop": 4.20282504,
    "clp_crc": 0.51066639,
    "clp_gtq": 0.0078023227,
    "clp_mxn": 0.020679608,
    "clp_pen": 0.0037530852,
    "clp_usd": 0.0010083236,
    "cop_clp": 0.2357765,
    "cop_cop": 1,
    "cop_crc": 0.11998981,
    "cop_gtq": 0.001833814,
    "cop_mxn": 0.0048730138,
    "cop_pen": 0.00088575661,
    "cop_usd": 0.00023707864,
    "crc_clp": 1.96497093,
    "crc_cop": 8.3340407,
    "crc_crc": 1,
    "crc_gtq": 0.015283081,
    "crc_mxn": 0.040611895,
    "crc_pen": 0.0073819317,
    "crc_usd": 0.001975823,
    "gtq_clp": 128.57165287,
    "gtq_cop": 545.31157164,
    "gtq_crc": 65.43183446,
    "gtq_gtq": 1,
    "gtq_mxn": 2.6573108,
    "gtq_pen": 0.48301333,
    "gtq_usd": 0.12928173,
    "mxn_clp": 48.38412312,
    "mxn_cop": 205.21181483,
    "mxn_crc": 24.62332765,
    "mxn_gtq": 0.3763203,
    "mxn_mxn": 1,
    "mxn_pen": 0.18176772,
    "mxn_usd": 0.048651338,
    "pen_clp": 266.18655188,
    "pen_cop": 1128.97830672,
    "pen_crc": 135.46589788,
    "pen_gtq": 2.07033624,
    "pen_mxn": 5.50152684,
    "pen_pen": 1,
    "pen_usd": 0.26765664,
    "timestamp": "2025-01-30 06:34:33",
    "usd_clp": 991.74515173,
    "usd_cop": 4168.13136043,
    "usd_crc": 506.45091828,
    "usd_gtq": 7.73791575,
    "usd_mxn": 20.50890103,
    "usd_pen": 3.72210402,
    "usd_usd": 1
}