{
    "clp_clp": 1,
    "clp_cop": 4.35429148,
    "clp_crc": 0.57808358,
    "clp_gtq": 0.0085661196,
    "clp_mxn": 0.019455833,
    "clp_pen": 0.0041226134,
    "clp_usd": 0.0011041982,
    "cop_clp": 0.22965849,
    "cop_cop": 1,
    "cop_crc": 0.1327618,
    "cop_gtq": 0.0019672821,
    "cop_mxn": 0.0044681972,
    "cop_pen": 0.00094679316,
    "cop_usd": 0.0002535885,
    "crc_clp": 1.73609599,
    "crc_cop": 7.49724862,
    "crc_crc": 1,
    "crc_gtq": 0.014800045,
    "crc_mxn": 0.033737503,
    "crc_pen": 0.0071212884,
    "crc_usd": 0.0019073555,
    "gtq_clp": 117.30342974,
    "gtq_cop": 506.56932614,
    "gtq_crc": 67.56736398,
    "gtq_gtq": 1,
    "gtq_mxn": 2.27955413,
    "gtq_pen": 0.48116669,
    "gtq_usd": 0.12887498,
    "mxn_clp": 51.39846787,
    "mxn_cop": 223.80391089,
    "mxn_crc": 29.71261045,
    "mxn_gtq": 0.44028542,
    "mxn_mxn": 1,
    "mxn_pen": 0.21189601,
    "mxn_usd": 0.056754097,
    "pen_clp": 243.78959059,
    "pen_cop": 1052.79384322,
    "pen_crc": 140.42402714,
    "pen_gtq": 2.07828186,
    "pen_mxn": 4.73755601,
    "pen_pen": 1,
    "pen_usd": 0.26783854,
    "timestamp": "2024-07-15 06:31:52",
    "usd_clp": 905.63448612,
    "usd_cop": 3943.39652938,
    "usd_crc": 523.53242826,
    "usd_gtq": 7.75777333,
    "usd_mxn": 17.61987319,
    "usd_pen": 3.73358086,
    "usd_usd": 1
}