{
    "clp_clp": 1,
    "clp_cop": 3.95736584,
    "clp_crc": 0.51528819,
    "clp_gtq": 0.0079179054,
    "clp_mxn": 0.017048992,
    "clp_pen": 0.0037543934,
    "clp_usd": 0.0010171246,
    "cop_clp": 0.25269334,
    "cop_cop": 1,
    "cop_crc": 0.1302099,
    "cop_gtq": 0.002000802,
    "cop_mxn": 0.0043081667,
    "cop_pen": 0.00094871023,
    "cop_usd": 0.00025702062,
    "crc_clp": 1.94066158,
    "crc_cop": 7.67990784,
    "crc_crc": 1,
    "crc_gtq": 0.015365975,
    "crc_mxn": 0.033086323,
    "crc_pen": 0.0072860071,
    "crc_usd": 0.0019738947,
    "gtq_clp": 126.29602848,
    "gtq_cop": 499.79958944,
    "gtq_crc": 65.07885246,
    "gtq_gtq": 1,
    "gtq_mxn": 2.15321996,
    "gtq_pen": 0.47416498,
    "gtq_usd": 0.1284588,
    "mxn_clp": 58.65449453,
    "mxn_cop": 232.11729331,
    "mxn_crc": 30.22396858,
    "mxn_gtq": 0.46442074,
    "mxn_mxn": 1,
    "mxn_pen": 0.22021205,
    "mxn_usd": 0.05965893,
    "pen_clp": 266.35460924,
    "pen_cop": 1054.06263317,
    "pen_crc": 137.24938564,
    "pen_gtq": 2.10897059,
    "pen_mxn": 4.54107757,
    "pen_pen": 1,
    "pen_usd": 0.27091583,
    "timestamp": "2024-03-23 19:07:46",
    "usd_clp": 983.16369686,
    "usd_cop": 3890.73843374,
    "usd_crc": 506.61264605,
    "usd_gtq": 7.7845971,
    "usd_mxn": 16.76194987,
    "usd_pen": 3.69118334,
    "usd_usd": 1
}