{
    "clp_clp": 1,
    "clp_cop": 4.04264189,
    "clp_crc": 0.53653422,
    "clp_gtq": 0.0082777184,
    "clp_mxn": 0.019761426,
    "clp_pen": 0.0036256385,
    "clp_usd": 0.0010800833,
    "cop_clp": 0.24736299,
    "cop_cop": 1,
    "cop_crc": 0.13271871,
    "cop_gtq": 0.0020476012,
    "cop_mxn": 0.0048882454,
    "cop_pen": 0.0008968488,
    "cop_usd": 0.00026717263,
    "crc_clp": 1.86381401,
    "crc_cop": 7.5347326,
    "crc_crc": 1,
    "crc_gtq": 0.015428128,
    "crc_mxn": 0.036831622,
    "crc_pen": 0.0067575159,
    "crc_usd": 0.0020130743,
    "gtq_clp": 120.80623576,
    "gtq_cop": 488.37634894,
    "gtq_crc": 64.81667961,
    "gtq_gtq": 1,
    "gtq_mxn": 2.38730344,
    "gtq_pen": 0.43799974,
    "gtq_usd": 0.13048079,
    "mxn_clp": 50.60363664,
    "mxn_cop": 204.57238112,
    "mxn_crc": 27.15058277,
    "mxn_gtq": 0.41888265,
    "mxn_mxn": 1,
    "mxn_pen": 0.18347049,
    "mxn_usd": 0.054656141,
    "pen_clp": 275.81348582,
    "pen_cop": 1115.01515082,
    "pen_crc": 147.98337378,
    "pen_gtq": 2.28310637,
    "pen_mxn": 5.45046768,
    "pen_pen": 1,
    "pen_usd": 0.29790153,
    "timestamp": "2025-12-01 19:45:18",
    "usd_clp": 925.85453955,
    "usd_cop": 3742.89834304,
    "usd_crc": 496.75264422,
    "usd_gtq": 7.66396315,
    "usd_mxn": 18.29620559,
    "usd_pen": 3.35681389,
    "usd_usd": 1
}