{
    "clp_clp": 1,
    "clp_cop": 4.54777733,
    "clp_crc": 0.56834827,
    "clp_gtq": 0.008463546,
    "clp_mxn": 0.021167882,
    "clp_pen": 0.0041238055,
    "clp_usd": 0.0010950394,
    "cop_clp": 0.21988763,
    "cop_cop": 1,
    "cop_crc": 0.12497276,
    "cop_gtq": 0.0018610291,
    "cop_mxn": 0.0046545554,
    "cop_pen": 0.00090677384,
    "cop_usd": 0.00024078561,
    "crc_clp": 1.75948456,
    "crc_cop": 8.001744,
    "crc_crc": 1,
    "crc_gtq": 0.014891478,
    "crc_mxn": 0.037244561,
    "crc_pen": 0.0072557721,
    "crc_usd": 0.0019267048,
    "gtq_clp": 118.153786,
    "gtq_cop": 537.33710936,
    "gtq_crc": 67.15249943,
    "gtq_gtq": 1,
    "gtq_mxn": 2.50106535,
    "gtq_pen": 0.48724324,
    "gtq_usd": 0.12938305,
    "mxn_clp": 47.24138302,
    "mxn_cop": 214.84329074,
    "mxn_crc": 26.84955814,
    "mxn_gtq": 0.39982962,
    "mxn_mxn": 1,
    "mxn_pen": 0.19481428,
    "mxn_usd": 0.051731173,
    "pen_clp": 242.49446166,
    "pen_cop": 1102.81081529,
    "pen_crc": 137.82130688,
    "pen_gtq": 2.05236303,
    "pen_mxn": 5.13309404,
    "pen_pen": 1,
    "pen_usd": 0.26554098,
    "timestamp": "2024-09-25 19:20:42",
    "usd_clp": 913.20919183,
    "usd_cop": 4153.07205975,
    "usd_crc": 519.02086095,
    "usd_gtq": 7.72898798,
    "usd_mxn": 19.330704,
    "usd_pen": 3.76589711,
    "usd_usd": 1
}