{
    "clp_clp": 1,
    "clp_cop": 4.6660612,
    "clp_crc": 0.57191752,
    "clp_gtq": 0.0085481836,
    "clp_mxn": 0.021682438,
    "clp_pen": 0.0041113759,
    "clp_usd": 0.0011058661,
    "cop_clp": 0.21431352,
    "cop_cop": 1,
    "cop_crc": 0.12256966,
    "cop_gtq": 0.0018319913,
    "cop_mxn": 0.0046468397,
    "cop_pen": 0.00088112344,
    "cop_usd": 0.00023700206,
    "crc_clp": 1.74850388,
    "crc_cop": 8.15862611,
    "crc_crc": 1,
    "crc_gtq": 0.014946532,
    "crc_mxn": 0.037911828,
    "crc_pen": 0.0071887567,
    "crc_usd": 0.0019336112,
    "gtq_clp": 116.22379658,
    "gtq_cop": 544.84462993,
    "gtq_crc": 67.24204454,
    "gtq_gtq": 1,
    "gtq_mxn": 2.54549197,
    "gtq_pen": 0.47974494,
    "gtq_usd": 0.12942591,
    "mxn_clp": 46.12027403,
    "mxn_cop": 215.20002113,
    "mxn_crc": 26.37699266,
    "mxn_gtq": 0.39424457,
    "mxn_mxn": 1,
    "mxn_pen": 0.18961778,
    "mxn_usd": 0.051002848,
    "pen_clp": 242.26163887,
    "pen_cop": 1135.69644823,
    "pen_crc": 140.16207,
    "pen_gtq": 2.08444093,
    "pen_mxn": 5.30592765,
    "pen_pen": 1,
    "pen_usd": 0.26978067,
    "timestamp": "2024-10-02 06:35:29",
    "usd_clp": 904.26860894,
    "usd_cop": 4219.37266964,
    "usd_crc": 517.16705862,
    "usd_gtq": 7.72985413,
    "usd_mxn": 19.6067484,
    "usd_pen": 3.71778818,
    "usd_usd": 1
}