{
    "clp_clp": 1,
    "clp_cop": 4.14651893,
    "clp_crc": 0.55040337,
    "clp_gtq": 0.0086593136,
    "clp_mxn": 0.019843346,
    "clp_pen": 0.0037900685,
    "clp_usd": 0.0011286766,
    "cop_clp": 0.24116615,
    "cop_cop": 1,
    "cop_crc": 0.13273866,
    "cop_gtq": 0.0020883333,
    "cop_mxn": 0.0047855433,
    "cop_pen": 0.00091403622,
    "cop_usd": 0.00027219858,
    "crc_clp": 1.81684935,
    "crc_cop": 7.53360021,
    "crc_crc": 1,
    "crc_gtq": 0.015732668,
    "crc_mxn": 0.03605237,
    "crc_pen": 0.0068859835,
    "crc_usd": 0.0020506353,
    "gtq_clp": 115.48259457,
    "gtq_cop": 478.85076464,
    "gtq_crc": 63.56200901,
    "gtq_gtq": 1,
    "gtq_mxn": 2.29156108,
    "gtq_pen": 0.43768694,
    "gtq_usd": 0.1303425,
    "mxn_clp": 50.39472685,
    "mxn_cop": 208.96268893,
    "mxn_crc": 27.73742739,
    "mxn_gtq": 0.43638374,
    "mxn_mxn": 1,
    "mxn_pen": 0.19099947,
    "mxn_usd": 0.056879348,
    "pen_clp": 263.84747369,
    "pen_cop": 1094.04854465,
    "pen_crc": 145.22253818,
    "pen_gtq": 2.28473801,
    "pen_mxn": 5.2356167,
    "pen_pen": 1,
    "pen_usd": 0.29779846,
    "timestamp": "2026-01-21 19:56:23",
    "usd_clp": 885.9934031,
    "usd_cop": 3673.78841901,
    "usd_crc": 487.65375317,
    "usd_gtq": 7.67209471,
    "usd_mxn": 17.58107362,
    "usd_pen": 3.35797569,
    "usd_usd": 1
}