{
    "clp_clp": 1,
    "clp_cop": 4.08971928,
    "clp_crc": 0.52911195,
    "clp_gtq": 0.0080556975,
    "clp_mxn": 0.019276213,
    "clp_pen": 0.003620919,
    "clp_usd": 0.0010515579,
    "cop_clp": 0.24451556,
    "cop_cop": 1,
    "cop_crc": 0.1293761,
    "cop_gtq": 0.0019697434,
    "cop_mxn": 0.0047133341,
    "cop_pen": 0.00088537104,
    "cop_usd": 0.00025712226,
    "crc_clp": 1.88995921,
    "crc_cop": 7.72940261,
    "crc_crc": 1,
    "crc_gtq": 0.01522494,
    "crc_mxn": 0.036431257,
    "crc_pen": 0.0068433892,
    "crc_usd": 0.0019874015,
    "gtq_clp": 124.13574424,
    "gtq_cop": 507.68034685,
    "gtq_crc": 65.68170564,
    "gtq_gtq": 1,
    "gtq_mxn": 2.39286708,
    "gtq_pen": 0.44948548,
    "gtq_usd": 0.13053592,
    "mxn_clp": 51.87740899,
    "mxn_cop": 212.16403986,
    "mxn_crc": 27.448957,
    "mxn_gtq": 0.41790871,
    "mxn_mxn": 1,
    "mxn_pen": 0.1878439,
    "mxn_usd": 0.054552098,
    "pen_clp": 276.17298063,
    "pen_cop": 1129.46996416,
    "pen_crc": 146.12642418,
    "pen_gtq": 2.22476598,
    "pen_mxn": 5.32356928,
    "pen_pen": 1,
    "pen_usd": 0.29041187,
    "timestamp": "2025-10-09 19:27:46",
    "usd_clp": 950.97000824,
    "usd_cop": 3889.20037969,
    "usd_crc": 503.16959499,
    "usd_gtq": 7.66072668,
    "usd_mxn": 18.3311007,
    "usd_pen": 3.4433854,
    "usd_usd": 1
}