{
    "clp_clp": 1,
    "clp_cop": 4.3220905,
    "clp_crc": 0.52903625,
    "clp_gtq": 0.0080294961,
    "clp_mxn": 0.019405393,
    "clp_pen": 0.0037016173,
    "clp_usd": 0.001047145,
    "cop_clp": 0.23136952,
    "cop_cop": 1,
    "cop_crc": 0.12240286,
    "cop_gtq": 0.0018577806,
    "cop_mxn": 0.0044898164,
    "cop_pen": 0.00085644141,
    "cop_usd": 0.00024227744,
    "crc_clp": 1.89022964,
    "crc_cop": 8.16974357,
    "crc_crc": 1,
    "crc_gtq": 0.015177591,
    "crc_mxn": 0.036680649,
    "crc_pen": 0.0069969067,
    "crc_usd": 0.0019793446,
    "gtq_clp": 124.54081703,
    "gtq_cop": 538.27668193,
    "gtq_crc": 65.8866068,
    "gtq_gtq": 1,
    "gtq_mxn": 2.41676349,
    "gtq_pen": 0.46100244,
    "gtq_usd": 0.1304123,
    "mxn_clp": 51.53206648,
    "mxn_cop": 222.72625488,
    "mxn_crc": 27.2623312,
    "mxn_gtq": 0.41377652,
    "mxn_mxn": 1,
    "mxn_pen": 0.19075199,
    "mxn_usd": 0.053961548,
    "pen_clp": 268.10738822,
    "pen_cop": 1164.1949375,
    "pen_crc": 141.14917709,
    "pen_gtq": 2.13911977,
    "pen_mxn": 5.23428413,
    "pen_pen": 1,
    "pen_usd": 0.27880247,
    "timestamp": "2025-07-29 06:49:24",
    "usd_clp": 961.63920414,
    "usd_cop": 4175.69803132,
    "usd_crc": 506.26945875,
    "usd_gtq": 7.67252795,
    "usd_mxn": 18.77416679,
    "usd_pen": 3.58676876,
    "usd_usd": 1
}