{
    "clp_clp": 1,
    "clp_cop": 4.21633944,
    "clp_crc": 0.55369738,
    "clp_gtq": 0.0088463523,
    "clp_mxn": 0.019792277,
    "clp_pen": 0.0038600839,
    "clp_usd": 0.0011541639,
    "cop_clp": 0.23717256,
    "cop_cop": 1,
    "cop_crc": 0.13132182,
    "cop_gtq": 0.002098112,
    "cop_mxn": 0.0046941849,
    "cop_pen": 0.00091550596,
    "cop_usd": 0.00027373601,
    "crc_clp": 1.80604071,
    "crc_cop": 7.61488067,
    "crc_crc": 1,
    "crc_gtq": 0.015976872,
    "crc_mxn": 0.035745658,
    "crc_pen": 0.0069714687,
    "crc_usd": 0.002084467,
    "gtq_clp": 113.04094232,
    "gtq_cop": 476.61898349,
    "gtq_crc": 62.59047304,
    "gtq_gtq": 1,
    "gtq_mxn": 2.23733765,
    "gtq_pen": 0.43634752,
    "gtq_usd": 0.13046778,
    "mxn_clp": 50.52475758,
    "mxn_cop": 213.0295281,
    "mxn_crc": 27.97542565,
    "mxn_gtq": 0.44695981,
    "mxn_mxn": 1,
    "mxn_pen": 0.1950298,
    "mxn_usd": 0.058313852,
    "pen_clp": 259.06172627,
    "pen_cop": 1092.29217396,
    "pen_crc": 143.44179783,
    "pen_gtq": 2.2917513,
    "pen_mxn": 5.12742146,
    "pen_pen": 1,
    "pen_usd": 0.2989997,
    "timestamp": "2026-02-18 20:24:32",
    "usd_clp": 866.42805381,
    "usd_cop": 3653.15477548,
    "usd_crc": 479.73893912,
    "usd_gtq": 7.66472781,
    "usd_mxn": 17.14858409,
    "usd_pen": 3.34448499,
    "usd_usd": 1
}