{
    "clp_clp": 1,
    "clp_cop": 3.96479913,
    "clp_crc": 0.50673064,
    "clp_gtq": 0.0085124281,
    "clp_mxn": 0.019374523,
    "clp_pen": 0.00386061,
    "clp_usd": 0.0011153114,
    "cop_clp": 0.25221959,
    "cop_cop": 1,
    "cop_crc": 0.12780739,
    "cop_gtq": 0.0021470011,
    "cop_mxn": 0.0048866341,
    "cop_pen": 0.00097372147,
    "cop_usd": 0.00028130337,
    "crc_clp": 1.97343504,
    "crc_cop": 7.82427353,
    "crc_crc": 1,
    "crc_gtq": 0.016798724,
    "crc_mxn": 0.038234362,
    "crc_pen": 0.0076186631,
    "crc_usd": 0.0022009945,
    "gtq_clp": 117.47529542,
    "gtq_cop": 465.76594939,
    "gtq_crc": 59.52833163,
    "gtq_gtq": 1,
    "gtq_mxn": 2.27602778,
    "gtq_pen": 0.4535263,
    "gtq_usd": 0.13102153,
    "mxn_clp": 51.61417467,
    "mxn_cop": 204.63983496,
    "mxn_crc": 26.15448376,
    "mxn_gtq": 0.43936195,
    "mxn_mxn": 1,
    "mxn_pen": 0.1992622,
    "mxn_usd": 0.057565875,
    "pen_clp": 259.02642129,
    "pen_cop": 1026.98773049,
    "pen_crc": 131.25662423,
    "pen_gtq": 2.20494377,
    "pen_mxn": 5.01851329,
    "pen_pen": 1,
    "pen_usd": 0.28889511,
    "timestamp": "2026-04-27 21:24:59",
    "usd_clp": 896.61061672,
    "usd_cop": 3554.88099553,
    "usd_crc": 454.34007162,
    "usd_gtq": 7.63233336,
    "usd_mxn": 17.37140277,
    "usd_pen": 3.46146394,
    "usd_usd": 1
}