{
    "clp_clp": 1,
    "clp_cop": 4.5507912,
    "clp_crc": 0.56229901,
    "clp_gtq": 0.0083592791,
    "clp_mxn": 0.020830951,
    "clp_pen": 0.0040300449,
    "clp_usd": 0.0010794706,
    "cop_clp": 0.21974201,
    "cop_cop": 1,
    "cop_crc": 0.12356071,
    "cop_gtq": 0.0018368848,
    "cop_mxn": 0.0045774351,
    "cop_pen": 0.00088557015,
    "cop_usd": 0.00023720504,
    "crc_clp": 1.78293748,
    "crc_cop": 8.03641401,
    "crc_crc": 1,
    "crc_gtq": 0.014951704,
    "crc_mxn": 0.03714951,
    "crc_pen": 0.0071840151,
    "crc_usd": 0.0019284925,
    "gtq_clp": 119.2464402,
    "gtq_cop": 537.49151288,
    "gtq_crc": 66.88200883,
    "gtq_gtq": 1,
    "gtq_mxn": 2.48463385,
    "gtq_pen": 0.48048136,
    "gtq_usd": 0.12898145,
    "mxn_clp": 48.00548859,
    "mxn_cop": 218.46295516,
    "mxn_crc": 26.99343861,
    "mxn_gtq": 0.40129128,
    "mxn_mxn": 1,
    "mxn_pen": 0.19346427,
    "mxn_usd": 0.051820514,
    "pen_clp": 248.18119893,
    "pen_cop": 1118.65216152,
    "pen_crc": 139.19792583,
    "pen_gtq": 2.08124619,
    "pen_mxn": 5.17113472,
    "pen_pen": 1,
    "pen_usd": 0.26844216,
    "timestamp": "2024-10-08 06:33:42",
    "usd_clp": 926.38000816,
    "usd_cop": 4215.76199108,
    "usd_crc": 520.90255951,
    "usd_gtq": 7.74386901,
    "usd_mxn": 19.29737693,
    "usd_pen": 3.73335298,
    "usd_usd": 1
}