{
    "clp_clp": 1,
    "clp_cop": 4.09963856,
    "clp_crc": 0.52581283,
    "clp_gtq": 0.0080023342,
    "clp_mxn": 0.01927763,
    "clp_pen": 0.0035869624,
    "clp_usd": 0.0010446062,
    "cop_clp": 0.24392394,
    "cop_cop": 1,
    "cop_crc": 0.12825834,
    "cop_gtq": 0.0019519609,
    "cop_mxn": 0.0047022755,
    "cop_pen": 0.000874946,
    "cop_usd": 0.00025480446,
    "crc_clp": 1.90181743,
    "crc_cop": 7.79676408,
    "crc_crc": 1,
    "crc_gtq": 0.015218979,
    "crc_mxn": 0.036662533,
    "crc_pen": 0.0068217476,
    "crc_usd": 0.0019866503,
    "gtq_clp": 124.35498443,
    "gtq_cop": 513.17481576,
    "gtq_crc": 65.68197815,
    "gtq_gtq": 1,
    "gtq_mxn": 2.41390344,
    "gtq_pen": 0.4466379,
    "gtq_usd": 0.1307481,
    "mxn_clp": 51.87359679,
    "mxn_cop": 212.66299781,
    "mxn_crc": 27.27580259,
    "mxn_gtq": 0.41510986,
    "mxn_mxn": 1,
    "mxn_pen": 0.18606864,
    "mxn_usd": 0.054187481,
    "pen_clp": 278.78742433,
    "pen_cop": 1142.92767578,
    "pen_crc": 146.59000382,
    "pen_gtq": 2.23095015,
    "pen_mxn": 5.37436078,
    "pen_pen": 1,
    "pen_usd": 0.29122307,
    "timestamp": "2025-10-14 19:38:13",
    "usd_clp": 951.10359875,
    "usd_cop": 3924.9123491,
    "usd_crc": 502.35514143,
    "usd_gtq": 7.64829494,
    "usd_mxn": 18.46224548,
    "usd_pen": 3.41601838,
    "usd_usd": 1
}