{
    "clp_clp": 1,
    "clp_cop": 3.71655219,
    "clp_crc": 0.49364395,
    "clp_gtq": 0.0082672791,
    "clp_mxn": 0.01900788,
    "clp_pen": 0.003703052,
    "clp_usd": 0.001084191,
    "cop_clp": 0.26761861,
    "cop_cop": 1,
    "cop_crc": 0.13211146,
    "cop_gtq": 0.0022129788,
    "cop_mxn": 0.005076003,
    "cop_pen": 0.00099003511,
    "cop_usd": 0.00029021782,
    "crc_clp": 2.02570314,
    "crc_cop": 7.56936578,
    "crc_crc": 1,
    "crc_gtq": 0.016750846,
    "crc_mxn": 0.038422123,
    "crc_pen": 0.0074939379,
    "crc_usd": 0.0021967649,
    "gtq_clp": 120.95878125,
    "gtq_cop": 449.5496235,
    "gtq_crc": 59.7105701,
    "gtq_gtq": 1,
    "gtq_mxn": 2.29916995,
    "gtq_pen": 0.44791666,
    "gtq_usd": 0.13114242,
    "mxn_clp": 52.72231138,
    "mxn_cop": 197.00540145,
    "mxn_crc": 26.02667213,
    "mxn_gtq": 0.43596878,
    "mxn_mxn": 1,
    "mxn_pen": 0.19504226,
    "mxn_usd": 0.057174479,
    "pen_clp": 270.04751684,
    "pen_cop": 1003.64569046,
    "pen_crc": 133.30732187,
    "pen_gtq": 2.23255818,
    "pen_mxn": 5.13303068,
    "pen_pen": 1,
    "pen_usd": 0.29278308,
    "timestamp": "2026-07-01 08:38:49",
    "usd_clp": 922.3467301,
    "usd_cop": 3427.94976085,
    "usd_crc": 455.3108796,
    "usd_gtq": 7.62529781,
    "usd_mxn": 17.53185557,
    "usd_pen": 3.41549791,
    "usd_usd": 1
}