{
    "clp_clp": 1,
    "clp_cop": 4.19506933,
    "clp_crc": 0.5524195,
    "clp_gtq": 0.0083810207,
    "clp_mxn": 0.018103568,
    "clp_pen": 0.0040032709,
    "clp_usd": 0.001078925,
    "cop_clp": 0.23837508,
    "cop_cop": 1,
    "cop_crc": 0.13168304,
    "cop_gtq": 0.0019978265,
    "cop_mxn": 0.0043154395,
    "cop_pen": 0.00095428004,
    "cop_usd": 0.00025718884,
    "crc_clp": 1.81021851,
    "crc_cop": 7.59399217,
    "crc_crc": 1,
    "crc_gtq": 0.015171479,
    "crc_mxn": 0.032771413,
    "crc_pen": 0.0072467951,
    "crc_usd": 0.0019530901,
    "gtq_clp": 119.31720919,
    "gtq_cop": 500.54396484,
    "gtq_crc": 65.91315265,
    "gtq_gtq": 1,
    "gtq_mxn": 2.16006718,
    "gtq_pen": 0.47765911,
    "gtq_usd": 0.12873432,
    "mxn_clp": 55.2377308,
    "mxn_cop": 231.72611037,
    "mxn_crc": 30.51439945,
    "mxn_gtq": 0.46294857,
    "mxn_mxn": 1,
    "mxn_pen": 0.2211316,
    "mxn_usd": 0.05959737,
    "pen_clp": 249.7957342,
    "pen_cop": 1047.91042339,
    "pen_crc": 137.99203377,
    "pen_gtq": 2.09354322,
    "pen_mxn": 4.52219399,
    "pen_pen": 1,
    "pen_usd": 0.26951087,
    "timestamp": "2024-05-12 19:07:44",
    "usd_clp": 926.84845881,
    "usd_cop": 3888.19354345,
    "usd_crc": 512.00915918,
    "usd_gtq": 7.76793612,
    "usd_mxn": 16.77926384,
    "usd_pen": 3.71042549,
    "usd_usd": 1
}