{
    "clp_clp": 1,
    "clp_cop": 4.38024082,
    "clp_crc": 0.54209414,
    "clp_gtq": 0.0081869126,
    "clp_mxn": 0.020460352,
    "clp_pen": 0.003864756,
    "clp_usd": 0.001065721,
    "cop_clp": 0.22829795,
    "cop_cop": 1,
    "cop_crc": 0.12375898,
    "cop_gtq": 0.0018690554,
    "cop_mxn": 0.0046710564,
    "cop_pen": 0.00088231587,
    "cop_usd": 0.00024330192,
    "crc_clp": 1.84469804,
    "crc_cop": 8.08022165,
    "crc_crc": 1,
    "crc_gtq": 0.015102382,
    "crc_mxn": 0.037743171,
    "crc_pen": 0.0071293078,
    "crc_usd": 0.0019659334,
    "gtq_clp": 122.14616844,
    "gtq_cop": 535.02963333,
    "gtq_crc": 66.21472235,
    "gtq_gtq": 1,
    "gtq_mxn": 2.4991536,
    "gtq_pen": 0.47206514,
    "gtq_usd": 0.13017374,
    "mxn_clp": 48.87501454,
    "mxn_cop": 214.08433387,
    "mxn_crc": 26.49485906,
    "mxn_gtq": 0.40013547,
    "mxn_mxn": 1,
    "mxn_pen": 0.18889001,
    "mxn_usd": 0.05208713,
    "pen_clp": 258.74854674,
    "pen_cop": 1133.38094723,
    "pen_crc": 140.26607139,
    "pen_gtq": 2.11835173,
    "pen_mxn": 5.29408634,
    "pen_pen": 1,
    "pen_usd": 0.27575376,
    "timestamp": "2025-06-05 19:43:19",
    "usd_clp": 938.33188641,
    "usd_cop": 4110.11963402,
    "usd_crc": 508.66421869,
    "usd_gtq": 7.6820411,
    "usd_mxn": 19.19860066,
    "usd_pen": 3.62642379,
    "usd_usd": 1
}