{
    "clp_clp": 1,
    "clp_cop": 3.96022445,
    "clp_crc": 0.51415433,
    "clp_gtq": 0.0079352715,
    "clp_mxn": 0.017057043,
    "clp_pen": 0.0037562569,
    "clp_usd": 0.0010170126,
    "cop_clp": 0.25251094,
    "cop_cop": 1,
    "cop_crc": 0.12982959,
    "cop_gtq": 0.0020037429,
    "cop_mxn": 0.0043070899,
    "cop_pen": 0.00094849595,
    "cop_usd": 0.00025680681,
    "crc_clp": 1.94066158,
    "crc_cop": 7.67990784,
    "crc_crc": 1,
    "crc_gtq": 0.015365975,
    "crc_mxn": 0.033086323,
    "crc_pen": 0.0072860071,
    "crc_usd": 0.0019738947,
    "gtq_clp": 126.01963246,
    "gtq_cop": 499.06602936,
    "gtq_crc": 64.79353911,
    "gtq_gtq": 1,
    "gtq_mxn": 2.14952223,
    "gtq_pen": 0.47336211,
    "gtq_usd": 0.12816355,
    "mxn_clp": 58.62681052,
    "mxn_cop": 232.17532831,
    "mxn_crc": 30.14322821,
    "mxn_gtq": 0.46521966,
    "mxn_mxn": 1,
    "mxn_pen": 0.22021736,
    "mxn_usd": 0.059624205,
    "pen_clp": 266.2224761,
    "pen_cop": 1054.30075844,
    "pen_crc": 136.8794376,
    "pen_gtq": 2.11254763,
    "pen_mxn": 4.5409681,
    "pen_pen": 1,
    "pen_usd": 0.27075161,
    "timestamp": "2024-03-24 06:25:21",
    "usd_clp": 983.27198093,
    "usd_cop": 3893.97773781,
    "usd_crc": 505.55354203,
    "usd_gtq": 7.80253014,
    "usd_mxn": 16.77171199,
    "usd_pen": 3.69342212,
    "usd_usd": 1
}