{
    "clp_clp": 1,
    "clp_cop": 4.1041862,
    "clp_crc": 0.50308024,
    "clp_gtq": 0.0084797144,
    "clp_mxn": 0.019245438,
    "clp_pen": 0.0037925226,
    "clp_usd": 0.0011122747,
    "cop_clp": 0.24365366,
    "cop_cop": 1,
    "cop_crc": 0.12257734,
    "cop_gtq": 0.0020661135,
    "cop_mxn": 0.0046892215,
    "cop_pen": 0.00092406202,
    "cop_usd": 0.00027100981,
    "crc_clp": 1.98775447,
    "crc_cop": 8.15811446,
    "crc_crc": 1,
    "crc_gtq": 0.01685559,
    "crc_mxn": 0.038255206,
    "crc_pen": 0.0075386037,
    "crc_usd": 0.002210929,
    "gtq_clp": 117.92849993,
    "gtq_cop": 484.00052149,
    "gtq_crc": 59.32749828,
    "gtq_gtq": 1,
    "gtq_mxn": 2.26958567,
    "gtq_pen": 0.4472465,
    "gtq_usd": 0.13116889,
    "mxn_clp": 51.96036505,
    "mxn_cop": 213.25501295,
    "mxn_crc": 26.14023302,
    "mxn_gtq": 0.44060906,
    "mxn_mxn": 1,
    "mxn_pen": 0.19706086,
    "mxn_usd": 0.057794201,
    "pen_clp": 263.67674211,
    "pen_cop": 1082.17844506,
    "pen_crc": 132.65055922,
    "pen_gtq": 2.23590347,
    "pen_mxn": 5.07457447,
    "pen_pen": 1,
    "pen_usd": 0.29328097,
    "timestamp": "2026-05-22 21:26:37",
    "usd_clp": 899.05846231,
    "usd_cop": 3689.90333008,
    "usd_crc": 452.29854875,
    "usd_gtq": 7.623759,
    "usd_mxn": 17.30277417,
    "usd_pen": 3.40969953,
    "usd_usd": 1
}