{
    "clp_clp": 1,
    "clp_cop": 4.04813479,
    "clp_crc": 0.51367554,
    "clp_gtq": 0.0086135258,
    "clp_mxn": 0.019467114,
    "clp_pen": 0.0038749736,
    "clp_usd": 0.001122561,
    "cop_clp": 0.24702735,
    "cop_cop": 1,
    "cop_crc": 0.12689191,
    "cop_gtq": 0.0021277764,
    "cop_mxn": 0.0048089095,
    "cop_pen": 0.00095722446,
    "cop_usd": 0.00027730327,
    "crc_clp": 1.94675418,
    "crc_cop": 7.88072333,
    "crc_crc": 1,
    "crc_gtq": 0.016768417,
    "crc_mxn": 0.037897685,
    "crc_pen": 0.0075436211,
    "crc_usd": 0.0021853503,
    "gtq_clp": 116.09647737,
    "gtq_cop": 469.97418856,
    "gtq_crc": 59.63592036,
    "gtq_gtq": 1,
    "gtq_mxn": 2.26006333,
    "gtq_pen": 0.44987079,
    "gtq_usd": 0.13032538,
    "mxn_clp": 51.36868318,
    "mxn_cop": 207.9473533,
    "mxn_crc": 26.38683592,
    "mxn_gtq": 0.44246548,
    "mxn_mxn": 1,
    "mxn_pen": 0.19905229,
    "mxn_usd": 0.057664481,
    "pen_clp": 258.06627306,
    "pen_cop": 1044.68705701,
    "pen_crc": 132.56233139,
    "pen_gtq": 2.22286049,
    "pen_mxn": 5.0238055,
    "pen_pen": 1,
    "pen_usd": 0.28969513,
    "timestamp": "2026-04-20 20:45:08",
    "usd_clp": 890.82018484,
    "usd_cop": 3606.16017812,
    "usd_crc": 457.5925368,
    "usd_gtq": 7.67310262,
    "usd_mxn": 17.34169789,
    "usd_pen": 3.45190472,
    "usd_usd": 1
}