{
    "clp_clp": 1,
    "clp_cop": 4.27749495,
    "clp_crc": 0.52627423,
    "clp_gtq": 0.0080169239,
    "clp_mxn": 0.021349081,
    "clp_pen": 0.0038534848,
    "clp_usd": 0.001038052,
    "cop_clp": 0.23378169,
    "cop_cop": 1,
    "cop_crc": 0.12303328,
    "cop_gtq": 0.00187421,
    "cop_mxn": 0.0049910243,
    "cop_pen": 0.00090087419,
    "cop_usd": 0.00024267755,
    "crc_clp": 1.90015003,
    "crc_cop": 8.12788215,
    "crc_crc": 1,
    "crc_gtq": 0.015233358,
    "crc_mxn": 0.040566457,
    "crc_pen": 0.0073221993,
    "crc_usd": 0.0019724545,
    "gtq_clp": 124.73612227,
    "gtq_cop": 533.55813358,
    "gtq_crc": 65.64540725,
    "gtq_gtq": 1,
    "gtq_mxn": 2.66300161,
    "gtq_pen": 0.48066875,
    "gtq_usd": 0.12948258,
    "mxn_clp": 46.84042317,
    "mxn_cop": 200.35967374,
    "mxn_crc": 24.65090784,
    "mxn_gtq": 0.37551611,
    "mxn_mxn": 1,
    "mxn_pen": 0.18049886,
    "mxn_usd": 0.048622794,
    "pen_clp": 259.26458935,
    "pen_cop": 1109.30944141,
    "pen_crc": 137.43337402,
    "pen_gtq": 2.07709458,
    "pen_mxn": 5.53493346,
    "pen_pen": 1,
    "pen_usd": 0.26913777,
    "timestamp": "2025-02-09 06:31:19",
    "usd_clp": 963.34289277,
    "usd_cop": 4120.69436281,
    "usd_crc": 506.98254338,
    "usd_gtq": 7.72304666,
    "usd_mxn": 20.56648569,
    "usd_pen": 3.71222721,
    "usd_usd": 1
}