{
    "clp_clp": 1,
    "clp_cop": 4.31845281,
    "clp_crc": 0.57600502,
    "clp_gtq": 0.0085248999,
    "clp_mxn": 0.019432971,
    "clp_pen": 0.0041018979,
    "clp_usd": 0.0010986463,
    "cop_clp": 0.23156442,
    "cop_cop": 1,
    "cop_crc": 0.13338226,
    "cop_gtq": 0.0019740635,
    "cop_mxn": 0.0044999845,
    "cop_pen": 0.00094985358,
    "cop_usd": 0.00025440739,
    "crc_clp": 1.73609599,
    "crc_cop": 7.49724862,
    "crc_crc": 1,
    "crc_gtq": 0.014800045,
    "crc_mxn": 0.033737503,
    "crc_pen": 0.0071212884,
    "crc_usd": 0.0019073555,
    "gtq_clp": 117.30342974,
    "gtq_cop": 506.56932614,
    "gtq_crc": 67.56736398,
    "gtq_gtq": 1,
    "gtq_mxn": 2.27955413,
    "gtq_pen": 0.48116669,
    "gtq_usd": 0.12887498,
    "mxn_clp": 51.45893585,
    "mxn_cop": 222.22298627,
    "mxn_crc": 29.64060519,
    "mxn_gtq": 0.43868228,
    "mxn_mxn": 1,
    "mxn_pen": 0.2110793,
    "mxn_usd": 0.056535171,
    "pen_clp": 243.78959059,
    "pen_cop": 1052.79384322,
    "pen_crc": 140.42402714,
    "pen_gtq": 2.07828186,
    "pen_mxn": 4.73755601,
    "pen_pen": 1,
    "pen_usd": 0.26783854,
    "timestamp": "2024-07-15 19:12:52",
    "usd_clp": 910.2110295,
    "usd_cop": 3930.7033806,
    "usd_crc": 524.28611904,
    "usd_gtq": 7.75945794,
    "usd_mxn": 17.6881044,
    "usd_pen": 3.73359267,
    "usd_usd": 1
}