{
    "clp_clp": 1,
    "clp_cop": 4.02540311,
    "clp_crc": 0.52741794,
    "clp_gtq": 0.0080067958,
    "clp_mxn": 0.019189365,
    "clp_pen": 0.003656454,
    "clp_usd": 0.0010455193,
    "cop_clp": 0.24560551,
    "cop_cop": 1,
    "cop_crc": 0.1305803,
    "cop_gtq": 0.0019831334,
    "cop_mxn": 0.004752631,
    "cop_pen": 0.00090658938,
    "cop_usd": 0.00025890608,
    "crc_clp": 1.88087711,
    "crc_cop": 7.65812273,
    "crc_crc": 1,
    "crc_gtq": 0.015187079,
    "crc_mxn": 0.036396232,
    "crc_pen": 0.0069427727,
    "crc_usd": 0.0019827346,
    "gtq_clp": 124.89390567,
    "gtq_cop": 502.74831625,
    "gtq_crc": 65.87128612,
    "gtq_gtq": 1,
    "gtq_mxn": 2.39663469,
    "gtq_pen": 0.45666883,
    "gtq_usd": 0.13057899,
    "mxn_clp": 51.67779783,
    "mxn_cop": 210.40976921,
    "mxn_crc": 27.47537178,
    "mxn_gtq": 0.41727065,
    "mxn_mxn": 1,
    "mxn_pen": 0.19075526,
    "mxn_usd": 0.05447637,
    "pen_clp": 273.48901137,
    "pen_cop": 1100.90351683,
    "pen_crc": 144.24301027,
    "pen_gtq": 2.18977067,
    "pen_mxn": 5.24808034,
    "pen_pen": 1,
    "pen_usd": 0.28593804,
    "timestamp": "2025-09-24 06:40:49",
    "usd_clp": 948.62778658,
    "usd_cop": 3862.40439863,
    "usd_crc": 504.35394337,
    "usd_gtq": 7.65966324,
    "usd_mxn": 18.35658303,
    "usd_pen": 3.5016148,
    "usd_usd": 1
}