{
    "clp_clp": 1,
    "clp_cop": 4.3478209,
    "clp_crc": 0.57411219,
    "clp_gtq": 0.0084771537,
    "clp_mxn": 0.019427977,
    "clp_pen": 0.004113195,
    "clp_usd": 0.0010937886,
    "cop_clp": 0.23000027,
    "cop_cop": 1,
    "cop_crc": 0.13204596,
    "cop_gtq": 0.0019497477,
    "cop_mxn": 0.0044684401,
    "cop_pen": 0.00094603597,
    "cop_usd": 0.00025157169,
    "crc_clp": 1.74181985,
    "crc_cop": 7.57312073,
    "crc_crc": 1,
    "crc_gtq": 0.014765675,
    "crc_mxn": 0.033840037,
    "crc_pen": 0.0071644446,
    "crc_usd": 0.0019051827,
    "gtq_clp": 117.96412311,
    "gtq_cop": 512.88687959,
    "gtq_crc": 67.72464056,
    "gtq_gtq": 1,
    "gtq_mxn": 2.29180431,
    "gtq_pen": 0.48520944,
    "gtq_usd": 0.12902782,
    "mxn_clp": 51.47216211,
    "mxn_cop": 223.79174208,
    "mxn_crc": 29.5507955,
    "mxn_gtq": 0.43633743,
    "mxn_mxn": 1,
    "mxn_pen": 0.21171504,
    "mxn_usd": 0.056299666,
    "pen_clp": 243.1200093,
    "pen_cop": 1057.04225702,
    "pen_crc": 139.57815994,
    "pen_gtq": 2.06096568,
    "pen_mxn": 4.72333004,
    "pen_pen": 1,
    "pen_usd": 0.2659219,
    "timestamp": "2024-07-12 19:11:42",
    "usd_clp": 914.25342432,
    "usd_cop": 3975.0101438,
    "usd_crc": 524.88403177,
    "usd_gtq": 7.75026678,
    "usd_mxn": 17.76209482,
    "usd_pen": 3.76050259,
    "usd_usd": 1
}