{
    "clp_clp": 1,
    "clp_cop": 4.42204907,
    "clp_crc": 0.55343304,
    "clp_gtq": 0.0081828862,
    "clp_mxn": 0.021133537,
    "clp_pen": 0.0040214085,
    "clp_usd": 0.0010580518,
    "cop_clp": 0.22613951,
    "cop_cop": 1,
    "cop_crc": 0.12515308,
    "cop_gtq": 0.0018504739,
    "cop_mxn": 0.0047791276,
    "cop_pen": 0.00090939934,
    "cop_usd": 0.0002392673,
    "crc_clp": 1.80690332,
    "crc_cop": 7.99021515,
    "crc_crc": 1,
    "crc_gtq": 0.014785684,
    "crc_mxn": 0.038186258,
    "crc_pen": 0.0072662964,
    "crc_usd": 0.0019117972,
    "gtq_clp": 122.20626999,
    "gtq_cop": 540.40212213,
    "gtq_crc": 67.63298759,
    "gtq_gtq": 1,
    "gtq_mxn": 2.58265071,
    "gtq_pen": 0.49144133,
    "gtq_usd": 0.12930056,
    "mxn_clp": 47.31815626,
    "mxn_cop": 209.24320871,
    "mxn_crc": 26.1874311,
    "mxn_gtq": 0.38719909,
    "mxn_mxn": 1,
    "mxn_pen": 0.19028564,
    "mxn_usd": 0.050065059,
    "pen_clp": 248.6690922,
    "pen_cop": 1099.62692702,
    "pen_crc": 137.62169182,
    "pen_gtq": 2.03483088,
    "pen_mxn": 5.25525743,
    "pen_pen": 1,
    "pen_usd": 0.26310477,
    "timestamp": "2024-09-09 19:17:59",
    "usd_clp": 945.13334365,
    "usd_cop": 4179.42602003,
    "usd_crc": 523.06802025,
    "usd_gtq": 7.73391859,
    "usd_mxn": 19.97401037,
    "usd_pen": 3.80076726,
    "usd_usd": 1
}