{
    "clp_clp": 1,
    "clp_cop": 4.3655939,
    "clp_crc": 0.5064261,
    "clp_gtq": 0.0076796996,
    "clp_mxn": 0.020466825,
    "clp_pen": 0.0037420111,
    "clp_usd": 0.00099554499,
    "cop_clp": 0.22906391,
    "cop_cop": 1,
    "cop_crc": 0.11600394,
    "cop_gtq": 0.001759142,
    "cop_mxn": 0.0046882109,
    "cop_pen": 0.00085715969,
    "cop_usd": 0.00022804343,
    "crc_clp": 1.97462176,
    "crc_cop": 8.62039672,
    "crc_crc": 1,
    "crc_gtq": 0.015164502,
    "crc_mxn": 0.040414238,
    "crc_pen": 0.0073890566,
    "crc_usd": 0.0019658248,
    "gtq_clp": 130.21342643,
    "gtq_cop": 568.45894062,
    "gtq_crc": 65.94347788,
    "gtq_gtq": 1,
    "gtq_mxn": 2.6650554,
    "gtq_pen": 0.48726009,
    "gtq_usd": 0.12963332,
    "mxn_clp": 48.85955704,
    "mxn_cop": 213.30098437,
    "mxn_crc": 24.74375498,
    "mxn_gtq": 0.37522672,
    "mxn_mxn": 1,
    "mxn_pen": 0.18283301,
    "mxn_usd": 0.048641887,
    "pen_clp": 267.23597819,
    "pen_cop": 1166.64375731,
    "pen_crc": 135.33527455,
    "pen_gtq": 2.05229204,
    "pen_mxn": 5.46947198,
    "pen_pen": 1,
    "pen_usd": 0.26604544,
    "timestamp": "2025-01-03 19:20:13",
    "usd_clp": 1004.47494666,
    "usd_cop": 4385.1297039,
    "usd_crc": 508.69233107,
    "usd_gtq": 7.71406586,
    "usd_mxn": 20.55841288,
    "usd_pen": 3.75875641,
    "usd_usd": 1
}