{
    "clp_clp": 1,
    "clp_cop": 4.41867455,
    "clp_crc": 0.52505385,
    "clp_gtq": 0.0081128971,
    "clp_mxn": 0.021427982,
    "clp_pen": 0.0038225097,
    "clp_usd": 0.0010515816,
    "cop_clp": 0.22631221,
    "cop_cop": 1,
    "cop_crc": 0.1188261,
    "cop_gtq": 0.0018360477,
    "cop_mxn": 0.004849414,
    "cop_pen": 0.00086508062,
    "cop_usd": 0.00023798576,
    "crc_clp": 1.90456656,
    "crc_cop": 8.41565979,
    "crc_crc": 1,
    "crc_gtq": 0.015451553,
    "crc_mxn": 0.040811019,
    "crc_pen": 0.0072802242,
    "crc_usd": 0.0020028072,
    "gtq_clp": 123.26053033,
    "gtq_cop": 544.64816867,
    "gtq_crc": 64.71841569,
    "gtq_gtq": 1,
    "gtq_mxn": 2.64122448,
    "gtq_pen": 0.47116457,
    "gtq_usd": 0.12961851,
    "mxn_clp": 46.6679494,
    "mxn_cop": 206.21048041,
    "mxn_crc": 24.50318639,
    "mxn_gtq": 0.37861227,
    "mxn_mxn": 1,
    "mxn_pen": 0.17838869,
    "mxn_usd": 0.049075157,
    "pen_clp": 261.60822966,
    "pen_cop": 1155.96162703,
    "pen_crc": 137.35840752,
    "pen_gtq": 2.12240065,
    "pen_mxn": 5.60573655,
    "pen_pen": 1,
    "pen_usd": 0.2751024,
    "timestamp": "2025-03-29 19:41:42",
    "usd_clp": 933.23385767,
    "usd_cop": 4169.61360954,
    "usd_crc": 499.46764046,
    "usd_gtq": 7.71194603,
    "usd_mxn": 20.32066045,
    "usd_pen": 3.64298112,
    "usd_usd": 1
}