{
    "clp_clp": 1,
    "clp_cop": 4.44335983,
    "clp_crc": 0.51686629,
    "clp_gtq": 0.0078165356,
    "clp_mxn": 0.020902956,
    "clp_pen": 0.003747873,
    "clp_usd": 0.0010125886,
    "cop_clp": 0.22505492,
    "cop_cop": 1,
    "cop_crc": 0.1163233,
    "cop_gtq": 0.0017591498,
    "cop_mxn": 0.0047043132,
    "cop_pen": 0.00084347727,
    "cop_usd": 0.00022788806,
    "crc_clp": 1.93473637,
    "crc_cop": 8.59672986,
    "crc_crc": 1,
    "crc_gtq": 0.015122936,
    "crc_mxn": 0.04044171,
    "crc_pen": 0.0072511462,
    "crc_usd": 0.0019590921,
    "gtq_clp": 127.93391491,
    "gtq_cop": 568.45641898,
    "gtq_crc": 66.12472748,
    "gtq_gtq": 1,
    "gtq_mxn": 2.67419704,
    "gtq_pen": 0.47948007,
    "gtq_usd": 0.12954443,
    "mxn_clp": 47.84012281,
    "mxn_cop": 212.57088018,
    "mxn_crc": 24.72694661,
    "mxn_gtq": 0.37394402,
    "mxn_mxn": 1,
    "mxn_pen": 0.17929871,
    "mxn_usd": 0.048442365,
    "pen_clp": 266.81800463,
    "pen_cop": 1185.56840486,
    "pen_crc": 137.90923114,
    "pen_gtq": 2.08559243,
    "pen_mxn": 5.57728511,
    "pen_pen": 1,
    "pen_usd": 0.27017688,
    "timestamp": "2025-04-08 19:36:46",
    "usd_clp": 987.56785794,
    "usd_cop": 4388.11935367,
    "usd_crc": 510.44053108,
    "usd_gtq": 7.71935932,
    "usd_mxn": 20.64308785,
    "usd_pen": 3.70127893,
    "usd_usd": 1
}