{
    "clp_clp": 1,
    "clp_cop": 3.63428842,
    "clp_crc": 0.4923682,
    "clp_gtq": 0.0082763661,
    "clp_mxn": 0.018970343,
    "clp_pen": 0.0036947248,
    "clp_usd": 0.0010859136,
    "cop_clp": 0.27515703,
    "cop_cop": 1,
    "cop_crc": 0.13547857,
    "cop_gtq": 0.0022773003,
    "cop_mxn": 0.0052198232,
    "cop_pen": 0.0010166295,
    "cop_usd": 0.00029879676,
    "crc_clp": 2.03100039,
    "crc_cop": 7.3812412,
    "crc_crc": 1,
    "crc_gtq": 0.016809303,
    "crc_mxn": 0.038528774,
    "crc_pen": 0.0075039875,
    "crc_usd": 0.002205491,
    "gtq_clp": 120.82597477,
    "gtq_cop": 439.11644114,
    "gtq_crc": 59.49086737,
    "gtq_gtq": 1,
    "gtq_mxn": 2.2921102,
    "gtq_pen": 0.44641873,
    "gtq_usd": 0.13120657,
    "mxn_clp": 52.7138594,
    "mxn_cop": 191.57736889,
    "mxn_crc": 25.95462792,
    "mxn_gtq": 0.4362792,
    "mxn_mxn": 1,
    "mxn_pen": 0.1947632,
    "mxn_usd": 0.057242697,
    "pen_clp": 270.65615246,
    "pen_cop": 983.64252112,
    "pen_crc": 133.26248183,
    "pen_gtq": 2.2400494,
    "pen_mxn": 5.13444008,
    "pen_pen": 1,
    "pen_usd": 0.2939092,
    "timestamp": "2026-07-05 21:40:35",
    "usd_clp": 920.88357059,
    "usd_cop": 3346.75649816,
    "usd_crc": 453.41378343,
    "usd_gtq": 7.62156955,
    "usd_mxn": 17.46947731,
    "usd_pen": 3.40241137,
    "usd_usd": 1
}