{
    "clp_clp": 1,
    "clp_cop": 4.29556937,
    "clp_crc": 0.53076632,
    "clp_gtq": 0.0080512166,
    "clp_mxn": 0.021448467,
    "clp_pen": 0.0038680955,
    "clp_usd": 0.0010397935,
    "cop_clp": 0.23279801,
    "cop_cop": 1,
    "cop_crc": 0.12356134,
    "cop_gtq": 0.0018743072,
    "cop_mxn": 0.0049931605,
    "cop_pen": 0.00090048493,
    "cop_usd": 0.00024206186,
    "crc_clp": 1.88406831,
    "crc_cop": 8.09314615,
    "crc_crc": 1,
    "crc_gtq": 0.015169042,
    "crc_mxn": 0.040410378,
    "crc_pen": 0.0072877562,
    "crc_usd": 0.001959042,
    "gtq_clp": 124.20483136,
    "gtq_cop": 533.53046971,
    "gtq_crc": 65.92374089,
    "gtq_gtq": 1,
    "gtq_mxn": 2.66400326,
    "gtq_pen": 0.48043615,
    "gtq_usd": 0.12914738,
    "mxn_clp": 46.76962968,
    "mxn_cop": 200.37671256,
    "mxn_crc": 24.76839002,
    "mxn_gtq": 0.37610335,
    "mxn_mxn": 1,
    "mxn_pen": 0.18075034,
    "mxn_usd": 0.048539159,
    "pen_clp": 258.52515747,
    "pen_cop": 1110.51274889,
    "pen_crc": 137.21644568,
    "pen_gtq": 2.08144204,
    "pen_mxn": 5.54496837,
    "pen_pen": 1,
    "pen_usd": 0.26881278,
    "timestamp": "2025-02-11 06:35:37",
    "usd_clp": 961.72940431,
    "usd_cop": 4131.17537549,
    "usd_crc": 510.45357387,
    "usd_gtq": 7.74309174,
    "usd_mxn": 20.62762163,
    "usd_pen": 3.72006119,
    "usd_usd": 1
}