{
    "clp_clp": 1,
    "clp_cop": 4.54657138,
    "clp_crc": 0.52369126,
    "clp_gtq": 0.0079241565,
    "clp_mxn": 0.020923153,
    "clp_pen": 0.0038631368,
    "clp_usd": 0.0010268508,
    "cop_clp": 0.21994596,
    "cop_cop": 1,
    "cop_crc": 0.11518378,
    "cop_gtq": 0.0017428862,
    "cop_mxn": 0.0046019629,
    "cop_pen": 0.00084968132,
    "cop_usd": 0.00022585169,
    "crc_clp": 1.90952204,
    "crc_cop": 8.68177824,
    "crc_crc": 1,
    "crc_gtq": 0.015131352,
    "crc_mxn": 0.039953221,
    "crc_pen": 0.0073767448,
    "crc_usd": 0.0019607943,
    "gtq_clp": 126.19639678,
    "gtq_cop": 573.76092546,
    "gtq_crc": 66.08794989,
    "gtq_gtq": 1,
    "gtq_mxn": 2.64042648,
    "gtq_pen": 0.48751394,
    "gtq_usd": 0.12958487,
    "mxn_clp": 47.79394454,
    "mxn_cop": 217.29858024,
    "mxn_crc": 25.02927098,
    "mxn_gtq": 0.3787267,
    "mxn_mxn": 1,
    "mxn_pen": 0.18463455,
    "mxn_usd": 0.049077251,
    "pen_clp": 258.85700063,
    "pen_cop": 1176.91182977,
    "pen_crc": 135.56114852,
    "pen_gtq": 2.05122339,
    "pen_mxn": 5.41610455,
    "pen_pen": 1,
    "pen_usd": 0.26580752,
    "timestamp": "2024-11-30 06:34:39",
    "usd_clp": 978.01831418,
    "usd_cop": 4418.56597911,
    "usd_crc": 510.63064034,
    "usd_gtq": 7.71396053,
    "usd_mxn": 20.45556911,
    "usd_pen": 3.75576735,
    "usd_usd": 1
}