{
    "clp_clp": 1,
    "clp_cop": 4.57368591,
    "clp_crc": 0.56934883,
    "clp_gtq": 0.0084644558,
    "clp_mxn": 0.021600108,
    "clp_pen": 0.0041052924,
    "clp_usd": 0.0010950521,
    "cop_clp": 0.21864204,
    "cop_cop": 1,
    "cop_crc": 0.12448359,
    "cop_gtq": 0.0018506859,
    "cop_mxn": 0.0047226916,
    "cop_pen": 0.00089758948,
    "cop_usd": 0.00023942443,
    "crc_clp": 1.75639246,
    "crc_cop": 8.03318744,
    "crc_crc": 1,
    "crc_gtq": 0.014866906,
    "crc_mxn": 0.037938267,
    "crc_pen": 0.0072105045,
    "crc_usd": 0.0019233413,
    "gtq_clp": 118.22147368,
    "gtq_cop": 540.61369785,
    "gtq_crc": 67.88882589,
    "gtq_gtq": 1,
    "gtq_mxn": 2.55175448,
    "gtq_pen": 0.48482495,
    "gtq_usd": 0.12936466,
    "mxn_clp": 46.29606511,
    "mxn_cop": 211.74366047,
    "mxn_crc": 26.35861069,
    "mxn_gtq": 0.391871,
    "mxn_mxn": 1,
    "mxn_pen": 0.19005888,
    "mxn_usd": 0.050696605,
    "pen_clp": 243.84362613,
    "pen_cop": 1115.06987956,
    "pen_crc": 140.02750061,
    "pen_gtq": 2.06260012,
    "pen_mxn": 5.26324911,
    "pen_pen": 1,
    "pen_usd": 0.26682755,
    "timestamp": "2024-09-01 06:30:52",
    "usd_clp": 913.86224028,
    "usd_cop": 4178.99075069,
    "usd_crc": 524.78650945,
    "usd_gtq": 7.73008669,
    "usd_mxn": 19.72528337,
    "usd_pen": 3.74773889,
    "usd_usd": 1
}