{
    "clp_clp": 1,
    "clp_cop": 4.30091052,
    "clp_crc": 0.50510024,
    "clp_gtq": 0.007650319,
    "clp_mxn": 0.020523735,
    "clp_pen": 0.0037383589,
    "clp_usd": 0.00099062139,
    "cop_clp": 0.23250891,
    "cop_cop": 1,
    "cop_crc": 0.1174403,
    "cop_gtq": 0.0017787673,
    "cop_mxn": 0.0047719512,
    "cop_pen": 0.00086920175,
    "cop_usd": 0.0002303283,
    "crc_clp": 1.97980505,
    "crc_cop": 8.51496435,
    "crc_crc": 1,
    "crc_gtq": 0.01514614,
    "crc_mxn": 0.040632994,
    "crc_pen": 0.0074012219,
    "crc_usd": 0.0019612372,
    "gtq_clp": 130.71350281,
    "gtq_cop": 562.18707902,
    "gtq_crc": 66.02342132,
    "gtq_gtq": 1,
    "gtq_mxn": 2.68272928,
    "gtq_pen": 0.48865399,
    "gtq_usd": 0.12948759,
    "mxn_clp": 48.724075,
    "mxn_cop": 209.55788663,
    "mxn_crc": 24.61054186,
    "mxn_gtq": 0.37275472,
    "mxn_mxn": 1,
    "mxn_pen": 0.18214808,
    "mxn_usd": 0.048267111,
    "pen_clp": 267.49705297,
    "pen_cop": 1150.48088852,
    "pen_crc": 135.112825,
    "pen_gtq": 2.0464378,
    "pen_mxn": 5.49003861,
    "pen_pen": 1,
    "pen_usd": 0.2649883,
    "timestamp": "2025-01-11 19:36:07",
    "usd_clp": 1009.46740191,
    "usd_cop": 4341.62896588,
    "usd_crc": 509.88222452,
    "usd_gtq": 7.72274769,
    "usd_mxn": 20.71804138,
    "usd_pen": 3.77375149,
    "usd_usd": 1
}