{
    "clp_clp": 1,
    "clp_cop": 4.14691889,
    "clp_crc": 0.52223637,
    "clp_gtq": 0.0079157301,
    "clp_mxn": 0.019269797,
    "clp_pen": 0.0036512292,
    "clp_usd": 0.0010327089,
    "cop_clp": 0.24077409,
    "cop_cop": 1,
    "cop_crc": 0.12578468,
    "cop_gtq": 0.0019075862,
    "cop_mxn": 0.0046467987,
    "cop_pen": 0.00087975335,
    "cop_usd": 0.00024910884,
    "crc_clp": 1.91484175,
    "crc_cop": 7.9406934,
    "crc_crc": 1,
    "crc_gtq": 0.01515737,
    "crc_mxn": 0.036898613,
    "crc_pen": 0.0069915262,
    "crc_usd": 0.0019774741,
    "gtq_clp": 126.33073543,
    "gtq_cop": 523.88331313,
    "gtq_crc": 65.97450455,
    "gtq_gtq": 1,
    "gtq_mxn": 2.43436768,
    "gtq_pen": 0.46126247,
    "gtq_usd": 0.13046287,
    "mxn_clp": 51.89468148,
    "mxn_cop": 215.20303491,
    "mxn_crc": 27.10129002,
    "mxn_gtq": 0.41078429,
    "mxn_mxn": 1,
    "mxn_pen": 0.18947938,
    "mxn_usd": 0.053592099,
    "pen_clp": 273.88036595,
    "pen_cop": 1135.75966317,
    "pen_crc": 143.03028782,
    "pen_gtq": 2.16796305,
    "pen_mxn": 5.27761917,
    "pen_pen": 1,
    "pen_usd": 0.28283869,
    "timestamp": "2025-09-02 06:41:24",
    "usd_clp": 968.32709176,
    "usd_cop": 4015.57390851,
    "usd_crc": 505.69562429,
    "usd_gtq": 7.66501587,
    "usd_mxn": 18.65946691,
    "usd_pen": 3.53558419,
    "usd_usd": 1
}