{
    "clp_clp": 1,
    "clp_cop": 4.31091365,
    "clp_crc": 0.53295339,
    "clp_gtq": 0.008128105,
    "clp_mxn": 0.021351357,
    "clp_pen": 0.003889278,
    "clp_usd": 0.0010532481,
    "cop_clp": 0.23196939,
    "cop_cop": 1,
    "cop_crc": 0.12362887,
    "cop_gtq": 0.0018854716,
    "cop_mxn": 0.0049528613,
    "cop_pen": 0.00090219343,
    "cop_usd": 0.00024432131,
    "crc_clp": 1.8763367,
    "crc_cop": 8.08872547,
    "crc_crc": 1,
    "crc_gtq": 0.015251062,
    "crc_mxn": 0.040062335,
    "crc_pen": 0.007297595,
    "crc_usd": 0.001976248,
    "gtq_clp": 123.02990611,
    "gtq_cop": 530.37130136,
    "gtq_crc": 65.56920536,
    "gtq_gtq": 1,
    "gtq_mxn": 2.6268555,
    "gtq_pen": 0.4784975,
    "gtq_usd": 0.12958101,
    "mxn_clp": 46.83542977,
    "mxn_cop": 201.90349341,
    "mxn_crc": 24.961101,
    "mxn_gtq": 0.38068329,
    "mxn_mxn": 1,
    "mxn_pen": 0.18215601,
    "mxn_usd": 0.049329327,
    "pen_clp": 257.71383032,
    "pen_cop": 1110.307612,
    "pen_crc": 137.10732244,
    "pen_gtq": 2.08975893,
    "pen_mxn": 5.54295408,
    "pen_pen": 1,
    "pen_usd": 0.27094751,
    "timestamp": "2025-02-20 06:36:15",
    "usd_clp": 949.44392489,
    "usd_cop": 4092.97077373,
    "usd_crc": 506.00935706,
    "usd_gtq": 7.71717995,
    "usd_mxn": 20.27191657,
    "usd_pen": 3.69265135,
    "usd_usd": 1
}