{
    "clp_clp": 1,
    "clp_cop": 4.51507721,
    "clp_crc": 0.51799315,
    "clp_gtq": 0.0078954051,
    "clp_mxn": 0.020693873,
    "clp_pen": 0.0038175276,
    "clp_usd": 0.0010247788,
    "cop_clp": 0.22148016,
    "cop_cop": 1,
    "cop_crc": 0.1147252,
    "cop_gtq": 0.0017486756,
    "cop_mxn": 0.0045832822,
    "cop_pen": 0.00084550661,
    "cop_usd": 0.00022696816,
    "crc_clp": 1.93052747,
    "crc_cop": 8.71648056,
    "crc_crc": 1,
    "crc_gtq": 0.015242296,
    "crc_mxn": 0.03995009,
    "crc_pen": 0.007369842,
    "crc_usd": 0.0019783635,
    "gtq_clp": 126.65594541,
    "gtq_cop": 571.86137234,
    "gtq_crc": 65.60691188,
    "gtq_gtq": 1,
    "gtq_mxn": 2.62100204,
    "gtq_pen": 0.48351257,
    "gtq_usd": 0.12979432,
    "mxn_clp": 48.3234822,
    "mxn_cop": 218.18425305,
    "mxn_crc": 25.03123267,
    "mxn_gtq": 0.38153347,
    "mxn_mxn": 1,
    "mxn_pen": 0.18447623,
    "mxn_usd": 0.049520878,
    "pen_clp": 261.94964278,
    "pen_cop": 1182.72286163,
    "pen_crc": 135.68812009,
    "pen_gtq": 2.06819855,
    "pen_mxn": 5.42075262,
    "pen_pen": 1,
    "pen_usd": 0.26844043,
    "timestamp": "2024-12-08 06:35:40",
    "usd_clp": 975.23521313,
    "usd_cop": 4409.04837888,
    "usd_crc": 507.71826019,
    "usd_gtq": 7.71897102,
    "usd_mxn": 20.18760742,
    "usd_pen": 3.72547693,
    "usd_usd": 1
}