{
    "clp_clp": 1,
    "clp_cop": 4.1800461,
    "clp_crc": 0.5238222,
    "clp_gtq": 0.0079710774,
    "clp_mxn": 0.019397679,
    "clp_pen": 0.0036511633,
    "clp_usd": 0.001038738,
    "cop_clp": 0.23848612,
    "cop_cop": 1,
    "cop_crc": 0.12429211,
    "cop_gtq": 0.0018919912,
    "cop_mxn": 0.0046042956,
    "cop_pen": 0.00087328549,
    "cop_usd": 0.00024677779,
    "crc_clp": 1.91875514,
    "crc_cop": 8.04556329,
    "crc_crc": 1,
    "crc_gtq": 0.015222135,
    "crc_mxn": 0.037044151,
    "crc_pen": 0.0070260737,
    "crc_usd": 0.0019854663,
    "gtq_clp": 126.05033348,
    "gtq_cop": 528.5436981,
    "gtq_crc": 65.69380903,
    "gtq_gtq": 1,
    "gtq_mxn": 2.43357141,
    "gtq_pen": 0.46156954,
    "gtq_usd": 0.13043285,
    "mxn_clp": 51.79643911,
    "mxn_cop": 217.18848907,
    "mxn_crc": 26.99481458,
    "mxn_gtq": 0.4109187,
    "mxn_mxn": 1,
    "mxn_pen": 0.18966756,
    "mxn_usd": 0.053597296,
    "pen_clp": 273.09066579,
    "pen_cop": 1145.10090079,
    "pen_crc": 142.32700185,
    "pen_gtq": 2.16652077,
    "pen_mxn": 5.27238301,
    "pen_pen": 1,
    "pen_usd": 0.28258547,
    "timestamp": "2025-08-27 19:37:01",
    "usd_clp": 966.40023649,
    "usd_cop": 4052.22850857,
    "usd_crc": 503.66001289,
    "usd_gtq": 7.66678048,
    "usd_mxn": 18.65765781,
    "usd_pen": 3.53875235,
    "usd_usd": 1
}