{
    "clp_clp": 1,
    "clp_cop": 4.28758038,
    "clp_crc": 0.57308849,
    "clp_gtq": 0.0086047562,
    "clp_mxn": 0.018484409,
    "clp_pen": 0.0041539189,
    "clp_usd": 0.0011085743,
    "cop_clp": 0.23323178,
    "cop_cop": 1,
    "cop_crc": 0.13366245,
    "cop_gtq": 0.0020069026,
    "cop_mxn": 0.0043111516,
    "cop_pen": 0.0009688259,
    "cop_usd": 0.00025855475,
    "crc_clp": 1.74493121,
    "crc_cop": 7.48153283,
    "crc_crc": 1,
    "crc_gtq": 0.015014708,
    "crc_mxn": 0.032254022,
    "crc_pen": 0.0072483028,
    "crc_usd": 0.0019343859,
    "gtq_clp": 116.21479801,
    "gtq_cop": 498.28028804,
    "gtq_crc": 66.60136356,
    "gtq_gtq": 1,
    "gtq_mxn": 2.14816185,
    "gtq_pen": 0.48274685,
    "gtq_usd": 0.12883274,
    "mxn_clp": 54.09964705,
    "mxn_cop": 231.95658537,
    "mxn_crc": 31.00388525,
    "mxn_gtq": 0.46551427,
    "mxn_mxn": 1,
    "mxn_pen": 0.22472555,
    "mxn_usd": 0.059973477,
    "pen_clp": 240.73652296,
    "pen_cop": 1032.17719302,
    "pen_crc": 137.96333135,
    "pen_gtq": 2.07147908,
    "pen_mxn": 4.44987234,
    "pen_pen": 1,
    "pen_usd": 0.26687432,
    "timestamp": "2024-05-28 19:10:37",
    "usd_clp": 902.0595398,
    "usd_cop": 3867.65278609,
    "usd_crc": 516.95994302,
    "usd_gtq": 7.76200239,
    "usd_mxn": 16.67403743,
    "usd_pen": 3.7470822,
    "usd_usd": 1
}