{
    "clp_clp": 1,
    "clp_cop": 4.06938006,
    "clp_crc": 0.53399713,
    "clp_gtq": 0.0081823945,
    "clp_mxn": 0.019633159,
    "clp_pen": 0.0036033663,
    "clp_usd": 0.0010690089,
    "cop_clp": 0.24785083,
    "cop_cop": 1,
    "cop_crc": 0.13362388,
    "cop_gtq": 0.0020509185,
    "cop_mxn": 0.0049106772,
    "cop_pen": 0.00090203553,
    "cop_usd": 0.00026778445,
    "crc_clp": 1.85483932,
    "crc_cop": 7.48369206,
    "crc_crc": 1,
    "crc_gtq": 0.015348442,
    "crc_mxn": 0.036749996,
    "crc_pen": 0.0067505562,
    "crc_usd": 0.0020040164,
    "gtq_clp": 120.84870044,
    "gtq_cop": 487.58641856,
    "gtq_crc": 65.15319105,
    "gtq_gtq": 1,
    "gtq_mxn": 2.39437952,
    "gtq_pen": 0.43982028,
    "gtq_usd": 0.13056806,
    "mxn_clp": 50.47182343,
    "mxn_cop": 203.63790043,
    "mxn_crc": 27.21088719,
    "mxn_gtq": 0.41764473,
    "mxn_mxn": 1,
    "mxn_pen": 0.18368862,
    "mxn_usd": 0.054531064,
    "pen_clp": 274.76837067,
    "pen_cop": 1108.6037773,
    "pen_crc": 148.13594257,
    "pen_gtq": 2.27365598,
    "pen_mxn": 5.44399532,
    "pen_pen": 1,
    "pen_usd": 0.29686686,
    "timestamp": "2025-11-27 06:45:06",
    "usd_clp": 925.56095473,
    "usd_cop": 3734.34674465,
    "usd_crc": 498.99791634,
    "usd_gtq": 7.65884078,
    "usd_mxn": 18.33817151,
    "usd_pen": 3.36851346,
    "usd_usd": 1
}