{
    "clp_clp": 1,
    "clp_cop": 4.07779065,
    "clp_crc": 0.51647185,
    "clp_gtq": 0.0086253239,
    "clp_mxn": 0.019453039,
    "clp_pen": 0.0038802947,
    "clp_usd": 0.0011278787,
    "cop_clp": 0.24523083,
    "cop_cop": 1,
    "cop_crc": 0.12665482,
    "cop_gtq": 0.0021151954,
    "cop_mxn": 0.004770485,
    "cop_pen": 0.0009515679,
    "cop_usd": 0.00027659063,
    "crc_clp": 1.93621397,
    "crc_cop": 7.8954752,
    "crc_crc": 1,
    "crc_gtq": 0.016700473,
    "crc_mxn": 0.037665246,
    "crc_pen": 0.0075130808,
    "crc_usd": 0.0021838144,
    "gtq_clp": 115.93767561,
    "gtq_cop": 472.76956914,
    "gtq_crc": 59.87854524,
    "gtq_gtq": 1,
    "gtq_mxn": 2.25534012,
    "gtq_pen": 0.44987235,
    "gtq_usd": 0.13076363,
    "mxn_clp": 51.40584994,
    "mxn_cop": 209.62229403,
    "mxn_crc": 26.54967416,
    "mxn_gtq": 0.4433921,
    "mxn_mxn": 1,
    "mxn_pen": 0.19946985,
    "mxn_usd": 0.057979561,
    "pen_clp": 257.71238572,
    "pen_cop": 1050.89715588,
    "pen_crc": 133.10119135,
    "pen_gtq": 2.22285279,
    "pen_mxn": 5.01328907,
    "pen_pen": 1,
    "pen_usd": 0.2906683,
    "timestamp": "2026-04-17 07:23:07",
    "usd_clp": 886.620193,
    "usd_cop": 3615.45152963,
    "usd_crc": 457.91436694,
    "usd_gtq": 7.64738631,
    "usd_mxn": 17.24745713,
    "usd_pen": 3.44034762,
    "usd_usd": 1
}