{
    "clp_clp": 1,
    "clp_cop": 4.07517369,
    "clp_crc": 0.52800988,
    "clp_gtq": 0.0080183804,
    "clp_mxn": 0.019254478,
    "clp_pen": 0.0036481036,
    "clp_usd": 0.0010466696,
    "cop_clp": 0.24538831,
    "cop_cop": 1,
    "cop_crc": 0.12956745,
    "cop_gtq": 0.0019676169,
    "cop_mxn": 0.0047248238,
    "cop_pen": 0.000895202,
    "cop_usd": 0.00025684049,
    "crc_clp": 1.89390396,
    "crc_cop": 7.71798758,
    "crc_crc": 1,
    "crc_gtq": 0.015186042,
    "crc_mxn": 0.036466131,
    "crc_pen": 0.0069091579,
    "crc_usd": 0.0019822917,
    "gtq_clp": 124.71346424,
    "gtq_cop": 508.22902767,
    "gtq_crc": 65.84994115,
    "gtq_gtq": 1,
    "gtq_mxn": 2.4012926,
    "gtq_pen": 0.45496764,
    "gtq_usd": 0.13053379,
    "mxn_clp": 51.93597155,
    "mxn_cop": 211.64810457,
    "mxn_crc": 27.42270605,
    "mxn_gtq": 0.41644238,
    "mxn_mxn": 1,
    "mxn_pen": 0.18946781,
    "mxn_usd": 0.054359803,
    "pen_clp": 274.11501973,
    "pen_cop": 1117.06631518,
    "pen_crc": 144.73543837,
    "pen_gtq": 2.19795851,
    "pen_mxn": 5.2779415,
    "pen_pen": 1,
    "pen_usd": 0.28690786,
    "timestamp": "2025-09-20 19:41:50",
    "usd_clp": 955.41132401,
    "usd_cop": 3893.4670863,
    "usd_crc": 504.46661748,
    "usd_gtq": 7.66085146,
    "usd_mxn": 18.39594592,
    "usd_pen": 3.48543952,
    "usd_usd": 1
}