{
    "clp_clp": 1,
    "clp_cop": 4.10586322,
    "clp_crc": 0.53776624,
    "clp_gtq": 0.0082684959,
    "clp_mxn": 0.017692775,
    "clp_pen": 0.0039093058,
    "clp_usd": 0.0010588811,
    "cop_clp": 0.24355414,
    "cop_cop": 1,
    "cop_crc": 0.1309752,
    "cop_gtq": 0.0020138264,
    "cop_mxn": 0.0043091487,
    "cop_pen": 0.00095212764,
    "cop_usd": 0.00025789487,
    "crc_clp": 1.85954403,
    "crc_cop": 7.63503343,
    "crc_crc": 1,
    "crc_gtq": 0.015375632,
    "crc_mxn": 0.032900494,
    "crc_pen": 0.0072695263,
    "crc_usd": 0.001969036,
    "gtq_clp": 120.77560088,
    "gtq_cop": 496.99712675,
    "gtq_crc": 65.35215245,
    "gtq_gtq": 1,
    "gtq_mxn": 2.14013805,
    "gtq_pen": 0.47274559,
    "gtq_usd": 0.12803281,
    "mxn_clp": 56.43355624,
    "mxn_cop": 232.22666748,
    "mxn_crc": 30.53641914,
    "mxn_gtq": 0.46725958,
    "mxn_mxn": 1,
    "mxn_pen": 0.22089491,
    "mxn_usd": 0.059824557,
    "pen_clp": 255.7998888,
    "pen_cop": 1050.27935606,
    "pen_crc": 137.56054451,
    "pen_gtq": 2.11508033,
    "pen_mxn": 4.52580989,
    "pen_pen": 1,
    "pen_usd": 0.27086166,
    "timestamp": "2024-03-17 06:24:30",
    "usd_clp": 944.39311178,
    "usd_cop": 3877.54894646,
    "usd_crc": 507.86273325,
    "usd_gtq": 7.80871058,
    "usd_mxn": 16.7089349,
    "usd_pen": 3.69192151,
    "usd_usd": 1
}