{
    "clp_clp": 1,
    "clp_cop": 4.07660241,
    "clp_crc": 0.5169409,
    "clp_gtq": 0.008544162,
    "clp_mxn": 0.019331832,
    "clp_pen": 0.0037855581,
    "clp_usd": 0.0011173307,
    "cop_clp": 0.24530231,
    "cop_cop": 1,
    "cop_crc": 0.1268068,
    "cop_gtq": 0.0020959027,
    "cop_mxn": 0.004742143,
    "cop_pen": 0.00092860615,
    "cop_usd": 0.0002740838,
    "crc_clp": 1.93445711,
    "crc_cop": 7.88601249,
    "crc_crc": 1,
    "crc_gtq": 0.016528315,
    "crc_mxn": 0.037396599,
    "crc_pen": 0.0073229997,
    "crc_usd": 0.0021614282,
    "gtq_clp": 117.03897903,
    "gtq_cop": 477.1213834,
    "gtq_crc": 60.50223531,
    "gtq_gtq": 1,
    "gtq_mxn": 2.26257784,
    "gtq_pen": 0.44305785,
    "gtq_usd": 0.13077124,
    "mxn_clp": 51.72815576,
    "mxn_cop": 210.8751242,
    "mxn_crc": 26.74039947,
    "mxn_gtq": 0.44197374,
    "mxn_mxn": 1,
    "mxn_pen": 0.19581994,
    "mxn_usd": 0.057797454,
    "pen_clp": 264.16184308,
    "pen_cop": 1076.88280484,
    "pen_crc": 136.55606127,
    "pen_gtq": 2.25704159,
    "pen_mxn": 5.10673228,
    "pen_pen": 1,
    "pen_usd": 0.29515613,
    "timestamp": "2026-04-11 20:46:00",
    "usd_clp": 894.9902084,
    "usd_cop": 3648.51923615,
    "usd_crc": 462.65704504,
    "usd_gtq": 7.64694135,
    "usd_mxn": 17.30180006,
    "usd_pen": 3.38803742,
    "usd_usd": 1
}