{
    "clp_clp": 1,
    "clp_cop": 4.18428949,
    "clp_crc": 0.52488575,
    "clp_gtq": 0.0079940271,
    "clp_mxn": 0.019375012,
    "clp_pen": 0.0036587012,
    "clp_usd": 0.0010427857,
    "cop_clp": 0.2389892,
    "cop_cop": 1,
    "cop_crc": 0.12544203,
    "cop_gtq": 0.0019104862,
    "cop_mxn": 0.0046304186,
    "cop_pen": 0.00087439008,
    "cop_usd": 0.00024921452,
    "crc_clp": 1.90517652,
    "crc_cop": 7.97181007,
    "crc_crc": 1,
    "crc_gtq": 0.015230033,
    "crc_mxn": 0.036912818,
    "crc_pen": 0.0069704717,
    "crc_usd": 0.0019866908,
    "gtq_clp": 125.09339604,
    "gtq_cop": 523.42698205,
    "gtq_crc": 65.65974066,
    "gtq_gtq": 1,
    "gtq_mxn": 2.42368604,
    "gtq_pen": 0.45767936,
    "gtq_usd": 0.1304456,
    "mxn_clp": 51.61287137,
    "mxn_cop": 215.96319511,
    "mxn_crc": 27.09086056,
    "mxn_gtq": 0.41259469,
    "mxn_mxn": 1,
    "mxn_pen": 0.18883608,
    "mxn_usd": 0.053821163,
    "pen_clp": 273.32103365,
    "pen_cop": 1143.65432794,
    "pen_crc": 143.462315,
    "pen_gtq": 2.18493575,
    "pen_mxn": 5.2955983,
    "pen_pen": 1,
    "pen_usd": 0.28501526,
    "timestamp": "2025-08-23 19:49:13",
    "usd_clp": 958.96982543,
    "usd_cop": 4012.60735981,
    "usd_crc": 503.34959347,
    "usd_gtq": 7.66603079,
    "usd_mxn": 18.58005184,
    "usd_pen": 3.50858407,
    "usd_usd": 1
}