{
    "clp_clp": 1,
    "clp_cop": 3.59816053,
    "clp_crc": 0.49117826,
    "clp_gtq": 0.0082334945,
    "clp_mxn": 0.018860821,
    "clp_pen": 0.0036727466,
    "clp_usd": 0.0010782985,
    "cop_clp": 0.27791978,
    "cop_cop": 1,
    "cop_crc": 0.13650816,
    "cop_gtq": 0.002288251,
    "cop_mxn": 0.0052417954,
    "cop_pen": 0.001020729,
    "cop_usd": 0.00029968048,
    "crc_clp": 2.03592071,
    "crc_cop": 7.32556956,
    "crc_crc": 1,
    "crc_gtq": 0.016762742,
    "crc_mxn": 0.038399137,
    "crc_pen": 0.0074774209,
    "crc_usd": 0.0021953302,
    "gtq_clp": 121.4551123,
    "gtq_cop": 437.01499152,
    "gtq_crc": 59.65611107,
    "gtq_gtq": 1,
    "gtq_mxn": 2.29074316,
    "gtq_pen": 0.44607385,
    "gtq_usd": 0.13096486,
    "mxn_clp": 53.01996068,
    "mxn_cop": 190.77432994,
    "mxn_crc": 26.04225218,
    "mxn_gtq": 0.43653956,
    "mxn_mxn": 1,
    "mxn_pen": 0.19472888,
    "mxn_usd": 0.057171342,
    "pen_clp": 272.27579304,
    "pen_cop": 979.6920124,
    "pen_crc": 133.73595104,
    "pen_gtq": 2.24178125,
    "pen_mxn": 5.13534506,
    "pen_pen": 1,
    "pen_usd": 0.29359457,
    "timestamp": "2026-07-08 21:25:31",
    "usd_clp": 927.38702135,
    "usd_cop": 3336.88737836,
    "usd_crc": 455.51234612,
    "usd_gtq": 7.63563595,
    "usd_mxn": 17.49128082,
    "usd_pen": 3.40605755,
    "usd_usd": 1
}