{
    "clp_clp": 1,
    "clp_cop": 4.43509308,
    "clp_crc": 0.55757906,
    "clp_gtq": 0.0082867355,
    "clp_mxn": 0.0196785,
    "clp_pen": 0.0040733044,
    "clp_usd": 0.0010688735,
    "cop_clp": 0.22547441,
    "cop_cop": 1,
    "cop_crc": 0.12571981,
    "cop_gtq": 0.0018684468,
    "cop_mxn": 0.0044369983,
    "cop_pen": 0.00091842591,
    "cop_usd": 0.00024100362,
    "crc_clp": 1.79346764,
    "crc_cop": 7.95419592,
    "crc_crc": 1,
    "crc_gtq": 0.014861992,
    "crc_mxn": 0.035292754,
    "crc_pen": 0.0073053397,
    "crc_usd": 0.00191699,
    "gtq_clp": 120.67478131,
    "gtq_cop": 535.20388788,
    "gtq_crc": 67.28573115,
    "gtq_gtq": 1,
    "gtq_mxn": 2.37469874,
    "gtq_pen": 0.49154512,
    "gtq_usd": 0.12898607,
    "mxn_clp": 50.81688019,
    "mxn_cop": 225.37759385,
    "mxn_crc": 28.3344283,
    "mxn_gtq": 0.42110605,
    "mxn_mxn": 1,
    "mxn_pen": 0.20699262,
    "mxn_usd": 0.054316815,
    "pen_clp": 245.50092415,
    "pen_cop": 1088.81945055,
    "pen_crc": 136.88617456,
    "pen_gtq": 2.03440124,
    "pen_mxn": 4.83109005,
    "pen_pen": 1,
    "pen_usd": 0.26240942,
    "timestamp": "2024-06-19 19:08:06",
    "usd_clp": 935.56443245,
    "usd_cop": 4149.31534303,
    "usd_crc": 521.65113698,
    "usd_gtq": 7.75277504,
    "usd_mxn": 18.41050511,
    "usd_pen": 3.81083874,
    "usd_usd": 1
}