{
    "clp_clp": 1,
    "clp_cop": 4.29067981,
    "clp_crc": 0.49850329,
    "clp_gtq": 0.0076602837,
    "clp_mxn": 0.020585194,
    "clp_pen": 0.0037181096,
    "clp_usd": 0.00099255265,
    "cop_clp": 0.2330633,
    "cop_cop": 1,
    "cop_crc": 0.11618282,
    "cop_gtq": 0.001785331,
    "cop_mxn": 0.0047976532,
    "cop_pen": 0.00086655491,
    "cop_usd": 0.0002313276,
    "crc_clp": 2.0060048,
    "crc_cop": 8.60712431,
    "crc_crc": 1,
    "crc_gtq": 0.015366566,
    "crc_mxn": 0.041293998,
    "crc_pen": 0.0074585458,
    "crc_usd": 0.0019910654,
    "gtq_clp": 130.54346784,
    "gtq_cop": 560.12022169,
    "gtq_crc": 65.07634857,
    "gtq_gtq": 1,
    "gtq_mxn": 2.68726258,
    "gtq_pen": 0.48537493,
    "gtq_usd": 0.12957126,
    "mxn_clp": 48.57860518,
    "mxn_cop": 208.43524041,
    "mxn_crc": 24.21659464,
    "mxn_gtq": 0.3721259,
    "mxn_mxn": 1,
    "mxn_pen": 0.18062058,
    "mxn_usd": 0.048216823,
    "pen_clp": 268.95387632,
    "pen_cop": 1153.99496673,
    "pen_crc": 134.07439295,
    "pen_gtq": 2.060263,
    "pen_mxn": 5.53646766,
    "pen_pen": 1,
    "pen_usd": 0.26695088,
    "timestamp": "2025-01-21 19:21:23",
    "usd_clp": 1007.50323111,
    "usd_cop": 4322.87377149,
    "usd_crc": 502.2436782,
    "usd_gtq": 7.71776059,
    "usd_mxn": 20.73964922,
    "usd_pen": 3.74600747,
    "usd_usd": 1
}