{
    "clp_clp": 1,
    "clp_cop": 4.54231418,
    "clp_crc": 0.56114176,
    "clp_gtq": 0.0083527526,
    "clp_mxn": 0.020815051,
    "clp_pen": 0.0040505267,
    "clp_usd": 0.0010791738,
    "cop_clp": 0.2201521,
    "cop_cop": 1,
    "cop_crc": 0.12353654,
    "cop_gtq": 0.001838876,
    "cop_mxn": 0.0045824772,
    "cop_pen": 0.00089173195,
    "cop_usd": 0.00023758237,
    "crc_clp": 1.79313086,
    "crc_cop": 8.11621322,
    "crc_crc": 1,
    "crc_gtq": 0.014924522,
    "crc_mxn": 0.037523663,
    "crc_pen": 0.0072158757,
    "crc_usd": 0.0019284867,
    "gtq_clp": 119.72101261,
    "gtq_cop": 543.81045284,
    "gtq_crc": 67.18045956,
    "gtq_gtq": 1,
    "gtq_mxn": 2.49199898,
    "gtq_pen": 0.48493316,
    "gtq_usd": 0.12919978,
    "mxn_clp": 48.04215957,
    "mxn_cop": 218.22258248,
    "mxn_crc": 26.95846191,
    "mxn_gtq": 0.40128427,
    "mxn_mxn": 1,
    "mxn_pen": 0.19459605,
    "mxn_usd": 0.051845839,
    "pen_clp": 248.49802542,
    "pen_cop": 1124.77176295,
    "pen_crc": 138.58331858,
    "pen_gtq": 2.06828978,
    "pen_mxn": 5.20015373,
    "pen_pen": 1,
    "pen_usd": 0.26725609,
    "timestamp": "2024-10-12 06:32:12",
    "usd_clp": 926.63482154,
    "usd_cop": 4209.06648647,
    "usd_crc": 519.97349333,
    "usd_gtq": 7.73995142,
    "usd_mxn": 19.28795104,
    "usd_pen": 3.75335907,
    "usd_usd": 1
}