{
    "clp_clp": 1,
    "clp_cop": 4.14516773,
    "clp_crc": 0.50939557,
    "clp_gtq": 0.0085730818,
    "clp_mxn": 0.019497193,
    "clp_pen": 0.0038225131,
    "clp_usd": 0.0011243164,
    "cop_clp": 0.24124476,
    "cop_cop": 1,
    "cop_crc": 0.12288901,
    "cop_gtq": 0.0020682111,
    "cop_mxn": 0.0047035957,
    "cop_pen": 0.00092216126,
    "cop_usd": 0.00027123543,
    "crc_clp": 1.96311091,
    "crc_cop": 8.13742401,
    "crc_crc": 1,
    "crc_gtq": 0.01682991,
    "crc_mxn": 0.038275153,
    "crc_pen": 0.0075040172,
    "crc_usd": 0.0022071577,
    "gtq_clp": 116.64416935,
    "gtq_cop": 483.50964711,
    "gtq_crc": 59.41802299,
    "gtq_gtq": 1,
    "gtq_mxn": 2.2742339,
    "gtq_pen": 0.44587387,
    "gtq_usd": 0.13114495,
    "mxn_clp": 51.28943396,
    "mxn_cop": 212.60330672,
    "mxn_crc": 26.12661038,
    "mxn_gtq": 0.43970851,
    "mxn_mxn": 1,
    "mxn_pen": 0.19605453,
    "mxn_usd": 0.05766555,
    "pen_clp": 261.60799712,
    "pen_cop": 1084.40902854,
    "pen_crc": 133.2619545,
    "pen_gtq": 2.24278675,
    "pen_mxn": 5.10062165,
    "pen_pen": 1,
    "pen_usd": 0.29413015,
    "timestamp": "2026-06-01 22:07:50",
    "usd_clp": 889.42936963,
    "usd_cop": 3686.83392447,
    "usd_crc": 453.07137966,
    "usd_gtq": 7.6251507,
    "usd_mxn": 17.34137621,
    "usd_pen": 3.39985543,
    "usd_usd": 1
}