{
    "clp_clp": 1,
    "clp_cop": 3.99650523,
    "clp_crc": 0.52503544,
    "clp_gtq": 0.008007191,
    "clp_mxn": 0.019221209,
    "clp_pen": 0.0035342263,
    "clp_usd": 0.0010456938,
    "cop_clp": 0.24963428,
    "cop_cop": 1,
    "cop_crc": 0.13128124,
    "cop_gtq": 0.0020017463,
    "cop_mxn": 0.0047956603,
    "cop_pen": 0.0008820876,
    "cop_usd": 0.00026098825,
    "crc_clp": 1.90152289,
    "crc_cop": 7.61723452,
    "crc_crc": 1,
    "crc_gtq": 0.015247771,
    "crc_mxn": 0.036529669,
    "crc_pen": 0.0067190681,
    "crc_usd": 0.0019880087,
    "gtq_clp": 124.70825078,
    "gtq_cop": 499.56379664,
    "gtq_crc": 65.58335515,
    "gtq_gtq": 1,
    "gtq_mxn": 2.39573824,
    "gtq_pen": 0.44065903,
    "gtq_usd": 0.13038028,
    "mxn_clp": 52.05420549,
    "mxn_cop": 208.52186095,
    "mxn_crc": 27.37500867,
    "mxn_gtq": 0.41740787,
    "mxn_mxn": 1,
    "mxn_pen": 0.18393455,
    "mxn_usd": 0.054421755,
    "pen_clp": 282.94735678,
    "pen_cop": 1130.80059218,
    "pen_crc": 148.55738875,
    "pen_gtq": 2.26561351,
    "pen_mxn": 5.43859024,
    "pen_pen": 1,
    "pen_usd": 0.2958763,
    "timestamp": "2025-10-19 06:37:03",
    "usd_clp": 956.49626621,
    "usd_cop": 3831.59015741,
    "usd_crc": 503.01591059,
    "usd_gtq": 7.66987156,
    "usd_mxn": 18.37500462,
    "usd_pen": 3.37979818,
    "usd_usd": 1
}