{
    "clp_clp": 1,
    "clp_cop": 3.57599574,
    "clp_crc": 0.48609738,
    "clp_gtq": 0.0081529563,
    "clp_mxn": 0.01877194,
    "clp_pen": 0.0036370733,
    "clp_usd": 0.0010691922,
    "cop_clp": 0.27964239,
    "cop_cop": 1,
    "cop_crc": 0.13593343,
    "cop_gtq": 0.0022799122,
    "cop_mxn": 0.0052494302,
    "cop_pen": 0.0010170799,
    "cop_usd": 0.00029899146,
    "crc_clp": 2.05720098,
    "crc_cop": 7.35654196,
    "crc_crc": 1,
    "crc_gtq": 0.01677227,
    "crc_mxn": 0.038617653,
    "crc_pen": 0.0074821908,
    "crc_usd": 0.0021995432,
    "gtq_clp": 122.65489541,
    "gtq_cop": 438.61338373,
    "gtq_crc": 59.62222281,
    "gtq_gtq": 1,
    "gtq_mxn": 2.30247033,
    "gtq_pen": 0.44610484,
    "gtq_usd": 0.13114166,
    "mxn_clp": 53.27099931,
    "mxn_cop": 190.49686672,
    "mxn_crc": 25.89489298,
    "mxn_gtq": 0.43431613,
    "mxn_mxn": 1,
    "mxn_pen": 0.19375053,
    "mxn_usd": 0.056956937,
    "pen_clp": 274.94634267,
    "pen_cop": 983.20695066,
    "pen_crc": 133.6506957,
    "pen_gtq": 2.24162551,
    "pen_mxn": 5.16127623,
    "pen_pen": 1,
    "pen_usd": 0.29397048,
    "timestamp": "2026-07-09 21:28:24",
    "usd_clp": 935.28554119,
    "usd_cop": 3344.57711282,
    "usd_crc": 454.63984734,
    "usd_gtq": 7.62534213,
    "usd_mxn": 17.55712401,
    "usd_pen": 3.40170206,
    "usd_usd": 1
}