{
    "clp_clp": 1,
    "clp_cop": 4.23495861,
    "clp_crc": 0.52205878,
    "clp_gtq": 0.0079156849,
    "clp_mxn": 0.019389864,
    "clp_pen": 0.0036811783,
    "clp_usd": 0.0010352972,
    "cop_clp": 0.23612982,
    "cop_cop": 1,
    "cop_crc": 0.12327364,
    "cop_gtq": 0.0018691292,
    "cop_mxn": 0.004578525,
    "cop_pen": 0.00086923595,
    "cop_usd": 0.00024446454,
    "crc_clp": 1.91549314,
    "crc_cop": 8.11203415,
    "crc_crc": 1,
    "crc_gtq": 0.01516244,
    "crc_mxn": 0.037141151,
    "crc_pen": 0.0070512717,
    "crc_usd": 0.0019831047,
    "gtq_clp": 126.33145623,
    "gtq_cop": 535.0084882,
    "gtq_crc": 65.95244529,
    "gtq_gtq": 1,
    "gtq_mxn": 2.44954972,
    "gtq_pen": 0.46504861,
    "gtq_usd": 0.1307906,
    "mxn_clp": 51.57333816,
    "mxn_cop": 218.41095244,
    "mxn_crc": 26.92431374,
    "mxn_gtq": 0.40823829,
    "mxn_mxn": 1,
    "mxn_pen": 0.18985065,
    "mxn_usd": 0.053393733,
    "pen_clp": 271.65215138,
    "pen_cop": 1150.4356172,
    "pen_crc": 141.81838939,
    "pen_gtq": 2.15031283,
    "pen_mxn": 5.2672982,
    "pen_pen": 1,
    "pen_usd": 0.28124071,
    "timestamp": "2025-08-07 06:49:24",
    "usd_clp": 965.90620445,
    "usd_cop": 4090.57279626,
    "usd_crc": 504.25980992,
    "usd_gtq": 7.64580915,
    "usd_mxn": 18.7287897,
    "usd_pen": 3.55567294,
    "usd_usd": 1
}