{
    "clp_clp": 1,
    "clp_cop": 4.10127487,
    "clp_crc": 0.52109004,
    "clp_gtq": 0.0085749959,
    "clp_mxn": 0.01949863,
    "clp_pen": 0.0037848162,
    "clp_usd": 0.0011222592,
    "cop_clp": 0.24382662,
    "cop_cop": 1,
    "cop_crc": 0.12705562,
    "cop_gtq": 0.0020908123,
    "cop_mxn": 0.0047542852,
    "cop_pen": 0.00092283896,
    "cop_usd": 0.00027363668,
    "crc_clp": 1.91905416,
    "crc_cop": 7.87056858,
    "crc_crc": 1,
    "crc_gtq": 0.016455882,
    "crc_mxn": 0.037418928,
    "crc_pen": 0.0072632673,
    "crc_usd": 0.0021536763,
    "gtq_clp": 116.61813111,
    "gtq_cop": 478.28300994,
    "gtq_crc": 60.76854614,
    "gtq_gtq": 1,
    "gtq_mxn": 2.27389385,
    "gtq_pen": 0.44137819,
    "gtq_usd": 0.13087578,
    "mxn_clp": 51.28565313,
    "mxn_cop": 210.33656012,
    "mxn_crc": 26.72444284,
    "mxn_gtq": 0.43977427,
    "mxn_mxn": 1,
    "mxn_pen": 0.19410677,
    "mxn_usd": 0.057555799,
    "pen_clp": 264.21362109,
    "pen_cop": 1083.61268323,
    "pen_crc": 137.67908534,
    "pen_gtq": 2.26563073,
    "pen_mxn": 5.15180377,
    "pen_pen": 1,
    "pen_usd": 0.29651618,
    "timestamp": "2026-04-10 20:27:20",
    "usd_clp": 891.05970942,
    "usd_cop": 3654.48078969,
    "usd_crc": 464.3223361,
    "usd_gtq": 7.64083338,
    "usd_mxn": 17.37444402,
    "usd_pen": 3.37249725,
    "usd_usd": 1
}