{
    "clp_clp": 1,
    "clp_cop": 4.15238812,
    "clp_crc": 0.52012299,
    "clp_gtq": 0.0079033327,
    "clp_mxn": 0.019316089,
    "clp_pen": 0.0036141392,
    "clp_usd": 0.001030075,
    "cop_clp": 0.24082527,
    "cop_cop": 1,
    "cop_crc": 0.12525876,
    "cop_gtq": 0.0019033222,
    "cop_mxn": 0.0046518024,
    "cop_pen": 0.00087037607,
    "cop_usd": 0.00024806808,
    "crc_clp": 1.92262217,
    "crc_cop": 7.98347346,
    "crc_crc": 1,
    "crc_gtq": 0.015195123,
    "crc_mxn": 0.037137541,
    "crc_pen": 0.0069486242,
    "crc_usd": 0.001980445,
    "gtq_clp": 125.09339604,
    "gtq_cop": 523.42698205,
    "gtq_crc": 65.65974066,
    "gtq_gtq": 1,
    "gtq_mxn": 2.42368604,
    "gtq_pen": 0.45767936,
    "gtq_usd": 0.1304456,
    "mxn_clp": 51.77031459,
    "mxn_cop": 214.97043941,
    "mxn_crc": 26.92693105,
    "mxn_gtq": 0.40915802,
    "mxn_mxn": 1,
    "mxn_pen": 0.18710513,
    "mxn_usd": 0.053327305,
    "pen_clp": 273.32103365,
    "pen_cop": 1143.65432794,
    "pen_crc": 143.462315,
    "pen_gtq": 2.18493575,
    "pen_mxn": 5.2955983,
    "pen_pen": 1,
    "pen_usd": 0.28501526,
    "timestamp": "2025-08-23 06:37:47",
    "usd_clp": 970.80313249,
    "usd_cop": 4031.15139702,
    "usd_crc": 504.93703228,
    "usd_gtq": 7.67258015,
    "usd_mxn": 18.75211963,
    "usd_pen": 3.50861769,
    "usd_usd": 1
}