{
    "clp_clp": 1,
    "clp_cop": 4.41847808,
    "clp_crc": 0.53674058,
    "clp_gtq": 0.0082822463,
    "clp_mxn": 0.021409363,
    "clp_pen": 0.0039356115,
    "clp_usd": 0.00107494,
    "cop_clp": 0.22732098,
    "cop_cop": 1,
    "cop_crc": 0.12252948,
    "cop_gtq": 0.0018764322,
    "cop_mxn": 0.0048523733,
    "cop_pen": 0.0008914555,
    "cop_usd": 0.00024340913,
    "crc_clp": 1.86309745,
    "crc_cop": 8.23205523,
    "crc_crc": 1,
    "crc_gtq": 0.015430632,
    "crc_mxn": 0.039887729,
    "crc_pen": 0.0073324278,
    "crc_usd": 0.002002718,
    "gtq_clp": 120.74019119,
    "gtq_cop": 533.48788798,
    "gtq_crc": 64.80615996,
    "gtq_gtq": 1,
    "gtq_mxn": 2.58497058,
    "gtq_pen": 0.47518649,
    "gtq_usd": 0.12978846,
    "mxn_clp": 46.70853595,
    "mxn_cop": 206.38064219,
    "mxn_crc": 25.07036657,
    "mxn_gtq": 0.3868516,
    "mxn_mxn": 1,
    "mxn_pen": 0.18382665,
    "mxn_usd": 0.050208875,
    "pen_clp": 254.09011854,
    "pen_cop": 1122.69161878,
    "pen_crc": 136.38047699,
    "pen_gtq": 2.10443694,
    "pen_mxn": 5.43990758,
    "pen_pen": 1,
    "pen_usd": 0.27313164,
    "timestamp": "2025-03-17 06:38:55",
    "usd_clp": 930.28446187,
    "usd_cop": 4110.44150169,
    "usd_crc": 499.32141941,
    "usd_gtq": 7.70484503,
    "usd_mxn": 19.91679771,
    "usd_pen": 3.66123825,
    "usd_usd": 1
}