{
    "clp_clp": 1,
    "clp_cop": 4.32416727,
    "clp_crc": 0.56303737,
    "clp_gtq": 0.0083877519,
    "clp_mxn": 0.019167877,
    "clp_pen": 0.004029591,
    "clp_usd": 0.0010817234,
    "cop_clp": 0.2312584,
    "cop_cop": 1,
    "cop_crc": 0.13020712,
    "cop_gtq": 0.0019397381,
    "cop_mxn": 0.0044327326,
    "cop_pen": 0.00093187676,
    "cop_usd": 0.00025015762,
    "crc_clp": 1.77608103,
    "crc_cop": 7.68007147,
    "crc_crc": 1,
    "crc_gtq": 0.014897327,
    "crc_mxn": 0.034043704,
    "crc_pen": 0.0071568801,
    "crc_usd": 0.0019212284,
    "gtq_clp": 119.22145703,
    "gtq_cop": 515.53352217,
    "gtq_crc": 67.12613598,
    "gtq_gtq": 1,
    "gtq_mxn": 2.28522228,
    "gtq_pen": 0.48041371,
    "gtq_usd": 0.12896464,
    "mxn_clp": 52.17061742,
    "mxn_cop": 225.59447621,
    "mxn_crc": 29.37400738,
    "mxn_gtq": 0.43759419,
    "mxn_mxn": 1,
    "mxn_pen": 0.21022625,
    "mxn_usd": 0.056434178,
    "pen_clp": 248.1641458,
    "pen_cop": 1073.10327642,
    "pen_crc": 139.72568874,
    "pen_gtq": 2.08153928,
    "pen_mxn": 4.75677993,
    "pen_pen": 1,
    "pen_usd": 0.26844496,
    "timestamp": "2024-07-18 19:11:37",
    "usd_clp": 924.45073828,
    "usd_cop": 3997.47962358,
    "usd_crc": 520.50031522,
    "usd_gtq": 7.75406342,
    "usd_mxn": 17.71975844,
    "usd_pen": 3.72515834,
    "usd_usd": 1
}