{
    "clp_clp": 1,
    "clp_cop": 4.3396878,
    "clp_crc": 0.57237594,
    "clp_gtq": 0.0085213561,
    "clp_mxn": 0.019504888,
    "clp_pen": 0.004090963,
    "clp_usd": 0.0010992253,
    "cop_clp": 0.23043132,
    "cop_cop": 1,
    "cop_crc": 0.13189334,
    "cop_gtq": 0.0019635874,
    "cop_mxn": 0.0044945371,
    "cop_pen": 0.00094268602,
    "cop_usd": 0.00025329595,
    "crc_clp": 1.73796355,
    "crc_cop": 7.58833159,
    "crc_crc": 1,
    "crc_gtq": 0.014801899,
    "crc_mxn": 0.033722479,
    "crc_pen": 0.0070985591,
    "crc_usd": 0.0019090378,
    "gtq_clp": 117.41490339,
    "gtq_cop": 512.65932427,
    "gtq_crc": 67.55889855,
    "gtq_gtq": 1,
    "gtq_mxn": 2.27825356,
    "gtq_pen": 0.47957083,
    "gtq_usd": 0.12897249,
    "mxn_clp": 51.26920063,
    "mxn_cop": 222.49232472,
    "mxn_crc": 29.3452568,
    "mxn_gtq": 0.43688312,
    "mxn_mxn": 1,
    "mxn_pen": 0.2097404,
    "mxn_usd": 0.056356404,
    "pen_clp": 244.83328614,
    "pen_cop": 1068.99604232,
    "pen_crc": 140.87365967,
    "pen_gtq": 2.0851977,
    "pen_mxn": 4.75060907,
    "pen_pen": 1,
    "pen_usd": 0.26893314,
    "timestamp": "2024-07-17 06:31:37",
    "usd_clp": 909.7315797,
    "usd_cop": 3947.95104211,
    "usd_crc": 520.70846623,
    "usd_gtq": 7.75214677,
    "usd_mxn": 17.74421229,
    "usd_pen": 3.72167825,
    "usd_usd": 1
}