{
    "clp_clp": 1,
    "clp_cop": 4.42348252,
    "clp_crc": 0.53211049,
    "clp_gtq": 0.0082696943,
    "clp_mxn": 0.021841665,
    "clp_pen": 0.003921506,
    "clp_usd": 0.0010716889,
    "cop_clp": 0.22606623,
    "cop_cop": 1,
    "cop_crc": 0.12029221,
    "cop_gtq": 0.0018694986,
    "cop_mxn": 0.0049376627,
    "cop_pen": 0.00088652005,
    "cop_usd": 0.00024227266,
    "crc_clp": 1.87930895,
    "crc_cop": 8.31309028,
    "crc_crc": 1,
    "crc_gtq": 0.01554131,
    "crc_mxn": 0.041047236,
    "crc_pen": 0.0073697212,
    "crc_usd": 0.0020140345,
    "gtq_clp": 120.92345456,
    "gtq_cop": 534.90278708,
    "gtq_crc": 64.3446383,
    "gtq_gtq": 1,
    "gtq_mxn": 2.64116953,
    "gtq_pen": 0.47420205,
    "gtq_usd": 0.12959232,
    "mxn_clp": 45.78405633,
    "mxn_cop": 202.52497269,
    "mxn_crc": 24.36217651,
    "mxn_gtq": 0.37862015,
    "mxn_mxn": 1,
    "mxn_pen": 0.17954245,
    "mxn_usd": 0.049066263,
    "pen_clp": 255.00407565,
    "pen_cop": 1128.00607025,
    "pen_crc": 135.69034288,
    "pen_gtq": 2.10880574,
    "pen_mxn": 5.56971348,
    "pen_pen": 1,
    "pen_usd": 0.27328503,
    "timestamp": "2025-03-31 19:46:10",
    "usd_clp": 933.10665286,
    "usd_cop": 4127.5809648,
    "usd_crc": 496.51583546,
    "usd_gtq": 7.71650675,
    "usd_mxn": 20.3806025,
    "usd_pen": 3.65918329,
    "usd_usd": 1
}