{
    "clp_clp": 1,
    "clp_cop": 3.6390358,
    "clp_crc": 0.49499562,
    "clp_gtq": 0.0082913584,
    "clp_mxn": 0.018972338,
    "clp_pen": 0.0036940245,
    "clp_usd": 0.0010859548,
    "cop_clp": 0.27479807,
    "cop_cop": 1,
    "cop_crc": 0.13602384,
    "cop_gtq": 0.0022784492,
    "cop_mxn": 0.0052135618,
    "cop_pen": 0.0010151108,
    "cop_usd": 0.00029841827,
    "crc_clp": 2.0202199,
    "crc_cop": 7.35165253,
    "crc_crc": 1,
    "crc_gtq": 0.016750367,
    "crc_mxn": 0.038328295,
    "crc_pen": 0.0074627418,
    "crc_usd": 0.0021938674,
    "gtq_clp": 120.6074997,
    "gtq_cop": 438.89500904,
    "gtq_crc": 59.70018402,
    "gtq_gtq": 1,
    "gtq_mxn": 2.28820625,
    "gtq_pen": 0.44552706,
    "gtq_usd": 0.13097429,
    "mxn_clp": 52.70831676,
    "mxn_cop": 191.80745161,
    "mxn_crc": 26.09038591,
    "mxn_gtq": 0.43702354,
    "mxn_mxn": 1,
    "mxn_pen": 0.19470581,
    "mxn_usd": 0.057238848,
    "pen_clp": 270.70746333,
    "pen_cop": 985.11415014,
    "pen_crc": 133.9990085,
    "pen_gtq": 2.24453259,
    "pen_mxn": 5.13595349,
    "pen_pen": 1,
    "pen_usd": 0.29397606,
    "timestamp": "2026-07-04 21:33:30",
    "usd_clp": 920.84866789,
    "usd_cop": 3351.00126801,
    "usd_crc": 455.81605679,
    "usd_gtq": 7.63508629,
    "usd_mxn": 17.47065216,
    "usd_pen": 3.40163753,
    "usd_usd": 1
}