{
    "clp_clp": 1,
    "clp_cop": 4.29772256,
    "clp_crc": 0.57443494,
    "clp_gtq": 0.0087128962,
    "clp_mxn": 0.01863867,
    "clp_pen": 0.0041714208,
    "clp_usd": 0.0011223335,
    "cop_clp": 0.23244652,
    "cop_cop": 1,
    "cop_crc": 0.13315385,
    "cop_gtq": 0.0020274508,
    "cop_mxn": 0.0043343413,
    "cop_pen": 0.00097736804,
    "cop_usd": 0.00026104427,
    "crc_clp": 1.74569887,
    "crc_cop": 7.5101098,
    "crc_crc": 1,
    "crc_gtq": 0.015226378,
    "crc_mxn": 0.032551379,
    "crc_pen": 0.0073401413,
    "crc_usd": 0.0019604711,
    "gtq_clp": 114.64964783,
    "gtq_cop": 493.23022335,
    "gtq_crc": 65.67550098,
    "gtq_gtq": 1,
    "gtq_mxn": 2.13782811,
    "gtq_pen": 0.48206746,
    "gtq_usd": 0.12875492,
    "mxn_clp": 53.65189541,
    "mxn_cop": 230.58096145,
    "mxn_crc": 30.81952341,
    "mxn_gtq": 0.46746339,
    "mxn_mxn": 1,
    "mxn_pen": 0.22380463,
    "mxn_usd": 0.060215321,
    "pen_clp": 239.72647461,
    "pen_cop": 1030.27787887,
    "pen_crc": 137.70726344,
    "pen_gtq": 2.08871188,
    "pen_mxn": 4.46818277,
    "pen_pen": 1,
    "pen_usd": 0.26905306,
    "timestamp": "2024-05-19 06:26:58",
    "usd_clp": 891.00073036,
    "usd_cop": 3829.27394243,
    "usd_crc": 511.82195248,
    "usd_gtq": 7.76319683,
    "usd_mxn": 16.60706902,
    "usd_pen": 3.71673897,
    "usd_usd": 1
}