{
    "clp_clp": 1,
    "clp_cop": 3.99650523,
    "clp_crc": 0.52503544,
    "clp_gtq": 0.008007191,
    "clp_mxn": 0.019221209,
    "clp_pen": 0.0035342263,
    "clp_usd": 0.0010456938,
    "cop_clp": 0.25021861,
    "cop_cop": 1,
    "cop_crc": 0.13137364,
    "cop_gtq": 0.0020035482,
    "cop_mxn": 0.0048095042,
    "cop_pen": 0.00088432921,
    "cop_usd": 0.00026165205,
    "crc_clp": 1.90463335,
    "crc_cop": 7.61187714,
    "crc_crc": 1,
    "crc_gtq": 0.015250763,
    "crc_mxn": 0.036609355,
    "crc_pen": 0.0067314053,
    "crc_usd": 0.0019916633,
    "gtq_clp": 124.88774229,
    "gtq_cop": 499.11451566,
    "gtq_crc": 65.57049019,
    "gtq_gtq": 1,
    "gtq_mxn": 2.40049338,
    "gtq_pen": 0.44138155,
    "gtq_usd": 0.13059434,
    "mxn_clp": 52.02586415,
    "mxn_cop": 207.92163836,
    "mxn_crc": 27.31542225,
    "mxn_gtq": 0.41658103,
    "mxn_mxn": 1,
    "mxn_pen": 0.18387118,
    "mxn_usd": 0.054403124,
    "pen_clp": 282.94735678,
    "pen_cop": 1130.80059218,
    "pen_crc": 148.55738875,
    "pen_gtq": 2.26561351,
    "pen_mxn": 5.43859024,
    "pen_pen": 1,
    "pen_usd": 0.2958763,
    "timestamp": "2025-10-19 19:44:11",
    "usd_clp": 956.30288287,
    "usd_cop": 3821.86947618,
    "usd_crc": 502.09290079,
    "usd_gtq": 7.65729979,
    "usd_mxn": 18.38129743,
    "usd_pen": 3.37979083,
    "usd_usd": 1
}